Workbook

Sheet 2025 H1 SUKO HOMECO SP15K
A1: ACARA | B1: FROM DATE | C1: TO DATE | D1: DEPT | E1: WORLD | F1: DIVISION | G1: CLASS | H1: SUPPLIER | I1: BRAND | J1: SKU | K1: ARTICLE | L1: DESCRIPTION | M1: HARGA NORMAL | N1: DISKON | O1: HARGA PROMO | P1: DISCOUNT TYPE
A2: 2025 H1 SUKO HOMECO SP15K | B2: 46114 | C2: 46120 | D2: 3357 | E2: 340 | F2: 6 | G2: 3 | H2: 81832 | I2: HOMECO LIVING | J2: 52239095 | K2: CLRDBWL | L2: BOWLS COLORED BOWL 6 CLRDBWL:ASSORTIVE COLOR:F:PRINT:BOWLS | M2: 29900 | N2: SP | O2: 15000 | P2: SPECIAL PRICE
A3: 2025 H1 SUKO HOMECO SP15K | B3: =$B$2 -> 46114 | C3: =$C$2 -> 46120 | D3: 3357 | E3: 340 | F3: 6 | G3: 3 | H3: 81832 | I3: HOMECO LIVING | J3: 52239120 | K3: MGBLCK | L3: MUG MUG COFFEE BLACK 11OZ MGBLCK:BLACK:F:PRINT:MUG | M3: 29900 | N3: SP | O3: 15000 | P3: SPECIAL PRICE
A4: 2025 H1 SUKO HOMECO SP15K | B4: =$B$2 -> 46114 | C4: =$C$2 -> 46120 | D4: 3357 | E4: 340 | F4: 6 | G4: 3 | H4: 81832 | I4: HOMECO LIVING | J4: 52239086 | K4: CLRDPTL | L4: PLATE COLORED PLATE 825 CLRDPTL:ASSORTIVE COLOR:F:PRINT:PLATE | M4: 29900 | N4: SP | O4: 15000 | P4: SPECIAL PRICE
A5: 2025 H1 SUKO HOMECO SP15K | B5: =$B$2 -> 46114 | C5: =$C$2 -> 46120 | D5: 3357 | E5: 340 | F5: 6 | G5: 3 | H5: 81832 | I5: HOMECO LIVING | J5: 52239004 | K5: TWTNSBWL | L5: BOWLS TWO TONES BOWL 55 TWTNSBWL:ASSORTIVE COLOR:F:SOLID:BOWLS | M5: 29900 | N5: SP | O5: 15000 | P5: SPECIAL PRICE
A6: 2025 H1 SUKO HOMECO SP15K | B6: =$B$2 -> 46114 | C6: =$C$2 -> 46120 | D6: 3357 | E6: 340 | F6: 6 | G6: 3 | H6: 81832 | I6: HOMECO LIVING | J6: 52239013 | K6: TWTNSMG | L6: MUG TWO TONES MUG 11OZ TWTNSMG:ASSORTIVE COLOR:F:SOLID:MUG | M6: 29900 | N6: SP | O6: 15000 | P6: SPECIAL PRICE
A7: 2025 H1 SUKO HOMECO SP15K | B7: =$B$2 -> 46114 | C7: =$C$2 -> 46120 | D7: 3357 | E7: 340 | F7: 6 | G7: 3 | H7: 81832 | I7: HOMECO LIVING | J7: 52239102 | K7: CLRDMG | L7: MUG COLORED MUG COLOR 11 OZ CLRDMG:ASSORTIVE COLOR:F:PRINT:MUG | M7: 29900 | N7: SP | O7: 15000 | P7: SPECIAL PRICE
A8: 2025 H1 SUKO HOMECO SP15K | B8: =$B$2 -> 46114 | C8: =$C$2 -> 46120 | D8: 3357 | E8: 340 | F8: 6 | G8: 3 | H8: 81832 | I8: HOMECO LIVING | J8: 54440612 | K8: SKMGEMJ | L8: MUG SK MUG EMOJI 11 OZ SKMGEMJ:ASSORTIVE COLOR:F:PRINT:MUG | M8: 29900 | N8: SP | O8: 15000 | P8: SPECIAL PRICE

Sheet 2025 H1 SUKO HOMECO SP25K
A1: ACARA | B1: FROM DATE | C1: TO DATE | D1: DEPT | E1: WORLD | F1: DIVISION | G1: CLASS | H1: SUPPLIER | I1: BRAND | J1: SKU | K1: ARTICLE | L1: DESCRIPTION | M1: HARGA NORMAL | N1: DISKON | O1: HARGA PROMO | P1: DISCOUNT TYPE
A2: 2025 H1 SUKO HOMECO SP25K | B2: ='2025 H1 SUKO HOMECO SP15K'!$B$3 -> 46114 | C2: ='2025 H1 SUKO HOMECO SP15K'!$C$2 -> 46120 | D2: 3357 | E2: 340 | F2: 6 | G2: 3 | H2: 81832 | I2: HOMECO LIVING | J2: 52238989 | K2: MGBLCKBOS | L2: MUG MUG BOSS BLACK WITH LID MGBLCKBOS:BLACK:F:PRINT:MUG | M2: 49900 | N2: SP | O2: 25000 | P2: SPECIAL PRICE
A3: 2025 H1 SUKO HOMECO SP25K | B3: ='2025 H1 SUKO HOMECO SP15K'!$B$3 -> 46114 | C3: ='2025 H1 SUKO HOMECO SP15K'!$C$2 -> 46120 | D3: 3357 | E3: 340 | F3: 6 | G3: 3 | H3: 81832 | I3: HOMECO LIVING | J3: 52238998 | K3: MGWHTBOS | L3: MUG MUG BOSS WHITE WITH LID MGWHTBOS:WHITE:F:PRINT:MUG | M3: 49900 | N3: SP | O3: 25000 | P3: SPECIAL PRICE
A4: 2025 H1 SUKO HOMECO SP25K | B4: ='2025 H1 SUKO HOMECO SP15K'!$B$3 -> 46114 | C4: ='2025 H1 SUKO HOMECO SP15K'!$C$2 -> 46120 | D4: 3357 | E4: 340 | F4: 6 | G4: 3 | H4: 81832 | I4: HOMECO LIVING | J4: 52239077 | K4: MG45D | L4: MUG MUG 45D 11OZ MG45D:ASSORTIVE COLOR:F:SOLID:MUG | M4: 49900 | N4: SP | O4: 25000 | P4: SPECIAL PRICE
A5: 2025 H1 SUKO HOMECO SP25K | B5: ='2025 H1 SUKO HOMECO SP15K'!$B$3 -> 46114 | C5: ='2025 H1 SUKO HOMECO SP15K'!$C$2 -> 46120 | D5: 3357 | E5: 340 | F5: 6 | G5: 3 | H5: 81832 | I5: HOMECO LIVING | J5: 54433693 | K5: SKMDEBOSSQT | L5: MUG SK MUG DEBOSS METANOIA QUOTES WITH SLEEVE 12OZ SKMDEBOSSQT:ASSORTIVE COLOR:F:PRINT:MUG | M5: 49900 | N5: SP | O5: 25000 | P5: SPECIAL PRICE

Sheet 2025 H1 HOME LIVING SP199K
A1: ACARA | B1: FROM DATE | C1: TO DATE | D1: DEPT | E1: WORLD | F1: DIVISION | G1: CLASS | H1: SUPPLIER | I1: BRAND | J1: SKU | K1: ARTICLE | L1: DESCRIPTION | M1: HARGA NORMAL | N1: DISKON | O1: HARGA PROMO | P1: DISCOUNT TYPE
A2: 2025 H1 HOME LIVING SP199K | B2: ='2025 H1 SUKO HOMECO SP15K'!$B$3 -> 46114 | C2: ='2025 H1 SUKO HOMECO SP15K'!$C$2 -> 46120 | D2: 3357 | E2: 340 | F2: 6 | G2: 5 | H2: 81830 | J2: 54412607 | K2: BSHTMC180 | L2: FITTED SHEET BEDSHEET MICROSILK FULL KANTONG KAIN SALUR 180X200X40CM BSHTMC180:MISTY LIGHT BROWN:F:S | M2: 329000 | N2: SP | O2: 119000 | P2: SPECIAL PRICE
A3: 2025 H1 HOME LIVING SP199K | B3: ='2025 H1 SUKO HOMECO SP15K'!$B$3 -> 46114 | C3: ='2025 H1 SUKO HOMECO SP15K'!$C$2 -> 46120 | D3: 3357 | E3: 340 | F3: 6 | G3: 5 | H3: 81830 | J3: 54412661 | K3: BSHTMC120 | L3: FITTED SHEET BEDSHEET MICROSILK FULL KANTONG KAIN SALUR 120X200X40CM BSHTMC120:MISTY LIGHT BROWN:F:S | M3: 249000 | N3: SP | O3: 119000 | P3: SPECIAL PRICE

Sheet 2025 H1 HOME LIVING SP59K
A1: ACARA | B1: FROM DATE | C1: TO DATE | D1: DEPT | E1: WORLD | F1: DIVISION | G1: CLASS | H1: SUPPLIER | I1: BRAND | J1: SKU | K1: ARTICLE | L1: DESCRIPTION | M1: HARGA NORMAL | N1: DISKON | O1: HARGA PROMO | P1: DISCOUNT TYPE
A2: 2025 H1 HOME LIVING SP59K | B2: ='2025 H1 SUKO HOMECO SP15K'!$B$3 -> 46114 | C2: ='2025 H1 SUKO HOMECO SP15K'!$C$2 -> 46120 | D2: 3357 | E2: 340 | F2: 6 | G2: 5 | H2: 81825 | J2: 52311014 | K2: DSNYMATGR2 | L2: MAT DISNEY GROGU CURIOUS CHILD INSIDE 40 X 60 CM DSNYMATGR2:SAND:F:GRAPHIC:MAT | M2: 89900 | N2: SP | O2: 59000 | P2: SPECIAL PRICE
A3: 2025 H1 HOME LIVING SP59K | B3: ='2025 H1 SUKO HOMECO SP15K'!$B$3 -> 46114 | C3: ='2025 H1 SUKO HOMECO SP15K'!$C$2 -> 46120 | D3: 3357 | E3: 340 | F3: 6 | G3: 5 | H3: 81825 | J3: 52311023 | K3: DSNYMATGR3 | L3: MAT DISNEY GROGU WELCOME TO THE CUTE SIDE 40 X 60 CM DSNYMATGR3:NAVY BLUE:F:GRAPHIC:MAT | M3: 89900 | N3: SP | O3: 59000 | P3: SPECIAL PRICE
A4: 2025 H1 HOME LIVING SP59K | B4: ='2025 H1 SUKO HOMECO SP15K'!$B$3 -> 46114 | C4: ='2025 H1 SUKO HOMECO SP15K'!$C$2 -> 46120 | D4: 3357 | E4: 340 | F4: 6 | G4: 5 | H4: 81825 | J4: 52323681 | K4: DSNYMATGR1 | L4: MAT DISNEY GROGU IM ALL EARS 40X 60 CM DSNYMATGR1:GRASS GREEN:F:GRAPHIC:MAT | M4: 89900 | N4: SP | O4: 59000 | P4: SPECIAL PRICE
A5: 2025 H1 HOME LIVING SP59K | B5: ='2025 H1 SUKO HOMECO SP15K'!$B$3 -> 46114 | C5: ='2025 H1 SUKO HOMECO SP15K'!$C$2 -> 46120 | D5: 3357 | E5: 340 | F5: 6 | G5: 5 | H5: 81830 | J5: 54568057 | K5: SARBAN | L5: PILLOW BOLSTER SET SARUNG BANTAL SUTRA MICRO TENCEL 50X70CM 2PCS SARBAN:MISTY LIGHT BROWN:F:SOLID:PI | M5: 89900 | N5: SP | O5: 59000 | P5: SPECIAL PRICE
A6: 2025 H1 HOME LIVING SP59K | B6: ='2025 H1 SUKO HOMECO SP15K'!$B$3 -> 46114 | C6: ='2025 H1 SUKO HOMECO SP15K'!$C$2 -> 46120 | D6: 3357 | E6: 340 | F6: 6 | G6: 5 | H6: 81830 | J6: 54568084 | K6: SARGUL | L6: PILLOW BOLSTER SET SARUNG GULING SUTRA MICRO TENCEL 36X100CM 2PCS SARGUL:MISTY LIGHT BROWN:F:SOLID:P | M6: 99900 | N6: SP | O6: 59000 | P6: SPECIAL PRICE

Sheet 2025 H1 SUKO TUMBLER SP59K
A1: ACARA | B1: FROM DATE | C1: TO DATE | D1: DEPT | E1: WORLD | F1: DIVISION | G1: CLASS | H1: SUPPLIER | I1: BRAND | J1: SKU | K1: ARTICLE | L1: DESCRIPTION | M1: HARGA NORMAL | N1: DISKON | O1: HARGA PROMO | P1: DISCOUNT TYPE
A2: 2025 H1 SUKO TUMBLER SP59K | B2: ='2025 H1 SUKO HOMECO SP15K'!$B$3 -> 46114 | C2: ='2025 H1 SUKO HOMECO SP15K'!$C$2 -> 46120 | D2: 3357 | E2: 340 | F2: 6 | G2: 3 | H2: 81837 | I2: SUKO | J2: 52569461 | K2: SKTMBLR600ML | L2: THERMAL TUMBLER SUKO SKTMBLR600ML:PASTEL LAVENDER:F:SOLID:THERMAL TUMBLER | M2: 149900 | N2: SP | O2: 59000 | P2: SPECIAL PRICE
A3: 2025 H1 SUKO TUMBLER SP59K | B3: ='2025 H1 SUKO HOMECO SP15K'!$B$3 -> 46114 | C3: ='2025 H1 SUKO HOMECO SP15K'!$C$2 -> 46120 | D3: 3357 | E3: 340 | F3: 6 | G3: 3 | H3: 81837 | I3: SUKO | J3: 52569470 | K3: SKTMBLR600ML | L3: THERMAL TUMBLER SUKO SKTMBLR600ML:WHITE:F:SOLID:THERMAL TUMBLER | M3: 149900 | N3: SP | O3: 59000 | P3: SPECIAL PRICE
A4: 2025 H1 SUKO TUMBLER SP59K | B4: ='2025 H1 SUKO HOMECO SP15K'!$B$3 -> 46114 | C4: ='2025 H1 SUKO HOMECO SP15K'!$C$2 -> 46120 | D4: 3357 | E4: 340 | F4: 6 | G4: 3 | H4: 81837 | I4: SUKO | J4: 52569489 | K4: SKTMBLR1000ML | L4: THERMAL TUMBLER SUKO SKTMBLR1000ML:ASSORTIVE COLOR:F:SOLID:THERMAL TUMBLER | M4: 199900 | N4: SP | O4: 59000 | P4: SPECIAL PRICE
A5: 2025 H1 SUKO TUMBLER SP59K | B5: ='2025 H1 SUKO HOMECO SP15K'!$B$3 -> 46114 | C5: ='2025 H1 SUKO HOMECO SP15K'!$C$2 -> 46120 | D5: 3357 | E5: 340 | F5: 6 | G5: 3 | H5: 81837 | I5: SUKO | J5: 53340679 | K5: SKTMBLR2060 | L5: TUMBLER SUKO 2060 500ML SKTMBLR2060:BLACK:F:SOLID:TUMBLER | M5: 169900 | N5: SP | O5: 59000 | P5: SPECIAL PRICE
A6: 2025 H1 SUKO TUMBLER SP59K | B6: ='2025 H1 SUKO HOMECO SP15K'!$B$3 -> 46114 | C6: ='2025 H1 SUKO HOMECO SP15K'!$C$2 -> 46120 | D6: 3357 | E6: 340 | F6: 6 | G6: 3 | H6: 81837 | I6: SUKO | J6: 53340688 | K6: SKTMBLR2060 | L6: TUMBLER SUKO 2060 500ML SKTMBLR2060:WHITE:F:SOLID:TUMBLER | M6: 169900 | N6: SP | O6: 59000 | P6: SPECIAL PRICE
A7: 2025 H1 SUKO TUMBLER SP59K | B7: ='2025 H1 SUKO HOMECO SP15K'!$B$3 -> 46114 | C7: ='2025 H1 SUKO HOMECO SP15K'!$C$2 -> 46120 | D7: 3357 | E7: 340 | F7: 6 | G7: 3 | H7: 81837 | I7: SUKO | J7: 53340697 | K7: SKTMBLR2060 | L7: TUMBLER SUKO 2060 500ML SKTMBLR2060:NAVY BLUE:F:SOLID:TUMBLER | M7: 169900 | N7: SP | O7: 59000 | P7: SPECIAL PRICE
A8: 2025 H1 SUKO TUMBLER SP59K | B8: ='2025 H1 SUKO HOMECO SP15K'!$B$3 -> 46114 | C8: ='2025 H1 SUKO HOMECO SP15K'!$C$2 -> 46120 | D8: 3357 | E8: 340 | F8: 6 | G8: 3 | H8: 81837 | I8: SUKO | J8: 53340704 | K8: SKTMBLR2366 | L8: TUMBLER SUKO 2366 500ML SKTMBLR2366:BLACK:F:SOLID:TUMBLER | M8: 169900 | N8: SP | O8: 59000 | P8: SPECIAL PRICE

Sheet 2025 H1 SUKO TUMBLER SP99K
A1: ACARA | B1: FROM DATE | C1: TO DATE | D1: DEPT | E1: WORLD | F1: DIVISION | G1: CLASS | H1: SUPPLIER | I1: BRAND | J1: SKU | K1: ARTICLE | L1: DESCRIPTION | M1: HARGA NORMAL | N1: DISKON | O1: HARGA PROMO | P1: DISCOUNT TYPE
A2: 2025 H1 SUKO TUMBLER SP99K | B2: ='2025 H1 SUKO HOMECO SP15K'!$B$3 -> 46114 | C2: ='2025 H1 SUKO HOMECO SP15K'!$C$2 -> 46120 | D2: 3357 | E2: 340 | F2: 6 | G2: 3 | H2: 81832 | I2: SUKO | J2: 52475222 | K2: SCNTMBL450 | L2: THERMAL TUMBLER SCANDIC VACUUM 450ML SCNTMBL450:ASSORTIVE COLOR:F:SOLID:THERMAL TUMBLER | M2: 249000 | N2: SP | O2: 99000 | P2: SPECIAL PRICE
A3: 2025 H1 SUKO TUMBLER SP99K | B3: ='2025 H1 SUKO HOMECO SP15K'!$B$3 -> 46114 | C3: ='2025 H1 SUKO HOMECO SP15K'!$C$2 -> 46120 | D3: 3357 | E3: 340 | F3: 6 | G3: 3 | H3: 81837 | I3: SUKO | J3: 54560242 | K3: SKTMBLR6601 | L3: THERMAL TUMBLER SUKO TUMBLER 6601 1300ML SKTMBLR6601:BLACK:F:SOLID:THERMAL TUMBLER | M3: 279900 | N3: SP | O3: 99000 | P3: SPECIAL PRICE
A4: 2025 H1 SUKO TUMBLER SP99K | B4: ='2025 H1 SUKO HOMECO SP15K'!$B$3 -> 46114 | C4: ='2025 H1 SUKO HOMECO SP15K'!$C$2 -> 46120 | D4: 3357 | E4: 340 | F4: 6 | G4: 3 | H4: 81837 | I4: SUKO | J4: 54560251 | K4: SKTMBLR6601 | L4: THERMAL TUMBLER SUKO TUMBLER 6601 1300ML SKTMBLR6601:MISTY LIGHT GREY:F:SOLID:THERMAL TUMBLER | M4: 279900 | N4: SP | O4: 99000 | P4: SPECIAL PRICE
A5: 2025 H1 SUKO TUMBLER SP99K | B5: ='2025 H1 SUKO HOMECO SP15K'!$B$3 -> 46114 | C5: ='2025 H1 SUKO HOMECO SP15K'!$C$2 -> 46120 | D5: 3357 | E5: 340 | F5: 6 | G5: 3 | H5: 81837 | I5: SUKO | J5: 54560260 | K5: SKTMBLR6601 | L5: THERMAL TUMBLER SUKO TUMBLER 6601 1300ML SKTMBLR6601:NAVY BLUE:F:SOLID:THERMAL TUMBLER | M5: 279900 | N5: SP | O5: 99000 | P5: SPECIAL PRICE
A6: 2025 H1 SUKO TUMBLER SP99K | B6: ='2025 H1 SUKO HOMECO SP15K'!$B$3 -> 46114 | C6: ='2025 H1 SUKO HOMECO SP15K'!$C$2 -> 46120 | D6: 3357 | E6: 340 | F6: 6 | G6: 3 | H6: 81837 | I6: SUKO | J6: 54560279 | K6: SKTMBLR6601 | L6: THERMAL TUMBLER SUKO TUMBLER 6601 1300ML SKTMBLR6601:WHITE:F:SOLID:THERMAL TUMBLER | M6: 279900 | N6: SP | O6: 99000 | P6: SPECIAL PRICE
