Workbook

Sheet KI DISCONTINUE D85
A1: ACARA | B1: FROM DATE | C1: TO DATE | D1: DEPT | E1: WORLD | F1: DIVISION | G1: CLASS | H1: SUPPLIER | I1: BRAND | J1: SKU | K1: ARTICLE | L1: DESCRIPTION | M1: HARGA NORMAL | N1: DISKON | O1: HARGA PROMO | P1: DISCOUNT TYPE
A2: KI Discontinue D85 | B2: 46099 | C2: 46113 | D2: 3259 | E2: 333 | F2: 3 | G2: 9 | I2: COLE | J2: 18214774 | K2: OBLWHT | L2: OBL BASIC ROUND NECK WHITE S:WHITE:XS | M2: 99900 | N2: 0.85 | O2: =M2-((85*M2)/100) -> 14985 | P2: PERCENTAGE
A3: KI Discontinue D85 | B3: =B2 -> 46099 | C3: =C2 -> 46113 | D3: 3259 | E3: 333 | F3: 3 | G3: 9 | I3: COLE | J3: 18214783 | K3: OBLWHT | L3: OBL BASIC ROUND NECK WHITE S:WHITE:S | M3: 99900 | N3: 0.85 | O3: =M3-((85*M3)/100) -> 14985 | P3: PERCENTAGE
A4: KI Discontinue D85 | B4: =B3 -> 46099 | C4: =C3 -> 46113 | D4: 3259 | E4: 333 | F4: 3 | G4: 9 | I4: COLE | J4: 18214792 | K4: OBLWHT | L4: OBL BASIC ROUND NECK WHITE S:WHITE:M | M4: 99900 | N4: 0.85 | O4: =M4-((85*M4)/100) -> 14985 | P4: PERCENTAGE
A5: KI Discontinue D85 | B5: =B4 -> 46099 | C5: =C4 -> 46113 | D5: 3259 | E5: 333 | F5: 3 | G5: 9 | I5: COLE | J5: 18214809 | K5: OBLWHT | L5: OBL BASIC ROUND NECK WHITE S:WHITE:L | M5: 99900 | N5: 0.85 | O5: =M5-((85*M5)/100) -> 14985 | P5: PERCENTAGE
A6: KI Discontinue D85 | B6: =B5 -> 46099 | C6: =C5 -> 46113 | D6: 3259 | E6: 333 | F6: 3 | G6: 9 | I6: COLE | J6: 18214818 | K6: OBLWHT | L6: OBL BASIC ROUND NECK WHITE S:WHITE:XL | M6: 99900 | N6: 0.85 | O6: =M6-((85*M6)/100) -> 14985 | P6: PERCENTAGE
A7: KI Discontinue D85 | B7: =B6 -> 46099 | C7: =C6 -> 46113 | D7: 3259 | E7: 333 | F7: 3 | G7: 9 | I7: COLE | J7: 18214827 | K7: OBLBLK | L7: OBL BLACK ROUND NECK BLACK:BLACK:XS | M7: 99900 | N7: 0.85 | O7: =M7-((85*M7)/100) -> 14985 | P7: PERCENTAGE
A8: KI Discontinue D85 | B8: =B7 -> 46099 | C8: =C7 -> 46113 | D8: 3259 | E8: 333 | F8: 3 | G8: 9 | I8: COLE | J8: 18214836 | K8: OBLBLK | L8: OBL BLACK ROUND NECK BLACK:BLACK:S | M8: 99900 | N8: 0.85 | O8: =M8-((85*M8)/100) -> 14985 | P8: PERCENTAGE
A9: KI Discontinue D85 | B9: =B8 -> 46099 | C9: =C8 -> 46113 | D9: 3259 | E9: 333 | F9: 3 | G9: 9 | I9: COLE | J9: 18214845 | K9: OBLBLK | L9: OBL BLACK ROUND NECK BLACK:BLACK:M | M9: 99900 | N9: 0.85 | O9: =M9-((85*M9)/100) -> 14985 | P9: PERCENTAGE
A10: KI Discontinue D85 | B10: =B9 -> 46099 | C10: =C9 -> 46113 | D10: 3259 | E10: 333 | F10: 3 | G10: 9 | I10: COLE | J10: 18214854 | K10: OBLBLK | L10: OBL BLACK ROUND NECK BLACK:BLACK:L | M10: 99900 | N10: 0.85 | O10: =M10-((85*M10)/100) -> 14985 | P10: PERCENTAGE
A11: KI Discontinue D85 | B11: =B10 -> 46099 | C11: =C10 -> 46113 | D11: 3259 | E11: 333 | F11: 3 | G11: 9 | I11: COLE | J11: 18214863 | K11: OBLBLK | L11: OBL BLACK ROUND NECK BLACK:BLACK:XL | M11: 99900 | N11: 0.85 | O11: =M11-((85*M11)/100) -> 14985 | P11: PERCENTAGE
A12: KI Discontinue D85 | B12: =B11 -> 46099 | C12: =C11 -> 46113 | D12: 3259 | E12: 333 | F12: 3 | G12: 9 | I12: COLE | J12: 18223531 | K12: OBLM81 | L12: OBL BASIC ROUND NECK M81:MISTY DARK GREY:XS | M12: 109900 | N12: 0.85 | O12: =M12-((85*M12)/100) -> 16485 | P12: PERCENTAGE
A13: KI Discontinue D85 | B13: =B12 -> 46099 | C13: =C12 -> 46113 | D13: 3259 | E13: 333 | F13: 3 | G13: 9 | I13: COLE | J13: 18223657 | K13: OBLMRN | L13: OBL BASIC ROUND NECK MAROON:MAROON:M | M13: 99900 | N13: 0.85 | O13: =M13-((85*M13)/100) -> 14985 | P13: PERCENTAGE
A14: KI Discontinue D85 | B14: =B13 -> 46099 | C14: =C13 -> 46113 | D14: 3259 | E14: 333 | F14: 3 | G14: 9 | I14: COLE | J14: 18223835 | K14: OBLMBL | L14: OBL BASIC ROUND NECK MS.BLUE:MISTY MEDIUM BLUE:XS | M14: 109900 | N14: 0.85 | O14: =M14-((85*M14)/100) -> 16485 | P14: PERCENTAGE
... A215: KI Discontinue D85 | B215: =B214 -> 46099 | C215: =C214 -> 46113 | D215: 3259 | E215: 333 | F215: 3 | G215: 9 | I215: COLE | J215: 33474385 | K215: ESSRN | L215: SS T-SHIRT OBL BASIC ROUND NECK ESSRN:WINE:XL:SOLID:SS T-SHIRT | M215: 109900 | N215: 0.85 | O215: =M215-((85*M215)/100) -> 16485 | P215: PERCENTAGE
A216: KI Discontinue D85 | B216: ='KI DISCONTINUE D85'!B$2 -> 46099 | C216: ='KI DISCONTINUE D85'!C$2 -> 46113 | D216: 3259 | E216: 333 | F216: 3 | G216: 10 | I216: COLE | J216: 17258774 | K216: BSW-CRXS | L216: WK POLO BASIC LACOSE CORAL XS / BSW-CR:CORAL:XS | M216: 149900 | N216: 0.85 | O216: =M216-(M216*N216) -> 22485 | P216: PERCENTAGE
A217: KI Discontinue D85 | B217: ='KI DISCONTINUE D85'!B$2 -> 46099 | C217: ='KI DISCONTINUE D85'!C$2 -> 46113 | D217: 3259 | E217: 333 | F217: 3 | G217: 10 | I217: COLE | J217: 17258783 | K217: BSW-CRS | L217: WK POLO BASIC LACOSE CORAL S / BSW-CR:CORAL:S | M217: 149900 | N217: 0.85 | O217: =M217-(M217*N217) -> 22485 | P217: PERCENTAGE
A218: KI Discontinue D85 | B218: ='KI DISCONTINUE D85'!B$2 -> 46099 | C218: ='KI DISCONTINUE D85'!C$2 -> 46113 | D218: 3259 | E218: 333 | F218: 3 | G218: 10 | I218: COLE | J218: 17258809 | K218: BSW-CRL | L218: WK POLO BASIC LACOSE CORAL L / BSW-CR:CORAL:L | M218: 149900 | N218: 0.85 | O218: =M218-(M218*N218) -> 22485 | P218: PERCENTAGE
A219: KI Discontinue D85 | B219: ='KI DISCONTINUE D85'!B$2 -> 46099 | C219: ='KI DISCONTINUE D85'!C$2 -> 46113 | D219: 3259 | E219: 333 | F219: 3 | G219: 10 | I219: COLE | J219: 18232021 | K219: BSW-WH | L219: WK POLO BASIC LACOSE WHITE/BSW-WH:WHITE:XS | M219: 149900 | N219: 0.85 | O219: =M219-(M219*N219) -> 22485 | P219: PERCENTAGE
A220: KI Discontinue D85 | B220: ='KI DISCONTINUE D85'!B$2 -> 46099 | C220: ='KI DISCONTINUE D85'!C$2 -> 46113 | D220: 3259 | E220: 333 | F220: 3 | G220: 10 | I220: COLE | J220: 18232165 | K220: BSW-RD | L220: WK POLO BASIC LACOSE RED/BSW-RD:CLASSIC RED:XS | M220: 149900 | N220: 0.85 | O220: =M220-(M220*N220) -> 22485 | P220: PERCENTAGE
A221: KI Discontinue D85 | B221: ='KI DISCONTINUE D85'!B$2 -> 46099 | C221: ='KI DISCONTINUE D85'!C$2 -> 46113 | D221: 3259 | E221: 333 | F221: 3 | G221: 10 | I221: COLE | J221: 18232174 | K221: BSW-RD | L221: WK POLO BASIC LACOSE RED/BSW-RD:CLASSIC RED:S | M221: 149900 | N221: 0.85 | O221: =M221-(M221*N221) -> 22485 | P221: PERCENTAGE
A222: KI Discontinue D85 | B222: ='KI DISCONTINUE D85'!B$2 -> 46099 | C222: ='KI DISCONTINUE D85'!C$2 -> 46113 | D222: 3259 | E222: 333 | F222: 3 | G222: 10 | I222: COLE | J222: 18232183 | K222: BSW-RD | L222: WK POLO BASIC LACOSE RED/BSW-RD:CLASSIC RED:M | M222: 149900 | N222: 0.85 | O222: =M222-(M222*N222) -> 22485 | P222: PERCENTAGE
A223: KI Discontinue D85 | B223: ='KI DISCONTINUE D85'!B$2 -> 46099 | C223: ='KI DISCONTINUE D85'!C$2 -> 46113 | D223: 3259 | E223: 333 | F223: 3 | G223: 10 | I223: COLE | J223: 18232192 | K223: BSW-RD | L223: WK POLO BASIC LACOSE RED/BSW-RD:CLASSIC RED:L | M223: 149900 | N223: 0.85 | O223: =M223-(M223*N223) -> 22485 | P223: PERCENTAGE
A224: KI Discontinue D85 | B224: ='KI DISCONTINUE D85'!B$2 -> 46099 | C224: ='KI DISCONTINUE D85'!C$2 -> 46113 | D224: 3259 | E224: 333 | F224: 3 | G224: 10 | I224: COLE | J224: 18232209 | K224: BSW-RD | L224: WK POLO BASIC LACOSE RED/BSW-RD:CLASSIC RED:XL | M224: 149900 | N224: 0.85 | O224: =M224-(M224*N224) -> 22485 | P224: PERCENTAGE
A225: KI Discontinue D85 | B225: ='KI DISCONTINUE D85'!B$2 -> 46099 | C225: ='KI DISCONTINUE D85'!C$2 -> 46113 | D225: 3259 | E225: 333 | F225: 3 | G225: 10 | I225: COLE | J225: 18232398 | K225: BSW-MR | L225: WK POLO BASIC LACOSE MAROON/BSW-MR:MAROON:XS | M225: 149900 | N225: 0.85 | O225: =M225-(M225*N225) -> 22485 | P225: PERCENTAGE
A226: KI Discontinue D85 | B226: ='KI DISCONTINUE D85'!B$2 -> 46099 | C226: ='KI DISCONTINUE D85'!C$2 -> 46113 | D226: 3259 | E226: 333 | F226: 3 | G226: 10 | I226: COLE | J226: 18232405 | K226: BSW-MR | L226: WK POLO BASIC LACOSE MAROON/BSW-MR:MAROON:S | M226: 149900 | N226: 0.85 | O226: =M226-(M226*N226) -> 22485 | P226: PERCENTAGE
A227: KI Discontinue D85 | B227: ='KI DISCONTINUE D85'!B$2 -> 46099 | C227: ='KI DISCONTINUE D85'!C$2 -> 46113 | D227: 3259 | E227: 333 | F227: 3 | G227: 10 | I227: COLE | J227: 18232414 | K227: BSW-MR | L227: WK POLO BASIC LACOSE MAROON/BSW-MR:MAROON:M | M227: 149900 | N227: 0.85 | O227: =M227-(M227*N227) -> 22485 | P227: PERCENTAGE
... A244: KI Discontinue D85 | B244: ='KI DISCONTINUE D85'!B$2 -> 46099 | C244: ='KI DISCONTINUE D85'!C$2 -> 46113 | D244: 3259 | E244: 333 | F244: 3 | G244: 10 | I244: COLE | J244: 18233146 | K244: BSW-TL | L244: WK POLO BASIC LACOSE TEAL/BSW-TL:TEAL:XL | M244: 149900 | N244: 0.85 | O244: =M244-(M244*N244) -> 22485 | P244: PERCENTAGE
A245: KI Discontinue D85 | B245: ='KI DISCONTINUE D85'!$B$2 -> 46099 | C245: ='KI DISCONTINUE D85'!$C$2 -> 46113 | D245: 3259 | E245: 333 | F245: 3 | G245: 10 | I245: COLE | J245: 18233379 | K245: BSW-NVA233 | L245: WK BASIC LACOSE NAVY A233/BSW-NVA233:NAVY BLUE:XS | M245: 149900 | N245: 0.85 | O245: =M245-(M245*N245) -> 22485 | P245: PERCENTAGE
A246: KI Discontinue D85 | B246: ='KI DISCONTINUE D85'!$B$2 -> 46099 | C246: ='KI DISCONTINUE D85'!$C$2 -> 46113 | D246: 3259 | E246: 333 | F246: 3 | G246: 10 | I246: COLE | J246: 18233388 | K246: BSW-NVA233 | L246: WK BASIC LACOSE NAVY A233/BSW-NVA233:NAVY BLUE:S | M246: 149900 | N246: 0.85 | O246: =M246-(M246*N246) -> 22485 | P246: PERCENTAGE
A247: KI Discontinue D85 | B247: ='KI DISCONTINUE D85'!$B$2 -> 46099 | C247: ='KI DISCONTINUE D85'!$C$2 -> 46113 | D247: 3259 | E247: 333 | F247: 3 | G247: 10 | I247: COLE | J247: 18233397 | K247: BSW-NVA233 | L247: WK BASIC LACOSE NAVY A233/BSW-NVA233:NAVY BLUE:M | M247: 149900 | N247: 0.85 | O247: =M247-(M247*N247) -> 22485 | P247: PERCENTAGE
A248: KI Discontinue D85 | B248: ='KI DISCONTINUE D85'!$B$2 -> 46099 | C248: ='KI DISCONTINUE D85'!$C$2 -> 46113 | D248: 3259 | E248: 333 | F248: 3 | G248: 10 | I248: COLE | J248: 18233404 | K248: BSW-NVA233 | L248: WK BASIC LACOSE NAVY A233/BSW-NVA233:NAVY BLUE:L | M248: 149900 | N248: 0.85 | O248: =M248-(M248*N248) -> 22485 | P248: PERCENTAGE
A249: KI Discontinue D85 | B249: ='KI DISCONTINUE D85'!$B$2 -> 46099 | C249: ='KI DISCONTINUE D85'!$C$2 -> 46113 | D249: 3259 | E249: 333 | F249: 3 | G249: 10 | I249: COLE | J249: 18233413 | K249: BSW-NVA233 | L249: WK BASIC LACOSE NAVY A233/BSW-NVA233:NAVY BLUE:XL | M249: 149900 | N249: 0.85 | O249: =M249-(M249*N249) -> 22485 | P249: PERCENTAGE
A250: KI Discontinue D85 | B250: ='KI DISCONTINUE D85'!B$2 -> 46099 | C250: ='KI DISCONTINUE D85'!C$2 -> 46113 | D250: 3259 | E250: 333 | F250: 3 | G250: 10 | I250: COLE | J250: 18270310 | K250: BSW-M71 | L250: WK POLO BASIC LACOSE M71/BSW-M71:MISTY MEDIUM GRE:XS | M250: 169900 | N250: 0.85 | O250: =M250-(M250*N250) -> 25485 | P250: PERCENTAGE
A251: KI Discontinue D85 | B251: ='KI DISCONTINUE D85'!B$2 -> 46099 | C251: ='KI DISCONTINUE D85'!C$2 -> 46113 | D251: 3259 | E251: 333 | F251: 3 | G251: 10 | I251: COLE | J251: 18270329 | K251: BSW-M71 | L251: WK POLO BASIC LACOSE M71/BSW-M71:MISTY MEDIUM GRE:S | M251: 169900 | N251: 0.85 | O251: =M251-(M251*N251) -> 25485 | P251: PERCENTAGE
A252: KI Discontinue D85 | B252: ='KI DISCONTINUE D85'!B$2 -> 46099 | C252: ='KI DISCONTINUE D85'!C$2 -> 46113 | D252: 3259 | E252: 333 | F252: 3 | G252: 10 | I252: COLE | J252: 18270338 | K252: BSW-M71 | L252: WK POLO BASIC LACOSE M71/BSW-M71:MISTY MEDIUM GRE:M | M252: 169900 | N252: 0.85 | O252: =M252-(M252*N252) -> 25485 | P252: PERCENTAGE
A253: KI Discontinue D85 | B253: ='KI DISCONTINUE D85'!B$2 -> 46099 | C253: ='KI DISCONTINUE D85'!C$2 -> 46113 | D253: 3259 | E253: 333 | F253: 3 | G253: 10 | I253: COLE | J253: 18270347 | K253: BSW-M71 | L253: WK POLO BASIC LACOSE M71/BSW-M71:MISTY MEDIUM GRE:L | M253: 169900 | N253: 0.85 | O253: =M253-(M253*N253) -> 25485 | P253: PERCENTAGE
A254: KI Discontinue D85 | B254: ='KI DISCONTINUE D85'!B$2 -> 46099 | C254: ='KI DISCONTINUE D85'!C$2 -> 46113 | D254: 3259 | E254: 333 | F254: 3 | G254: 10 | I254: COLE | J254: 18270356 | K254: BSW-M71 | L254: WK POLO BASIC LACOSE M71/BSW-M71:MISTY MEDIUM GRE:XL | M254: 169900 | N254: 0.85 | O254: =M254-(M254*N254) -> 25485 | P254: PERCENTAGE
A255: KI Discontinue D85 | B255: ='KI DISCONTINUE D85'!B$2 -> 46099 | C255: ='KI DISCONTINUE D85'!C$2 -> 46113 | D255: 3259 | E255: 333 | F255: 3 | G255: 10 | I255: COLE | J255: 18272327 | K255: BSW-M81 | L255: WK POLO BASIC LACOSE M81 / BSW-M81:MISTY DARK GREY:XS | M255: 169900 | N255: 0.85 | O255: =M255-(M255*N255) -> 25485 | P255: PERCENTAGE
A256: KI Discontinue D85 | B256: ='KI DISCONTINUE D85'!$B$2 -> 46099 | C256: ='KI DISCONTINUE D85'!$C$2 -> 46113 | D256: 3259 | E256: 333 | F256: 3 | G256: 10 | I256: COLE | J256: 18272336 | K256: BSW-M81 | L256: WK POLO BASIC LACOSE M81 / BSW-M81:MISTY DARK GREY:S | M256: 169900 | N256: 0.85 | O256: =M256-(M256*N256) -> 25485 | P256: PERCENTAGE
A257: KI Discontinue D85 | B257: ='KI DISCONTINUE D85'!$B$2 -> 46099 | C257: ='KI DISCONTINUE D85'!$C$2 -> 46113 | D257: 3259 | E257: 333 | F257: 3 | G257: 10 | I257: COLE | J257: 18272345 | K257: BSW-M81 | L257: WK POLO BASIC LACOSE M81 / BSW-M81:MISTY DARK GREY:M | M257: 169900 | N257: 0.85 | O257: =M257-(M257*N257) -> 25485 | P257: PERCENTAGE
A258: KI Discontinue D85 | B258: ='KI DISCONTINUE D85'!$B$2 -> 46099 | C258: ='KI DISCONTINUE D85'!$C$2 -> 46113 | D258: 3259 | E258: 333 | F258: 3 | G258: 10 | I258: COLE | J258: 18272354 | K258: BSW-M81 | L258: WK POLO BASIC LACOSE M81 / BSW-M81:MISTY DARK GREY:L | M258: 169900 | N258: 0.85 | O258: =M258-(M258*N258) -> 25485 | P258: PERCENTAGE
A259: KI Discontinue D85 | B259: ='KI DISCONTINUE D85'!$B$2 -> 46099 | C259: ='KI DISCONTINUE D85'!$C$2 -> 46113 | D259: 3259 | E259: 333 | F259: 3 | G259: 10 | I259: COLE | J259: 18272363 | K259: BSW-M81 | L259: WK POLO BASIC LACOSE M81 / BSW-M81:MISTY DARK GREY:XL | M259: 169900 | N259: 0.85 | O259: =M259-(M259*N259) -> 25485 | P259: PERCENTAGE
A260: KI Discontinue D85 | B260: ='KI DISCONTINUE D85'!B$2 -> 46099 | C260: ='KI DISCONTINUE D85'!C$2 -> 46113 | D260: 3259 | E260: 333 | F260: 3 | G260: 10 | I260: COLE | J260: 18327536 | K260: BSW-CR58 | L260: WK POLO BASIC LACOSE CORAL A58 / BSW-CR58:CORAL:S | M260: 139900 | N260: 0.85 | O260: =M260-(M260*N260) -> 20985 | P260: PERCENTAGE
A261: KI Discontinue D85 | B261: ='KI DISCONTINUE D85'!B$2 -> 46099 | C261: ='KI DISCONTINUE D85'!C$2 -> 46113 | D261: 3259 | E261: 333 | F261: 3 | G261: 10 | I261: COLE | J261: 18327554 | K261: BSW-CR58 | L261: WK POLO BASIC LACOSE CORAL A58 / BSW-CR58:CORAL:L | M261: 139900 | N261: 0.85 | O261: =M261-(M261*N261) -> 20985 | P261: PERCENTAGE
A262: KI Discontinue D85 | B262: ='KI DISCONTINUE D85'!B$2 -> 46099 | C262: ='KI DISCONTINUE D85'!C$2 -> 46113 | D262: 3259 | E262: 333 | F262: 3 | G262: 10 | I262: COLE | J262: 19310015 | K262: BSW-WN | L262: WK BASIC LACOSE WINE/BSW-WN:WINE:XS | M262: 149900 | N262: 0.85 | O262: =M262-(M262*N262) -> 22485 | P262: PERCENTAGE
A263: KI Discontinue D85 | B263: ='KI DISCONTINUE D85'!B$2 -> 46099 | C263: ='KI DISCONTINUE D85'!C$2 -> 46113 | D263: 3259 | E263: 333 | F263: 3 | G263: 10 | I263: COLE | J263: 19310024 | K263: BSW-WN | L263: WK BASIC LACOSE WINE/BSW-WN:WINE:S | M263: 149900 | N263: 0.85 | O263: =M263-(M263*N263) -> 22485 | P263: PERCENTAGE
A264: KI Discontinue D85 | B264: ='KI DISCONTINUE D85'!B$2 -> 46099 | C264: ='KI DISCONTINUE D85'!C$2 -> 46113 | D264: 3259 | E264: 333 | F264: 3 | G264: 10 | I264: COLE | J264: 19310033 | K264: BSW-WN | L264: WK BASIC LACOSE WINE/BSW-WN:WINE:M | M264: 149900 | N264: 0.85 | O264: =M264-(M264*N264) -> 22485 | P264: PERCENTAGE
A265: KI Discontinue D85 | B265: ='KI DISCONTINUE D85'!B$2 -> 46099 | C265: ='KI DISCONTINUE D85'!C$2 -> 46113 | D265: 3259 | E265: 333 | F265: 3 | G265: 10 | I265: COLE | J265: 19310042 | K265: BSW-WN | L265: WK BASIC LACOSE WINE/BSW-WN:WINE:L | M265: 149900 | N265: 0.85 | O265: =M265-(M265*N265) -> 22485 | P265: PERCENTAGE
A266: KI Discontinue D85 | B266: ='KI DISCONTINUE D85'!B$2 -> 46099 | C266: ='KI DISCONTINUE D85'!C$2 -> 46113 | D266: 3259 | E266: 333 | F266: 3 | G266: 10 | I266: COLE | J266: 19310051 | K266: BSW-WN | L266: WK BASIC LACOSE WINE/BSW-WN:WINE:XL | M266: 149900 | N266: 0.85 | O266: =M266-(M266*N266) -> 22485 | P266: PERCENTAGE
A267: KI Discontinue D85 | B267: ='KI DISCONTINUE D85'!B$2 -> 46099 | C267: ='KI DISCONTINUE D85'!C$2 -> 46113 | D267: 3259 | E267: 333 | F267: 3 | G267: 10 | I267: COLE | J267: 20640497 | K267: BSW-OLV | L267: WK POLO SOLID LACOSE OLIVE B66:OLIVE:XS | M267: 149900 | N267: 0.85 | O267: =M267-(M267*N267) -> 22485 | P267: PERCENTAGE
A268: KI Discontinue D85 | B268: ='KI DISCONTINUE D85'!B$2 -> 46099 | C268: ='KI DISCONTINUE D85'!C$2 -> 46113 | D268: 3259 | E268: 333 | F268: 3 | G268: 10 | I268: COLE | J268: 20640504 | K268: BSW-OLV | L268: WK POLO SOLID LACOSE OLIVE B66:OLIVE:S | M268: 149900 | N268: 0.85 | O268: =M268-(M268*N268) -> 22485 | P268: PERCENTAGE
A269: KI Discontinue D85 | B269: ='KI DISCONTINUE D85'!B$2 -> 46099 | C269: ='KI DISCONTINUE D85'!C$2 -> 46113 | D269: 3259 | E269: 333 | F269: 3 | G269: 10 | I269: COLE | J269: 20640513 | K269: BSW-OLV | L269: WK POLO SOLID LACOSE OLIVE B66:OLIVE:M | M269: 149900 | N269: 0.85 | O269: =M269-(M269*N269) -> 22485 | P269: PERCENTAGE
A270: KI Discontinue D85 | B270: ='KI DISCONTINUE D85'!B$2 -> 46099 | C270: ='KI DISCONTINUE D85'!C$2 -> 46113 | D270: 3259 | E270: 333 | F270: 3 | G270: 10 | I270: COLE | J270: 20640522 | K270: BSW-OLV | L270: WK POLO SOLID LACOSE OLIVE B66:OLIVE:L | M270: 149900 | N270: 0.85 | O270: =M270-(M270*N270) -> 22485 | P270: PERCENTAGE
A271: KI Discontinue D85 | B271: ='KI DISCONTINUE D85'!B$2 -> 46099 | C271: ='KI DISCONTINUE D85'!C$2 -> 46113 | D271: 3259 | E271: 333 | F271: 3 | G271: 10 | I271: COLE | J271: 20815718 | K271: BSWBULIB | L271: POLO SOLID LACOSE BLUE LIBERTY:INDIGO BLUE:XS | M271: 149900 | N271: 0.85 | O271: =M271-(M271*N271) -> 22485 | P271: PERCENTAGE
... A468: KI Discontinue D85 | B468: ='KI DISCONTINUE D85'!B$2 -> 46099 | C468: ='KI DISCONTINUE D85'!C$2 -> 46113 | D468: 3259 | E468: 333 | F468: 3 | G468: 10 | I468: COLE | J468: 55707289 | K468: BSW-M71 | L468: WK POLO BASIC LACOSE M71/BSW-M71:MISTY MEDIUM GRE:2XL | M468: 169900 | N468: 0.85 | O468: =M468-(M468*N468) -> 25485 | P468: PERCENTAGE
A469: KI Discontinue D85 | B469: ='KI DISCONTINUE D85'!$B$2 -> 46099 | C469: ='KI DISCONTINUE D85'!$C$2 -> 46113 | D469: 3259 | E469: 333 | F469: 3 | G469: 10 | I469: COLE | J469: 55707332 | K469: BSW-M81 | L469: WK POLO BASIC LACOSE M81 / BSW-M81:MISTY DARK GREY:2XL | M469: 169900 | N469: 0.85 | O469: =M469-(M469*N469) -> 25485 | P469: PERCENTAGE
A470: KI Discontinue D85 | B470: ='KI DISCONTINUE D85'!B$2 -> 46099 | C470: ='KI DISCONTINUE D85'!C$2 -> 46113 | D470: 3259 | E470: 333 | F470: 3 | G470: 10 | I470: COLE | J470: 55707378 | K470: BSW-NV | L470: WK POLO BASIC LACOSE NAVY/BSW-NV:NAVY BLUE:2XL | M470: 169900 | N470: 0.85 | O470: =M470-(M470*N470) -> 25485 | P470: PERCENTAGE

Sheet 2019 ALL D95
A1: ACARA | B1: FROM DATE | C1: TO DATE | D1: DEPT | E1: WORLD | F1: DIVISION | G1: CLASS | H1: SUPPLIER | I1: BRAND | J1: SKU | K1: ARTICLE | L1: DESCRIPTION | M1: HARGA NORMAL | N1: DISKON | O1: HARGA PROMO | P1: DISCOUNT TYPE
A2: 2019 & Older TOP All Items (Exclude KI) D95 | B2: ='KI DISCONTINUE D85'!$B$2 -> 46099 | C2: ='KI DISCONTINUE D85'!$C$2 -> 46113 | D2: 3259 | E2: 333 | F2: 3 | G2: 9 | I2: COLE | J2: 13889206 | K2: OBBSWM | L2: OBL BASIC ROUND NECK WHITE M / OBBSWM | M2: 89900 | N2: 0.95 | O2: =M2-((95*M2)/100) -> 4495 | P2: PERCENTAGE
A3: 2019 & Older TOP All Items (Exclude KI) D95 | B3: ='KI DISCONTINUE D85'!$B$2 -> 46099 | C3: ='KI DISCONTINUE D85'!$C$2 -> 46113 | D3: 3259 | E3: 333 | F3: 3 | G3: 9 | I3: COLE | J3: 13889215 | K3: OBBSWL | L3: OBL BASIC ROUND NECK WHITE L / OBBSWL | M3: 89900 | N3: 0.95 | O3: =M3-((95*M3)/100) -> 4495 | P3: PERCENTAGE
A4: 2019 & Older TOP All Items (Exclude KI) D95 | B4: ='KI DISCONTINUE D85'!$B$2 -> 46099 | C4: ='KI DISCONTINUE D85'!$C$2 -> 46113 | D4: 3259 | E4: 333 | F4: 3 | G4: 9 | I4: COLE | J4: 13889224 | K4: OBBSWXL | L4: OBL BASIC ROUND NECK WHITE XL / OBBSWXL | M4: 89900 | N4: 0.95 | O4: =M4-((95*M4)/100) -> 4495 | P4: PERCENTAGE
A5: 2019 & Older TOP All Items (Exclude KI) D95 | B5: ='KI DISCONTINUE D85'!$B$2 -> 46099 | C5: ='KI DISCONTINUE D85'!$C$2 -> 46113 | D5: 3259 | E5: 333 | F5: 3 | G5: 9 | I5: COLE | J5: 13889448 | K5: OBBSBLXL | L5: OBL BASIC ROUND NECK BLACK XL / OBBSBLXL | M5: 89900 | N5: 0.95 | O5: =M5-((95*M5)/100) -> 4495 | P5: PERCENTAGE
A6: 2019 & Older TOP All Items (Exclude KI) D95 | B6: ='KI DISCONTINUE D85'!$B$2 -> 46099 | C6: ='KI DISCONTINUE D85'!$C$2 -> 46113 | D6: 3259 | E6: 333 | F6: 3 | G6: 10 | I6: COLE | J6: 13903529 | K6: BSW-81M | L6: WK POLO BASIC LACOSE M81 / BSW-81M | M6: 139900 | N6: 0.95 | O6: =M6-((95*M6)/100) -> 6995 | P6: PERCENTAGE
A7: 2019 & Older TOP All Items (Exclude KI) D95 | B7: ='KI DISCONTINUE D85'!$B$2 -> 46099 | C7: ='KI DISCONTINUE D85'!$C$2 -> 46113 | D7: 3259 | E7: 333 | F7: 3 | G7: 10 | I7: COLE | J7: 13903565 | K7: BSW-81XL | L7: WK POLO BASIC LACOSE M81 / BSW-81XL | M7: 139900 | N7: 0.95 | O7: =M7-((95*M7)/100) -> 6995 | P7: PERCENTAGE
A8: 2019 & Older TOP All Items (Exclude KI) D95 | B8: ='KI DISCONTINUE D85'!$B$2 -> 46099 | C8: ='KI DISCONTINUE D85'!$C$2 -> 46113 | D8: 3259 | E8: 333 | F8: 3 | G8: 10 | I8: COLE | J8: 13912279 | K8: BSW-TRS | L8: WK POLO BASIC LACOSE TRCT / BSW-TRS | M8: 139900 | N8: 0.95 | O8: =M8-((95*M8)/100) -> 6995 | P8: PERCENTAGE
A9: 2019 & Older TOP All Items (Exclude KI) D95 | B9: ='KI DISCONTINUE D85'!$B$2 -> 46099 | C9: ='KI DISCONTINUE D85'!$C$2 -> 46113 | D9: 3259 | E9: 333 | F9: 3 | G9: 10 | I9: COLE | J9: 13912297 | K9: BSW-TRL | L9: WK POLO BASIC LACOSE TRCT / BSW-TRL | M9: 139900 | N9: 0.95 | O9: =M9-((95*M9)/100) -> 6995 | P9: PERCENTAGE
A10: 2019 & Older TOP All Items (Exclude KI) D95 | B10: ='KI DISCONTINUE D85'!$B$2 -> 46099 | C10: ='KI DISCONTINUE D85'!$C$2 -> 46113 | D10: 3259 | E10: 333 | F10: 3 | G10: 10 | I10: COLE | J10: 13984273 | K10: BSWK-WS | L10: WK BASIC LACOSE WHITE S / BSWK-WS | M10: 139900 | N10: 0.95 | O10: =M10-((95*M10)/100) -> 6995 | P10: PERCENTAGE
A11: 2019 & Older TOP All Items (Exclude KI) D95 | B11: ='KI DISCONTINUE D85'!$B$2 -> 46099 | C11: ='KI DISCONTINUE D85'!$C$2 -> 46113 | D11: 3259 | E11: 333 | F11: 3 | G11: 10 | I11: COLE | J11: 13984282 | K11: BSWK-WM | L11: WK BASIC LACOSE WHITE M / BSWK-WM | M11: 139900 | N11: 0.95 | O11: =M11-((95*M11)/100) -> 6995 | P11: PERCENTAGE
A12: 2019 & Older TOP All Items (Exclude KI) D95 | B12: ='KI DISCONTINUE D85'!$B$2 -> 46099 | C12: ='KI DISCONTINUE D85'!$C$2 -> 46113 | D12: 3259 | E12: 333 | F12: 3 | G12: 10 | I12: COLE | J12: 13984291 | K12: BSWK-WL | L12: WK BASIC LACOSE WHITE L / BSWK-WL | M12: 139900 | N12: 0.95 | O12: =M12-((95*M12)/100) -> 6995 | P12: PERCENTAGE
A13: 2019 & Older TOP All Items (Exclude KI) D95 | B13: ='KI DISCONTINUE D85'!$B$2 -> 46099 | C13: ='KI DISCONTINUE D85'!$C$2 -> 46113 | D13: 3259 | E13: 333 | F13: 3 | G13: 10 | I13: COLE | J13: 13984308 | K13: BSWK-WXL | L13: WK BASIC LACOSE WHITE XL / BSWK-WXL | M13: 139900 | N13: 0.95 | O13: =M13-((95*M13)/100) -> 6995 | P13: PERCENTAGE
... A3704: 2019 & Older TOP All Items (Exclude KI) D95 | B3704: ='KI DISCONTINUE D85'!$B$2 -> 46099 | C3704: ='KI DISCONTINUE D85'!$C$2 -> 46113 | D3704: 3259 | E3704: 333 | F3704: 3 | G3704: 1 | I3704: COLE | J3704: 24388638 | K3704: RKDNMNV | L3704: OBL REG PRINT DNM URBAN:NAVY BLUE:M | M3704: 139900 | N3704: 0.95 | O3704: =M3704-((95*M3704)/100) -> 6995 | P3704: PERCENTAGE
A3705: 2019 & Older TOP All Items (Exclude KI) D95 | B3705: ='KI DISCONTINUE D85'!B$2 -> 46099 | C3705: ='KI DISCONTINUE D85'!$C$2 -> 46113 | D3705: 3259 | E3705: 333 | F3705: 3 | G3705: 1 | I3705: COLE | J3705: 24388647 | K3705: RKDNMNV | L3705: OBL REG PRINT DNM URBAN:NAVY BLUE:L | M3705: 139900 | N3705: 0.95 | O3705: =M3705-((95*M3705)/100) -> 6995 | P3705: PERCENTAGE
A3706: 2019 & Older TOP All Items (Exclude KI) D95 | B3706: ='KI DISCONTINUE D85'!$B$2 -> 46099 | C3706: ='KI DISCONTINUE D85'!$C$2 -> 46113 | D3706: 3259 | E3706: 333 | F3706: 3 | G3706: 1 | I3706: COLE | J3706: 24388656 | K3706: RKDNMNV | L3706: OBL REG PRINT DNM URBAN:NAVY BLUE:XL | M3706: 139900 | N3706: 0.95 | O3706: =M3706-((95*M3706)/100) -> 6995 | P3706: PERCENTAGE
A3707: 2019 & Older TOP All Items (Exclude KI) D95 | B3707: ='KI DISCONTINUE D85'!$B$2 -> 46099 | C3707: ='KI DISCONTINUE D85'!$C$2 -> 46113 | D3707: 3259 | E3707: 333 | F3707: 3 | G3707: 1 | I3707: COLE | J3707: 24388665 | K3707: RKDNMTR | L3707: OBL REG PRINT DNM URBAN:MANDARIN ORANGE:XS | M3707: 139900 | N3707: 0.95 | O3707: =M3707-((95*M3707)/100) -> 6995 | P3707: PERCENTAGE
A3708: 2019 & Older TOP All Items (Exclude KI) D95 | B3708: ='KI DISCONTINUE D85'!$B$2 -> 46099 | C3708: ='KI DISCONTINUE D85'!$C$2 -> 46113 | D3708: 3259 | E3708: 333 | F3708: 3 | G3708: 1 | I3708: COLE | J3708: 24388674 | K3708: RKDNMTR | L3708: OBL REG PRINT DNM URBAN:MANDARIN ORANGE:S | M3708: 139900 | N3708: 0.95 | O3708: =M3708-((95*M3708)/100) -> 6995 | P3708: PERCENTAGE
A3709: 2019 & Older TOP All Items (Exclude KI) D95 | B3709: ='KI DISCONTINUE D85'!$B$2 -> 46099 | C3709: ='KI DISCONTINUE D85'!$C$2 -> 46113 | D3709: 3259 | E3709: 333 | F3709: 3 | G3709: 1 | I3709: COLE | J3709: 24388683 | K3709: RKDNMTR | L3709: OBL REG PRINT DNM URBAN:MANDARIN ORANGE:M | M3709: 139900 | N3709: 0.95 | O3709: =M3709-((95*M3709)/100) -> 6995 | P3709: PERCENTAGE
A3710: 2019 & Older TOP All Items (Exclude KI) D95 | B3710: ='KI DISCONTINUE D85'!$B$2 -> 46099 | C3710: ='KI DISCONTINUE D85'!$C$2 -> 46113 | D3710: 3259 | E3710: 333 | F3710: 3 | G3710: 1 | I3710: COLE | J3710: 24388736 | K3710: SRBK2NV | L3710: SSRNSTRBAHUPOLOS:NAVYBLUE:S | M3710: 169900 | N3710: 0.95 | O3710: =M3710-((95*M3710)/100) -> 8495 | P3710: PERCENTAGE
A3711: 2019 & Older TOP All Items (Exclude KI) D95 | B3711: ='KI DISCONTINUE D85'!$B$2 -> 46099 | C3711: ='KI DISCONTINUE D85'!$C$2 -> 46113 | D3711: 3259 | E3711: 333 | F3711: 3 | G3711: 1 | I3711: COLE | J3711: 24388745 | K3711: SRBK2NV | L3711: SSRNSTRBAHUPOLOS:NAVYBLUE:M | M3711: 169900 | N3711: 0.95 | O3711: =M3711-((95*M3711)/100) -> 8495 | P3711: PERCENTAGE
A3712: 2019 & Older TOP All Items (Exclude KI) D95 | B3712: ='KI DISCONTINUE D85'!$B$2 -> 46099 | C3712: ='KI DISCONTINUE D85'!$C$2 -> 46113 | D3712: 3259 | E3712: 333 | F3712: 3 | G3712: 1 | I3712: COLE | J3712: 24388754 | K3712: SRBK2NV | L3712: SSRNSTRBAHUPOLOS:NAVYBLUE:L | M3712: 169900 | N3712: 0.95 | O3712: =M3712-((95*M3712)/100) -> 8495 | P3712: PERCENTAGE
A3713: 2019 & Older TOP All Items (Exclude KI) D95 | B3713: ='KI DISCONTINUE D85'!$B$2 -> 46099 | C3713: ='KI DISCONTINUE D85'!$C$2 -> 46113 | D3713: 3259 | E3713: 333 | F3713: 3 | G3713: 1 | I3713: COLE | J3713: 24388763 | K3713: SRBK2NV | L3713: SSRNSTRBAHUPOLOS:NAVYBLUE:XL | M3713: 169900 | N3713: 0.95 | O3713: =M3713-((95*M3713)/100) -> 8495 | P3713: PERCENTAGE
A3714: 2019 & Older TOP All Items (Exclude KI) D95 | B3714: ='KI DISCONTINUE D85'!$B$2 -> 46099 | C3714: ='KI DISCONTINUE D85'!$C$2 -> 46113 | D3714: 3259 | E3714: 333 | F3714: 3 | G3714: 1 | I3714: COLE | J3714: 24388772 | K3714: SRBK2MR | L3714: SSRNSTRBAHUPOLOS:MAROON:S | M3714: 169900 | N3714: 0.95 | O3714: =M3714-((95*M3714)/100) -> 8495 | P3714: PERCENTAGE
A3715: 2019 & Older TOP All Items (Exclude KI) D95 | B3715: ='KI DISCONTINUE D85'!$B$2 -> 46099 | C3715: ='KI DISCONTINUE D85'!$C$2 -> 46113 | D3715: 3259 | E3715: 333 | F3715: 3 | G3715: 1 | I3715: COLE | J3715: 24388781 | K3715: SRBK2MR | L3715: SSRNSTRBAHUPOLOS:MAROON:M | M3715: 169900 | N3715: 0.95 | O3715: =M3715-((95*M3715)/100) -> 8495 | P3715: PERCENTAGE
A3716: 2019 & Older TOP All Items (Exclude KI) D95 | B3716: ='KI DISCONTINUE D85'!$B$2 -> 46099 | C3716: ='KI DISCONTINUE D85'!$C$2 -> 46113 | D3716: 3259 | E3716: 333 | F3716: 3 | G3716: 1 | I3716: COLE | J3716: 24388790 | K3716: SRBK2MR | L3716: SSRNSTRBAHUPOLOS:MAROON:L | M3716: 169900 | N3716: 0.95 | O3716: =M3716-((95*M3716)/100) -> 8495 | P3716: PERCENTAGE
A3717: 2019 & Older TOP All Items (Exclude KI) D95 | B3717: ='KI DISCONTINUE D85'!$B$2 -> 46099 | C3717: ='KI DISCONTINUE D85'!$C$2 -> 46113 | D3717: 3259 | E3717: 333 | F3717: 3 | G3717: 1 | I3717: COLE | J3717: 24388807 | K3717: SRBK2MR | L3717: SSRNSTRBAHUPOLOS:MAROON:XL | M3717: 169900 | N3717: 0.95 | O3717: =M3717-((95*M3717)/100) -> 8495 | P3717: PERCENTAGE
... A4202: 2019 & Older TOP All Items (Exclude KI) D95 | B4202: ='KI DISCONTINUE D85'!$B$2 -> 46099 | C4202: ='KI DISCONTINUE D85'!$C$2 -> 46113 | D4202: 3259 | E4202: 333 | F4202: 3 | G4202: 1 | I4202: COLE | J4202: 25415098 | K4202: RKNYNV | L4202: TSHIRTREGPRINTNEWYORK:NAVYBLUE:XS | M4202: 139900 | N4202: 0.95 | O4202: =M4202-((95*M4202)/100) -> 6995 | P4202: PERCENTAGE

Sheet 2020 ALL D90
A1: ACARA | B1: FROM DATE | C1: TO DATE | D1: DEPT | E1: WORLD | F1: DIVISION | G1: CLASS | H1: SUPPLIER | I1: BRAND | J1: SKU | K1: ARTICLE | L1: DESCRIPTION | M1: HARGA NORMAL | N1: DISKON | O1: HARGA PROMO | P1: DISCOUNT TYPE
A2: 2020 ALL TOP D90 | B2: ='KI DISCONTINUE D85'!B2 -> 46099 | C2: ='KI DISCONTINUE D85'!C2 -> 46113 | D2: 3259 | E2: 333 | F2: 3 | G2: 1 | I2: COLE | J2: 23208735 | K2: DBTSMIX | L2: DOORBUSTER TSHIRT PRINT:ASSORTIVE COLOR:XS | M2: 129900 | N2: 0.9 | O2: =M2-(M2*N2) -> 12990 | P2: PERCENTAGE
A3: 2020 ALL TOP D90 | B3: =B2 -> 46099 | C3: =C2 -> 46113 | D3: 3259 | E3: 333 | F3: 3 | G3: 1 | I3: COLE | J3: 23208744 | K3: DBTSMIX | L3: DOORBUSTER TSHIRT PRINT:ASSORTIVE COLOR:S | M3: 129900 | N3: 0.9 | O3: =M3-(M3*N3) -> 12990 | P3: PERCENTAGE
A4: 2020 ALL TOP D90 | B4: =B3 -> 46099 | C4: =C3 -> 46113 | D4: 3259 | E4: 333 | F4: 3 | G4: 1 | I4: COLE | J4: 23208753 | K4: DBTSMIX | L4: DOORBUSTER TSHIRT PRINT:ASSORTIVE COLOR:M | M4: 129900 | N4: 0.9 | O4: =M4-(M4*N4) -> 12990 | P4: PERCENTAGE
A5: 2020 ALL TOP D90 | B5: =B4 -> 46099 | C5: =C4 -> 46113 | D5: 3259 | E5: 333 | F5: 3 | G5: 1 | I5: COLE | J5: 23208762 | K5: DBTSMIX | L5: DOORBUSTER TSHIRT PRINT:ASSORTIVE COLOR:L | M5: 129900 | N5: 0.9 | O5: =M5-(M5*N5) -> 12990 | P5: PERCENTAGE
A6: 2020 ALL TOP D90 | B6: =B5 -> 46099 | C6: =C5 -> 46113 | D6: 3259 | E6: 333 | F6: 3 | G6: 1 | I6: COLE | J6: 23208771 | K6: DBTSMIX | L6: DOORBUSTER TSHIRT PRINT:ASSORTIVE COLOR:XL | M6: 129900 | N6: 0.9 | O6: =M6-(M6*N6) -> 12990 | P6: PERCENTAGE
A7: 2020 ALL TOP D90 | B7: =B6 -> 46099 | C7: =C6 -> 46113 | D7: 3259 | E7: 333 | F7: 3 | G7: 1 | I7: COLE | J7: 26167346 | K7: RKCNYC34 | L7: TSHIRT REG PRINT COLE NYC:MISTY LIGHT BLUE:XS | M7: 139900 | N7: 0.9 | O7: =M7-(M7*N7) -> 13990 | P7: PERCENTAGE
A8: 2020 ALL TOP D90 | B8: =B7 -> 46099 | C8: =C7 -> 46113 | D8: 3259 | E8: 333 | F8: 3 | G8: 1 | I8: COLE | J8: 26167355 | K8: RKCNYC34 | L8: TSHIRT REG PRINT COLE NYC:MISTY LIGHT BLUE:S | M8: 139900 | N8: 0.9 | O8: =M8-(M8*N8) -> 13990 | P8: PERCENTAGE
A9: 2020 ALL TOP D90 | B9: =B8 -> 46099 | C9: =C8 -> 46113 | D9: 3259 | E9: 333 | F9: 3 | G9: 1 | I9: COLE | J9: 26167364 | K9: RKCNYC34 | L9: TSHIRT REG PRINT COLE NYC:MISTY LIGHT BLUE:M | M9: 139900 | N9: 0.9 | O9: =M9-(M9*N9) -> 13990 | P9: PERCENTAGE
A10: 2020 ALL TOP D90 | B10: =B9 -> 46099 | C10: =C9 -> 46113 | D10: 3259 | E10: 333 | F10: 3 | G10: 1 | I10: COLE | J10: 26167373 | K10: RKCNYC34 | L10: TSHIRT REG PRINT COLE NYC:MISTY LIGHT BLUE:L | M10: 139900 | N10: 0.9 | O10: =M10-(M10*N10) -> 13990 | P10: PERCENTAGE
A11: 2020 ALL TOP D90 | B11: =B10 -> 46099 | C11: =C10 -> 46113 | D11: 3259 | E11: 333 | F11: 3 | G11: 1 | I11: COLE | J11: 26167382 | K11: RKCNYC34 | L11: TSHIRT REG PRINT COLE NYC:MISTY LIGHT BLUE:XL | M11: 139900 | N11: 0.9 | O11: =M11-(M11*N11) -> 13990 | P11: PERCENTAGE
A12: 2020 ALL TOP D90 | B12: =B11 -> 46099 | C12: =C11 -> 46113 | D12: 3259 | E12: 333 | F12: 3 | G12: 1 | I12: COLE | J12: 26167293 | K12: RKCNYCGY | L12: TSHIRT REG PRINT COLE NYC:MISTY DARK GREY:XS | M12: 139900 | N12: 0.9 | O12: =M12-(M12*N12) -> 13990 | P12: PERCENTAGE
A13: 2020 ALL TOP D90 | B13: =B12 -> 46099 | C13: =C12 -> 46113 | D13: 3259 | E13: 333 | F13: 3 | G13: 1 | I13: COLE | J13: 26167300 | K13: RKCNYCGY | L13: TSHIRT REG PRINT COLE NYC:MISTY DARK GREY:S | M13: 139900 | N13: 0.9 | O13: =M13-(M13*N13) -> 13990 | P13: PERCENTAGE
A14: 2020 ALL TOP D90 | B14: =B13 -> 46099 | C14: =C13 -> 46113 | D14: 3259 | E14: 333 | F14: 3 | G14: 1 | I14: COLE | J14: 26167319 | K14: RKCNYCGY | L14: TSHIRT REG PRINT COLE NYC:MISTY DARK GREY:M | M14: 139900 | N14: 0.9 | O14: =M14-(M14*N14) -> 13990 | P14: PERCENTAGE
... A324: 2020 ALL TOP D90 | B324: =B323 -> 46099 | C324: =C323 -> 46113 | D324: 3259 | E324: 333 | F324: 3 | G324: 1 | I324: COLE | J324: 26653285 | K324: RKTRIADV | L324: SS T-SHIRT PRINT ADVENTURE RKTRIADV:OLIVE:XS:PRINT:SS T-SHIRT | M324: 139900 | N324: 0.9 | O324: =M324-(M324*N324) -> 13990 | P324: PERCENTAGE
A325: 2020 ALL TOP D90 | B325: =B324 -> 46099 | C325: =C324 -> 46113 | D325: 3259 | E325: 333 | F325: 3 | G325: 1 | J325: 26653294 | K325: RKTRIADV | L325: SS T-SHIRT PRINT ADVENTURE RKTRIADV:OLIVE:S:PRINT:SS T-SHIRT | M325: 139900 | N325: 0.9 | O325: =M325-(M325*N325) -> 13990 | P325: PERCENTAGE
A326: 2020 ALL TOP D90 | B326: =B325 -> 46099 | C326: =C325 -> 46113 | D326: 3259 | E326: 333 | F326: 3 | G326: 1 | J326: 26653301 | K326: RKTRIADV | L326: SS T-SHIRT PRINT ADVENTURE RKTRIADV:OLIVE:M:PRINT:SS T-SHIRT | M326: 139900 | N326: 0.9 | O326: =M326-(M326*N326) -> 13990 | P326: PERCENTAGE
A327: 2020 ALL TOP D90 | B327: =B326 -> 46099 | C327: =C326 -> 46113 | D327: 3259 | E327: 333 | F327: 3 | G327: 1 | J327: 26653310 | K327: RKTRIADV | L327: SS T-SHIRT PRINT ADVENTURE RKTRIADV:OLIVE:L:PRINT:SS T-SHIRT | M327: 139900 | N327: 0.9 | O327: =M327-(M327*N327) -> 13990 | P327: PERCENTAGE
A328: 2020 ALL TOP D90 | B328: =B327 -> 46099 | C328: =C327 -> 46113 | D328: 3259 | E328: 333 | F328: 3 | G328: 1 | J328: 26653329 | K328: RKTRIADV | L328: SS T-SHIRT PRINT ADVENTURE RKTRIADV:OLIVE:XL:PRINT:SS T-SHIRT | M328: 139900 | N328: 0.9 | O328: =M328-(M328*N328) -> 13990 | P328: PERCENTAGE
A329: 2020 ALL TOP D90 | B329: =B328 -> 46099 | C329: =C328 -> 46113 | D329: 3259 | E329: 333 | F329: 3 | G329: 1 | J329: 27026979 | K329: RKLIM71 | L329: SS T-SHIRT PRINT LESS RKLIM71:MISTY MEDIUM GRE:XS:TEXT:SS T-SHIRT | M329: 139900 | N329: 0.9 | O329: =M329-(M329*N329) -> 13990 | P329: PERCENTAGE
A330: 2020 ALL TOP D90 | B330: =B329 -> 46099 | C330: =C329 -> 46113 | D330: 3259 | E330: 333 | F330: 3 | G330: 1 | J330: 27026988 | K330: RKLIM71 | L330: SS T-SHIRT PRINT LESS RKLIM71:MISTY MEDIUM GRE:S:TEXT:SS T-SHIRT | M330: 139900 | N330: 0.9 | O330: =M330-(M330*N330) -> 13990 | P330: PERCENTAGE
A331: 2020 ALL TOP D90 | B331: =B330 -> 46099 | C331: =C330 -> 46113 | D331: 3259 | E331: 333 | F331: 3 | G331: 1 | J331: 27026997 | K331: RKLIM71 | L331: SS T-SHIRT PRINT LESS RKLIM71:MISTY MEDIUM GRE:M:TEXT:SS T-SHIRT | M331: 139900 | N331: 0.9 | O331: =M331-(M331*N331) -> 13990 | P331: PERCENTAGE
A332: 2020 ALL TOP D90 | B332: =B331 -> 46099 | C332: =C331 -> 46113 | D332: 3259 | E332: 333 | F332: 3 | G332: 1 | J332: 27027003 | K332: RKLIM71 | L332: SS T-SHIRT PRINT LESS RKLIM71:MISTY MEDIUM GRE:L:TEXT:SS T-SHIRT | M332: 139900 | N332: 0.9 | O332: =M332-(M332*N332) -> 13990 | P332: PERCENTAGE
A333: 2020 ALL TOP D90 | B333: =B332 -> 46099 | C333: =C332 -> 46113 | D333: 3259 | E333: 333 | F333: 3 | G333: 1 | J333: 27027012 | K333: RKLIM71 | L333: SS T-SHIRT PRINT LESS RKLIM71:MISTY MEDIUM GRE:XL:TEXT:SS T-SHIRT | M333: 139900 | N333: 0.9 | O333: =M333-(M333*N333) -> 13990 | P333: PERCENTAGE
A334: 2020 ALL TOP D90 | B334: =B333 -> 46099 | C334: =C333 -> 46113 | D334: 3259 | E334: 333 | F334: 3 | G334: 1 | J334: 27026782 | K334: RKEXPOL | L334: SS T-SHIRT PRINT EXPLORE RKEXPOL:OLIVE:S:TEXT:SS T-SHIRT | M334: 139900 | N334: 0.9 | O334: =M334-(M334*N334) -> 13990 | P334: PERCENTAGE
A335: 2020 ALL TOP D90 | B335: =B334 -> 46099 | C335: =C334 -> 46113 | D335: 3259 | E335: 333 | F335: 3 | G335: 1 | J335: 27026791 | K335: RKEXPOL | L335: SS T-SHIRT PRINT EXPLORE RKEXPOL:OLIVE:M:TEXT:SS T-SHIRT | M335: 139900 | N335: 0.9 | O335: =M335-(M335*N335) -> 13990 | P335: PERCENTAGE
A336: 2020 ALL TOP D90 | B336: =B335 -> 46099 | C336: =C335 -> 46113 | D336: 3259 | E336: 333 | F336: 3 | G336: 1 | J336: 27026808 | K336: RKEXPOL | L336: SS T-SHIRT PRINT EXPLORE RKEXPOL:OLIVE:L:TEXT:SS T-SHIRT | M336: 139900 | N336: 0.9 | O336: =M336-(M336*N336) -> 13990 | P336: PERCENTAGE
... A393: 2020 ALL TOP D90 | B393: =B392 -> 46099 | C393: =C392 -> 46113 | D393: 3259 | E393: 333 | F393: 3 | G393: 1 | J393: 27026620 | K393: TSTK1H86 | L393: SS T-SHIRT STRIPE TSTK1H86:MAROON:XL:STRIPE:SS T-SHIRT | M393: 149900 | N393: 0.9 | O393: =M393-(M393*N393) -> 14990 | P393: PERCENTAGE
A394: 2020 ALL TOP D90 | B394: =B393 -> 46099 | C394: =C393 -> 46113 | D394: 3259 | E394: 333 | F394: 3 | G394: 1 | I394: COLE | J394: 24187677 | K394: LRAB1MR | L394: LS STRIPE AB 1 CM:MAROON:XS | M394: 169900 | N394: 0.9 | O394: =M394-(M394*N394) -> 16990 | P394: PERCENTAGE
A395: 2020 ALL TOP D90 | B395: =B394 -> 46099 | C395: =C394 -> 46113 | D395: 3259 | E395: 333 | F395: 3 | G395: 1 | I395: COLE | J395: 24187686 | K395: LRAB1MR | L395: LS STRIPE AB 1 CM:MAROON:S | M395: 169900 | N395: 0.9 | O395: =M395-(M395*N395) -> 16990 | P395: PERCENTAGE
A396: 2020 ALL TOP D90 | B396: =B395 -> 46099 | C396: =C395 -> 46113 | D396: 3259 | E396: 333 | F396: 3 | G396: 1 | I396: COLE | J396: 24187695 | K396: LRAB1MR | L396: LS STRIPE AB 1 CM:MAROON:M | M396: 169900 | N396: 0.9 | O396: =M396-(M396*N396) -> 16990 | P396: PERCENTAGE
A397: 2020 ALL TOP D90 | B397: =B396 -> 46099 | C397: =C396 -> 46113 | D397: 3259 | E397: 333 | F397: 3 | G397: 1 | I397: COLE | J397: 24187702 | K397: LRAB1MR | L397: LS STRIPE AB 1 CM:MAROON:L | M397: 169900 | N397: 0.9 | O397: =M397-(M397*N397) -> 16990 | P397: PERCENTAGE
A398: 2020 ALL TOP D90 | B398: =B397 -> 46099 | C398: =C397 -> 46113 | D398: 3259 | E398: 333 | F398: 3 | G398: 1 | I398: COLE | J398: 24187711 | K398: LRAB1MR | L398: LS STRIPE AB 1 CM:MAROON:XL | M398: 169900 | N398: 0.9 | O398: =M398-(M398*N398) -> 16990 | P398: PERCENTAGE
A399: 2020 ALL TOP D90 | B399: =B398 -> 46099 | C399: =C398 -> 46113 | D399: 3259 | E399: 333 | F399: 3 | G399: 1 | I399: COLE | J399: 24187622 | K399: LRAB1NV | L399: LS STRIPE AB 1 CM:NAVY BLUE:XS | M399: 169900 | N399: 0.9 | O399: =M399-(M399*N399) -> 16990 | P399: PERCENTAGE
A400: 2020 ALL TOP D90 | B400: =B399 -> 46099 | C400: =C399 -> 46113 | D400: 3259 | E400: 333 | F400: 3 | G400: 1 | I400: COLE | J400: 24187631 | K400: LRAB1NV | L400: LS STRIPE AB 1 CM:NAVY BLUE:S | M400: 169900 | N400: 0.9 | O400: =M400-(M400*N400) -> 16990 | P400: PERCENTAGE
A401: 2020 ALL TOP D90 | B401: =B400 -> 46099 | C401: =C400 -> 46113 | D401: 3259 | E401: 333 | F401: 3 | G401: 1 | I401: COLE | J401: 24187640 | K401: LRAB1NV | L401: LS STRIPE AB 1 CM:NAVY BLUE:M | M401: 169900 | N401: 0.9 | O401: =M401-(M401*N401) -> 16990 | P401: PERCENTAGE
A402: 2020 ALL TOP D90 | B402: =B401 -> 46099 | C402: =C401 -> 46113 | D402: 3259 | E402: 333 | F402: 3 | G402: 1 | I402: COLE | J402: 24187659 | K402: LRAB1NV | L402: LS STRIPE AB 1 CM:NAVY BLUE:L | M402: 169900 | N402: 0.9 | O402: =M402-(M402*N402) -> 16990 | P402: PERCENTAGE
A403: 2020 ALL TOP D90 | B403: =B402 -> 46099 | C403: =C402 -> 46113 | D403: 3259 | E403: 333 | F403: 3 | G403: 1 | I403: COLE | J403: 24187668 | K403: LRAB1NV | L403: LS STRIPE AB 1 CM:NAVY BLUE:XL | M403: 169900 | N403: 0.9 | O403: =M403-(M403*N403) -> 16990 | P403: PERCENTAGE
A404: 2020 ALL TOP D90 | B404: =B403 -> 46099 | C404: =C403 -> 46113 | D404: 3259 | E404: 333 | F404: 3 | G404: 1 | I404: COLE | J404: 24187579 | K404: LRAB1OL | L404: LS STRIPE AB 1 CM:OLIVE:XS | M404: 169900 | N404: 0.9 | O404: =M404-(M404*N404) -> 16990 | P404: PERCENTAGE
A405: 2020 ALL TOP D90 | B405: =B404 -> 46099 | C405: =C404 -> 46113 | D405: 3259 | E405: 333 | F405: 3 | G405: 1 | I405: COLE | J405: 24187588 | K405: LRAB1OL | L405: LS STRIPE AB 1 CM:OLIVE:S | M405: 169900 | N405: 0.9 | O405: =M405-(M405*N405) -> 16990 | P405: PERCENTAGE
... A872: 2020 ALL TOP D90 | B872: =B871 -> 46099 | C872: =C871 -> 46113 | D872: 3259 | E872: 333 | F872: 3 | G872: 1 | I872: COLE | J872: 29262497 | K872: RKCOCO47 | L872: SS T-SHIRT PRINT HOLIDAY LA47 RKCOCO47:WHITE:XL:GRAPHIC:SS T-SHIRT | M872: 139900 | N872: 0.9 | O872: =M872-(M872*N872) -> 13990 | P872: PERCENTAGE
A873: 2020 ALL TOP D90 | B873: ='KI DISCONTINUE D85'!$B$2 -> 46099 | C873: ='KI DISCONTINUE D85'!$C$2 -> 46113 | D873: 3259 | E873: 333 | F873: 3 | G873: 2 | I873: COLE | J873: 26104949 | K873: NEONP1GY | L873: NEON POLO Y/D STRIPE:MISTY MEDIUM GREY:S | M873: 179900 | N873: 0.9 | O873: =M873-(M873*N873) -> 17990 | P873: PERCENTAGE
A874: 2020 ALL TOP D90 | B874: ='KI DISCONTINUE D85'!$B$2 -> 46099 | C874: ='KI DISCONTINUE D85'!$C$2 -> 46113 | D874: 3259 | E874: 333 | F874: 3 | G874: 2 | I874: COLE | J874: 26104958 | K874: NEONP1GY | L874: NEON POLO Y/D STRIPE:MISTY MEDIUM GREY:M | M874: 179900 | N874: 0.9 | O874: =M874-(M874*N874) -> 17990 | P874: PERCENTAGE
A875: 2020 ALL TOP D90 | B875: ='KI DISCONTINUE D85'!$B$2 -> 46099 | C875: ='KI DISCONTINUE D85'!$C$2 -> 46113 | D875: 3259 | E875: 333 | F875: 3 | G875: 2 | I875: COLE | J875: 26104976 | K875: NEONP1GY | L875: NEON POLO Y/D STRIPE:MISTY MEDIUM GREY:XL | M875: 179900 | N875: 0.9 | O875: =M875-(M875*N875) -> 17990 | P875: PERCENTAGE
A876: 2020 ALL TOP D90 | B876: ='KI DISCONTINUE D85'!$B$2 -> 46099 | C876: ='KI DISCONTINUE D85'!$C$2 -> 46113 | D876: 3259 | E876: 333 | F876: 3 | G876: 2 | I876: COLE | J876: 26104903 | K876: NEONP1NV | L876: NEON POLO Y/D STRIPE:NAVY BLUE:S | M876: 179900 | N876: 0.9 | O876: =M876-(M876*N876) -> 17990 | P876: PERCENTAGE
A877: 2020 ALL TOP D90 | B877: ='KI DISCONTINUE D85'!$B$2 -> 46099 | C877: ='KI DISCONTINUE D85'!$C$2 -> 46113 | D877: 3259 | E877: 333 | F877: 3 | G877: 2 | I877: COLE | J877: 26104912 | K877: NEONP1NV | L877: NEON POLO Y/D STRIPE:NAVY BLUE:M | M877: 179900 | N877: 0.9 | O877: =M877-(M877*N877) -> 17990 | P877: PERCENTAGE
A878: 2020 ALL TOP D90 | B878: ='KI DISCONTINUE D85'!$B$2 -> 46099 | C878: ='KI DISCONTINUE D85'!$C$2 -> 46113 | D878: 3259 | E878: 333 | F878: 3 | G878: 2 | I878: COLE | J878: 26104921 | K878: NEONP1NV | L878: NEON POLO Y/D STRIPE:NAVY BLUE:L | M878: 179900 | N878: 0.9 | O878: =M878-(M878*N878) -> 17990 | P878: PERCENTAGE
A879: 2020 ALL TOP D90 | B879: ='KI DISCONTINUE D85'!$B$2 -> 46099 | C879: ='KI DISCONTINUE D85'!$C$2 -> 46113 | D879: 3259 | E879: 333 | F879: 3 | G879: 2 | I879: COLE | J879: 26104930 | K879: NEONP1NV | L879: NEON POLO Y/D STRIPE:NAVY BLUE:XL | M879: 179900 | N879: 0.9 | O879: =M879-(M879*N879) -> 17990 | P879: PERCENTAGE
A880: 2020 ALL TOP D90 | B880: ='KI DISCONTINUE D85'!$B$2 -> 46099 | C880: ='KI DISCONTINUE D85'!$C$2 -> 46113 | D880: 3259 | E880: 333 | F880: 3 | G880: 2 | I880: COLE | J880: 26104252 | K880: NEONP2NV | L880: NEON POLO ROTARY PRINT:NAVY BLUE:S | M880: 179900 | N880: 0.9 | O880: =M880-(M880*N880) -> 17990 | P880: PERCENTAGE
A881: 2020 ALL TOP D90 | B881: ='KI DISCONTINUE D85'!$B$2 -> 46099 | C881: ='KI DISCONTINUE D85'!$C$2 -> 46113 | D881: 3259 | E881: 333 | F881: 3 | G881: 2 | I881: COLE | J881: 26104261 | K881: NEONP2NV | L881: NEON POLO ROTARY PRINT:NAVY BLUE:M | M881: 179900 | N881: 0.9 | O881: =M881-(M881*N881) -> 17990 | P881: PERCENTAGE
A882: 2020 ALL TOP D90 | B882: ='KI DISCONTINUE D85'!$B$2 -> 46099 | C882: ='KI DISCONTINUE D85'!$C$2 -> 46113 | D882: 3259 | E882: 333 | F882: 3 | G882: 2 | I882: COLE | J882: 26104289 | K882: NEONP2NV | L882: NEON POLO ROTARY PRINT:NAVY BLUE:XL | M882: 179900 | N882: 0.9 | O882: =M882-(M882*N882) -> 17990 | P882: PERCENTAGE
A883: 2020 ALL TOP D90 | B883: ='KI DISCONTINUE D85'!$B$2 -> 46099 | C883: ='KI DISCONTINUE D85'!$C$2 -> 46113 | D883: 3259 | E883: 333 | F883: 3 | G883: 2 | I883: COLE | J883: 26106116 | K883: NEONP3GY | L883: NEON POLO SOLID JAQUARD:MISTY MEDIUM GREY:S | M883: 179900 | N883: 0.9 | O883: =M883-(M883*N883) -> 17990 | P883: PERCENTAGE
A884: 2020 ALL TOP D90 | B884: ='KI DISCONTINUE D85'!$B$2 -> 46099 | C884: ='KI DISCONTINUE D85'!$C$2 -> 46113 | D884: 3259 | E884: 333 | F884: 3 | G884: 2 | I884: COLE | J884: 26106125 | K884: NEONP3GY | L884: NEON POLO SOLID JAQUARD:MISTY MEDIUM GREY:M | M884: 179900 | N884: 0.9 | O884: =M884-(M884*N884) -> 17990 | P884: PERCENTAGE
... A1315: 2020 ALL TOP D90 | B1315: ='KI DISCONTINUE D85'!$B$2 -> 46099 | C1315: ='KI DISCONTINUE D85'!$C$2 -> 46113 | D1315: 3259 | E1315: 333 | F1315: 3 | G1315: 2 | I1315: COLE | J1315: 28966078 | K1315: PSTXSC07 | L1315: SS POLO SHIRT SOLID TEXTURE PSTXSC07:FROST GREY:XL:SOLID:SS POLO SHIRT | M1315: 179900 | N1315: 0.9 | O1315: =M1315-(M1315*N1315) -> 17990 | P1315: PERCENTAGE
A1316: 2020 ALL TOP D90 | B1316: ='KI DISCONTINUE D85'!$B$2 -> 46099 | C1316: ='KI DISCONTINUE D85'!$C$2 -> 46113 | D1316: 3259 | E1316: 333 | F1316: 3 | G1316: 3 | J1316: 26140696 | K1316: SRPK97WH | L1316: SS REG PRINT LINE ABSTRAK:WHITE:S | M1316: 249900 | N1316: 0.9 | O1316: =M1316-(M1316*N1316) -> 24990 | P1316: PERCENTAGE
A1317: 2020 ALL TOP D90 | B1317: ='KI DISCONTINUE D85'!$B$2 -> 46099 | C1317: ='KI DISCONTINUE D85'!$C$2 -> 46113 | D1317: 3259 | E1317: 333 | F1317: 3 | G1317: 3 | J1317: 26140703 | K1317: SRPK97WH | L1317: SS REG PRINT LINE ABSTRAK:WHITE:M | M1317: 249900 | N1317: 0.9 | O1317: =M1317-(M1317*N1317) -> 24990 | P1317: PERCENTAGE
A1318: 2020 ALL TOP D90 | B1318: ='KI DISCONTINUE D85'!$B$2 -> 46099 | C1318: ='KI DISCONTINUE D85'!$C$2 -> 46113 | D1318: 3259 | E1318: 333 | F1318: 3 | G1318: 3 | J1318: 26140712 | K1318: SRPK97WH | L1318: SS REG PRINT LINE ABSTRAK:WHITE:L | M1318: 249900 | N1318: 0.9 | O1318: =M1318-(M1318*N1318) -> 24990 | P1318: PERCENTAGE
A1319: 2020 ALL TOP D90 | B1319: ='KI DISCONTINUE D85'!$B$2 -> 46099 | C1319: ='KI DISCONTINUE D85'!$C$2 -> 46113 | D1319: 3259 | E1319: 333 | F1319: 3 | G1319: 3 | J1319: 26140721 | K1319: SRPK97WH | L1319: SS REG PRINT LINE ABSTRAK:WHITE:XL | M1319: 249900 | N1319: 0.9 | O1319: =M1319-(M1319*N1319) -> 24990 | P1319: PERCENTAGE
A1320: 2020 ALL TOP D90 | B1320: ='KI DISCONTINUE D85'!$B$2 -> 46099 | C1320: ='KI DISCONTINUE D85'!$C$2 -> 46113 | D1320: 3259 | E1320: 333 | F1320: 3 | G1320: 3 | J1320: 26166418 | K1320: SRPL4NV | L1320: WOVEN SS REG PRINT WALET:NAVY BLUE:S | M1320: 249900 | N1320: 0.9 | O1320: =M1320-(M1320*N1320) -> 24990 | P1320: PERCENTAGE
A1321: 2020 ALL TOP D90 | B1321: ='KI DISCONTINUE D85'!$B$2 -> 46099 | C1321: ='KI DISCONTINUE D85'!$C$2 -> 46113 | D1321: 3259 | E1321: 333 | F1321: 3 | G1321: 3 | J1321: 26166427 | K1321: SRPL4NV | L1321: WOVEN SS REG PRINT WALET:NAVY BLUE:M | M1321: 249900 | N1321: 0.9 | O1321: =M1321-(M1321*N1321) -> 24990 | P1321: PERCENTAGE
A1322: 2020 ALL TOP D90 | B1322: ='KI DISCONTINUE D85'!$B$2 -> 46099 | C1322: ='KI DISCONTINUE D85'!$C$2 -> 46113 | D1322: 3259 | E1322: 333 | F1322: 3 | G1322: 3 | J1322: 26166436 | K1322: SRPL4NV | L1322: WOVEN SS REG PRINT WALET:NAVY BLUE:L | M1322: 249900 | N1322: 0.9 | O1322: =M1322-(M1322*N1322) -> 24990 | P1322: PERCENTAGE
A1323: 2020 ALL TOP D90 | B1323: ='KI DISCONTINUE D85'!$B$2 -> 46099 | C1323: ='KI DISCONTINUE D85'!$C$2 -> 46113 | D1323: 3259 | E1323: 333 | F1323: 3 | G1323: 3 | J1323: 26166445 | K1323: SRPL4NV | L1323: WOVEN SS REG PRINT WALET:NAVY BLUE:XL | M1323: 249900 | N1323: 0.9 | O1323: =M1323-(M1323*N1323) -> 24990 | P1323: PERCENTAGE
A1324: 2020 ALL TOP D90 | B1324: ='KI DISCONTINUE D85'!$B$2 -> 46099 | C1324: ='KI DISCONTINUE D85'!$C$2 -> 46113 | D1324: 3259 | E1324: 333 | F1324: 3 | G1324: 3 | J1324: 26184149 | K1324: SRPT10WH | L1324: WOVEN SS REG PRINT BIKE:WHITE:S | M1324: 249900 | N1324: 0.9 | O1324: =M1324-(M1324*N1324) -> 24990 | P1324: PERCENTAGE
A1325: 2020 ALL TOP D90 | B1325: ='KI DISCONTINUE D85'!$B$2 -> 46099 | C1325: ='KI DISCONTINUE D85'!$C$2 -> 46113 | D1325: 3259 | E1325: 333 | F1325: 3 | G1325: 3 | J1325: 26184158 | K1325: SRPT10WH | L1325: WOVEN SS REG PRINT BIKE:WHITE:M | M1325: 249900 | N1325: 0.9 | O1325: =M1325-(M1325*N1325) -> 24990 | P1325: PERCENTAGE
A1326: 2020 ALL TOP D90 | B1326: ='KI DISCONTINUE D85'!$B$2 -> 46099 | C1326: ='KI DISCONTINUE D85'!$C$2 -> 46113 | D1326: 3259 | E1326: 333 | F1326: 3 | G1326: 3 | J1326: 26184167 | K1326: SRPT10WH | L1326: WOVEN SS REG PRINT BIKE:WHITE:L | M1326: 249900 | N1326: 0.9 | O1326: =M1326-(M1326*N1326) -> 24990 | P1326: PERCENTAGE
A1327: 2020 ALL TOP D90 | B1327: ='KI DISCONTINUE D85'!$B$2 -> 46099 | C1327: ='KI DISCONTINUE D85'!$C$2 -> 46113 | D1327: 3259 | E1327: 333 | F1327: 3 | G1327: 3 | J1327: 26184176 | K1327: SRPT10WH | L1327: WOVEN SS REG PRINT BIKE:WHITE:XL | M1327: 249900 | N1327: 0.9 | O1327: =M1327-(M1327*N1327) -> 24990 | P1327: PERCENTAGE
... A1431: 2020 ALL TOP D90 | B1431: ='KI DISCONTINUE D85'!$B$2 -> 46099 | C1431: ='KI DISCONTINUE D85'!$C$2 -> 46113 | D1431: 3259 | E1431: 333 | F1431: 3 | G1431: 3 | J1431: 24383188 | K1431: SYD26WH | L1431: SS REG Y/D CHECK MED:WHITE:XL | M1431: 249900 | N1431: 0.9 | O1431: =M1431-(M1431*N1431) -> 24990 | P1431: PERCENTAGE
A1432: 2020 ALL TOP D90 | B1432: ='KI DISCONTINUE D85'!$B$2 -> 46099 | C1432: ='KI DISCONTINUE D85'!$C$2 -> 46113 | D1432: 3259 | E1432: 333 | F1432: 3 | G1432: 3 | I1432: COLE | J1432: 26180732 | K1432: SRBIRDWH | L1432: WOVEN SS REG PRINT BIRD:WHITE:S | M1432: 249900 | N1432: 0.9 | O1432: =M1432-(M1432*N1432) -> 24990 | P1432: PERCENTAGE
A1433: 2020 ALL TOP D90 | B1433: ='KI DISCONTINUE D85'!$B$2 -> 46099 | C1433: ='KI DISCONTINUE D85'!$C$2 -> 46113 | D1433: 3259 | E1433: 333 | F1433: 3 | G1433: 3 | I1433: COLE | J1433: 26180741 | K1433: SRBIRDWH | L1433: WOVEN SS REG PRINT BIRD:WHITE:M | M1433: 249900 | N1433: 0.9 | O1433: =M1433-(M1433*N1433) -> 24990 | P1433: PERCENTAGE
A1434: 2020 ALL TOP D90 | B1434: ='KI DISCONTINUE D85'!$B$2 -> 46099 | C1434: ='KI DISCONTINUE D85'!$C$2 -> 46113 | D1434: 3259 | E1434: 333 | F1434: 3 | G1434: 3 | I1434: COLE | J1434: 26180750 | K1434: SRBIRDWH | L1434: WOVEN SS REG PRINT BIRD:WHITE:L | M1434: 249900 | N1434: 0.9 | O1434: =M1434-(M1434*N1434) -> 24990 | P1434: PERCENTAGE
A1435: 2020 ALL TOP D90 | B1435: ='KI DISCONTINUE D85'!$B$2 -> 46099 | C1435: ='KI DISCONTINUE D85'!$C$2 -> 46113 | D1435: 3259 | E1435: 333 | F1435: 3 | G1435: 3 | I1435: COLE | J1435: 26180769 | K1435: SRBIRDWH | L1435: WOVEN SS REG PRINT BIRD:WHITE:XL | M1435: 249900 | N1435: 0.9 | O1435: =M1435-(M1435*N1435) -> 24990 | P1435: PERCENTAGE
A1436: 2020 ALL TOP D90 | B1436: ='KI DISCONTINUE D85'!$B$2 -> 46099 | C1436: ='KI DISCONTINUE D85'!$C$2 -> 46113 | D1436: 3259 | E1436: 333 | F1436: 3 | G1436: 3 | I1436: COLE | J1436: 26434539 | K1436: SRPT12WH | L1436: WOVEN SS REG PRINT SHIP:WHITE:S | M1436: 249900 | N1436: 0.9 | O1436: =M1436-(M1436*N1436) -> 24990 | P1436: PERCENTAGE
A1437: 2020 ALL TOP D90 | B1437: ='KI DISCONTINUE D85'!$B$2 -> 46099 | C1437: ='KI DISCONTINUE D85'!$C$2 -> 46113 | D1437: 3259 | E1437: 333 | F1437: 3 | G1437: 3 | I1437: COLE | J1437: 26434548 | K1437: SRPT12WH | L1437: WOVEN SS REG PRINT SHIP:WHITE:M | M1437: 249900 | N1437: 0.9 | O1437: =M1437-(M1437*N1437) -> 24990 | P1437: PERCENTAGE
A1438: 2020 ALL TOP D90 | B1438: ='KI DISCONTINUE D85'!$B$2 -> 46099 | C1438: ='KI DISCONTINUE D85'!$C$2 -> 46113 | D1438: 3259 | E1438: 333 | F1438: 3 | G1438: 3 | I1438: COLE | J1438: 26434557 | K1438: SRPT12WH | L1438: WOVEN SS REG PRINT SHIP:WHITE:L | M1438: 249900 | N1438: 0.9 | O1438: =M1438-(M1438*N1438) -> 24990 | P1438: PERCENTAGE
A1439: 2020 ALL TOP D90 | B1439: ='KI DISCONTINUE D85'!$B$2 -> 46099 | C1439: ='KI DISCONTINUE D85'!$C$2 -> 46113 | D1439: 3259 | E1439: 333 | F1439: 3 | G1439: 3 | I1439: COLE | J1439: 26434566 | K1439: SRPT12WH | L1439: WOVEN SS REG PRINT SHIP:WHITE:XL | M1439: 249900 | N1439: 0.9 | O1439: =M1439-(M1439*N1439) -> 24990 | P1439: PERCENTAGE
A1440: 2020 ALL TOP D90 | B1440: ='KI DISCONTINUE D85'!$B$2 -> 46099 | C1440: ='KI DISCONTINUE D85'!$C$2 -> 46113 | D1440: 3259 | E1440: 333 | F1440: 3 | G1440: 3 | I1440: COLE | J1440: 26453956 | K1440: SRPT52BU | L1440: WOVEN SS REG PRINT LEAVES:CLASSIC BLUE:S | M1440: 249900 | N1440: 0.9 | O1440: =M1440-(M1440*N1440) -> 24990 | P1440: PERCENTAGE
A1441: 2020 ALL TOP D90 | B1441: ='KI DISCONTINUE D85'!$B$2 -> 46099 | C1441: ='KI DISCONTINUE D85'!$C$2 -> 46113 | D1441: 3259 | E1441: 333 | F1441: 3 | G1441: 3 | I1441: COLE | J1441: 26453965 | K1441: SRPT52BU | L1441: WOVEN SS REG PRINT LEAVES:CLASSIC BLUE:M | M1441: 249900 | N1441: 0.9 | O1441: =M1441-(M1441*N1441) -> 24990 | P1441: PERCENTAGE
A1442: 2020 ALL TOP D90 | B1442: ='KI DISCONTINUE D85'!$B$2 -> 46099 | C1442: ='KI DISCONTINUE D85'!$C$2 -> 46113 | D1442: 3259 | E1442: 333 | F1442: 3 | G1442: 3 | I1442: COLE | J1442: 26453974 | K1442: SRPT52BU | L1442: WOVEN SS REG PRINT LEAVES:CLASSIC BLUE:L | M1442: 249900 | N1442: 0.9 | O1442: =M1442-(M1442*N1442) -> 24990 | P1442: PERCENTAGE
A1443: 2020 ALL TOP D90 | B1443: ='KI DISCONTINUE D85'!$B$2 -> 46099 | C1443: ='KI DISCONTINUE D85'!$C$2 -> 46113 | D1443: 3259 | E1443: 333 | F1443: 3 | G1443: 3 | I1443: COLE | J1443: 26453983 | K1443: SRPT52BU | L1443: WOVEN SS REG PRINT LEAVES:CLASSIC BLUE:XL | M1443: 249900 | N1443: 0.9 | O1443: =M1443-(M1443*N1443) -> 24990 | P1443: PERCENTAGE
... A1494: 2020 ALL TOP D90 | B1494: ='KI DISCONTINUE D85'!$B$2 -> 46099 | C1494: ='KI DISCONTINUE D85'!$C$2 -> 46113 | D1494: 3259 | E1494: 333 | F1494: 3 | G1494: 3 | I1494: COLE | J1494: 26654819 | K1494: WVCKSS7 | L1494: SS SHIRT TWILL CHECKS WVCKSS7:NAVY BLUE:S:CHECK:SS SHIRT | M1494: 249900 | N1494: 0.9 | O1494: =M1494-(M1494*N1494) -> 24990 | P1494: PERCENTAGE
A1495: 2020 ALL TOP D90 | B1495: ='KI DISCONTINUE D85'!$B$2 -> 46099 | C1495: ='KI DISCONTINUE D85'!$C$2 -> 46113 | D1495: 3259 | E1495: 333 | F1495: 3 | G1495: 3 | J1495: 26654828 | K1495: WVCKSS7 | L1495: SS SHIRT TWILL CHECKS WVCKSS7:NAVY BLUE:M:CHECK:SS SHIRT | M1495: 249900 | N1495: 0.9 | O1495: =M1495-(M1495*N1495) -> 24990 | P1495: PERCENTAGE
A1496: 2020 ALL TOP D90 | B1496: ='KI DISCONTINUE D85'!$B$2 -> 46099 | C1496: ='KI DISCONTINUE D85'!$C$2 -> 46113 | D1496: 3259 | E1496: 333 | F1496: 3 | G1496: 3 | J1496: 26654837 | K1496: WVCKSS7 | L1496: SS SHIRT TWILL CHECKS WVCKSS7:NAVY BLUE:L:CHECK:SS SHIRT | M1496: 249900 | N1496: 0.9 | O1496: =M1496-(M1496*N1496) -> 24990 | P1496: PERCENTAGE
A1497: 2020 ALL TOP D90 | B1497: ='KI DISCONTINUE D85'!$B$2 -> 46099 | C1497: ='KI DISCONTINUE D85'!$C$2 -> 46113 | D1497: 3259 | E1497: 333 | F1497: 3 | G1497: 3 | J1497: 26654846 | K1497: WVCKSS7 | L1497: SS SHIRT TWILL CHECKS WVCKSS7:NAVY BLUE:XL:CHECK:SS SHIRT | M1497: 249900 | N1497: 0.9 | O1497: =M1497-(M1497*N1497) -> 24990 | P1497: PERCENTAGE
A1498: 2020 ALL TOP D90 | B1498: ='KI DISCONTINUE D85'!$B$2 -> 46099 | C1498: ='KI DISCONTINUE D85'!$C$2 -> 46113 | D1498: 3259 | E1498: 333 | F1498: 3 | G1498: 3 | J1498: 22942881 | K1498: LFTPOWH | L1498: LS REG SOLID POPLIN:WHITE:S | M1498: 249900 | N1498: 0.9 | O1498: =M1498-(M1498*N1498) -> 24990 | P1498: PERCENTAGE
A1499: 2020 ALL TOP D90 | B1499: ='KI DISCONTINUE D85'!$B$2 -> 46099 | C1499: ='KI DISCONTINUE D85'!$C$2 -> 46113 | D1499: 3259 | E1499: 333 | F1499: 3 | G1499: 3 | J1499: 22942890 | K1499: LFTPOWH | L1499: LS REG SOLID POPLIN:WHITE:M | M1499: 249900 | N1499: 0.9 | O1499: =M1499-(M1499*N1499) -> 24990 | P1499: PERCENTAGE
A1500: 2020 ALL TOP D90 | B1500: ='KI DISCONTINUE D85'!$B$2 -> 46099 | C1500: ='KI DISCONTINUE D85'!$C$2 -> 46113 | D1500: 3259 | E1500: 333 | F1500: 3 | G1500: 3 | J1500: 22942907 | K1500: LFTPOWH | L1500: LS REG SOLID POPLIN:WHITE:L | M1500: 249900 | N1500: 0.9 | O1500: =M1500-(M1500*N1500) -> 24990 | P1500: PERCENTAGE
A1501: 2020 ALL TOP D90 | B1501: ='KI DISCONTINUE D85'!$B$2 -> 46099 | C1501: ='KI DISCONTINUE D85'!$C$2 -> 46113 | D1501: 3259 | E1501: 333 | F1501: 3 | G1501: 3 | J1501: 22942916 | K1501: LFTPOWH | L1501: LS REG SOLID POPLIN:WHITE:XL | M1501: 249900 | N1501: 0.9 | O1501: =M1501-(M1501*N1501) -> 24990 | P1501: PERCENTAGE
A1502: 2020 ALL TOP D90 | B1502: ='KI DISCONTINUE D85'!$B$2 -> 46099 | C1502: ='KI DISCONTINUE D85'!$C$2 -> 46113 | D1502: 3259 | E1502: 333 | F1502: 3 | G1502: 3 | J1502: 22942925 | K1502: LFTPOWH | L1502: LS REG SOLID POPLIN:WHITE:2XL | M1502: 249900 | N1502: 0.9 | O1502: =M1502-(M1502*N1502) -> 24990 | P1502: PERCENTAGE
A1503: 2020 ALL TOP D90 | B1503: ='KI DISCONTINUE D85'!$B$2 -> 46099 | C1503: ='KI DISCONTINUE D85'!$C$2 -> 46113 | D1503: 3259 | E1503: 333 | F1503: 3 | G1503: 3 | J1503: 22690171 | K1503: SFTPOWH | L1503: SS REG SOLID POPLIN:WHITE:S | M1503: 229900 | N1503: 0.9 | O1503: =M1503-(M1503*N1503) -> 22990 | P1503: PERCENTAGE
A1504: 2020 ALL TOP D90 | B1504: ='KI DISCONTINUE D85'!$B$2 -> 46099 | C1504: ='KI DISCONTINUE D85'!$C$2 -> 46113 | D1504: 3259 | E1504: 333 | F1504: 3 | G1504: 3 | J1504: 22690180 | K1504: SFTPOWH | L1504: SS REG SOLID POPLIN:WHITE:M | M1504: 229900 | N1504: 0.9 | O1504: =M1504-(M1504*N1504) -> 22990 | P1504: PERCENTAGE
A1505: 2020 ALL TOP D90 | B1505: ='KI DISCONTINUE D85'!$B$2 -> 46099 | C1505: ='KI DISCONTINUE D85'!$C$2 -> 46113 | D1505: 3259 | E1505: 333 | F1505: 3 | G1505: 3 | J1505: 22690199 | K1505: SFTPOWH | L1505: SS REG SOLID POPLIN:WHITE:L | M1505: 229900 | N1505: 0.9 | O1505: =M1505-(M1505*N1505) -> 22990 | P1505: PERCENTAGE
A1506: 2020 ALL TOP D90 | B1506: ='KI DISCONTINUE D85'!$B$2 -> 46099 | C1506: ='KI DISCONTINUE D85'!$C$2 -> 46113 | D1506: 3259 | E1506: 333 | F1506: 3 | G1506: 3 | J1506: 22690206 | K1506: SFTPOWH | L1506: SS REG SOLID POPLIN:WHITE:XL | M1506: 229900 | N1506: 0.9 | O1506: =M1506-(M1506*N1506) -> 22990 | P1506: PERCENTAGE
A1507: 2020 ALL TOP D90 | B1507: ='KI DISCONTINUE D85'!$B$2 -> 46099 | C1507: ='KI DISCONTINUE D85'!$C$2 -> 46113 | D1507: 3259 | E1507: 333 | F1507: 3 | G1507: 3 | J1507: 22690215 | K1507: SFTPOWH | L1507: SS REG SOLID POPLIN:WHITE:2XL | M1507: 229900 | N1507: 0.9 | O1507: =M1507-(M1507*N1507) -> 22990 | P1507: PERCENTAGE
A1508: 2020 ALL TOP D90 | B1508: ='KI DISCONTINUE D85'!$B$2 -> 46099 | C1508: ='KI DISCONTINUE D85'!$C$2 -> 46113 | D1508: 3259 | E1508: 333 | F1508: 3 | G1508: 11 | I1508: COLE | J1508: 24752083 | K1508: SSOXGY | L1508: SS REG OXFORD:FROST GREY:S | M1508: 249900 | N1508: 0.9 | O1508: =M1508-(M1508*N1508) -> 24990 | P1508: PERCENTAGE
A1509: 2020 ALL TOP D90 | B1509: ='KI DISCONTINUE D85'!$B$2 -> 46099 | C1509: ='KI DISCONTINUE D85'!$C$2 -> 46113 | D1509: 3259 | E1509: 333 | F1509: 3 | G1509: 11 | I1509: COLE | J1509: 24752092 | K1509: SSOXGY | L1509: SS REG OXFORD:FROST GREY:M | M1509: 249900 | N1509: 0.9 | O1509: =M1509-(M1509*N1509) -> 24990 | P1509: PERCENTAGE
A1510: 2020 ALL TOP D90 | B1510: ='KI DISCONTINUE D85'!$B$2 -> 46099 | C1510: ='KI DISCONTINUE D85'!$C$2 -> 46113 | D1510: 3259 | E1510: 333 | F1510: 3 | G1510: 11 | I1510: COLE | J1510: 24752109 | K1510: SSOXGY | L1510: SS REG OXFORD:FROST GREY:L | M1510: 249900 | N1510: 0.9 | O1510: =M1510-(M1510*N1510) -> 24990 | P1510: PERCENTAGE
A1511: 2020 ALL TOP D90 | B1511: ='KI DISCONTINUE D85'!$B$2 -> 46099 | C1511: ='KI DISCONTINUE D85'!$C$2 -> 46113 | D1511: 3259 | E1511: 333 | F1511: 3 | G1511: 11 | I1511: COLE | J1511: 24752118 | K1511: SSOXGY | L1511: SS REG OXFORD:FROST GREY:XL | M1511: 249900 | N1511: 0.9 | O1511: =M1511-(M1511*N1511) -> 24990 | P1511: PERCENTAGE
A1512: 2020 ALL TOP D90 | B1512: ='KI DISCONTINUE D85'!$B$2 -> 46099 | C1512: ='KI DISCONTINUE D85'!$C$2 -> 46113 | D1512: 3259 | E1512: 333 | F1512: 3 | G1512: 11 | I1512: COLE | J1512: 24752289 | K1512: SSOXNVS | L1512: SS REG OXFORD:INDIGO BLUE:S | M1512: 249900 | N1512: 0.9 | O1512: =M1512-(M1512*N1512) -> 24990 | P1512: PERCENTAGE
A1513: 2020 ALL TOP D90 | B1513: ='KI DISCONTINUE D85'!$B$2 -> 46099 | C1513: ='KI DISCONTINUE D85'!$C$2 -> 46113 | D1513: 3259 | E1513: 333 | F1513: 3 | G1513: 11 | I1513: COLE | J1513: 24752298 | K1513: SSOXNVS | L1513: SS REG OXFORD:INDIGO BLUE:M | M1513: 249900 | N1513: 0.9 | O1513: =M1513-(M1513*N1513) -> 24990 | P1513: PERCENTAGE
A1514: 2020 ALL TOP D90 | B1514: ='KI DISCONTINUE D85'!$B$2 -> 46099 | C1514: ='KI DISCONTINUE D85'!$C$2 -> 46113 | D1514: 3259 | E1514: 333 | F1514: 3 | G1514: 11 | I1514: COLE | J1514: 24752305 | K1514: SSOXNVS | L1514: SS REG OXFORD:INDIGO BLUE:L | M1514: 249900 | N1514: 0.9 | O1514: =M1514-(M1514*N1514) -> 24990 | P1514: PERCENTAGE
...

Sheet 2021 ALL D90
A1: ACARA | B1: FROM DATE | C1: TO DATE | D1: DEPT | E1: WORLD | F1: DIVISION | G1: CLASS | H1: SUPPLIER | I1: BRAND | J1: SKU | K1: ARTICLE | L1: DESCRIPTION | M1: HARGA NORMAL | N1: DISKON | O1: HARGA PROMO | P1: DISCOUNT TYPE
A2: 2021 ALL TOP D90 | B2: ='KI DISCONTINUE D85'!$B$2 -> 46099 | C2: ='KI DISCONTINUE D85'!$C$2 -> 46113 | D2: 3259 | E2: 333 | F2: 3 | G2: 1 | I2: COLE | J2: 29254746 | K2: STXCOLE | L2: SS T-SHIRT TSHIRT TEXTURED PRINT STXCOLE:MISTY MEDIUM G:S:TEXT:SS T-SHIRT | M2: 169900 | N2: 0.9 | O2: =M2-(M2*N2) -> 16990 | P2: PERCENTAGE
A3: 2021 ALL TOP D90 | B3: ='KI DISCONTINUE D85'!$B$2 -> 46099 | C3: ='KI DISCONTINUE D85'!$C$2 -> 46113 | D3: 3259 | E3: 333 | F3: 3 | G3: 1 | I3: COLE | J3: 29254755 | K3: STXCOLE | L3: SS T-SHIRT TSHIRT TEXTURED PRINT STXCOLE:MISTY MEDIUM G:M:TEXT:SS T-SHIRT | M3: 169900 | N3: 0.9 | O3: =M3-(M3*N3) -> 16990 | P3: PERCENTAGE
A4: 2021 ALL TOP D90 | B4: ='KI DISCONTINUE D85'!$B$2 -> 46099 | C4: ='KI DISCONTINUE D85'!$C$2 -> 46113 | D4: 3259 | E4: 333 | F4: 3 | G4: 1 | I4: COLE | J4: 29254764 | K4: STXCOLE | L4: SS T-SHIRT TSHIRT TEXTURED PRINT STXCOLE:MISTY MEDIUM G:L:TEXT:SS T-SHIRT | M4: 169900 | N4: 0.9 | O4: =M4-(M4*N4) -> 16990 | P4: PERCENTAGE
A5: 2021 ALL TOP D90 | B5: ='KI DISCONTINUE D85'!$B$2 -> 46099 | C5: ='KI DISCONTINUE D85'!$C$2 -> 46113 | D5: 3259 | E5: 333 | F5: 3 | G5: 1 | I5: COLE | J5: 29254773 | K5: STXCOLE | L5: SS T-SHIRT TSHIRT TEXTURED PRINT STXCOLE:MISTY MEDIUM G:XL:TEXT:SS T-SHIRT | M5: 169900 | N5: 0.9 | O5: =M5-(M5*N5) -> 16990 | P5: PERCENTAGE
A6: 2021 ALL TOP D90 | B6: ='KI DISCONTINUE D85'!$B$2 -> 46099 | C6: ='KI DISCONTINUE D85'!$C$2 -> 46113 | D6: 3259 | E6: 333 | F6: 3 | G6: 1 | I6: COLE | J6: 29259465 | K6: STXCOLEBT | L6: SS T-SHIRT TSHIRT TEXTURED PRINT STXCOLEBT:MANDARIN ORAN:S:TEXT:SS T-SHIRT | M6: 169900 | N6: 0.9 | O6: =M6-(M6*N6) -> 16990 | P6: PERCENTAGE
A7: 2021 ALL TOP D90 | B7: ='KI DISCONTINUE D85'!$B$2 -> 46099 | C7: ='KI DISCONTINUE D85'!$C$2 -> 46113 | D7: 3259 | E7: 333 | F7: 3 | G7: 1 | I7: COLE | J7: 29259474 | K7: STXCOLEBT | L7: SS T-SHIRT TSHIRT TEXTURED PRINT STXCOLEBT:MANDARIN ORAN:M:TEXT:SS T-SHIRT | M7: 169900 | N7: 0.9 | O7: =M7-(M7*N7) -> 16990 | P7: PERCENTAGE
A8: 2021 ALL TOP D90 | B8: ='KI DISCONTINUE D85'!$B$2 -> 46099 | C8: ='KI DISCONTINUE D85'!$C$2 -> 46113 | D8: 3259 | E8: 333 | F8: 3 | G8: 1 | I8: COLE | J8: 29259483 | K8: STXCOLEBT | L8: SS T-SHIRT TSHIRT TEXTURED PRINT STXCOLEBT:MANDARIN ORAN:L:TEXT:SS T-SHIRT | M8: 169900 | N8: 0.9 | O8: =M8-(M8*N8) -> 16990 | P8: PERCENTAGE
A9: 2021 ALL TOP D90 | B9: ='KI DISCONTINUE D85'!$B$2 -> 46099 | C9: ='KI DISCONTINUE D85'!$C$2 -> 46113 | D9: 3259 | E9: 333 | F9: 3 | G9: 1 | I9: COLE | J9: 29259492 | K9: STXCOLEBT | L9: SS T-SHIRT TSHIRT TEXTURED PRINT STXCOLEBT:MANDARIN ORAN:XL:TEXT:SS T-SHIRT | M9: 169900 | N9: 0.9 | O9: =M9-(M9*N9) -> 16990 | P9: PERCENTAGE
A10: 2021 ALL TOP D90 | B10: ='KI DISCONTINUE D85'!$B$2 -> 46099 | C10: ='KI DISCONTINUE D85'!$C$2 -> 46113 | D10: 3259 | E10: 333 | F10: 3 | G10: 1 | I10: COLE | J10: 33368973 | K10: TSSTRHK46 | L10: SS T-SHIRT REG TSHIRT STRIPE TSSTRHK46:WOOD BROWN:S:STRIPES:SS T-SHIRT | M10: 169900 | N10: 0.9 | O10: =M10-(M10*N10) -> 16990 | P10: PERCENTAGE
A11: 2021 ALL TOP D90 | B11: ='KI DISCONTINUE D85'!$B$2 -> 46099 | C11: ='KI DISCONTINUE D85'!$C$2 -> 46113 | D11: 3259 | E11: 333 | F11: 3 | G11: 1 | I11: COLE | J11: 33368982 | K11: TSSTRHK46 | L11: SS T-SHIRT REG TSHIRT STRIPE TSSTRHK46:WOOD BROWN:M:STRIPES:SS T-SHIRT | M11: 169900 | N11: 0.9 | O11: =M11-(M11*N11) -> 16990 | P11: PERCENTAGE
A12: 2021 ALL TOP D90 | B12: ='KI DISCONTINUE D85'!$B$2 -> 46099 | C12: ='KI DISCONTINUE D85'!$C$2 -> 46113 | D12: 3259 | E12: 333 | F12: 3 | G12: 1 | I12: COLE | J12: 33368991 | K12: TSSTRHK46 | L12: SS T-SHIRT REG TSHIRT STRIPE TSSTRHK46:WOOD BROWN:L:STRIPES:SS T-SHIRT | M12: 169900 | N12: 0.9 | O12: =M12-(M12*N12) -> 16990 | P12: PERCENTAGE
A13: 2021 ALL TOP D90 | B13: ='KI DISCONTINUE D85'!$B$2 -> 46099 | C13: ='KI DISCONTINUE D85'!$C$2 -> 46113 | D13: 3259 | E13: 333 | F13: 3 | G13: 1 | I13: COLE | J13: 33369007 | K13: TSSTRHK46 | L13: SS T-SHIRT REG TSHIRT STRIPE TSSTRHK46:WOOD BROWN:XL:STRIPES:SS T-SHIRT | M13: 169900 | N13: 0.9 | O13: =M13-(M13*N13) -> 16990 | P13: PERCENTAGE
... A1103: 2021 ALL TOP D90 | B1103: ='KI DISCONTINUE D85'!$B$2 -> 46099 | C1103: ='KI DISCONTINUE D85'!$C$2 -> 46113 | D1103: 3259 | E1103: 333 | F1103: 3 | G1103: 8 | I1103: COLE | J1103: 26451707 | K1103: LEBSS83OBU | L1103: SS KOKO OXFORD:CLASSIC BLUE:S | M1103: 249900 | N1103: 0.9 | O1103: =M1103-(M1103*N1103) -> 24990 | P1103: PERCENTAGE

Sheet 2022 ALL D90
A1: ACARA | B1: FROM DATE | C1: TO DATE | D1: DEPT | E1: WORLD | F1: DIVISION | G1: CLASS | H1: SUPPLIER | I1: BRAND | J1: SKU | K1: ARTICLE | L1: DESCRIPTION | M1: HARGA NORMAL | N1: DISKON | O1: HARGA PROMO | P1: DISCOUNT TYPE
A2: 2022 ALL TOP D90 | B2: ='KI DISCONTINUE D85'!$B$2 -> 46099 | C2: ='KI DISCONTINUE D85'!$C$2 -> 46113 | D2: 3259 | E2: 333 | F2: 3 | G2: 1 | I2: COLE | J2: 25882155 | K2: SRB91NV | L2: SS RN STR BAHU POLOS:NAVY BLUE:L | M2: 169900 | N2: 0.9 | O2: =M2-(M2*N2) -> 16990 | P2: PERCENTAGE
A3: 2022 ALL TOP D90 | B3: ='KI DISCONTINUE D85'!$B$2 -> 46099 | C3: ='KI DISCONTINUE D85'!$C$2 -> 46113 | D3: 3259 | E3: 333 | F3: 3 | G3: 1 | I3: COLE | J3: 25882164 | K3: SRB91NV | L3: SS RN STR BAHU POLOS:NAVY BLUE:XL | M3: 169900 | N3: 0.9 | O3: =M3-(M3*N3) -> 16990 | P3: PERCENTAGE
A4: 2022 ALL TOP D90 | B4: ='KI DISCONTINUE D85'!$B$2 -> 46099 | C4: ='KI DISCONTINUE D85'!$C$2 -> 46113 | D4: 3259 | E4: 333 | F4: 3 | G4: 1 | I4: COLE | J4: 26089985 | K4: SRB91WN | L4: SS RN STR BAHU POLOS:WINE:S | M4: 169900 | N4: 0.9 | O4: =M4-(M4*N4) -> 16990 | P4: PERCENTAGE
A5: 2022 ALL TOP D90 | B5: ='KI DISCONTINUE D85'!$B$2 -> 46099 | C5: ='KI DISCONTINUE D85'!$C$2 -> 46113 | D5: 3259 | E5: 333 | F5: 3 | G5: 1 | I5: COLE | J5: 26090008 | K5: SRB91WN | L5: SS RN STR BAHU POLOS:WINE:L | M5: 169900 | N5: 0.9 | O5: =M5-(M5*N5) -> 16990 | P5: PERCENTAGE
A6: 2022 ALL TOP D90 | B6: ='KI DISCONTINUE D85'!$B$2 -> 46099 | C6: ='KI DISCONTINUE D85'!$C$2 -> 46113 | D6: 3259 | E6: 333 | F6: 3 | G6: 1 | I6: COLE | J6: 25882146 | K6: SRB91NV | L6: SS RN STR BAHU POLOS:NAVY BLUE:M | M6: 169900 | N6: 0.9 | O6: =M6-(M6*N6) -> 16990 | P6: PERCENTAGE
A7: 2022 ALL TOP D90 | B7: ='KI DISCONTINUE D85'!$B$2 -> 46099 | C7: ='KI DISCONTINUE D85'!$C$2 -> 46113 | D7: 3259 | E7: 333 | F7: 3 | G7: 1 | I7: COLE | J7: 25882137 | K7: SRB91NV | L7: SS RN STR BAHU POLOS:NAVY BLUE:S | M7: 169900 | N7: 0.9 | O7: =M7-(M7*N7) -> 16990 | P7: PERCENTAGE
A8: 2022 ALL TOP D90 | B8: ='KI DISCONTINUE D85'!$B$2 -> 46099 | C8: ='KI DISCONTINUE D85'!$C$2 -> 46113 | D8: 3259 | E8: 333 | F8: 3 | G8: 1 | I8: COLE | J8: 26089976 | K8: SRB91WN | L8: SS RN STR BAHU POLOS:WINE:XS | M8: 169900 | N8: 0.9 | O8: =M8-(M8*N8) -> 16990 | P8: PERCENTAGE
A9: 2022 ALL TOP D90 | B9: ='KI DISCONTINUE D85'!$B$2 -> 46099 | C9: ='KI DISCONTINUE D85'!$C$2 -> 46113 | D9: 3259 | E9: 333 | F9: 3 | G9: 1 | I9: COLE | J9: 26089994 | K9: SRB91WN | L9: SS RN STR BAHU POLOS:WINE:M | M9: 169900 | N9: 0.9 | O9: =M9-(M9*N9) -> 16990 | P9: PERCENTAGE
A10: 2022 ALL TOP D90 | B10: ='KI DISCONTINUE D85'!$B$2 -> 46099 | C10: ='KI DISCONTINUE D85'!$C$2 -> 46113 | D10: 3259 | E10: 333 | F10: 3 | G10: 1 | I10: COLE | J10: 26090017 | K10: SRB91WN | L10: SS RN STR BAHU POLOS:WINE:XL | M10: 169900 | N10: 0.9 | O10: =M10-(M10*N10) -> 16990 | P10: PERCENTAGE
A11: 2022 ALL TOP D90 | B11: ='KI DISCONTINUE D85'!$B$2 -> 46099 | C11: ='KI DISCONTINUE D85'!$C$2 -> 46113 | D11: 3259 | E11: 333 | F11: 3 | G11: 1 | I11: COLE | J11: 28107326 | K11: TSTREU165 | L11: SS T-SHIRT STRIPE TSTREU165:NAVY BLUE:L:STRIPES:SS T-SHIRT | M11: 169900 | N11: 0.9 | O11: =M11-(M11*N11) -> 16990 | P11: PERCENTAGE
A12: 2022 ALL TOP D90 | B12: ='KI DISCONTINUE D85'!$B$2 -> 46099 | C12: ='KI DISCONTINUE D85'!$C$2 -> 46113 | D12: 3259 | E12: 333 | F12: 3 | G12: 1 | I12: COLE | J12: 28107335 | K12: TSTREU165 | L12: SS T-SHIRT STRIPE TSTREU165:NAVY BLUE:XL:STRIPES:SS T-SHIRT | M12: 169900 | N12: 0.9 | O12: =M12-(M12*N12) -> 16990 | P12: PERCENTAGE
A13: 2022 ALL TOP D90 | B13: ='KI DISCONTINUE D85'!$B$2 -> 46099 | C13: ='KI DISCONTINUE D85'!$C$2 -> 46113 | D13: 3259 | E13: 333 | F13: 3 | G13: 1 | I13: COLE | J13: 28107317 | K13: TSTREU165 | L13: SS T-SHIRT STRIPE TSTREU165:NAVY BLUE:M:STRIPES:SS T-SHIRT | M13: 169900 | N13: 0.9 | O13: =M13-(M13*N13) -> 16990 | P13: PERCENTAGE
... A1785: 2022 ALL TOP D90 | B1785: ='KI DISCONTINUE D85'!$B$2 -> 46099 | C1785: ='KI DISCONTINUE D85'!$C$2 -> 46113 | D1785: 3259 | E1785: 333 | F1785: 3 | G1785: 1 | I1785: COLE | J1785: 66039794 | K1785: LEBSTS16 | L1785: SS KOKO ULOS PINTU LEBSTS16:FROST GREY:XL:STRIPES:SS KOKO | M1785: 329900 | N1785: 0.9 | O1785: =M1785-(M1785*N1785) -> 32990 | P1785: PERCENTAGE

Sheet 2023 ALL TOP D90
A1: ACARA | B1: FROM DATE | C1: TO DATE | D1: DEPT | E1: WORLD | F1: DIVISION | G1: CLASS | H1: SUPPLIER | I1: BRAND | J1: SKU | K1: ARTICLE | L1: DESCRIPTION | M1: HARGA NORMAL | N1: DISKON | O1: HARGA PROMO | P1: DISCOUNT TYPE
A2: 2023 ALL TOP D90 | B2: ='KI DISCONTINUE D85'!$B$2 -> 46099 | C2: ='KI DISCONTINUE D85'!$C$2 -> 46113 | D2: 3259 | E2: 333 | F2: 3 | G2: 1 | I2: COLE | J2: 79382906 | K2: TSLBS001 | L2: SS T-SHIRT IN PIQUE SOLID WITH WELT POCKET TSLBS001:NAVY BLUE:S:SOLID:SS T-SHIRT | M2: 199900 | N2: 0.9 | O2: =M2-(M2*N2) -> 19990 | P2: PERCENTAGE
A3: 2023 ALL TOP D90 | B3: ='KI DISCONTINUE D85'!$B$2 -> 46099 | C3: ='KI DISCONTINUE D85'!$C$2 -> 46113 | D3: 3259 | E3: 333 | F3: 3 | G3: 1 | I3: COLE | J3: 79382915 | K3: TSLBS001 | L3: SS T-SHIRT IN PIQUE SOLID WITH WELT POCKET TSLBS001:NAVY BLUE:M:SOLID:SS T-SHIRT | M3: 199900 | N3: 0.9 | O3: =M3-(M3*N3) -> 19990 | P3: PERCENTAGE
A4: 2023 ALL TOP D90 | B4: ='KI DISCONTINUE D85'!$B$2 -> 46099 | C4: ='KI DISCONTINUE D85'!$C$2 -> 46113 | D4: 3259 | E4: 333 | F4: 3 | G4: 1 | I4: COLE | J4: 79382924 | K4: TSLBS001 | L4: SS T-SHIRT IN PIQUE SOLID WITH WELT POCKET TSLBS001:NAVY BLUE:L:SOLID:SS T-SHIRT | M4: 199900 | N4: 0.9 | O4: =M4-(M4*N4) -> 19990 | P4: PERCENTAGE
A5: 2023 ALL TOP D90 | B5: ='KI DISCONTINUE D85'!$B$2 -> 46099 | C5: ='KI DISCONTINUE D85'!$C$2 -> 46113 | D5: 3259 | E5: 333 | F5: 3 | G5: 1 | I5: COLE | J5: 79382933 | K5: TSLBS001 | L5: SS T-SHIRT IN PIQUE SOLID WITH WELT POCKET TSLBS001:NAVY BLUE:XL:SOLID:SS T-SHIRT | M5: 199900 | N5: 0.9 | O5: =M5-(M5*N5) -> 19990 | P5: PERCENTAGE
A6: 2023 ALL TOP D90 | B6: ='KI DISCONTINUE D85'!$B$2 -> 46099 | C6: ='KI DISCONTINUE D85'!$C$2 -> 46113 | D6: 3259 | E6: 333 | F6: 3 | G6: 1 | I6: COLE | J6: 79382942 | K6: TSLBS001 | L6: SS T-SHIRT IN PIQUE SOLID WITH WELT POCKET TSLBS001:OLIVE:S:SOLID:SS T-SHIRT | M6: 199900 | N6: 0.9 | O6: =M6-(M6*N6) -> 19990 | P6: PERCENTAGE
A7: 2023 ALL TOP D90 | B7: ='KI DISCONTINUE D85'!$B$2 -> 46099 | C7: ='KI DISCONTINUE D85'!$C$2 -> 46113 | D7: 3259 | E7: 333 | F7: 3 | G7: 1 | I7: COLE | J7: 79382951 | K7: TSLBS001 | L7: SS T-SHIRT IN PIQUE SOLID WITH WELT POCKET TSLBS001:OLIVE:M:SOLID:SS T-SHIRT | M7: 199900 | N7: 0.9 | O7: =M7-(M7*N7) -> 19990 | P7: PERCENTAGE
A8: 2023 ALL TOP D90 | B8: ='KI DISCONTINUE D85'!$B$2 -> 46099 | C8: ='KI DISCONTINUE D85'!$C$2 -> 46113 | D8: 3259 | E8: 333 | F8: 3 | G8: 1 | I8: COLE | J8: 79382960 | K8: TSLBS001 | L8: SS T-SHIRT IN PIQUE SOLID WITH WELT POCKET TSLBS001:OLIVE:L:SOLID:SS T-SHIRT | M8: 199900 | N8: 0.9 | O8: =M8-(M8*N8) -> 19990 | P8: PERCENTAGE
A9: 2023 ALL TOP D90 | B9: ='KI DISCONTINUE D85'!$B$2 -> 46099 | C9: ='KI DISCONTINUE D85'!$C$2 -> 46113 | D9: 3259 | E9: 333 | F9: 3 | G9: 1 | I9: COLE | J9: 79382979 | K9: TSLBS001 | L9: SS T-SHIRT IN PIQUE SOLID WITH WELT POCKET TSLBS001:OLIVE:XL:SOLID:SS T-SHIRT | M9: 199900 | N9: 0.9 | O9: =M9-(M9*N9) -> 19990 | P9: PERCENTAGE
A10: 2023 ALL TOP D90 | B10: ='KI DISCONTINUE D85'!$B$2 -> 46099 | C10: ='KI DISCONTINUE D85'!$C$2 -> 46113 | D10: 3259 | E10: 333 | F10: 3 | G10: 1 | I10: COLE | J10: 79382988 | K10: TSLBS002 | L10: SS T-SHIRT HENLEY WITH POP CORN LOOK SOLID TSLBS002:MISTY DARK GREY:S:SOLID:SS T-SHIRT | M10: 199900 | N10: 0.9 | O10: =M10-(M10*N10) -> 19990 | P10: PERCENTAGE
A11: 2023 ALL TOP D90 | B11: ='KI DISCONTINUE D85'!$B$2 -> 46099 | C11: ='KI DISCONTINUE D85'!$C$2 -> 46113 | D11: 3259 | E11: 333 | F11: 3 | G11: 1 | I11: COLE | J11: 79382997 | K11: TSLBS002 | L11: SS T-SHIRT HENLEY WITH POP CORN LOOK SOLID TSLBS002:MISTY DARK GREY:M:SOLID:SS T-SHIRT | M11: 199900 | N11: 0.9 | O11: =M11-(M11*N11) -> 19990 | P11: PERCENTAGE
A12: 2023 ALL TOP D90 | B12: ='KI DISCONTINUE D85'!$B$2 -> 46099 | C12: ='KI DISCONTINUE D85'!$C$2 -> 46113 | D12: 3259 | E12: 333 | F12: 3 | G12: 1 | I12: COLE | J12: 79383003 | K12: TSLBS002 | L12: SS T-SHIRT HENLEY WITH POP CORN LOOK SOLID TSLBS002:MISTY DARK GREY:L:SOLID:SS T-SHIRT | M12: 199900 | N12: 0.9 | O12: =M12-(M12*N12) -> 19990 | P12: PERCENTAGE
A13: 2023 ALL TOP D90 | B13: ='KI DISCONTINUE D85'!$B$2 -> 46099 | C13: ='KI DISCONTINUE D85'!$C$2 -> 46113 | D13: 3259 | E13: 333 | F13: 3 | G13: 1 | I13: COLE | J13: 79383012 | K13: TSLBS002 | L13: SS T-SHIRT HENLEY WITH POP CORN LOOK SOLID TSLBS002:MISTY DARK GREY:XL:SOLID:SS T-SHIRT | M13: 199900 | N13: 0.9 | O13: =M13-(M13*N13) -> 19990 | P13: PERCENTAGE
... A658: 2023 ALL TOP D90 | B658: ='KI DISCONTINUE D85'!$B$2 -> 46099 | C658: ='KI DISCONTINUE D85'!$C$2 -> 46113 | D658: 3259 | E658: 333 | F658: 3 | G658: 2 | I658: COLE | J658: 81804795 | K658: PSTBS002 | L658: SS POLO SHIRT STRIPE TEXTURED ENGINEERING PSTBS002:NAVY BLUE:XL:STRIPES:SS POLO SHI | M658: 199900 | N658: 0.9 | O658: =M658-(M658*N658) -> 19990 | P658: PERCENTAGE
A659: 2023 ALL TOP D90 | B659: ='KI DISCONTINUE D85'!$B$2 -> 46099 | C659: ='KI DISCONTINUE D85'!$C$2 -> 46113 | D659: 3259 | E659: 333 | F659: 3 | G659: 3 | I659: COLE | J659: 79816545 | K659: WSLSS001 | L659: SS SHIRT WOVEN COTTON SLUB MANDARIN COLLAR WSLSS001:NAVY BLUE:S:SOLID:SS SHIRT | M659: 299900 | N659: 0.9 | O659: =M659-(M659*N659) -> 29990 | P659: PERCENTAGE
A660: 2023 ALL TOP D90 | B660: ='KI DISCONTINUE D85'!$B$2 -> 46099 | C660: ='KI DISCONTINUE D85'!$C$2 -> 46113 | D660: 3259 | E660: 333 | F660: 3 | G660: 3 | I660: COLE | J660: 79816554 | K660: WSLSS001 | L660: SS SHIRT WOVEN COTTON SLUB MANDARIN COLLAR WSLSS001:NAVY BLUE:M:SOLID:SS SHIRT | M660: 299900 | N660: 0.9 | O660: =M660-(M660*N660) -> 29990 | P660: PERCENTAGE
A661: 2023 ALL TOP D90 | B661: ='KI DISCONTINUE D85'!$B$2 -> 46099 | C661: ='KI DISCONTINUE D85'!$C$2 -> 46113 | D661: 3259 | E661: 333 | F661: 3 | G661: 3 | I661: COLE | J661: 79816563 | K661: WSLSS001 | L661: SS SHIRT WOVEN COTTON SLUB MANDARIN COLLAR WSLSS001:NAVY BLUE:L:SOLID:SS SHIRT | M661: 299900 | N661: 0.9 | O661: =M661-(M661*N661) -> 29990 | P661: PERCENTAGE
A662: 2023 ALL TOP D90 | B662: ='KI DISCONTINUE D85'!$B$2 -> 46099 | C662: ='KI DISCONTINUE D85'!$C$2 -> 46113 | D662: 3259 | E662: 333 | F662: 3 | G662: 3 | I662: COLE | J662: 79816572 | K662: WSLSS001 | L662: SS SHIRT WOVEN COTTON SLUB MANDARIN COLLAR WSLSS001:NAVY BLUE:XL:SOLID:SS SHIRT | M662: 299900 | N662: 0.9 | O662: =M662-(M662*N662) -> 29990 | P662: PERCENTAGE
A663: 2023 ALL TOP D90 | B663: ='KI DISCONTINUE D85'!$B$2 -> 46099 | C663: ='KI DISCONTINUE D85'!$C$2 -> 46113 | D663: 3259 | E663: 333 | F663: 3 | G663: 3 | I663: COLE | J663: 79831260 | K663: WSLSS001 | L663: SS SHIRT WOVEN COTTON SLUB MANDARIN COLLAR WSLSS001:TAUPE GREY:S:SOLID:SS SHIRT | M663: 299900 | N663: 0.9 | O663: =M663-(M663*N663) -> 29990 | P663: PERCENTAGE
A664: 2023 ALL TOP D90 | B664: ='KI DISCONTINUE D85'!$B$2 -> 46099 | C664: ='KI DISCONTINUE D85'!$C$2 -> 46113 | D664: 3259 | E664: 333 | F664: 3 | G664: 3 | I664: COLE | J664: 79831279 | K664: WSLSS001 | L664: SS SHIRT WOVEN COTTON SLUB MANDARIN COLLAR WSLSS001:TAUPE GREY:M:SOLID:SS SHIRT | M664: 299900 | N664: 0.9 | O664: =M664-(M664*N664) -> 29990 | P664: PERCENTAGE
A665: 2023 ALL TOP D90 | B665: ='KI DISCONTINUE D85'!$B$2 -> 46099 | C665: ='KI DISCONTINUE D85'!$C$2 -> 46113 | D665: 3259 | E665: 333 | F665: 3 | G665: 3 | I665: COLE | J665: 79831288 | K665: WSLSS001 | L665: SS SHIRT WOVEN COTTON SLUB MANDARIN COLLAR WSLSS001:TAUPE GREY:L:SOLID:SS SHIRT | M665: 299900 | N665: 0.9 | O665: =M665-(M665*N665) -> 29990 | P665: PERCENTAGE
A666: 2023 ALL TOP D90 | B666: ='KI DISCONTINUE D85'!$B$2 -> 46099 | C666: ='KI DISCONTINUE D85'!$C$2 -> 46113 | D666: 3259 | E666: 333 | F666: 3 | G666: 3 | I666: COLE | J666: 79831297 | K666: WSLSS001 | L666: SS SHIRT WOVEN COTTON SLUB MANDARIN COLLAR WSLSS001:TAUPE GREY:XL:SOLID:SS SHIRT | M666: 299900 | N666: 0.9 | O666: =M666-(M666*N666) -> 29990 | P666: PERCENTAGE
A667: 2023 ALL TOP D90 | B667: ='KI DISCONTINUE D85'!$B$2 -> 46099 | C667: ='KI DISCONTINUE D85'!$C$2 -> 46113 | D667: 3259 | E667: 333 | F667: 3 | G667: 3 | I667: COLE | J667: 79831304 | K667: WSLSS001 | L667: SS SHIRT WOVEN COTTON SLUB MANDARIN COLLAR WSLSS001:EMERALD GREEN:S:SOLID:SS SHIRT | M667: 299900 | N667: 0.9 | O667: =M667-(M667*N667) -> 29990 | P667: PERCENTAGE
A668: 2023 ALL TOP D90 | B668: ='KI DISCONTINUE D85'!$B$2 -> 46099 | C668: ='KI DISCONTINUE D85'!$C$2 -> 46113 | D668: 3259 | E668: 333 | F668: 3 | G668: 3 | I668: COLE | J668: 79831313 | K668: WSLSS001 | L668: SS SHIRT WOVEN COTTON SLUB MANDARIN COLLAR WSLSS001:EMERALD GREEN:M:SOLID:SS SHIRT | M668: 299900 | N668: 0.9 | O668: =M668-(M668*N668) -> 29990 | P668: PERCENTAGE
A669: 2023 ALL TOP D90 | B669: ='KI DISCONTINUE D85'!$B$2 -> 46099 | C669: ='KI DISCONTINUE D85'!$C$2 -> 46113 | D669: 3259 | E669: 333 | F669: 3 | G669: 3 | I669: COLE | J669: 79831322 | K669: WSLSS001 | L669: SS SHIRT WOVEN COTTON SLUB MANDARIN COLLAR WSLSS001:EMERALD GREEN:L:SOLID:SS SHIRT | M669: 299900 | N669: 0.9 | O669: =M669-(M669*N669) -> 29990 | P669: PERCENTAGE
A670: 2023 ALL TOP D90 | B670: ='KI DISCONTINUE D85'!$B$2 -> 46099 | C670: ='KI DISCONTINUE D85'!$C$2 -> 46113 | D670: 3259 | E670: 333 | F670: 3 | G670: 3 | I670: COLE | J670: 79831331 | K670: WSLSS001 | L670: SS SHIRT WOVEN COTTON SLUB MANDARIN COLLAR WSLSS001:EMERALD GREEN:XL:SOLID:SS SHIRT | M670: 299900 | N670: 0.9 | O670: =M670-(M670*N670) -> 29990 | P670: PERCENTAGE
... A838: 2023 ALL TOP D90 | B838: ='KI DISCONTINUE D85'!$B$2 -> 46099 | C838: ='KI DISCONTINUE D85'!$C$2 -> 46113 | D838: 3259 | E838: 333 | F838: 3 | G838: 3 | I838: COLE | J838: 79769070 | K838: WLCBS002 | L838: LS SHIRT WOVEN 3 COLORS CHECK WLCBS002:NAVY BLUE:XL:CHECKS:LS SHIRT | M838: 349900 | N838: 0.9 | O838: =M838-(M838*N838) -> 34990 | P838: PERCENTAGE
A839: 2023 ALL TOP D90 | B839: ='KI DISCONTINUE D85'!$B$2 -> 46099 | C839: ='KI DISCONTINUE D85'!$C$2 -> 46113 | D839: 3259 | E839: 333 | F839: 3 | G839: 3 | I839: COLE | J839: 81598563 | K839: SWHPMDSS | L839: SS SHIRT FULL PLACKET MANDARIN COLLAR SWHPMDSS:OLIVE:S:SOLID:SS SHIRT | M839: 279900 | N839: 0.9 | O839: =M839-(M839*N839) -> 27990 | P839: PERCENTAGE
A840: 2023 ALL TOP D90 | B840: ='KI DISCONTINUE D85'!$B$2 -> 46099 | C840: ='KI DISCONTINUE D85'!$C$2 -> 46113 | D840: 3259 | E840: 333 | F840: 3 | G840: 3 | I840: COLE | J840: 81598572 | K840: SWHPMDSS | L840: SS SHIRT FULL PLACKET MANDARIN COLLAR SWHPMDSS:OLIVE:M:SOLID:SS SHIRT | M840: 279900 | N840: 0.9 | O840: =M840-(M840*N840) -> 27990 | P840: PERCENTAGE
A841: 2023 ALL TOP D90 | B841: ='KI DISCONTINUE D85'!$B$2 -> 46099 | C841: ='KI DISCONTINUE D85'!$C$2 -> 46113 | D841: 3259 | E841: 333 | F841: 3 | G841: 3 | I841: COLE | J841: 81598581 | K841: SWHPMDSS | L841: SS SHIRT FULL PLACKET MANDARIN COLLAR SWHPMDSS:OLIVE:L:SOLID:SS SHIRT | M841: 279900 | N841: 0.9 | O841: =M841-(M841*N841) -> 27990 | P841: PERCENTAGE
A842: 2023 ALL TOP D90 | B842: ='KI DISCONTINUE D85'!$B$2 -> 46099 | C842: ='KI DISCONTINUE D85'!$C$2 -> 46113 | D842: 3259 | E842: 333 | F842: 3 | G842: 3 | I842: COLE | J842: 81598590 | K842: SWHPMDSS | L842: SS SHIRT FULL PLACKET MANDARIN COLLAR SWHPMDSS:OLIVE:XL:SOLID:SS SHIRT | M842: 279900 | N842: 0.9 | O842: =M842-(M842*N842) -> 27990 | P842: PERCENTAGE
A843: 2023 ALL TOP D90 | B843: ='KI DISCONTINUE D85'!$B$2 -> 46099 | C843: ='KI DISCONTINUE D85'!$C$2 -> 46113 | D843: 3259 | E843: 333 | F843: 3 | G843: 3 | I843: COLE | J843: 81598607 | K843: SWHPMDLS | L843: LS SHIRT FULL PLACKET MANDARIN COLLAR SWHPMDLS:CHARCOAL:S:SOLID:LS SHIRT | M843: 299900 | N843: 0.9 | O843: =M843-(M843*N843) -> 29990 | P843: PERCENTAGE
A844: 2023 ALL TOP D90 | B844: ='KI DISCONTINUE D85'!$B$2 -> 46099 | C844: ='KI DISCONTINUE D85'!$C$2 -> 46113 | D844: 3259 | E844: 333 | F844: 3 | G844: 3 | I844: COLE | J844: 81598616 | K844: SWHPMDLS | L844: LS SHIRT FULL PLACKET MANDARIN COLLAR SWHPMDLS:CHARCOAL:M:SOLID:LS SHIRT | M844: 299900 | N844: 0.9 | O844: =M844-(M844*N844) -> 29990 | P844: PERCENTAGE
A845: 2023 ALL TOP D90 | B845: ='KI DISCONTINUE D85'!$B$2 -> 46099 | C845: ='KI DISCONTINUE D85'!$C$2 -> 46113 | D845: 3259 | E845: 333 | F845: 3 | G845: 3 | I845: COLE | J845: 81598625 | K845: SWHPMDLS | L845: LS SHIRT FULL PLACKET MANDARIN COLLAR SWHPMDLS:CHARCOAL:L:SOLID:LS SHIRT | M845: 299900 | N845: 0.9 | O845: =M845-(M845*N845) -> 29990 | P845: PERCENTAGE
A846: 2023 ALL TOP D90 | B846: ='KI DISCONTINUE D85'!$B$2 -> 46099 | C846: ='KI DISCONTINUE D85'!$C$2 -> 46113 | D846: 3259 | E846: 333 | F846: 3 | G846: 3 | I846: COLE | J846: 81598634 | K846: SWHPMDLS | L846: LS SHIRT FULL PLACKET MANDARIN COLLAR SWHPMDLS:CHARCOAL:XL:SOLID:LS SHIRT | M846: 299900 | N846: 0.9 | O846: =M846-(M846*N846) -> 29990 | P846: PERCENTAGE
A847: 2023 ALL TOP D90 | B847: ='KI DISCONTINUE D85'!$B$2 -> 46099 | C847: ='KI DISCONTINUE D85'!$C$2 -> 46113 | D847: 3259 | E847: 333 | F847: 3 | G847: 3 | I847: COLE | J847: 81598643 | K847: SWFPMDSS | L847: SS SHIRT FULL PLACKET MANDARIN COLLAR SWFPMDSS:MAROON:S:SOLID:SS SHIRT | M847: 279900 | N847: 0.9 | O847: =M847-(M847*N847) -> 27990 | P847: PERCENTAGE
A848: 2023 ALL TOP D90 | B848: ='KI DISCONTINUE D85'!$B$2 -> 46099 | C848: ='KI DISCONTINUE D85'!$C$2 -> 46113 | D848: 3259 | E848: 333 | F848: 3 | G848: 3 | I848: COLE | J848: 81598652 | K848: SWFPMDSS | L848: SS SHIRT FULL PLACKET MANDARIN COLLAR SWFPMDSS:MAROON:M:SOLID:SS SHIRT | M848: 279900 | N848: 0.9 | O848: =M848-(M848*N848) -> 27990 | P848: PERCENTAGE
A849: 2023 ALL TOP D90 | B849: ='KI DISCONTINUE D85'!$B$2 -> 46099 | C849: ='KI DISCONTINUE D85'!$C$2 -> 46113 | D849: 3259 | E849: 333 | F849: 3 | G849: 3 | I849: COLE | J849: 81598661 | K849: SWFPMDSS | L849: SS SHIRT FULL PLACKET MANDARIN COLLAR SWFPMDSS:MAROON:L:SOLID:SS SHIRT | M849: 279900 | N849: 0.9 | O849: =M849-(M849*N849) -> 27990 | P849: PERCENTAGE
A850: 2023 ALL TOP D90 | B850: ='KI DISCONTINUE D85'!$B$2 -> 46099 | C850: ='KI DISCONTINUE D85'!$C$2 -> 46113 | D850: 3259 | E850: 333 | F850: 3 | G850: 3 | I850: COLE | J850: 81598670 | K850: SWFPMDSS | L850: SS SHIRT FULL PLACKET MANDARIN COLLAR SWFPMDSS:MAROON:XL:SOLID:SS SHIRT | M850: 279900 | N850: 0.9 | O850: =M850-(M850*N850) -> 27990 | P850: PERCENTAGE
... A1571: 2023 ALL TOP D90 | B1571: ='KI DISCONTINUE D85'!$B$2 -> 46099 | C1571: ='KI DISCONTINUE D85'!$C$2 -> 46113 | D1571: 3259 | E1571: 333 | F1571: 3 | G1571: 4 | I1571: COLE | J1571: 83122063 | K1571: JKMCIN01 | L1571: JACKET KNIT OTTOMAN COMB JKMCIN01:BLACK:XL:SOLID:JACKET | M1571: 399900 | N1571: 0.9 | O1571: =M1571-(M1571*N1571) -> 39990 | P1571: PERCENTAGE
A1572: 2023 ALL TOP D90 | B1572: ='KI DISCONTINUE D85'!$B$2 -> 46099 | C1572: ='KI DISCONTINUE D85'!$C$2 -> 46113 | D1572: 3259 | E1572: 333 | F1572: 3 | G1572: 8 | I1572: COLE | J1572: 79318717 | K1572: LEBSPR01 | L1572: SS KOKO PRINT PINTU FULL PLACKET LEBSPR01:PASTEL BLUE:S:GRAPHIC:SS KOKO | M1572: 299900 | N1572: 0.9 | O1572: =M1572-(M1572*N1572) -> 29990 | P1572: PERCENTAGE
A1573: 2023 ALL TOP D90 | B1573: ='KI DISCONTINUE D85'!$B$2 -> 46099 | C1573: ='KI DISCONTINUE D85'!$C$2 -> 46113 | D1573: 3259 | E1573: 333 | F1573: 3 | G1573: 8 | I1573: COLE | J1573: 79318726 | K1573: LEBSPR01 | L1573: SS KOKO PRINT PINTU FULL PLACKET LEBSPR01:PASTEL BLUE:M:GRAPHIC:SS KOKO | M1573: 299900 | N1573: 0.9 | O1573: =M1573-(M1573*N1573) -> 29990 | P1573: PERCENTAGE
A1574: 2023 ALL TOP D90 | B1574: ='KI DISCONTINUE D85'!$B$2 -> 46099 | C1574: ='KI DISCONTINUE D85'!$C$2 -> 46113 | D1574: 3259 | E1574: 333 | F1574: 3 | G1574: 8 | I1574: COLE | J1574: 79318735 | K1574: LEBSPR01 | L1574: SS KOKO PRINT PINTU FULL PLACKET LEBSPR01:PASTEL BLUE:L:GRAPHIC:SS KOKO | M1574: 299900 | N1574: 0.9 | O1574: =M1574-(M1574*N1574) -> 29990 | P1574: PERCENTAGE
A1575: 2023 ALL TOP D90 | B1575: ='KI DISCONTINUE D85'!$B$2 -> 46099 | C1575: ='KI DISCONTINUE D85'!$C$2 -> 46113 | D1575: 3259 | E1575: 333 | F1575: 3 | G1575: 8 | I1575: COLE | J1575: 79318744 | K1575: LEBSPR01 | L1575: SS KOKO PRINT PINTU FULL PLACKET LEBSPR01:PASTEL BLUE:XL:GRAPHIC:SS KOKO | M1575: 299900 | N1575: 0.9 | O1575: =M1575-(M1575*N1575) -> 29990 | P1575: PERCENTAGE
A1576: 2023 ALL TOP D90 | B1576: ='KI DISCONTINUE D85'!$B$2 -> 46099 | C1576: ='KI DISCONTINUE D85'!$C$2 -> 46113 | D1576: 3259 | E1576: 333 | F1576: 3 | G1576: 8 | I1576: COLE | J1576: 79318753 | K1576: LEBSPR02 | L1576: SS KOKO PRINT PINTU FULL PLACKET LEBSPR02:SAND:S:GRAPHIC:SS KOKO | M1576: 299900 | N1576: 0.9 | O1576: =M1576-(M1576*N1576) -> 29990 | P1576: PERCENTAGE
A1577: 2023 ALL TOP D90 | B1577: ='KI DISCONTINUE D85'!$B$2 -> 46099 | C1577: ='KI DISCONTINUE D85'!$C$2 -> 46113 | D1577: 3259 | E1577: 333 | F1577: 3 | G1577: 8 | I1577: COLE | J1577: 79318762 | K1577: LEBSPR02 | L1577: SS KOKO PRINT PINTU FULL PLACKET LEBSPR02:SAND:M:GRAPHIC:SS KOKO | M1577: 299900 | N1577: 0.9 | O1577: =M1577-(M1577*N1577) -> 29990 | P1577: PERCENTAGE
A1578: 2023 ALL TOP D90 | B1578: ='KI DISCONTINUE D85'!$B$2 -> 46099 | C1578: ='KI DISCONTINUE D85'!$C$2 -> 46113 | D1578: 3259 | E1578: 333 | F1578: 3 | G1578: 8 | I1578: COLE | J1578: 79318771 | K1578: LEBSPR02 | L1578: SS KOKO PRINT PINTU FULL PLACKET LEBSPR02:SAND:L:GRAPHIC:SS KOKO | M1578: 299900 | N1578: 0.9 | O1578: =M1578-(M1578*N1578) -> 29990 | P1578: PERCENTAGE
A1579: 2023 ALL TOP D90 | B1579: ='KI DISCONTINUE D85'!$B$2 -> 46099 | C1579: ='KI DISCONTINUE D85'!$C$2 -> 46113 | D1579: 3259 | E1579: 333 | F1579: 3 | G1579: 8 | I1579: COLE | J1579: 79318780 | K1579: LEBSPR02 | L1579: SS KOKO PRINT PINTU FULL PLACKET LEBSPR02:SAND:XL:GRAPHIC:SS KOKO | M1579: 299900 | N1579: 0.9 | O1579: =M1579-(M1579*N1579) -> 29990 | P1579: PERCENTAGE
A1580: 2023 ALL TOP D90 | B1580: ='KI DISCONTINUE D85'!$B$2 -> 46099 | C1580: ='KI DISCONTINUE D85'!$C$2 -> 46113 | D1580: 3259 | E1580: 333 | F1580: 3 | G1580: 8 | I1580: COLE | J1580: 79318799 | K1580: LEBSPR03 | L1580: SS KOKO PRINT DADA FULL PLACKET LEBSPR03:PASTEL GREEN:S:GRAPHIC:SS KOKO | M1580: 299900 | N1580: 0.9 | O1580: =M1580-(M1580*N1580) -> 29990 | P1580: PERCENTAGE
A1581: 2023 ALL TOP D90 | B1581: ='KI DISCONTINUE D85'!$B$2 -> 46099 | C1581: ='KI DISCONTINUE D85'!$C$2 -> 46113 | D1581: 3259 | E1581: 333 | F1581: 3 | G1581: 8 | I1581: COLE | J1581: 79318806 | K1581: LEBSPR03 | L1581: SS KOKO PRINT DADA FULL PLACKET LEBSPR03:PASTEL GREEN:M:GRAPHIC:SS KOKO | M1581: 299900 | N1581: 0.9 | O1581: =M1581-(M1581*N1581) -> 29990 | P1581: PERCENTAGE
A1582: 2023 ALL TOP D90 | B1582: ='KI DISCONTINUE D85'!$B$2 -> 46099 | C1582: ='KI DISCONTINUE D85'!$C$2 -> 46113 | D1582: 3259 | E1582: 333 | F1582: 3 | G1582: 8 | I1582: COLE | J1582: 79318815 | K1582: LEBSPR03 | L1582: SS KOKO PRINT DADA FULL PLACKET LEBSPR03:PASTEL GREEN:L:GRAPHIC:SS KOKO | M1582: 299900 | N1582: 0.9 | O1582: =M1582-(M1582*N1582) -> 29990 | P1582: PERCENTAGE
A1583: 2023 ALL TOP D90 | B1583: ='KI DISCONTINUE D85'!$B$2 -> 46099 | C1583: ='KI DISCONTINUE D85'!$C$2 -> 46113 | D1583: 3259 | E1583: 333 | F1583: 3 | G1583: 8 | I1583: COLE | J1583: 79318824 | K1583: LEBSPR03 | L1583: SS KOKO PRINT DADA FULL PLACKET LEBSPR03:PASTEL GREEN:XL:GRAPHIC:SS KOKO | M1583: 299900 | N1583: 0.9 | O1583: =M1583-(M1583*N1583) -> 29990 | P1583: PERCENTAGE
... A1759: 2023 ALL TOP D90 | B1759: ='KI DISCONTINUE D85'!$B$2 -> 46099 | C1759: ='KI DISCONTINUE D85'!$C$2 -> 46113 | D1759: 3259 | E1759: 333 | F1759: 3 | G1759: 8 | I1759: COLE | J1759: 80623107 | K1759: LEBSYD13 | L1759: SS KOKO YARN DYED HIDDEN BUTTON LEBSYD13:PASTEL GREY:XL:SOLID:SS KOKO | M1759: 349900 | N1759: 0.9 | O1759: =M1759-(M1759*N1759) -> 34990 | P1759: PERCENTAGE

Sheet 2023 KI DISCONTINUE D90
A1: ACARA | B1: FROM DATE | C1: TO DATE | D1: DEPT | E1: WORLD | F1: DIVISION | G1: CLASS | H1: SUPPLIER | I1: BRAND | J1: SKU | K1: ARTICLE | L1: DESCRIPTION | M1: HARGA NORMAL | N1: DISKON | O1: HARGA PROMO | P1: DISCOUNT TYPE
A2: 2023 KI DISCONTINUE D90 | B2: ='KI DISCONTINUE D85'!$B$2 -> 46099 | C2: ='KI DISCONTINUE D85'!$C$2 -> 46113 | D2: 3259 | E2: 333 | F2: 3 | G2: 9 | I2: COLE | J2: 56047893 | K2: KISHEN | L2: SS T-SHIRT HENLEY BASIC KISHEN:BLACK:S:SOLID:SS T-SHIRT | M2: 129900 | N2: 0.9 | O2: =M2-(M2*N2) -> 12990 | P2: PERCENTAGE
A3: 2023 KI DISCONTINUE D90 | B3: ='KI DISCONTINUE D85'!$B$2 -> 46099 | C3: ='KI DISCONTINUE D85'!$C$2 -> 46113 | D3: 3259 | E3: 333 | F3: 3 | G3: 9 | I3: COLE | J3: 56047900 | K3: KISHEN | L3: SS T-SHIRT HENLEY BASIC KISHEN:BLACK:M:SOLID:SS T-SHIRT | M3: 129900 | N3: 0.9 | O3: =M3-(M3*N3) -> 12990 | P3: PERCENTAGE
A4: 2023 KI DISCONTINUE D90 | B4: ='KI DISCONTINUE D85'!$B$2 -> 46099 | C4: ='KI DISCONTINUE D85'!$C$2 -> 46113 | D4: 3259 | E4: 333 | F4: 3 | G4: 9 | I4: COLE | J4: 56047919 | K4: KISHEN | L4: SS T-SHIRT HENLEY BASIC KISHEN:BLACK:L:SOLID:SS T-SHIRT | M4: 129900 | N4: 0.9 | O4: =M4-(M4*N4) -> 12990 | P4: PERCENTAGE
A5: 2023 KI DISCONTINUE D90 | B5: ='KI DISCONTINUE D85'!$B$2 -> 46099 | C5: ='KI DISCONTINUE D85'!$C$2 -> 46113 | D5: 3259 | E5: 333 | F5: 3 | G5: 9 | I5: COLE | J5: 56047928 | K5: KISHEN | L5: SS T-SHIRT HENLEY BASIC KISHEN:BLACK:XL:SOLID:SS T-SHIRT | M5: 129900 | N5: 0.9 | O5: =M5-(M5*N5) -> 12990 | P5: PERCENTAGE
A6: 2023 KI DISCONTINUE D90 | B6: ='KI DISCONTINUE D85'!$B$2 -> 46099 | C6: ='KI DISCONTINUE D85'!$C$2 -> 46113 | D6: 3259 | E6: 333 | F6: 3 | G6: 9 | I6: COLE | J6: 56047937 | K6: KISHEN | L6: SS T-SHIRT HENLEY BASIC KISHEN:BLACK:XXL:SOLID:SS T-SHIRT | M6: 129900 | N6: 0.9 | O6: =M6-(M6*N6) -> 12990 | P6: PERCENTAGE
A7: 2023 KI DISCONTINUE D90 | B7: ='KI DISCONTINUE D85'!$B$2 -> 46099 | C7: ='KI DISCONTINUE D85'!$C$2 -> 46113 | D7: 3259 | E7: 333 | F7: 3 | G7: 9 | I7: COLE | J7: 56047946 | K7: KISHEN | L7: SS T-SHIRT HENLEY BASIC KISHEN:NAVY BLUE:S:SOLID:SS T-SHIRT | M7: 129900 | N7: 0.9 | O7: =M7-(M7*N7) -> 12990 | P7: PERCENTAGE
A8: 2023 KI DISCONTINUE D90 | B8: ='KI DISCONTINUE D85'!$B$2 -> 46099 | C8: ='KI DISCONTINUE D85'!$C$2 -> 46113 | D8: 3259 | E8: 333 | F8: 3 | G8: 9 | I8: COLE | J8: 56047955 | K8: KISHEN | L8: SS T-SHIRT HENLEY BASIC KISHEN:NAVY BLUE:M:SOLID:SS T-SHIRT | M8: 129900 | N8: 0.9 | O8: =M8-(M8*N8) -> 12990 | P8: PERCENTAGE
A9: 2023 KI DISCONTINUE D90 | B9: ='KI DISCONTINUE D85'!$B$2 -> 46099 | C9: ='KI DISCONTINUE D85'!$C$2 -> 46113 | D9: 3259 | E9: 333 | F9: 3 | G9: 9 | I9: COLE | J9: 56047964 | K9: KISHEN | L9: SS T-SHIRT HENLEY BASIC KISHEN:NAVY BLUE:L:SOLID:SS T-SHIRT | M9: 129900 | N9: 0.9 | O9: =M9-(M9*N9) -> 12990 | P9: PERCENTAGE
A10: 2023 KI DISCONTINUE D90 | B10: ='KI DISCONTINUE D85'!$B$2 -> 46099 | C10: ='KI DISCONTINUE D85'!$C$2 -> 46113 | D10: 3259 | E10: 333 | F10: 3 | G10: 9 | I10: COLE | J10: 56047973 | K10: KISHEN | L10: SS T-SHIRT HENLEY BASIC KISHEN:NAVY BLUE:XL:SOLID:SS T-SHIRT | M10: 129900 | N10: 0.9 | O10: =M10-(M10*N10) -> 12990 | P10: PERCENTAGE
A11: 2023 KI DISCONTINUE D90 | B11: ='KI DISCONTINUE D85'!$B$2 -> 46099 | C11: ='KI DISCONTINUE D85'!$C$2 -> 46113 | D11: 3259 | E11: 333 | F11: 3 | G11: 9 | I11: COLE | J11: 56047982 | K11: KISHEN | L11: SS T-SHIRT HENLEY BASIC KISHEN:NAVY BLUE:XXL:SOLID:SS T-SHIRT | M11: 129900 | N11: 0.9 | O11: =M11-(M11*N11) -> 12990 | P11: PERCENTAGE
A12: 2023 KI DISCONTINUE D90 | B12: ='KI DISCONTINUE D85'!$B$2 -> 46099 | C12: ='KI DISCONTINUE D85'!$C$2 -> 46113 | D12: 3259 | E12: 333 | F12: 3 | G12: 9 | I12: COLE | J12: 56047991 | K12: KISHEN | L12: SS T-SHIRT HENLEY BASIC KISHEN:MAROON:S:SOLID:SS T-SHIRT | M12: 129900 | N12: 0.9 | O12: =M12-(M12*N12) -> 12990 | P12: PERCENTAGE
A13: 2023 KI DISCONTINUE D90 | B13: ='KI DISCONTINUE D85'!$B$2 -> 46099 | C13: ='KI DISCONTINUE D85'!$C$2 -> 46113 | D13: 3259 | E13: 333 | F13: 3 | G13: 9 | I13: COLE | J13: 56048007 | K13: KISHEN | L13: SS T-SHIRT HENLEY BASIC KISHEN:MAROON:M:SOLID:SS T-SHIRT | M13: 129900 | N13: 0.9 | O13: =M13-(M13*N13) -> 12990 | P13: PERCENTAGE
... A66: 2023 KI DISCONTINUE D90 | B66: ='KI DISCONTINUE D85'!$B$2 -> 46099 | C66: ='KI DISCONTINUE D85'!$C$2 -> 46113 | D66: 3259 | E66: 333 | F66: 3 | G66: 9 | I66: COLE | J66: 79675126 | K66: ESSRN | L66: SS T-SHIRT OBL BASIC ROUND NECK ESSRN:WOOD BROWN:XXL:SOLID:SS T-SHIRT | M66: 119900 | N66: 0.9 | O66: =M66-(M66*N66) -> 11990 | P66: PERCENTAGE
A67: 2023 KI DISCONTINUE D90 | B67: ='KI DISCONTINUE D85'!B67 -> 46099 | C67: ='KI DISCONTINUE D85'!C67 -> 46113 | D67: 3259 | E67: 333 | F67: 3 | G67: 9 | I67: COLE | J67: 59361958 | K67: ESSRNM | L67: SS T-SHIRT ESSENTIAL SS ROUND NECK ESSRNS:MISTY LIGHT B:S:SOLID:SS T-SHIRT | M67: 119900 | N67: 0.9 | O67: =M67-(M67*N67) -> 11990 | P67: PERCENTAGE
A68: 2023 KI DISCONTINUE D90 | B68: ='KI DISCONTINUE D85'!B68 -> 46099 | C68: ='KI DISCONTINUE D85'!C68 -> 46113 | D68: 3259 | E68: 333 | F68: 3 | G68: 9 | I68: COLE | J68: 59361967 | K68: ESSRNM | L68: SS T-SHIRT ESSENTIAL SS ROUND NECK ESSRNS:MISTY LIGHT B:M:SOLID:SS T-SHIRT | M68: 119900 | N68: 0.9 | O68: =M68-(M68*N68) -> 11990 | P68: PERCENTAGE
A69: 2023 KI DISCONTINUE D90 | B69: ='KI DISCONTINUE D85'!B69 -> 46099 | C69: ='KI DISCONTINUE D85'!C69 -> 46113 | D69: 3259 | E69: 333 | F69: 3 | G69: 9 | I69: COLE | J69: 59361976 | K69: ESSRNM | L69: SS T-SHIRT ESSENTIAL SS ROUND NECK ESSRNS:MISTY LIGHT B:L:SOLID:SS T-SHIRT | M69: 119900 | N69: 0.9 | O69: =M69-(M69*N69) -> 11990 | P69: PERCENTAGE
A70: 2023 KI DISCONTINUE D90 | B70: ='KI DISCONTINUE D85'!B70 -> 46099 | C70: ='KI DISCONTINUE D85'!C70 -> 46113 | D70: 3259 | E70: 333 | F70: 3 | G70: 9 | I70: COLE | J70: 59361985 | K70: ESSRNM | L70: SS T-SHIRT ESSENTIAL SS ROUND NECK ESSRNS:MISTY LIGHT B:XL:SOLID:SS T-SHIRT | M70: 119900 | N70: 0.9 | O70: =M70-(M70*N70) -> 11990 | P70: PERCENTAGE
A71: 2023 KI DISCONTINUE D90 | B71: ='KI DISCONTINUE D85'!B71 -> 46099 | C71: ='KI DISCONTINUE D85'!C71 -> 46113 | D71: 3259 | E71: 333 | F71: 3 | G71: 9 | I71: COLE | J71: 59361994 | K71: ESSRNM | L71: SS T-SHIRT ESSENTIAL SS ROUND NECK ESSRNS:MISTY LIGHT B:XXL:SOLID:SS T-SHIRT | M71: 119900 | N71: 0.9 | O71: =M71-(M71*N71) -> 11990 | P71: PERCENTAGE
A72: 2023 KI DISCONTINUE D90 | B72: ='KI DISCONTINUE D85'!B72 -> 46099 | C72: ='KI DISCONTINUE D85'!C72 -> 46113 | D72: 3259 | E72: 333 | F72: 3 | G72: 9 | I72: COLE | J72: 73800107 | K72: ESLRNB | L72: LS SHIRT OBL BASIC ROUND NECK ESLRNB:GOLDEN BROWN:S:SOLID:LS T-SHIRT | M72: 129900 | N72: 0.9 | O72: =M72-(M72*N72) -> 12990 | P72: PERCENTAGE
A73: 2023 KI DISCONTINUE D90 | B73: ='KI DISCONTINUE D85'!B73 -> 46099 | C73: ='KI DISCONTINUE D85'!C73 -> 46113 | D73: 3259 | E73: 333 | F73: 3 | G73: 9 | I73: COLE | J73: 73800116 | K73: ESLRNB | L73: LS SHIRT OBL BASIC ROUND NECK ESLRNB:GOLDEN BROWN:M:SOLID:LS T-SHIRT | M73: 129900 | N73: 0.9 | O73: =M73-(M73*N73) -> 12990 | P73: PERCENTAGE
A74: 2023 KI DISCONTINUE D90 | B74: ='KI DISCONTINUE D85'!B74 -> 46099 | C74: ='KI DISCONTINUE D85'!C74 -> 46113 | D74: 3259 | E74: 333 | F74: 3 | G74: 9 | I74: COLE | J74: 73800125 | K74: ESLRNB | L74: LS SHIRT OBL BASIC ROUND NECK ESLRNB:GOLDEN BROWN:L:SOLID:LS T-SHIRT | M74: 129900 | N74: 0.9 | O74: =M74-(M74*N74) -> 12990 | P74: PERCENTAGE
A75: 2023 KI DISCONTINUE D90 | B75: ='KI DISCONTINUE D85'!B75 -> 46099 | C75: ='KI DISCONTINUE D85'!C75 -> 46113 | D75: 3259 | E75: 333 | F75: 3 | G75: 9 | I75: COLE | J75: 73800134 | K75: ESLRNB | L75: LS SHIRT OBL BASIC ROUND NECK ESLRNB:GOLDEN BROWN:XL:SOLID:LS T-SHIRT | M75: 129900 | N75: 0.9 | O75: =M75-(M75*N75) -> 12990 | P75: PERCENTAGE
A76: 2023 KI DISCONTINUE D90 | B76: ='KI DISCONTINUE D85'!B76 -> 46099 | C76: ='KI DISCONTINUE D85'!C76 -> 46113 | D76: 3259 | E76: 333 | F76: 3 | G76: 9 | I76: COLE | J76: 73800143 | K76: ESLRNB | L76: LS SHIRT OBL BASIC ROUND NECK ESLRNB:GOLDEN BROWN:XXL:SOLID:LS T-SHIRT | M76: 129900 | N76: 0.9 | O76: =M76-(M76*N76) -> 12990 | P76: PERCENTAGE
A77: 2023 KI DISCONTINUE D90 | B77: ='KI DISCONTINUE D85'!B77 -> 46099 | C77: ='KI DISCONTINUE D85'!C77 -> 46113 | D77: 3259 | E77: 333 | F77: 3 | G77: 9 | I77: COLE | J77: 76165343 | K77: ESSRN | L77: SS T-SHIRT OBL BASIC ROUND NECK ESSRN:CHRISTMAS GREEN:S:SOLID:SS T-SHIRT | M77: 119900 | N77: 0.9 | O77: =M77-(M77*N77) -> 11990 | P77: PERCENTAGE
A78: 2023 KI DISCONTINUE D90 | B78: ='KI DISCONTINUE D85'!B78 -> 46099 | C78: ='KI DISCONTINUE D85'!C78 -> 46113 | D78: 3259 | E78: 333 | F78: 3 | G78: 9 | I78: COLE | J78: 76165352 | K78: ESSRN | L78: SS T-SHIRT OBL BASIC ROUND NECK ESSRN:CHRISTMAS GREEN:M:SOLID:SS T-SHIRT | M78: 119900 | N78: 0.9 | O78: =M78-(M78*N78) -> 11990 | P78: PERCENTAGE
... A81: 2023 KI DISCONTINUE D90 | B81: ='KI DISCONTINUE D85'!B81 -> 46099 | C81: ='KI DISCONTINUE D85'!C81 -> 46113 | D81: 3259 | E81: 333 | F81: 3 | G81: 9 | I81: COLE | J81: 76165389 | K81: ESSRN | L81: SS T-SHIRT OBL BASIC ROUND NECK ESSRN:CHRISTMAS GREEN:XXL:SOLID:SS T-SHIRT | M81: 119900 | N81: 0.9 | O81: =M81-(M81*N81) -> 11990 | P81: PERCENTAGE
A82: 2023 KI DISCONTINUE D90 | B82: ='KI DISCONTINUE D85'!$B$2 -> 46099 | C82: ='KI DISCONTINUE D85'!$C$2 -> 46113 | D82: 3259 | E82: 333 | F82: 3 | G82: 10 | I82: COLE | J82: 73799263 | K82: BSWS | L82: SS POLO SHIRT WK BASIC LACOSE SOLID BSWS:RUSTIC BROWN:S:SOLID:SS POLO SHIRT | M82: 169900 | N82: 0.9 | O82: =M82-(M82*N82) -> 16990 | P82: PERCENTAGE
A83: 2023 KI DISCONTINUE D90 | B83: ='KI DISCONTINUE D85'!$B$2 -> 46099 | C83: ='KI DISCONTINUE D85'!$C$2 -> 46113 | D83: 3259 | E83: 333 | F83: 3 | G83: 10 | I83: COLE | J83: 73799272 | K83: BSWS | L83: SS POLO SHIRT WK BASIC LACOSE SOLID BSWS:RUSTIC BROWN:M:SOLID:SS POLO SHIRT | M83: 169900 | N83: 0.9 | O83: =M83-(M83*N83) -> 16990 | P83: PERCENTAGE
A84: 2023 KI DISCONTINUE D90 | B84: ='KI DISCONTINUE D85'!$B$2 -> 46099 | C84: ='KI DISCONTINUE D85'!$C$2 -> 46113 | D84: 3259 | E84: 333 | F84: 3 | G84: 10 | I84: COLE | J84: 73799281 | K84: BSWS | L84: SS POLO SHIRT WK BASIC LACOSE SOLID BSWS:RUSTIC BROWN:L:SOLID:SS POLO SHIRT | M84: 169900 | N84: 0.9 | O84: =M84-(M84*N84) -> 16990 | P84: PERCENTAGE
A85: 2023 KI DISCONTINUE D90 | B85: ='KI DISCONTINUE D85'!$B$2 -> 46099 | C85: ='KI DISCONTINUE D85'!$C$2 -> 46113 | D85: 3259 | E85: 333 | F85: 3 | G85: 10 | I85: COLE | J85: 73799290 | K85: BSWS | L85: SS POLO SHIRT WK BASIC LACOSE SOLID BSWS:RUSTIC BROWN:XL:SOLID:SS POLO SHIRT | M85: 169900 | N85: 0.9 | O85: =M85-(M85*N85) -> 16990 | P85: PERCENTAGE
A86: 2023 KI DISCONTINUE D90 | B86: ='KI DISCONTINUE D85'!$B$2 -> 46099 | C86: ='KI DISCONTINUE D85'!$C$2 -> 46113 | D86: 3259 | E86: 333 | F86: 3 | G86: 10 | I86: COLE | J86: 73799307 | K86: BSWS | L86: SS POLO SHIRT WK BASIC LACOSE SOLID BSWS:RUSTIC BROWN:XXL:SOLID:SS POLO SHIRT | M86: 169900 | N86: 0.9 | O86: =M86-(M86*N86) -> 16990 | P86: PERCENTAGE
A87: 2023 KI DISCONTINUE D90 | B87: ='KI DISCONTINUE D85'!$B$2 -> 46099 | C87: ='KI DISCONTINUE D85'!$C$2 -> 46113 | D87: 3259 | E87: 333 | F87: 3 | G87: 10 | I87: COLE | J87: 76165521 | K87: BSWS | L87: SS POLO SHIRT WK BASIC LACOSE SOLID BSWS:RUSTIC ORANGE:S:SOLID:SS POLO SHIRT | M87: 169900 | N87: 0.9 | O87: =M87-(M87*N87) -> 16990 | P87: PERCENTAGE
A88: 2023 KI DISCONTINUE D90 | B88: ='KI DISCONTINUE D85'!$B$2 -> 46099 | C88: ='KI DISCONTINUE D85'!$C$2 -> 46113 | D88: 3259 | E88: 333 | F88: 3 | G88: 10 | I88: COLE | J88: 76165530 | K88: BSWS | L88: SS POLO SHIRT WK BASIC LACOSE SOLID BSWS:RUSTIC ORANGE:M:SOLID:SS POLO SHIRT | M88: 169900 | N88: 0.9 | O88: =M88-(M88*N88) -> 16990 | P88: PERCENTAGE
A89: 2023 KI DISCONTINUE D90 | B89: ='KI DISCONTINUE D85'!$B$2 -> 46099 | C89: ='KI DISCONTINUE D85'!$C$2 -> 46113 | D89: 3259 | E89: 333 | F89: 3 | G89: 10 | I89: COLE | J89: 76165549 | K89: BSWS | L89: SS POLO SHIRT WK BASIC LACOSE SOLID BSWS:RUSTIC ORANGE:L:SOLID:SS POLO SHIRT | M89: 169900 | N89: 0.9 | O89: =M89-(M89*N89) -> 16990 | P89: PERCENTAGE
A90: 2023 KI DISCONTINUE D90 | B90: ='KI DISCONTINUE D85'!$B$2 -> 46099 | C90: ='KI DISCONTINUE D85'!$C$2 -> 46113 | D90: 3259 | E90: 333 | F90: 3 | G90: 10 | I90: COLE | J90: 76165558 | K90: BSWS | L90: SS POLO SHIRT WK BASIC LACOSE SOLID BSWS:RUSTIC ORANGE:XL:SOLID:SS POLO SHIRT | M90: 169900 | N90: 0.9 | O90: =M90-(M90*N90) -> 16990 | P90: PERCENTAGE
A91: 2023 KI DISCONTINUE D90 | B91: ='KI DISCONTINUE D85'!$B$2 -> 46099 | C91: ='KI DISCONTINUE D85'!$C$2 -> 46113 | D91: 3259 | E91: 333 | F91: 3 | G91: 10 | I91: COLE | J91: 76165567 | K91: BSWS | L91: SS POLO SHIRT WK BASIC LACOSE SOLID BSWS:RUSTIC ORANGE:XXL:SOLID:SS POLO SHIRT | M91: 169900 | N91: 0.9 | O91: =M91-(M91*N91) -> 16990 | P91: PERCENTAGE
A92: 2023 KI DISCONTINUE D90 | B92: ='KI DISCONTINUE D85'!$B$2 -> 46099 | C92: ='KI DISCONTINUE D85'!$C$2 -> 46113 | D92: 3259 | E92: 333 | F92: 3 | G92: 10 | I92: COLE | J92: 76188524 | K92: BSWS | L92: SS POLO SHIRT WK BASIC LACOSE SOLID BSWS:MANDARIN ORANGE:S:SOLID:SS POLO SHIRT | M92: 169900 | N92: 0.9 | O92: =M92-(M92*N92) -> 16990 | P92: PERCENTAGE
A93: 2023 KI DISCONTINUE D90 | B93: ='KI DISCONTINUE D85'!$B$2 -> 46099 | C93: ='KI DISCONTINUE D85'!$C$2 -> 46113 | D93: 3259 | E93: 333 | F93: 3 | G93: 10 | I93: COLE | J93: 76188533 | K93: BSWS | L93: SS POLO SHIRT WK BASIC LACOSE SOLID BSWS:MANDARIN ORANGE:M:SOLID:SS POLO SHIRT | M93: 169900 | N93: 0.9 | O93: =M93-(M93*N93) -> 16990 | P93: PERCENTAGE
... A111: 2023 KI DISCONTINUE D90 | B111: ='KI DISCONTINUE D85'!$B$2 -> 46099 | C111: ='KI DISCONTINUE D85'!$C$2 -> 46113 | D111: 3259 | E111: 333 | F111: 3 | G111: 10 | I111: COLE | J111: 79669955 | K111: BSWS | L111: SS POLO SHIRT WK BASIC LACOSE SOLID BSWS:WOOD BROWN:XXL:SOLID:SS POLO SHIRT | M111: 169900 | N111: 0.9 | O111: =M111-(M111*N111) -> 16990 | P111: PERCENTAGE

Sheet 2024 ALL TOP H1 D70
A1: ACARA | B1: FROM DATE | C1: TO DATE | D1: DEPT | E1: WORLD | F1: DIVISION | G1: CLASS | H1: SUPPLIER | I1: BRAND | J1: SKU | K1: ARTICLE | L1: DESCRIPTION | M1: HARGA NORMAL | N1: DISKON | O1: HARGA PROMO | P1: DISCOUNT TYPE
A2: 2024 H1 ALL TOP D70 | B2: ='KI DISCONTINUE D85'!$B$2 -> 46099 | C2: ='KI DISCONTINUE D85'!$C$2 -> 46113 | D2: 3259 | E2: 333 | F2: 3 | G2: 3 | I2: COLE | J2: 18485553 | K2: WSNYC04 | L2: SS SHIRT WOVEN KNIT WAFFLE COMB WSNYC04:BLACK:S:SOLID:SS SHIRT | M2: 279900 | N2: 0.7 | O2: =M2*(100%-N2) -> 83970 | P2: PERCENTAGE
A3: 2024 H1 ALL TOP D70 | B3: ='KI DISCONTINUE D85'!$B$2 -> 46099 | C3: ='KI DISCONTINUE D85'!$C$2 -> 46113 | D3: 3259 | E3: 333 | F3: 3 | G3: 3 | I3: COLE | J3: 18485562 | K3: WSNYC04 | L3: SS SHIRT WOVEN KNIT WAFFLE COMB WSNYC04:BLACK:M:SOLID:SS SHIRT | M3: 279900 | N3: 0.7 | O3: =M3*(100%-N3) -> 83970 | P3: PERCENTAGE
A4: 2024 H1 ALL TOP D70 | B4: ='KI DISCONTINUE D85'!$B$2 -> 46099 | C4: ='KI DISCONTINUE D85'!$C$2 -> 46113 | D4: 3259 | E4: 333 | F4: 3 | G4: 3 | I4: COLE | J4: 18485571 | K4: WSNYC04 | L4: SS SHIRT WOVEN KNIT WAFFLE COMB WSNYC04:BLACK:L:SOLID:SS SHIRT | M4: 279900 | N4: 0.7 | O4: =M4*(100%-N4) -> 83970 | P4: PERCENTAGE
A5: 2024 H1 ALL TOP D70 | B5: ='KI DISCONTINUE D85'!$B$2 -> 46099 | C5: ='KI DISCONTINUE D85'!$C$2 -> 46113 | D5: 3259 | E5: 333 | F5: 3 | G5: 3 | I5: COLE | J5: 18485580 | K5: WSNYC04 | L5: SS SHIRT WOVEN KNIT WAFFLE COMB WSNYC04:BLACK:XL:SOLID:SS SHIRT | M5: 279900 | N5: 0.7 | O5: =M5*(100%-N5) -> 83970 | P5: PERCENTAGE
A6: 2024 H1 ALL TOP D70 | B6: ='KI DISCONTINUE D85'!$B$2 -> 46099 | C6: ='KI DISCONTINUE D85'!$C$2 -> 46113 | D6: 3259 | E6: 333 | F6: 3 | G6: 3 | I6: COLE | J6: 18485599 | K6: WSADS02 | L6: SS SHIRT WOVEN ADRIATIC WSADS02:SAND:S:SOLID:SS SHIRT | M6: 279900 | N6: 0.7 | O6: =M6*(100%-N6) -> 83970 | P6: PERCENTAGE
A7: 2024 H1 ALL TOP D70 | B7: ='KI DISCONTINUE D85'!$B$2 -> 46099 | C7: ='KI DISCONTINUE D85'!$C$2 -> 46113 | D7: 3259 | E7: 333 | F7: 3 | G7: 3 | I7: COLE | J7: 18485606 | K7: WSADS02 | L7: SS SHIRT WOVEN ADRIATIC WSADS02:SAND:M:SOLID:SS SHIRT | M7: 279900 | N7: 0.7 | O7: =M7*(100%-N7) -> 83970 | P7: PERCENTAGE
A8: 2024 H1 ALL TOP D70 | B8: ='KI DISCONTINUE D85'!$B$2 -> 46099 | C8: ='KI DISCONTINUE D85'!$C$2 -> 46113 | D8: 3259 | E8: 333 | F8: 3 | G8: 3 | I8: COLE | J8: 18485615 | K8: WSADS02 | L8: SS SHIRT WOVEN ADRIATIC WSADS02:SAND:L:SOLID:SS SHIRT | M8: 279900 | N8: 0.7 | O8: =M8*(100%-N8) -> 83970 | P8: PERCENTAGE
A9: 2024 H1 ALL TOP D70 | B9: ='KI DISCONTINUE D85'!$B$2 -> 46099 | C9: ='KI DISCONTINUE D85'!$C$2 -> 46113 | D9: 3259 | E9: 333 | F9: 3 | G9: 3 | I9: COLE | J9: 18485624 | K9: WSADS02 | L9: SS SHIRT WOVEN ADRIATIC WSADS02:SAND:XL:SOLID:SS SHIRT | M9: 279900 | N9: 0.7 | O9: =M9*(100%-N9) -> 83970 | P9: PERCENTAGE
A10: 2024 H1 ALL TOP D70 | B10: ='KI DISCONTINUE D85'!$B$2 -> 46099 | C10: ='KI DISCONTINUE D85'!$C$2 -> 46113 | D10: 3259 | E10: 333 | F10: 3 | G10: 3 | I10: COLE | J10: 18485633 | K10: WSADS02 | L10: SS SHIRT WOVEN ADRIATIC WSADS02:WOOD BROWN:S:SOLID:SS SHIRT | M10: 279900 | N10: 0.7 | O10: =M10*(100%-N10) -> 83970 | P10: PERCENTAGE
A11: 2024 H1 ALL TOP D70 | B11: ='KI DISCONTINUE D85'!$B$2 -> 46099 | C11: ='KI DISCONTINUE D85'!$C$2 -> 46113 | D11: 3259 | E11: 333 | F11: 3 | G11: 3 | I11: COLE | J11: 18485642 | K11: WSADS02 | L11: SS SHIRT WOVEN ADRIATIC WSADS02:WOOD BROWN:M:SOLID:SS SHIRT | M11: 279900 | N11: 0.7 | O11: =M11*(100%-N11) -> 83970 | P11: PERCENTAGE
A12: 2024 H1 ALL TOP D70 | B12: ='KI DISCONTINUE D85'!$B$2 -> 46099 | C12: ='KI DISCONTINUE D85'!$C$2 -> 46113 | D12: 3259 | E12: 333 | F12: 3 | G12: 3 | I12: COLE | J12: 18485651 | K12: WSADS02 | L12: SS SHIRT WOVEN ADRIATIC WSADS02:WOOD BROWN:L:SOLID:SS SHIRT | M12: 279900 | N12: 0.7 | O12: =M12*(100%-N12) -> 83970 | P12: PERCENTAGE
A13: 2024 H1 ALL TOP D70 | B13: ='KI DISCONTINUE D85'!$B$2 -> 46099 | C13: ='KI DISCONTINUE D85'!$C$2 -> 46113 | D13: 3259 | E13: 333 | F13: 3 | G13: 3 | I13: COLE | J13: 18485660 | K13: WSADS02 | L13: SS SHIRT WOVEN ADRIATIC WSADS02:WOOD BROWN:XL:SOLID:SS SHIRT | M13: 279900 | N13: 0.7 | O13: =M13*(100%-N13) -> 83970 | P13: PERCENTAGE
... A233: 2024 H1 ALL TOP D70 | B233: ='KI DISCONTINUE D85'!$B$2 -> 46099 | C233: ='KI DISCONTINUE D85'!$C$2 -> 46113 | D233: 3259 | E233: 333 | F233: 3 | G233: 3 | I233: COLE | J233: 83021967 | K233: WLCSR05 | L233: LS SHIRT CHECK M6 WLCSR05:OFF WHITE:XL:CHECKS:LS SHIRT | M233: 299900 | N233: 0.7 | O233: =M233*(100%-N233) -> 89970 | P233: PERCENTAGE
A234: 2024 H1 ALL TOP D70 | B234: ='KI DISCONTINUE D85'!$B$2 -> 46099 | C234: ='KI DISCONTINUE D85'!$C$2 -> 46113 | D234: 3259 | E234: 333 | F234: 3 | G234: 4 | H234: 1 | I234: COLE | J234: 16400629 | K234: SWTBS02 | L234: SWEATSHIRT STRIPES INTERLOCK SWTBS02:BLACK:S:STRIPES:SWEATSHIRT | M234: 269900 | N234: 0.7 | O234: =M234*(100%-N234) -> 80970 | P234: PERCENTAGE
A235: 2024 H1 ALL TOP D70 | B235: ='KI DISCONTINUE D85'!$B$2 -> 46099 | C235: ='KI DISCONTINUE D85'!$C$2 -> 46113 | D235: 3259 | E235: 333 | F235: 3 | G235: 4 | H235: 1 | I235: COLE | J235: 16400638 | K235: SWTBS02 | L235: SWEATSHIRT STRIPES INTERLOCK SWTBS02:BLACK:M:STRIPES:SWEATSHIRT | M235: 269900 | N235: 0.7 | O235: =M235*(100%-N235) -> 80970 | P235: PERCENTAGE
A236: 2024 H1 ALL TOP D70 | B236: ='KI DISCONTINUE D85'!$B$2 -> 46099 | C236: ='KI DISCONTINUE D85'!$C$2 -> 46113 | D236: 3259 | E236: 333 | F236: 3 | G236: 4 | H236: 1 | I236: COLE | J236: 16400647 | K236: SWTBS02 | L236: SWEATSHIRT STRIPES INTERLOCK SWTBS02:BLACK:L:STRIPES:SWEATSHIRT | M236: 269900 | N236: 0.7 | O236: =M236*(100%-N236) -> 80970 | P236: PERCENTAGE
A237: 2024 H1 ALL TOP D70 | B237: ='KI DISCONTINUE D85'!$B$2 -> 46099 | C237: ='KI DISCONTINUE D85'!$C$2 -> 46113 | D237: 3259 | E237: 333 | F237: 3 | G237: 4 | H237: 1 | I237: COLE | J237: 16400656 | K237: SWTBS02 | L237: SWEATSHIRT STRIPES INTERLOCK SWTBS02:BLACK:XL:STRIPES:SWEATSHIRT | M237: 269900 | N237: 0.7 | O237: =M237*(100%-N237) -> 80970 | P237: PERCENTAGE
A238: 2024 H1 ALL TOP D70 | B238: ='KI DISCONTINUE D85'!$B$2 -> 46099 | C238: ='KI DISCONTINUE D85'!$C$2 -> 46113 | D238: 3259 | E238: 333 | F238: 3 | G238: 4 | H238: 1 | I238: COLE | J238: 16400665 | K238: SWTBS03 | L238: SWEATSHIRT TEXTURE MELANGE FLATKNIT LOOK SWTBS03:BLACK:S:TEXTURE:SWEATSHIRT | M238: 269900 | N238: 0.7 | O238: =M238*(100%-N238) -> 80970 | P238: PERCENTAGE
A239: 2024 H1 ALL TOP D70 | B239: ='KI DISCONTINUE D85'!$B$2 -> 46099 | C239: ='KI DISCONTINUE D85'!$C$2 -> 46113 | D239: 3259 | E239: 333 | F239: 3 | G239: 4 | H239: 1 | I239: COLE | J239: 16400674 | K239: SWTBS03 | L239: SWEATSHIRT TEXTURE MELANGE FLATKNIT LOOK SWTBS03:BLACK:M:TEXTURE:SWEATSHIRT | M239: 269900 | N239: 0.7 | O239: =M239*(100%-N239) -> 80970 | P239: PERCENTAGE
A240: 2024 H1 ALL TOP D70 | B240: ='KI DISCONTINUE D85'!$B$2 -> 46099 | C240: ='KI DISCONTINUE D85'!$C$2 -> 46113 | D240: 3259 | E240: 333 | F240: 3 | G240: 4 | H240: 1 | I240: COLE | J240: 16400683 | K240: SWTBS03 | L240: SWEATSHIRT TEXTURE MELANGE FLATKNIT LOOK SWTBS03:BLACK:L:TEXTURE:SWEATSHIRT | M240: 269900 | N240: 0.7 | O240: =M240*(100%-N240) -> 80970 | P240: PERCENTAGE
A241: 2024 H1 ALL TOP D70 | B241: ='KI DISCONTINUE D85'!$B$2 -> 46099 | C241: ='KI DISCONTINUE D85'!$C$2 -> 46113 | D241: 3259 | E241: 333 | F241: 3 | G241: 4 | H241: 1 | I241: COLE | J241: 16400692 | K241: SWTBS03 | L241: SWEATSHIRT TEXTURE MELANGE FLATKNIT LOOK SWTBS03:BLACK:XL:TEXTURE:SWEATSHIRT | M241: 269900 | N241: 0.7 | O241: =M241*(100%-N241) -> 80970 | P241: PERCENTAGE
A242: 2024 H1 ALL TOP D70 | B242: ='KI DISCONTINUE D85'!$B$2 -> 46099 | C242: ='KI DISCONTINUE D85'!$C$2 -> 46113 | D242: 3259 | E242: 333 | F242: 3 | G242: 4 | H242: 1 | I242: COLE | J242: 16419815 | K242: SWTBS03 | L242: SWEATSHIRT TEXTURE MELANGE FLATKNIT LOOK SWTBS03:WOOD BROWN:S:TEXTURE:SWEATSHIRT | M242: 269900 | N242: 0.7 | O242: =M242*(100%-N242) -> 80970 | P242: PERCENTAGE
A243: 2024 H1 ALL TOP D70 | B243: ='KI DISCONTINUE D85'!$B$2 -> 46099 | C243: ='KI DISCONTINUE D85'!$C$2 -> 46113 | D243: 3259 | E243: 333 | F243: 3 | G243: 4 | H243: 1 | I243: COLE | J243: 16419824 | K243: SWTBS03 | L243: SWEATSHIRT TEXTURE MELANGE FLATKNIT LOOK SWTBS03:WOOD BROWN:M:TEXTURE:SWEATSHIRT | M243: 269900 | N243: 0.7 | O243: =M243*(100%-N243) -> 80970 | P243: PERCENTAGE
A244: 2024 H1 ALL TOP D70 | B244: ='KI DISCONTINUE D85'!$B$2 -> 46099 | C244: ='KI DISCONTINUE D85'!$C$2 -> 46113 | D244: 3259 | E244: 333 | F244: 3 | G244: 4 | H244: 1 | I244: COLE | J244: 16419833 | K244: SWTBS03 | L244: SWEATSHIRT TEXTURE MELANGE FLATKNIT LOOK SWTBS03:WOOD BROWN:L:TEXTURE:SWEATSHIRT | M244: 269900 | N244: 0.7 | O244: =M244*(100%-N244) -> 80970 | P244: PERCENTAGE
A245: 2024 H1 ALL TOP D70 | B245: ='KI DISCONTINUE D85'!$B$2 -> 46099 | C245: ='KI DISCONTINUE D85'!$C$2 -> 46113 | D245: 3259 | E245: 333 | F245: 3 | G245: 4 | H245: 1 | I245: COLE | J245: 16419842 | K245: SWTBS03 | L245: SWEATSHIRT TEXTURE MELANGE FLATKNIT LOOK SWTBS03:WOOD BROWN:XL:TEXTURE:SWEATSHIRT | M245: 269900 | N245: 0.7 | O245: =M245*(100%-N245) -> 80970 | P245: PERCENTAGE
... A257: 2024 H1 ALL TOP D70 | B257: ='KI DISCONTINUE D85'!$B$2 -> 46099 | C257: ='KI DISCONTINUE D85'!$C$2 -> 46113 | D257: 3259 | E257: 333 | F257: 3 | G257: 4 | H257: 1 | I257: COLE | J257: 16716084 | K257: SWTBS04 | L257: SWEATSHIRT STRIPES INTERLOCK SWTBS04:CHARCOAL:XL:STRIPES:SWEATSHIRT | M257: 269900 | N257: 0.7 | O257: =M257*(100%-N257) -> 80970 | P257: PERCENTAGE
A258: 2024 H1 ALL TOP D70 | B258: ='KI DISCONTINUE D85'!$B$2 -> 46099 | C258: ='KI DISCONTINUE D85'!$C$2 -> 46113 | D258: 3259 | E258: 333 | F258: 3 | G258: 4 | I258: COLE | J258: 15996506 | K258: JKNGR02 | L258: JACKET ZIP BASIC SMALL OTTOMAN JKNGR02:OLIVE:S:SOLID:JACKET | M258: 299900 | N258: 0.7 | O258: =M258*(100%-N258) -> 89970 | P258: PERCENTAGE
A259: 2024 H1 ALL TOP D70 | B259: ='KI DISCONTINUE D85'!$B$2 -> 46099 | C259: ='KI DISCONTINUE D85'!$C$2 -> 46113 | D259: 3259 | E259: 333 | F259: 3 | G259: 4 | I259: COLE | J259: 15996515 | K259: JKNGR02 | L259: JACKET ZIP BASIC SMALL OTTOMAN JKNGR02:OLIVE:M:SOLID:JACKET | M259: 299900 | N259: 0.7 | O259: =M259*(100%-N259) -> 89970 | P259: PERCENTAGE
A260: 2024 H1 ALL TOP D70 | B260: ='KI DISCONTINUE D85'!$B$2 -> 46099 | C260: ='KI DISCONTINUE D85'!$C$2 -> 46113 | D260: 3259 | E260: 333 | F260: 3 | G260: 4 | I260: COLE | J260: 15996524 | K260: JKNGR02 | L260: JACKET ZIP BASIC SMALL OTTOMAN JKNGR02:OLIVE:L:SOLID:JACKET | M260: 299900 | N260: 0.7 | O260: =M260*(100%-N260) -> 89970 | P260: PERCENTAGE
A261: 2024 H1 ALL TOP D70 | B261: ='KI DISCONTINUE D85'!$B$2 -> 46099 | C261: ='KI DISCONTINUE D85'!$C$2 -> 46113 | D261: 3259 | E261: 333 | F261: 3 | G261: 4 | I261: COLE | J261: 15996533 | K261: JKNGR02 | L261: JACKET ZIP BASIC SMALL OTTOMAN JKNGR02:OLIVE:XL:SOLID:JACKET | M261: 299900 | N261: 0.7 | O261: =M261*(100%-N261) -> 89970 | P261: PERCENTAGE
A262: 2024 H1 ALL TOP D70 | B262: ='KI DISCONTINUE D85'!$B$2 -> 46099 | C262: ='KI DISCONTINUE D85'!$C$2 -> 46113 | D262: 3259 | E262: 333 | F262: 3 | G262: 4 | I262: COLE | J262: 15996542 | K262: JKNGR02 | L262: JACKET ZIP BASIC SMALL OTTOMAN JKNGR02:BLACK:S:SOLID:JACKET | M262: 299900 | N262: 0.7 | O262: =M262*(100%-N262) -> 89970 | P262: PERCENTAGE
A263: 2024 H1 ALL TOP D70 | B263: ='KI DISCONTINUE D85'!$B$2 -> 46099 | C263: ='KI DISCONTINUE D85'!$C$2 -> 46113 | D263: 3259 | E263: 333 | F263: 3 | G263: 4 | I263: COLE | J263: 15996551 | K263: JKNGR02 | L263: JACKET ZIP BASIC SMALL OTTOMAN JKNGR02:BLACK:M:SOLID:JACKET | M263: 299900 | N263: 0.7 | O263: =M263*(100%-N263) -> 89970 | P263: PERCENTAGE
A264: 2024 H1 ALL TOP D70 | B264: ='KI DISCONTINUE D85'!$B$2 -> 46099 | C264: ='KI DISCONTINUE D85'!$C$2 -> 46113 | D264: 3259 | E264: 333 | F264: 3 | G264: 4 | I264: COLE | J264: 15996560 | K264: JKNGR02 | L264: JACKET ZIP BASIC SMALL OTTOMAN JKNGR02:BLACK:L:SOLID:JACKET | M264: 299900 | N264: 0.7 | O264: =M264*(100%-N264) -> 89970 | P264: PERCENTAGE
A265: 2024 H1 ALL TOP D70 | B265: ='KI DISCONTINUE D85'!$B$2 -> 46099 | C265: ='KI DISCONTINUE D85'!$C$2 -> 46113 | D265: 3259 | E265: 333 | F265: 3 | G265: 4 | I265: COLE | J265: 15996579 | K265: JKNGR02 | L265: JACKET ZIP BASIC SMALL OTTOMAN JKNGR02:BLACK:XL:SOLID:JACKET | M265: 299900 | N265: 0.7 | O265: =M265*(100%-N265) -> 89970 | P265: PERCENTAGE
A266: 2024 H1 ALL TOP D70 | B266: ='KI DISCONTINUE D85'!$B$2 -> 46099 | C266: ='KI DISCONTINUE D85'!$C$2 -> 46113 | D266: 3259 | E266: 333 | F266: 3 | G266: 4 | I266: COLE | J266: 15996588 | K266: JKNGR02 | L266: JACKET ZIP BASIC SMALL OTTOMAN JKNGR02:BEIGE:S:SOLID:JACKET | M266: 299900 | N266: 0.7 | O266: =M266*(100%-N266) -> 89970 | P266: PERCENTAGE
A267: 2024 H1 ALL TOP D70 | B267: ='KI DISCONTINUE D85'!$B$2 -> 46099 | C267: ='KI DISCONTINUE D85'!$C$2 -> 46113 | D267: 3259 | E267: 333 | F267: 3 | G267: 4 | I267: COLE | J267: 15996597 | K267: JKNGR02 | L267: JACKET ZIP BASIC SMALL OTTOMAN JKNGR02:BEIGE:M:SOLID:JACKET | M267: 299900 | N267: 0.7 | O267: =M267*(100%-N267) -> 89970 | P267: PERCENTAGE
A268: 2024 H1 ALL TOP D70 | B268: ='KI DISCONTINUE D85'!$B$2 -> 46099 | C268: ='KI DISCONTINUE D85'!$C$2 -> 46113 | D268: 3259 | E268: 333 | F268: 3 | G268: 4 | I268: COLE | J268: 15996604 | K268: JKNGR02 | L268: JACKET ZIP BASIC SMALL OTTOMAN JKNGR02:BEIGE:L:SOLID:JACKET | M268: 299900 | N268: 0.7 | O268: =M268*(100%-N268) -> 89970 | P268: PERCENTAGE
A269: 2024 H1 ALL TOP D70 | B269: ='KI DISCONTINUE D85'!$B$2 -> 46099 | C269: ='KI DISCONTINUE D85'!$C$2 -> 46113 | D269: 3259 | E269: 333 | F269: 3 | G269: 4 | I269: COLE | J269: 15996613 | K269: JKNGR02 | L269: JACKET ZIP BASIC SMALL OTTOMAN JKNGR02:BEIGE:XL:SOLID:JACKET | M269: 299900 | N269: 0.7 | O269: =M269*(100%-N269) -> 89970 | P269: PERCENTAGE
... A333: 2024 H1 ALL TOP D70 | B333: ='KI DISCONTINUE D85'!$B$2 -> 46099 | C333: ='KI DISCONTINUE D85'!$C$2 -> 46113 | D333: 3259 | E333: 333 | F333: 3 | G333: 13 | I333: COLE | J333: 18485875 | K333: JSNYC01 | L333: JACKET SHAKET DENIM NYC JSNYC01:OFF WHITE:XL:SOLID:JACKET | M333: 399900 | N333: 0.7 | O333: =M333*(100%-N333) -> 119970 | P333: PERCENTAGE
A334: 2024 H1 ALL TOP D70 | B334: ='KI DISCONTINUE D85'!$B$2 -> 46099 | C334: ='KI DISCONTINUE D85'!$C$2 -> 46113 | D334: 3259 | E334: 333 | F334: 3 | G334: 13 | H334: 9 | I334: COLE | J334: 18486212 | K334: JMCIL05 | L334: JACKET MICRO BOMBER BASIC JMCIL05:NAVY BLUE:S:SOLID:JACKET | M334: 399900 | N334: 0.7 | O334: =M334*(100%-N334) -> 119970 | P334: PERCENTAGE
A335: 2024 H1 ALL TOP D70 | B335: ='KI DISCONTINUE D85'!$B$2 -> 46099 | C335: ='KI DISCONTINUE D85'!$C$2 -> 46113 | D335: 3259 | E335: 333 | F335: 3 | G335: 13 | H335: 9 | I335: COLE | J335: 18486221 | K335: JMCIL05 | L335: JACKET MICRO BOMBER BASIC JMCIL05:NAVY BLUE:M:SOLID:JACKET | M335: 399900 | N335: 0.7 | O335: =M335*(100%-N335) -> 119970 | P335: PERCENTAGE
A336: 2024 H1 ALL TOP D70 | B336: ='KI DISCONTINUE D85'!$B$2 -> 46099 | C336: ='KI DISCONTINUE D85'!$C$2 -> 46113 | D336: 3259 | E336: 333 | F336: 3 | G336: 13 | H336: 9 | I336: COLE | J336: 18486230 | K336: JMCIL05 | L336: JACKET MICRO BOMBER BASIC JMCIL05:NAVY BLUE:L:SOLID:JACKET | M336: 399900 | N336: 0.7 | O336: =M336*(100%-N336) -> 119970 | P336: PERCENTAGE
A337: 2024 H1 ALL TOP D70 | B337: ='KI DISCONTINUE D85'!$B$2 -> 46099 | C337: ='KI DISCONTINUE D85'!$C$2 -> 46113 | D337: 3259 | E337: 333 | F337: 3 | G337: 13 | H337: 9 | I337: COLE | J337: 18486249 | K337: JMCIL05 | L337: JACKET MICRO BOMBER BASIC JMCIL05:NAVY BLUE:XL:SOLID:JACKET | M337: 399900 | N337: 0.7 | O337: =M337*(100%-N337) -> 119970 | P337: PERCENTAGE
A338: 2024 H1 ALL TOP D70 | B338: ='KI DISCONTINUE D85'!$B$2 -> 46099 | C338: ='KI DISCONTINUE D85'!$C$2 -> 46113 | D338: 3259 | E338: 333 | F338: 3 | G338: 13 | H338: 9 | I338: COLE | J338: 18486258 | K338: JMCIL05 | L338: JACKET MICRO BOMBER BASIC JMCIL05:SAND:S:SOLID:JACKET | M338: 399900 | N338: 0.7 | O338: =M338*(100%-N338) -> 119970 | P338: PERCENTAGE
A339: 2024 H1 ALL TOP D70 | B339: ='KI DISCONTINUE D85'!$B$2 -> 46099 | C339: ='KI DISCONTINUE D85'!$C$2 -> 46113 | D339: 3259 | E339: 333 | F339: 3 | G339: 13 | H339: 9 | I339: COLE | J339: 18486267 | K339: JMCIL05 | L339: JACKET MICRO BOMBER BASIC JMCIL05:SAND:M:SOLID:JACKET | M339: 399900 | N339: 0.7 | O339: =M339*(100%-N339) -> 119970 | P339: PERCENTAGE
A340: 2024 H1 ALL TOP D70 | B340: ='KI DISCONTINUE D85'!$B$2 -> 46099 | C340: ='KI DISCONTINUE D85'!$C$2 -> 46113 | D340: 3259 | E340: 333 | F340: 3 | G340: 13 | H340: 9 | I340: COLE | J340: 18486276 | K340: JMCIL05 | L340: JACKET MICRO BOMBER BASIC JMCIL05:SAND:L:SOLID:JACKET | M340: 399900 | N340: 0.7 | O340: =M340*(100%-N340) -> 119970 | P340: PERCENTAGE
A341: 2024 H1 ALL TOP D70 | B341: ='KI DISCONTINUE D85'!$B$2 -> 46099 | C341: ='KI DISCONTINUE D85'!$C$2 -> 46113 | D341: 3259 | E341: 333 | F341: 3 | G341: 13 | H341: 9 | I341: COLE | J341: 18486285 | K341: JMCIL05 | L341: JACKET MICRO BOMBER BASIC JMCIL05:SAND:XL:SOLID:JACKET | M341: 399900 | N341: 0.7 | O341: =M341*(100%-N341) -> 119970 | P341: PERCENTAGE
A342: 2024 H1 ALL TOP D70 | B342: ='KI DISCONTINUE D85'!$B$2 -> 46099 | C342: ='KI DISCONTINUE D85'!$C$2 -> 46113 | D342: 3259 | E342: 333 | F342: 3 | G342: 13 | H342: 9 | I342: COLE | J342: 18526768 | K342: JMCIL05 | L342: JACKET MICRO BOMBER BASIC JMCIL05:WOOD BROWN:S:SOLID:JACKET | M342: 399900 | N342: 0.7 | O342: =M342*(100%-N342) -> 119970 | P342: PERCENTAGE
A343: 2024 H1 ALL TOP D70 | B343: ='KI DISCONTINUE D85'!$B$2 -> 46099 | C343: ='KI DISCONTINUE D85'!$C$2 -> 46113 | D343: 3259 | E343: 333 | F343: 3 | G343: 13 | H343: 9 | I343: COLE | J343: 18526777 | K343: JMCIL05 | L343: JACKET MICRO BOMBER BASIC JMCIL05:WOOD BROWN:M:SOLID:JACKET | M343: 399900 | N343: 0.7 | O343: =M343*(100%-N343) -> 119970 | P343: PERCENTAGE
A344: 2024 H1 ALL TOP D70 | B344: ='KI DISCONTINUE D85'!$B$2 -> 46099 | C344: ='KI DISCONTINUE D85'!$C$2 -> 46113 | D344: 3259 | E344: 333 | F344: 3 | G344: 13 | H344: 9 | I344: COLE | J344: 18526786 | K344: JMCIL05 | L344: JACKET MICRO BOMBER BASIC JMCIL05:WOOD BROWN:L:SOLID:JACKET | M344: 399900 | N344: 0.7 | O344: =M344*(100%-N344) -> 119970 | P344: PERCENTAGE
A345: 2024 H1 ALL TOP D70 | B345: ='KI DISCONTINUE D85'!$B$2 -> 46099 | C345: ='KI DISCONTINUE D85'!$C$2 -> 46113 | D345: 3259 | E345: 333 | F345: 3 | G345: 13 | H345: 9 | I345: COLE | J345: 18526795 | K345: JMCIL05 | L345: JACKET MICRO BOMBER BASIC JMCIL05:WOOD BROWN:XL:SOLID:JACKET | M345: 399900 | N345: 0.7 | O345: =M345*(100%-N345) -> 119970 | P345: PERCENTAGE
A346: 2024 H1 ALL TOP D70 | B346: ='KI DISCONTINUE D85'!$B$2 -> 46099 | C346: ='KI DISCONTINUE D85'!$C$2 -> 46113 | D346: 3259 | E346: 333 | F346: 3 | G346: 1 | I346: COLE | J346: 16423097 | K346: TNYCTR02 | L346: SS T-SHIRT BASIC TENCEL NYC TNYCTR02:NAVY BLUE:S:GRAPHIC:SS T-SHIRT | M346: 179900 | N346: 0.7 | O346: =M346*(100%-N346) -> 53970 | P346: PERCENTAGE
A347: 2024 H1 ALL TOP D70 | B347: ='KI DISCONTINUE D85'!$B$2 -> 46099 | C347: ='KI DISCONTINUE D85'!$C$2 -> 46113 | D347: 3259 | E347: 333 | F347: 3 | G347: 1 | I347: COLE | J347: 16423104 | K347: TNYCTR02 | L347: SS T-SHIRT BASIC TENCEL NYC TNYCTR02:NAVY BLUE:M:GRAPHIC:SS T-SHIRT | M347: 179900 | N347: 0.7 | O347: =M347*(100%-N347) -> 53970 | P347: PERCENTAGE
A348: 2024 H1 ALL TOP D70 | B348: ='KI DISCONTINUE D85'!$B$2 -> 46099 | C348: ='KI DISCONTINUE D85'!$C$2 -> 46113 | D348: 3259 | E348: 333 | F348: 3 | G348: 1 | I348: COLE | J348: 16423113 | K348: TNYCTR02 | L348: SS T-SHIRT BASIC TENCEL NYC TNYCTR02:NAVY BLUE:L:GRAPHIC:SS T-SHIRT | M348: 179900 | N348: 0.7 | O348: =M348*(100%-N348) -> 53970 | P348: PERCENTAGE
A349: 2024 H1 ALL TOP D70 | B349: ='KI DISCONTINUE D85'!$B$2 -> 46099 | C349: ='KI DISCONTINUE D85'!$C$2 -> 46113 | D349: 3259 | E349: 333 | F349: 3 | G349: 1 | I349: COLE | J349: 16423122 | K349: TNYCTR02 | L349: SS T-SHIRT BASIC TENCEL NYC TNYCTR02:NAVY BLUE:XL:GRAPHIC:SS T-SHIRT | M349: 179900 | N349: 0.7 | O349: =M349*(100%-N349) -> 53970 | P349: PERCENTAGE
A350: 2024 H1 ALL TOP D70 | B350: ='KI DISCONTINUE D85'!$B$2 -> 46099 | C350: ='KI DISCONTINUE D85'!$C$2 -> 46113 | D350: 3259 | E350: 333 | F350: 3 | G350: 1 | I350: COLE | J350: 18484581 | K350: TSGRAN04 | L350: SS T-SHIRT STEREOGRAPHIC HD TSGRAN04:OFF WHITE:S:GRAPHIC:SS T-SHIRT | M350: 149900 | N350: 0.7 | O350: =M350*(100%-N350) -> 44970 | P350: PERCENTAGE
A351: 2024 H1 ALL TOP D70 | B351: ='KI DISCONTINUE D85'!$B$2 -> 46099 | C351: ='KI DISCONTINUE D85'!$C$2 -> 46113 | D351: 3259 | E351: 333 | F351: 3 | G351: 1 | I351: COLE | J351: 18484590 | K351: TSGRAN04 | L351: SS T-SHIRT STEREOGRAPHIC HD TSGRAN04:OFF WHITE:M:GRAPHIC:SS T-SHIRT | M351: 149900 | N351: 0.7 | O351: =M351*(100%-N351) -> 44970 | P351: PERCENTAGE
A352: 2024 H1 ALL TOP D70 | B352: ='KI DISCONTINUE D85'!$B$2 -> 46099 | C352: ='KI DISCONTINUE D85'!$C$2 -> 46113 | D352: 3259 | E352: 333 | F352: 3 | G352: 1 | I352: COLE | J352: 18484616 | K352: TSGRAN04 | L352: SS T-SHIRT STEREOGRAPHIC HD TSGRAN04:OFF WHITE:XL:GRAPHIC:SS T-SHIRT | M352: 149900 | N352: 0.7 | O352: =M352*(100%-N352) -> 44970 | P352: PERCENTAGE
A353: 2024 H1 ALL TOP D70 | B353: ='KI DISCONTINUE D85'!$B$2 -> 46099 | C353: ='KI DISCONTINUE D85'!$C$2 -> 46113 | D353: 3259 | E353: 333 | F353: 3 | G353: 1 | I353: COLE | J353: 18484634 | K353: TGIL10 | L353: SS T-SHIRT PRINT SERENITY HD TGIL10:OFF WHITE:S:GRAPHIC:SS T-SHIRT | M353: 149900 | N353: 0.7 | O353: =M353*(100%-N353) -> 44970 | P353: PERCENTAGE
A354: 2024 H1 ALL TOP D70 | B354: ='KI DISCONTINUE D85'!$B$2 -> 46099 | C354: ='KI DISCONTINUE D85'!$C$2 -> 46113 | D354: 3259 | E354: 333 | F354: 3 | G354: 1 | I354: COLE | J354: 18484929 | K354: TGIL10 | L354: SS T-SHIRT PRINT SERENITY HD TGIL10:OFF WHITE:M:GRAPHIC:SS T-SHIRT | M354: 149900 | N354: 0.7 | O354: =M354*(100%-N354) -> 44970 | P354: PERCENTAGE
A355: 2024 H1 ALL TOP D70 | B355: ='KI DISCONTINUE D85'!$B$2 -> 46099 | C355: ='KI DISCONTINUE D85'!$C$2 -> 46113 | D355: 3259 | E355: 333 | F355: 3 | G355: 1 | I355: COLE | J355: 18484938 | K355: TGIL10 | L355: SS T-SHIRT PRINT SERENITY HD TGIL10:OFF WHITE:L:GRAPHIC:SS T-SHIRT | M355: 149900 | N355: 0.7 | O355: =M355*(100%-N355) -> 44970 | P355: PERCENTAGE
A356: 2024 H1 ALL TOP D70 | B356: ='KI DISCONTINUE D85'!$B$2 -> 46099 | C356: ='KI DISCONTINUE D85'!$C$2 -> 46113 | D356: 3259 | E356: 333 | F356: 3 | G356: 1 | I356: COLE | J356: 18484947 | K356: TGIL10 | L356: SS T-SHIRT PRINT SERENITY HD TGIL10:OFF WHITE:XL:GRAPHIC:SS T-SHIRT | M356: 149900 | N356: 0.7 | O356: =M356*(100%-N356) -> 44970 | P356: PERCENTAGE
A357: 2024 H1 ALL TOP D70 | B357: ='KI DISCONTINUE D85'!$B$2 -> 46099 | C357: ='KI DISCONTINUE D85'!$C$2 -> 46113 | D357: 3259 | E357: 333 | F357: 3 | G357: 1 | I357: COLE | J357: 18484956 | K357: TGCK10 | L357: SS T-SHIRT GRAPHIC SOLITUDE HD TGCK10:KHAKI:S:GRAPHIC:SS T-SHIRT | M357: 149900 | N357: 0.7 | O357: =M357*(100%-N357) -> 44970 | P357: PERCENTAGE
... A398: 2024 H1 ALL TOP D70 | B398: ='KI DISCONTINUE D85'!$B$2 -> 46099 | C398: ='KI DISCONTINUE D85'!$C$2 -> 46113 | D398: 3259 | E398: 333 | F398: 3 | G398: 1 | I398: COLE | J398: 19011946 | K398: TGCK12 | L398: SS T-SHIRT GRAPHIC HD EXTRAORDINARY TGCK12:BLACK:XL:GRAPHIC:SS T-SHIRT | M398: 149900 | N398: 0.7 | O398: =M398*(100%-N398) -> 44970 | P398: PERCENTAGE
A399: 2024 H1 ALL TOP D70 | B399: ='KI DISCONTINUE D85'!$B$2 -> 46099 | C399: ='KI DISCONTINUE D85'!$C$2 -> 46113 | D399: 3259 | E399: 333 | F399: 3 | G399: 1 | H399: 1 | I399: COLE | J399: 13560748 | K399: BSGRMT01 | L399: SS T-SHIRT BIG AUTHENTIC BSGRMT01:OFF WHITE:2XL:GRAPHIC:SS T-SHIRT | M399: 179900 | N399: 0.7 | O399: =M399*(100%-N399) -> 53970 | P399: PERCENTAGE
A400: 2024 H1 ALL TOP D70 | B400: ='KI DISCONTINUE D85'!$B$2 -> 46099 | C400: ='KI DISCONTINUE D85'!$C$2 -> 46113 | D400: 3259 | E400: 333 | F400: 3 | G400: 1 | H400: 1 | I400: COLE | J400: 13560757 | K400: BSGRMT01 | L400: SS T-SHIRT BIG AUTHENTIC BSGRMT01:OFF WHITE:3XL:GRAPHIC:SS T-SHIRT | M400: 179900 | N400: 0.7 | O400: =M400*(100%-N400) -> 53970 | P400: PERCENTAGE
A401: 2024 H1 ALL TOP D70 | B401: ='KI DISCONTINUE D85'!$B$2 -> 46099 | C401: ='KI DISCONTINUE D85'!$C$2 -> 46113 | D401: 3259 | E401: 333 | F401: 3 | G401: 1 | H401: 1 | I401: COLE | J401: 13560766 | K401: BSGRMT01 | L401: SS T-SHIRT BIG AUTHENTIC BSGRMT01:OFF WHITE:4XL:GRAPHIC:SS T-SHIRT | M401: 179900 | N401: 0.7 | O401: =M401*(100%-N401) -> 53970 | P401: PERCENTAGE
A402: 2024 H1 ALL TOP D70 | B402: ='KI DISCONTINUE D85'!$B$2 -> 46099 | C402: ='KI DISCONTINUE D85'!$C$2 -> 46113 | D402: 3259 | E402: 333 | F402: 3 | G402: 1 | H402: 1 | I402: COLE | J402: 13560775 | K402: BSGRKG01 | L402: SS T-SHIRT BIG SELF CONTROL ROUND BSGRKG01:CHARCOAL:2XL:GRAPHIC:SS T-SHIRT | M402: 179900 | N402: 0.7 | O402: =M402*(100%-N402) -> 53970 | P402: PERCENTAGE
A403: 2024 H1 ALL TOP D70 | B403: ='KI DISCONTINUE D85'!$B$2 -> 46099 | C403: ='KI DISCONTINUE D85'!$C$2 -> 46113 | D403: 3259 | E403: 333 | F403: 3 | G403: 1 | H403: 1 | I403: COLE | J403: 13560784 | K403: BSGRKG01 | L403: SS T-SHIRT BIG SELF CONTROL ROUND BSGRKG01:CHARCOAL:3XL:GRAPHIC:SS T-SHIRT | M403: 179900 | N403: 0.7 | O403: =M403*(100%-N403) -> 53970 | P403: PERCENTAGE
A404: 2024 H1 ALL TOP D70 | B404: ='KI DISCONTINUE D85'!$B$2 -> 46099 | C404: ='KI DISCONTINUE D85'!$C$2 -> 46113 | D404: 3259 | E404: 333 | F404: 3 | G404: 1 | H404: 1 | I404: COLE | J404: 13560793 | K404: BSGRKG01 | L404: SS T-SHIRT BIG SELF CONTROL ROUND BSGRKG01:CHARCOAL:4XL:GRAPHIC:SS T-SHIRT | M404: 179900 | N404: 0.7 | O404: =M404*(100%-N404) -> 53970 | P404: PERCENTAGE
A405: 2024 H1 ALL TOP D70 | B405: ='KI DISCONTINUE D85'!$B$2 -> 46099 | C405: ='KI DISCONTINUE D85'!$C$2 -> 46113 | D405: 3259 | E405: 333 | F405: 3 | G405: 1 | H405: 1 | I405: COLE | J405: 15995785 | K405: TSGRAN02 | L405: SS T-SHIRT MOUNTAIN TSGRAN02:CHARCOAL:S:GRAPHIC:SS T-SHIRT | M405: 149900 | N405: 0.7 | O405: =M405*(100%-N405) -> 44970 | P405: PERCENTAGE
A406: 2024 H1 ALL TOP D70 | B406: ='KI DISCONTINUE D85'!$B$2 -> 46099 | C406: ='KI DISCONTINUE D85'!$C$2 -> 46113 | D406: 3259 | E406: 333 | F406: 3 | G406: 1 | H406: 1 | I406: COLE | J406: 15995794 | K406: TSGRAN02 | L406: SS T-SHIRT MOUNTAIN TSGRAN02:CHARCOAL:M:GRAPHIC:SS T-SHIRT | M406: 149900 | N406: 0.7 | O406: =M406*(100%-N406) -> 44970 | P406: PERCENTAGE
A407: 2024 H1 ALL TOP D70 | B407: ='KI DISCONTINUE D85'!$B$2 -> 46099 | C407: ='KI DISCONTINUE D85'!$C$2 -> 46113 | D407: 3259 | E407: 333 | F407: 3 | G407: 1 | H407: 1 | I407: COLE | J407: 15995801 | K407: TSGRAN02 | L407: SS T-SHIRT MOUNTAIN TSGRAN02:CHARCOAL:L:GRAPHIC:SS T-SHIRT | M407: 149900 | N407: 0.7 | O407: =M407*(100%-N407) -> 44970 | P407: PERCENTAGE
A408: 2024 H1 ALL TOP D70 | B408: ='KI DISCONTINUE D85'!$B$2 -> 46099 | C408: ='KI DISCONTINUE D85'!$C$2 -> 46113 | D408: 3259 | E408: 333 | F408: 3 | G408: 1 | H408: 1 | I408: COLE | J408: 15995810 | K408: TSGRAN02 | L408: SS T-SHIRT MOUNTAIN TSGRAN02:CHARCOAL:XL:GRAPHIC:SS T-SHIRT | M408: 149900 | N408: 0.7 | O408: =M408*(100%-N408) -> 44970 | P408: PERCENTAGE
A409: 2024 H1 ALL TOP D70 | B409: ='KI DISCONTINUE D85'!$B$2 -> 46099 | C409: ='KI DISCONTINUE D85'!$C$2 -> 46113 | D409: 3259 | E409: 333 | F409: 3 | G409: 1 | H409: 1 | I409: COLE | J409: 15995829 | K409: TGIL01 | L409: SS T-SHIRT ADVENTURE TGIL01:NAVY BLUE:S:GRAPHIC:SS T-SHIRT | M409: 149900 | N409: 0.7 | O409: =M409*(100%-N409) -> 44970 | P409: PERCENTAGE
A410: 2024 H1 ALL TOP D70 | B410: ='KI DISCONTINUE D85'!$B$2 -> 46099 | C410: ='KI DISCONTINUE D85'!$C$2 -> 46113 | D410: 3259 | E410: 333 | F410: 3 | G410: 1 | H410: 1 | I410: COLE | J410: 15995838 | K410: TGIL01 | L410: SS T-SHIRT ADVENTURE TGIL01:NAVY BLUE:M:GRAPHIC:SS T-SHIRT | M410: 149900 | N410: 0.7 | O410: =M410*(100%-N410) -> 44970 | P410: PERCENTAGE
... A543: 2024 H1 ALL TOP D70 | B543: ='KI DISCONTINUE D85'!$B$2 -> 46099 | C543: ='KI DISCONTINUE D85'!$C$2 -> 46113 | D543: 3259 | E543: 333 | F543: 3 | G543: 1 | H543: 7 | I543: COLE | J543: 18525894 | K543: TSGRAN06 | L543: SS T-SHIRT BOLD SHADOW TSGRAN06:BLACK:L:GRAPHIC:SS T-SHIRT | M543: 149900 | N543: 0.7 | O543: =M543*(100%-N543) -> 44970 | P543: PERCENTAGE
A544: 2024 H1 ALL TOP D70 | B544: ='KI DISCONTINUE D85'!$B$2 -> 46099 | C544: ='KI DISCONTINUE D85'!$C$2 -> 46113 | D544: 3259 | E544: 333 | F544: 3 | G544: 1 | I544: COLE | J544: 18525634 | K544: TNYCTR01 | L544: SS T-SHIRT BASIC TENCEL NYC TNYCTR01:BROWN SUGAR:S:SOLID:SS T-SHIRT | M544: 179900 | N544: 0.7 | O544: =M544*(100%-N544) -> 53970 | P544: PERCENTAGE
A545: 2024 H1 ALL TOP D70 | B545: ='KI DISCONTINUE D85'!$B$2 -> 46099 | C545: ='KI DISCONTINUE D85'!$C$2 -> 46113 | D545: 3259 | E545: 333 | F545: 3 | G545: 1 | I545: COLE | J545: 18525652 | K545: TNYCTR01 | L545: SS T-SHIRT BASIC TENCEL NYC TNYCTR01:BROWN SUGAR:M:SOLID:SS T-SHIRT | M545: 179900 | N545: 0.7 | O545: =M545*(100%-N545) -> 53970 | P545: PERCENTAGE
A546: 2024 H1 ALL TOP D70 | B546: ='KI DISCONTINUE D85'!$B$2 -> 46099 | C546: ='KI DISCONTINUE D85'!$C$2 -> 46113 | D546: 3259 | E546: 333 | F546: 3 | G546: 1 | I546: COLE | J546: 18525661 | K546: TNYCTR01 | L546: SS T-SHIRT BASIC TENCEL NYC TNYCTR01:BROWN SUGAR:L:SOLID:SS T-SHIRT | M546: 179900 | N546: 0.7 | O546: =M546*(100%-N546) -> 53970 | P546: PERCENTAGE
A547: 2024 H1 ALL TOP D70 | B547: ='KI DISCONTINUE D85'!$B$2 -> 46099 | C547: ='KI DISCONTINUE D85'!$C$2 -> 46113 | D547: 3259 | E547: 333 | F547: 3 | G547: 1 | I547: COLE | J547: 18525670 | K547: TNYCTR01 | L547: SS T-SHIRT BASIC TENCEL NYC TNYCTR01:BROWN SUGAR:XL:SOLID:SS T-SHIRT | M547: 179900 | N547: 0.7 | O547: =M547*(100%-N547) -> 53970 | P547: PERCENTAGE
A548: 2024 H1 ALL TOP D70 | B548: ='KI DISCONTINUE D85'!$B$2 -> 46099 | C548: ='KI DISCONTINUE D85'!$C$2 -> 46113 | D548: 3259 | E548: 333 | F548: 3 | G548: 1 | I548: COLE | J548: 18767801 | K548: TSBML01 | L548: SS T-SHIRT SOLID MELANGE UQ TSBML01:NAVY BLUE:S:SOLID:SS T-SHIRT | M548: 179900 | N548: 0.7 | O548: =M548*(100%-N548) -> 53970 | P548: PERCENTAGE
A549: 2024 H1 ALL TOP D70 | B549: ='KI DISCONTINUE D85'!$B$2 -> 46099 | C549: ='KI DISCONTINUE D85'!$C$2 -> 46113 | D549: 3259 | E549: 333 | F549: 3 | G549: 1 | I549: COLE | J549: 18767829 | K549: TSBML01 | L549: SS T-SHIRT SOLID MELANGE UQ TSBML01:NAVY BLUE:M:SOLID:SS T-SHIRT | M549: 179900 | N549: 0.7 | O549: =M549*(100%-N549) -> 53970 | P549: PERCENTAGE
A550: 2024 H1 ALL TOP D70 | B550: ='KI DISCONTINUE D85'!$B$2 -> 46099 | C550: ='KI DISCONTINUE D85'!$C$2 -> 46113 | D550: 3259 | E550: 333 | F550: 3 | G550: 1 | I550: COLE | J550: 18767847 | K550: TSBML01 | L550: SS T-SHIRT SOLID MELANGE UQ TSBML01:NAVY BLUE:L:SOLID:SS T-SHIRT | M550: 179900 | N550: 0.7 | O550: =M550*(100%-N550) -> 53970 | P550: PERCENTAGE
A551: 2024 H1 ALL TOP D70 | B551: ='KI DISCONTINUE D85'!$B$2 -> 46099 | C551: ='KI DISCONTINUE D85'!$C$2 -> 46113 | D551: 3259 | E551: 333 | F551: 3 | G551: 1 | I551: COLE | J551: 18767856 | K551: TSBML01 | L551: SS T-SHIRT SOLID MELANGE UQ TSBML01:NAVY BLUE:XL:SOLID:SS T-SHIRT | M551: 179900 | N551: 0.7 | O551: =M551*(100%-N551) -> 53970 | P551: PERCENTAGE
A552: 2024 H1 ALL TOP D70 | B552: ='KI DISCONTINUE D85'!$B$2 -> 46099 | C552: ='KI DISCONTINUE D85'!$C$2 -> 46113 | D552: 3259 | E552: 333 | F552: 3 | G552: 1 | I552: COLE | J552: 18767865 | K552: TSBML01 | L552: SS T-SHIRT SOLID MELANGE UQ TSBML01:SAND:S:SOLID:SS T-SHIRT | M552: 179900 | N552: 0.7 | O552: =M552*(100%-N552) -> 53970 | P552: PERCENTAGE
A553: 2024 H1 ALL TOP D70 | B553: ='KI DISCONTINUE D85'!$B$2 -> 46099 | C553: ='KI DISCONTINUE D85'!$C$2 -> 46113 | D553: 3259 | E553: 333 | F553: 3 | G553: 1 | I553: COLE | J553: 18767874 | K553: TSBML01 | L553: SS T-SHIRT SOLID MELANGE UQ TSBML01:SAND:M:SOLID:SS T-SHIRT | M553: 179900 | N553: 0.7 | O553: =M553*(100%-N553) -> 53970 | P553: PERCENTAGE
A554: 2024 H1 ALL TOP D70 | B554: ='KI DISCONTINUE D85'!$B$2 -> 46099 | C554: ='KI DISCONTINUE D85'!$C$2 -> 46113 | D554: 3259 | E554: 333 | F554: 3 | G554: 1 | I554: COLE | J554: 18767883 | K554: TSBML01 | L554: SS T-SHIRT SOLID MELANGE UQ TSBML01:SAND:L:SOLID:SS T-SHIRT | M554: 179900 | N554: 0.7 | O554: =M554*(100%-N554) -> 53970 | P554: PERCENTAGE
A555: 2024 H1 ALL TOP D70 | B555: ='KI DISCONTINUE D85'!$B$2 -> 46099 | C555: ='KI DISCONTINUE D85'!$C$2 -> 46113 | D555: 3259 | E555: 333 | F555: 3 | G555: 1 | I555: COLE | J555: 18767892 | K555: TSBML01 | L555: SS T-SHIRT SOLID MELANGE UQ TSBML01:SAND:XL:SOLID:SS T-SHIRT | M555: 179900 | N555: 0.7 | O555: =M555*(100%-N555) -> 53970 | P555: PERCENTAGE
... A575: 2024 H1 ALL TOP D70 | B575: ='KI DISCONTINUE D85'!$B$2 -> 46099 | C575: ='KI DISCONTINUE D85'!$C$2 -> 46113 | D575: 3259 | E575: 333 | F575: 3 | G575: 1 | I575: COLE | J575: 18717507 | K575: TSTBSA04 | L575: SS T-SHIRT STRIPES M AND S SLUB TSTBSA04:RUSTIC BROWN:XL:STRIPES:SS T-SHIRT | M575: 179900 | N575: 0.7 | O575: =M575*(100%-N575) -> 53970 | P575: PERCENTAGE
A576: 2024 H1 ALL TOP D70 | B576: ='KI DISCONTINUE D85'!$B$2 -> 46099 | C576: ='KI DISCONTINUE D85'!$C$2 -> 46113 | D576: 3259 | E576: 333 | F576: 3 | G576: 1 | H576: 1 | I576: COLE | J576: 15995347 | K576: TSBSA01 | L576: SS T-SHIRT FANCY SOLID HONEYCOMB TSBSA01:NAVY BLUE:S:SOLID:SS T-SHIRT | M576: 179900 | N576: 0.7 | O576: =M576*(100%-N576) -> 53970 | P576: PERCENTAGE
A577: 2024 H1 ALL TOP D70 | B577: ='KI DISCONTINUE D85'!$B$2 -> 46099 | C577: ='KI DISCONTINUE D85'!$C$2 -> 46113 | D577: 3259 | E577: 333 | F577: 3 | G577: 1 | H577: 1 | I577: COLE | J577: 15995356 | K577: TSBSA01 | L577: SS T-SHIRT FANCY SOLID HONEYCOMB TSBSA01:NAVY BLUE:M:SOLID:SS T-SHIRT | M577: 179900 | N577: 0.7 | O577: =M577*(100%-N577) -> 53970 | P577: PERCENTAGE
A578: 2024 H1 ALL TOP D70 | B578: ='KI DISCONTINUE D85'!$B$2 -> 46099 | C578: ='KI DISCONTINUE D85'!$C$2 -> 46113 | D578: 3259 | E578: 333 | F578: 3 | G578: 1 | H578: 1 | I578: COLE | J578: 15995365 | K578: TSBSA01 | L578: SS T-SHIRT FANCY SOLID HONEYCOMB TSBSA01:NAVY BLUE:L:SOLID:SS T-SHIRT | M578: 179900 | N578: 0.7 | O578: =M578*(100%-N578) -> 53970 | P578: PERCENTAGE
A579: 2024 H1 ALL TOP D70 | B579: ='KI DISCONTINUE D85'!$B$2 -> 46099 | C579: ='KI DISCONTINUE D85'!$C$2 -> 46113 | D579: 3259 | E579: 333 | F579: 3 | G579: 1 | H579: 1 | I579: COLE | J579: 15995374 | K579: TSBSA01 | L579: SS T-SHIRT FANCY SOLID HONEYCOMB TSBSA01:NAVY BLUE:XL:SOLID:SS T-SHIRT | M579: 179900 | N579: 0.7 | O579: =M579*(100%-N579) -> 53970 | P579: PERCENTAGE
A580: 2024 H1 ALL TOP D70 | B580: ='KI DISCONTINUE D85'!$B$2 -> 46099 | C580: ='KI DISCONTINUE D85'!$C$2 -> 46113 | D580: 3259 | E580: 333 | F580: 3 | G580: 1 | H580: 1 | I580: COLE | J580: 15995383 | K580: TSBSA01 | L580: SS T-SHIRT FANCY SOLID HONEYCOMB TSBSA01:RUSTIC BROWN:S:SOLID:SS T-SHIRT | M580: 179900 | N580: 0.7 | O580: =M580*(100%-N580) -> 53970 | P580: PERCENTAGE
A581: 2024 H1 ALL TOP D70 | B581: ='KI DISCONTINUE D85'!$B$2 -> 46099 | C581: ='KI DISCONTINUE D85'!$C$2 -> 46113 | D581: 3259 | E581: 333 | F581: 3 | G581: 1 | H581: 1 | I581: COLE | J581: 15995392 | K581: TSBSA01 | L581: SS T-SHIRT FANCY SOLID HONEYCOMB TSBSA01:RUSTIC BROWN:M:SOLID:SS T-SHIRT | M581: 179900 | N581: 0.7 | O581: =M581*(100%-N581) -> 53970 | P581: PERCENTAGE
A582: 2024 H1 ALL TOP D70 | B582: ='KI DISCONTINUE D85'!$B$2 -> 46099 | C582: ='KI DISCONTINUE D85'!$C$2 -> 46113 | D582: 3259 | E582: 333 | F582: 3 | G582: 1 | H582: 1 | I582: COLE | J582: 15995409 | K582: TSBSA01 | L582: SS T-SHIRT FANCY SOLID HONEYCOMB TSBSA01:RUSTIC BROWN:L:SOLID:SS T-SHIRT | M582: 179900 | N582: 0.7 | O582: =M582*(100%-N582) -> 53970 | P582: PERCENTAGE
A583: 2024 H1 ALL TOP D70 | B583: ='KI DISCONTINUE D85'!$B$2 -> 46099 | C583: ='KI DISCONTINUE D85'!$C$2 -> 46113 | D583: 3259 | E583: 333 | F583: 3 | G583: 1 | H583: 1 | I583: COLE | J583: 15995418 | K583: TSBSA01 | L583: SS T-SHIRT FANCY SOLID HONEYCOMB TSBSA01:RUSTIC BROWN:XL:SOLID:SS T-SHIRT | M583: 179900 | N583: 0.7 | O583: =M583*(100%-N583) -> 53970 | P583: PERCENTAGE
A584: 2024 H1 ALL TOP D70 | B584: ='KI DISCONTINUE D85'!$B$2 -> 46099 | C584: ='KI DISCONTINUE D85'!$C$2 -> 46113 | D584: 3259 | E584: 333 | F584: 3 | G584: 1 | H584: 1 | I584: COLE | J584: 15995427 | K584: TSBSA01 | L584: SS T-SHIRT FANCY SOLID HONEYCOMB TSBSA01:MISTY LIGHT GREY:S:SOLID:SS T-SHIRT | M584: 179900 | N584: 0.7 | O584: =M584*(100%-N584) -> 53970 | P584: PERCENTAGE
...

Sheet 2024 H2 ALL TOP D70
A1: ACARA | B1: FROM DATE | C1: TO DATE | D1: DEPT | E1: WORLD | F1: DIVISION | G1: CLASS | H1: SUPPLIER | I1: BRAND | J1: SKU | K1: ARTICLE | L1: DESCRIPTION | M1: HARGA NORMAL | N1: DISKON | O1: HARGA PROMO | P1: DISCOUNT TYPE
A2: 2024 H2 ALL TOP D70 | B2: ='KI DISCONTINUE D85'!$B$2 -> 46099 | C2: ='KI DISCONTINUE D85'!$C$2 -> 46113 | D2: 3259 | E2: 333 | F2: 3 | G2: 1 | I2: COLE | J2: 16013806 | K2: TNYCTR01 | L2: SS T-SHIRT BASIC TENCEL NYC TNYCTR01:OFF WHITE:S:SOLID:SS T-SHIRT | M2: 179900 | N2: 0.7 | O2: =M2*(100%-N2) -> 53970 | P2: PERCENTAGE
A3: 2024 H2 ALL TOP D70 | B3: ='KI DISCONTINUE D85'!$B$2 -> 46099 | C3: ='KI DISCONTINUE D85'!$C$2 -> 46113 | D3: 3259 | E3: 333 | F3: 3 | G3: 1 | I3: COLE | J3: 16013815 | K3: TNYCTR01 | L3: SS T-SHIRT BASIC TENCEL NYC TNYCTR01:OFF WHITE:M:SOLID:SS T-SHIRT | M3: 179900 | N3: 0.7 | O3: =M3*(100%-N3) -> 53970 | P3: PERCENTAGE
A4: 2024 H2 ALL TOP D70 | B4: ='KI DISCONTINUE D85'!$B$2 -> 46099 | C4: ='KI DISCONTINUE D85'!$C$2 -> 46113 | D4: 3259 | E4: 333 | F4: 3 | G4: 1 | I4: COLE | J4: 16013824 | K4: TNYCTR01 | L4: SS T-SHIRT BASIC TENCEL NYC TNYCTR01:OFF WHITE:L:SOLID:SS T-SHIRT | M4: 179900 | N4: 0.7 | O4: =M4*(100%-N4) -> 53970 | P4: PERCENTAGE
A5: 2024 H2 ALL TOP D70 | B5: ='KI DISCONTINUE D85'!$B$2 -> 46099 | C5: ='KI DISCONTINUE D85'!$C$2 -> 46113 | D5: 3259 | E5: 333 | F5: 3 | G5: 1 | I5: COLE | J5: 16013833 | K5: TNYCTR01 | L5: SS T-SHIRT BASIC TENCEL NYC TNYCTR01:OFF WHITE:XL:SOLID:SS T-SHIRT | M5: 179900 | N5: 0.7 | O5: =M5*(100%-N5) -> 53970 | P5: PERCENTAGE
A6: 2024 H2 ALL TOP D70 | B6: ='KI DISCONTINUE D85'!$B$2 -> 46099 | C6: ='KI DISCONTINUE D85'!$C$2 -> 46113 | D6: 3259 | E6: 333 | F6: 3 | G6: 1 | I6: COLE | J6: 16013842 | K6: TNYCTR01 | L6: SS T-SHIRT BASIC TENCEL NYC TNYCTR01:KHAKI:S:SOLID:SS T-SHIRT | M6: 179900 | N6: 0.7 | O6: =M6*(100%-N6) -> 53970 | P6: PERCENTAGE
A7: 2024 H2 ALL TOP D70 | B7: ='KI DISCONTINUE D85'!$B$2 -> 46099 | C7: ='KI DISCONTINUE D85'!$C$2 -> 46113 | D7: 3259 | E7: 333 | F7: 3 | G7: 1 | I7: COLE | J7: 16013851 | K7: TNYCTR01 | L7: SS T-SHIRT BASIC TENCEL NYC TNYCTR01:KHAKI:M:SOLID:SS T-SHIRT | M7: 179900 | N7: 0.7 | O7: =M7*(100%-N7) -> 53970 | P7: PERCENTAGE
A8: 2024 H2 ALL TOP D70 | B8: ='KI DISCONTINUE D85'!$B$2 -> 46099 | C8: ='KI DISCONTINUE D85'!$C$2 -> 46113 | D8: 3259 | E8: 333 | F8: 3 | G8: 1 | I8: COLE | J8: 16013860 | K8: TNYCTR01 | L8: SS T-SHIRT BASIC TENCEL NYC TNYCTR01:KHAKI:L:SOLID:SS T-SHIRT | M8: 179900 | N8: 0.7 | O8: =M8*(100%-N8) -> 53970 | P8: PERCENTAGE
A9: 2024 H2 ALL TOP D70 | B9: ='KI DISCONTINUE D85'!$B$2 -> 46099 | C9: ='KI DISCONTINUE D85'!$C$2 -> 46113 | D9: 3259 | E9: 333 | F9: 3 | G9: 1 | I9: COLE | J9: 16013879 | K9: TNYCTR01 | L9: SS T-SHIRT BASIC TENCEL NYC TNYCTR01:KHAKI:XL:SOLID:SS T-SHIRT | M9: 179900 | N9: 0.7 | O9: =M9*(100%-N9) -> 53970 | P9: PERCENTAGE
A10: 2024 H2 ALL TOP D70 | B10: ='KI DISCONTINUE D85'!$B$2 -> 46099 | C10: ='KI DISCONTINUE D85'!$C$2 -> 46113 | D10: 3259 | E10: 333 | F10: 3 | G10: 1 | I10: COLE | J10: 16013888 | K10: TNYCTR01 | L10: SS T-SHIRT BASIC TENCEL NYC TNYCTR01:CLASSIC BLUE:S:SOLID:SS T-SHIRT | M10: 179900 | N10: 0.7 | O10: =M10*(100%-N10) -> 53970 | P10: PERCENTAGE
A11: 2024 H2 ALL TOP D70 | B11: ='KI DISCONTINUE D85'!$B$2 -> 46099 | C11: ='KI DISCONTINUE D85'!$C$2 -> 46113 | D11: 3259 | E11: 333 | F11: 3 | G11: 1 | I11: COLE | J11: 16013897 | K11: TNYCTR01 | L11: SS T-SHIRT BASIC TENCEL NYC TNYCTR01:CLASSIC BLUE:M:SOLID:SS T-SHIRT | M11: 179900 | N11: 0.7 | O11: =M11*(100%-N11) -> 53970 | P11: PERCENTAGE
A12: 2024 H2 ALL TOP D70 | B12: ='KI DISCONTINUE D85'!$B$2 -> 46099 | C12: ='KI DISCONTINUE D85'!$C$2 -> 46113 | D12: 3259 | E12: 333 | F12: 3 | G12: 1 | I12: COLE | J12: 16013904 | K12: TNYCTR01 | L12: SS T-SHIRT BASIC TENCEL NYC TNYCTR01:CLASSIC BLUE:L:SOLID:SS T-SHIRT | M12: 179900 | N12: 0.7 | O12: =M12*(100%-N12) -> 53970 | P12: PERCENTAGE
A13: 2024 H2 ALL TOP D70 | B13: ='KI DISCONTINUE D85'!$B$2 -> 46099 | C13: ='KI DISCONTINUE D85'!$C$2 -> 46113 | D13: 3259 | E13: 333 | F13: 3 | G13: 1 | I13: COLE | J13: 16013913 | K13: TNYCTR01 | L13: SS T-SHIRT BASIC TENCEL NYC TNYCTR01:CLASSIC BLUE:XL:SOLID:SS T-SHIRT | M13: 179900 | N13: 0.7 | O13: =M13*(100%-N13) -> 53970 | P13: PERCENTAGE
... A53: 2024 H2 ALL TOP D70 | B53: ='KI DISCONTINUE D85'!$B$2 -> 46099 | C53: ='KI DISCONTINUE D85'!$C$2 -> 46113 | D53: 3259 | E53: 333 | F53: 3 | G53: 1 | I53: COLE | J53: 22528365 | K53: TSSLTR01 | L53: SS T-SHIRT MINI WAFFLE TSSLTR01:BLACK:XL:SOLID:SS T-SHIRT | M53: 179900 | N53: 0.7 | O53: =M53*(100%-N53) -> 53970 | P53: PERCENTAGE
A54: 2024 H2 ALL TOP D70 | B54: ='KI DISCONTINUE D85'!$B$2 -> 46099 | C54: ='KI DISCONTINUE D85'!$C$2 -> 46113 | D54: 3259 | E54: 333 | F54: 3 | G54: 1 | H54: 1 | I54: COLE | J54: 22528374 | K54: TSSLTR01 | L54: SS T-SHIRT MINI WAFFLE TSSLTR01:CHARCOAL:S:SOLID:SS T-SHIRT | M54: 179900 | N54: 0.7 | O54: =M54*(100%-N54) -> 53970 | P54: PERCENTAGE
A55: 2024 H2 ALL TOP D70 | B55: ='KI DISCONTINUE D85'!$B$2 -> 46099 | C55: ='KI DISCONTINUE D85'!$C$2 -> 46113 | D55: 3259 | E55: 333 | F55: 3 | G55: 1 | H55: 1 | I55: COLE | J55: 22528383 | K55: TSSLTR01 | L55: SS T-SHIRT MINI WAFFLE TSSLTR01:CHARCOAL:M:SOLID:SS T-SHIRT | M55: 179900 | N55: 0.7 | O55: =M55*(100%-N55) -> 53970 | P55: PERCENTAGE
A56: 2024 H2 ALL TOP D70 | B56: ='KI DISCONTINUE D85'!$B$2 -> 46099 | C56: ='KI DISCONTINUE D85'!$C$2 -> 46113 | D56: 3259 | E56: 333 | F56: 3 | G56: 1 | H56: 1 | I56: COLE | J56: 22528392 | K56: TSSLTR01 | L56: SS T-SHIRT MINI WAFFLE TSSLTR01:CHARCOAL:L:SOLID:SS T-SHIRT | M56: 179900 | N56: 0.7 | O56: =M56*(100%-N56) -> 53970 | P56: PERCENTAGE
A57: 2024 H2 ALL TOP D70 | B57: ='KI DISCONTINUE D85'!$B$2 -> 46099 | C57: ='KI DISCONTINUE D85'!$C$2 -> 46113 | D57: 3259 | E57: 333 | F57: 3 | G57: 1 | H57: 1 | I57: COLE | J57: 22528409 | K57: TSSLTR01 | L57: SS T-SHIRT MINI WAFFLE TSSLTR01:CHARCOAL:XL:SOLID:SS T-SHIRT | M57: 179900 | N57: 0.7 | O57: =M57*(100%-N57) -> 53970 | P57: PERCENTAGE
A58: 2024 H2 ALL TOP D70 | B58: ='KI DISCONTINUE D85'!$B$2 -> 46099 | C58: ='KI DISCONTINUE D85'!$C$2 -> 46113 | D58: 3259 | E58: 333 | F58: 3 | G58: 1 | H58: 1 | I58: COLE | J58: 19545352 | K58: TSTBSA06 | L58: SS T-SHIRT STRIPES FEEDER TSTBSA06:WOOD BROWN:S:STRIPES:SS T-SHIRT | M58: 179900 | N58: 0.7 | O58: =M58*(100%-N58) -> 53970 | P58: PERCENTAGE
A59: 2024 H2 ALL TOP D70 | B59: ='KI DISCONTINUE D85'!$B$2 -> 46099 | C59: ='KI DISCONTINUE D85'!$C$2 -> 46113 | D59: 3259 | E59: 333 | F59: 3 | G59: 1 | H59: 1 | I59: COLE | J59: 19545361 | K59: TSTBSA06 | L59: SS T-SHIRT STRIPES FEEDER TSTBSA06:WOOD BROWN:M:STRIPES:SS T-SHIRT | M59: 179900 | N59: 0.7 | O59: =M59*(100%-N59) -> 53970 | P59: PERCENTAGE
A60: 2024 H2 ALL TOP D70 | B60: ='KI DISCONTINUE D85'!$B$2 -> 46099 | C60: ='KI DISCONTINUE D85'!$C$2 -> 46113 | D60: 3259 | E60: 333 | F60: 3 | G60: 1 | H60: 1 | I60: COLE | J60: 19545370 | K60: TSTBSA06 | L60: SS T-SHIRT STRIPES FEEDER TSTBSA06:WOOD BROWN:L:STRIPES:SS T-SHIRT | M60: 179900 | N60: 0.7 | O60: =M60*(100%-N60) -> 53970 | P60: PERCENTAGE
A61: 2024 H2 ALL TOP D70 | B61: ='KI DISCONTINUE D85'!$B$2 -> 46099 | C61: ='KI DISCONTINUE D85'!$C$2 -> 46113 | D61: 3259 | E61: 333 | F61: 3 | G61: 1 | H61: 1 | I61: COLE | J61: 19545405 | K61: TSTBSA06 | L61: SS T-SHIRT STRIPES FEEDER TSTBSA06:WOOD BROWN:XL:STRIPES:SS T-SHIRT | M61: 179900 | N61: 0.7 | O61: =M61*(100%-N61) -> 53970 | P61: PERCENTAGE
A62: 2024 H2 ALL TOP D70 | B62: ='KI DISCONTINUE D85'!$B$2 -> 46099 | C62: ='KI DISCONTINUE D85'!$C$2 -> 46113 | D62: 3259 | E62: 333 | F62: 3 | G62: 1 | H62: 1 | I62: COLE | J62: 19545450 | K62: TSTBSA06 | L62: SS T-SHIRT STRIPES FEEDER TSTBSA06:BLACK:S:STRIPES:SS T-SHIRT | M62: 179900 | N62: 0.7 | O62: =M62*(100%-N62) -> 53970 | P62: PERCENTAGE
A63: 2024 H2 ALL TOP D70 | B63: ='KI DISCONTINUE D85'!$B$2 -> 46099 | C63: ='KI DISCONTINUE D85'!$C$2 -> 46113 | D63: 3259 | E63: 333 | F63: 3 | G63: 1 | H63: 1 | I63: COLE | J63: 19545478 | K63: TSTBSA06 | L63: SS T-SHIRT STRIPES FEEDER TSTBSA06:BLACK:M:STRIPES:SS T-SHIRT | M63: 179900 | N63: 0.7 | O63: =M63*(100%-N63) -> 53970 | P63: PERCENTAGE
A64: 2024 H2 ALL TOP D70 | B64: ='KI DISCONTINUE D85'!$B$2 -> 46099 | C64: ='KI DISCONTINUE D85'!$C$2 -> 46113 | D64: 3259 | E64: 333 | F64: 3 | G64: 1 | H64: 1 | I64: COLE | J64: 19545487 | K64: TSTBSA06 | L64: SS T-SHIRT STRIPES FEEDER TSTBSA06:BLACK:L:STRIPES:SS T-SHIRT | M64: 179900 | N64: 0.7 | O64: =M64*(100%-N64) -> 53970 | P64: PERCENTAGE
A65: 2024 H2 ALL TOP D70 | B65: ='KI DISCONTINUE D85'!$B$2 -> 46099 | C65: ='KI DISCONTINUE D85'!$C$2 -> 46113 | D65: 3259 | E65: 333 | F65: 3 | G65: 1 | H65: 1 | I65: COLE | J65: 19545496 | K65: TSTBSA06 | L65: SS T-SHIRT STRIPES FEEDER TSTBSA06:BLACK:XL:STRIPES:SS T-SHIRT | M65: 179900 | N65: 0.7 | O65: =M65*(100%-N65) -> 53970 | P65: PERCENTAGE
... A73: 2024 H2 ALL TOP D70 | B73: ='KI DISCONTINUE D85'!$B$2 -> 46099 | C73: ='KI DISCONTINUE D85'!$C$2 -> 46113 | D73: 3259 | E73: 333 | F73: 3 | G73: 1 | H73: 1 | I73: COLE | J73: 19545594 | K73: TSTBSA05 | L73: SS T-SHIRT STRIPES BASIC TSTBSA05:NAVY BLUE:XL:STRIPES:SS T-SHIRT | M73: 179900 | N73: 0.7 | O73: =M73*(100%-N73) -> 53970 | P73: PERCENTAGE
A74: 2024 H2 ALL TOP D70 | B74: ='KI DISCONTINUE D85'!$B$2 -> 46099 | C74: ='KI DISCONTINUE D85'!$C$2 -> 46113 | D74: 3259 | E74: 333 | F74: 3 | G74: 1 | I74: COLE | J74: 19542999 | K74: TPRKG05 | L74: SS T-SHIRT GRAPHIC INDEPENDENCE VICTORY TPRKG05:MAROON:S:GRAPHIC:SS T-SHIRT | M74: 149900 | N74: 0.7 | O74: =M74*(100%-N74) -> 44970 | P74: PERCENTAGE
A75: 2024 H2 ALL TOP D70 | B75: ='KI DISCONTINUE D85'!$B$2 -> 46099 | C75: ='KI DISCONTINUE D85'!$C$2 -> 46113 | D75: 3259 | E75: 333 | F75: 3 | G75: 1 | I75: COLE | J75: 19543005 | K75: TPRKG05 | L75: SS T-SHIRT GRAPHIC INDEPENDENCE VICTORY TPRKG05:MAROON:M:GRAPHIC:SS T-SHIRT | M75: 149900 | N75: 0.7 | O75: =M75*(100%-N75) -> 44970 | P75: PERCENTAGE
A76: 2024 H2 ALL TOP D70 | B76: ='KI DISCONTINUE D85'!$B$2 -> 46099 | C76: ='KI DISCONTINUE D85'!$C$2 -> 46113 | D76: 3259 | E76: 333 | F76: 3 | G76: 1 | I76: COLE | J76: 19543096 | K76: TPRKG05 | L76: SS T-SHIRT GRAPHIC INDEPENDENCE VICTORY TPRKG05:MAROON:L:GRAPHIC:SS T-SHIRT | M76: 149900 | N76: 0.7 | O76: =M76*(100%-N76) -> 44970 | P76: PERCENTAGE
A77: 2024 H2 ALL TOP D70 | B77: ='KI DISCONTINUE D85'!$B$2 -> 46099 | C77: ='KI DISCONTINUE D85'!$C$2 -> 46113 | D77: 3259 | E77: 333 | F77: 3 | G77: 1 | I77: COLE | J77: 19543103 | K77: TPRKG05 | L77: SS T-SHIRT GRAPHIC INDEPENDENCE VICTORY TPRKG05:MAROON:XL:GRAPHIC:SS T-SHIRT | M77: 149900 | N77: 0.7 | O77: =M77*(100%-N77) -> 44970 | P77: PERCENTAGE
A78: 2024 H2 ALL TOP D70 | B78: ='KI DISCONTINUE D85'!$B$2 -> 46099 | C78: ='KI DISCONTINUE D85'!$C$2 -> 46113 | D78: 3259 | E78: 333 | F78: 3 | G78: 1 | I78: COLE | J78: 19543112 | K78: TGIL15 | L78: SS T-SHIRT GRAPHIC INDEPENDENCE UNITY C AND S TGIL15:BLACK:S:GRAPHIC:SS T-SHIRT | M78: 149900 | N78: 0.7 | O78: =M78*(100%-N78) -> 44970 | P78: PERCENTAGE
A79: 2024 H2 ALL TOP D70 | B79: ='KI DISCONTINUE D85'!$B$2 -> 46099 | C79: ='KI DISCONTINUE D85'!$C$2 -> 46113 | D79: 3259 | E79: 333 | F79: 3 | G79: 1 | I79: COLE | J79: 19543121 | K79: TGIL15 | L79: SS T-SHIRT GRAPHIC INDEPENDENCE UNITY C AND S TGIL15:BLACK:M:GRAPHIC:SS T-SHIRT | M79: 149900 | N79: 0.7 | O79: =M79*(100%-N79) -> 44970 | P79: PERCENTAGE
A80: 2024 H2 ALL TOP D70 | B80: ='KI DISCONTINUE D85'!$B$2 -> 46099 | C80: ='KI DISCONTINUE D85'!$C$2 -> 46113 | D80: 3259 | E80: 333 | F80: 3 | G80: 1 | I80: COLE | J80: 19543130 | K80: TGIL15 | L80: SS T-SHIRT GRAPHIC INDEPENDENCE UNITY C AND S TGIL15:BLACK:L:GRAPHIC:SS T-SHIRT | M80: 149900 | N80: 0.7 | O80: =M80*(100%-N80) -> 44970 | P80: PERCENTAGE
A81: 2024 H2 ALL TOP D70 | B81: ='KI DISCONTINUE D85'!$B$2 -> 46099 | C81: ='KI DISCONTINUE D85'!$C$2 -> 46113 | D81: 3259 | E81: 333 | F81: 3 | G81: 1 | I81: COLE | J81: 19543149 | K81: TGIL15 | L81: SS T-SHIRT GRAPHIC INDEPENDENCE UNITY C AND S TGIL15:BLACK:XL:GRAPHIC:SS T-SHIRT | M81: 149900 | N81: 0.7 | O81: =M81*(100%-N81) -> 44970 | P81: PERCENTAGE
A82: 2024 H2 ALL TOP D70 | B82: ='KI DISCONTINUE D85'!$B$2 -> 46099 | C82: ='KI DISCONTINUE D85'!$C$2 -> 46113 | D82: 3259 | E82: 333 | F82: 3 | G82: 1 | I82: COLE | J82: 19543158 | K82: TPRKG04 | L82: SS T-SHIRT GRAPHIC MULTIVERSE TPRKG04:BEIGE:S:GRAPHIC:SS T-SHIRT | M82: 149900 | N82: 0.7 | O82: =M82*(100%-N82) -> 44970 | P82: PERCENTAGE
A83: 2024 H2 ALL TOP D70 | B83: ='KI DISCONTINUE D85'!$B$2 -> 46099 | C83: ='KI DISCONTINUE D85'!$C$2 -> 46113 | D83: 3259 | E83: 333 | F83: 3 | G83: 1 | I83: COLE | J83: 19543167 | K83: TPRKG04 | L83: SS T-SHIRT GRAPHIC MULTIVERSE TPRKG04:BEIGE:M:GRAPHIC:SS T-SHIRT | M83: 149900 | N83: 0.7 | O83: =M83*(100%-N83) -> 44970 | P83: PERCENTAGE
A84: 2024 H2 ALL TOP D70 | B84: ='KI DISCONTINUE D85'!$B$2 -> 46099 | C84: ='KI DISCONTINUE D85'!$C$2 -> 46113 | D84: 3259 | E84: 333 | F84: 3 | G84: 1 | I84: COLE | J84: 19543176 | K84: TPRKG04 | L84: SS T-SHIRT GRAPHIC MULTIVERSE TPRKG04:BEIGE:L:GRAPHIC:SS T-SHIRT | M84: 149900 | N84: 0.7 | O84: =M84*(100%-N84) -> 44970 | P84: PERCENTAGE
A85: 2024 H2 ALL TOP D70 | B85: ='KI DISCONTINUE D85'!$B$2 -> 46099 | C85: ='KI DISCONTINUE D85'!$C$2 -> 46113 | D85: 3259 | E85: 333 | F85: 3 | G85: 1 | I85: COLE | J85: 19543185 | K85: TPRKG04 | L85: SS T-SHIRT GRAPHIC MULTIVERSE TPRKG04:BEIGE:XL:GRAPHIC:SS T-SHIRT | M85: 149900 | N85: 0.7 | O85: =M85*(100%-N85) -> 44970 | P85: PERCENTAGE
... A321: 2024 H2 ALL TOP D70 | B321: ='KI DISCONTINUE D85'!$B$2 -> 46099 | C321: ='KI DISCONTINUE D85'!$C$2 -> 46113 | D321: 3259 | E321: 333 | F321: 3 | G321: 2 | I321: COLE | J321: 19544577 | K321: PSTRT05 | L321: SS POLO SHIRT STRIPES 5 CHEST LINES PSTRT05:TAUPE GREY:XL:STRIPES:SS POLO SHIRT | M321: 199900 | N321: 0.7 | O321: =M321*(100%-N321) -> 59970 | P321: PERCENTAGE
A322: 2024 H2 ALL TOP D70 | B322: ='KI DISCONTINUE D85'!$B$2 -> 46099 | C322: ='KI DISCONTINUE D85'!$C$2 -> 46113 | D322: 3259 | E322: 333 | F322: 3 | G322: 2 | H322: 1 | I322: COLE | J322: 19544586 | K322: PSTRT05 | L322: SS POLO SHIRT STRIPES 5 CHEST LINES PSTRT05:BLACK:S:STRIPES:SS POLO SHIRT | M322: 199900 | N322: 0.7 | O322: =M322*(100%-N322) -> 59970 | P322: PERCENTAGE
A323: 2024 H2 ALL TOP D70 | B323: ='KI DISCONTINUE D85'!$B$2 -> 46099 | C323: ='KI DISCONTINUE D85'!$C$2 -> 46113 | D323: 3259 | E323: 333 | F323: 3 | G323: 2 | H323: 1 | I323: COLE | J323: 19544693 | K323: PSTRT05 | L323: SS POLO SHIRT STRIPES 5 CHEST LINES PSTRT05:BLACK:M:STRIPES:SS POLO SHIRT | M323: 199900 | N323: 0.7 | O323: =M323*(100%-N323) -> 59970 | P323: PERCENTAGE
A324: 2024 H2 ALL TOP D70 | B324: ='KI DISCONTINUE D85'!$B$2 -> 46099 | C324: ='KI DISCONTINUE D85'!$C$2 -> 46113 | D324: 3259 | E324: 333 | F324: 3 | G324: 2 | H324: 1 | I324: COLE | J324: 19544700 | K324: PSTRT05 | L324: SS POLO SHIRT STRIPES 5 CHEST LINES PSTRT05:BLACK:L:STRIPES:SS POLO SHIRT | M324: 199900 | N324: 0.7 | O324: =M324*(100%-N324) -> 59970 | P324: PERCENTAGE
A325: 2024 H2 ALL TOP D70 | B325: ='KI DISCONTINUE D85'!$B$2 -> 46099 | C325: ='KI DISCONTINUE D85'!$C$2 -> 46113 | D325: 3259 | E325: 333 | F325: 3 | G325: 2 | H325: 1 | I325: COLE | J325: 19544719 | K325: PSTRT05 | L325: SS POLO SHIRT STRIPES 5 CHEST LINES PSTRT05:BLACK:XL:STRIPES:SS POLO SHIRT | M325: 199900 | N325: 0.7 | O325: =M325*(100%-N325) -> 59970 | P325: PERCENTAGE
A326: 2024 H2 ALL TOP D70 | B326: ='KI DISCONTINUE D85'!$B$2 -> 46099 | C326: ='KI DISCONTINUE D85'!$C$2 -> 46113 | D326: 3259 | E326: 333 | F326: 3 | G326: 2 | H326: 1 | I326: COLE | J326: 19544782 | K326: PSTRT03 | L326: SS POLO SHIRT SMALL STRIPES CLASSIC PSTRT03:SAND:S:STRIPES:SS POLO SHIRT | M326: 199900 | N326: 0.7 | O326: =M326*(100%-N326) -> 59970 | P326: PERCENTAGE
A327: 2024 H2 ALL TOP D70 | B327: ='KI DISCONTINUE D85'!$B$2 -> 46099 | C327: ='KI DISCONTINUE D85'!$C$2 -> 46113 | D327: 3259 | E327: 333 | F327: 3 | G327: 2 | H327: 1 | I327: COLE | J327: 19544880 | K327: PSTRT03 | L327: SS POLO SHIRT SMALL STRIPES CLASSIC PSTRT03:SAND:M:STRIPES:SS POLO SHIRT | M327: 199900 | N327: 0.7 | O327: =M327*(100%-N327) -> 59970 | P327: PERCENTAGE
A328: 2024 H2 ALL TOP D70 | B328: ='KI DISCONTINUE D85'!$B$2 -> 46099 | C328: ='KI DISCONTINUE D85'!$C$2 -> 46113 | D328: 3259 | E328: 333 | F328: 3 | G328: 2 | H328: 1 | I328: COLE | J328: 19544899 | K328: PSTRT03 | L328: SS POLO SHIRT SMALL STRIPES CLASSIC PSTRT03:SAND:L:STRIPES:SS POLO SHIRT | M328: 199900 | N328: 0.7 | O328: =M328*(100%-N328) -> 59970 | P328: PERCENTAGE
A329: 2024 H2 ALL TOP D70 | B329: ='KI DISCONTINUE D85'!$B$2 -> 46099 | C329: ='KI DISCONTINUE D85'!$C$2 -> 46113 | D329: 3259 | E329: 333 | F329: 3 | G329: 2 | H329: 1 | I329: COLE | J329: 19544915 | K329: PSTRT03 | L329: SS POLO SHIRT SMALL STRIPES CLASSIC PSTRT03:SAND:XL:STRIPES:SS POLO SHIRT | M329: 199900 | N329: 0.7 | O329: =M329*(100%-N329) -> 59970 | P329: PERCENTAGE
A330: 2024 H2 ALL TOP D70 | B330: ='KI DISCONTINUE D85'!$B$2 -> 46099 | C330: ='KI DISCONTINUE D85'!$C$2 -> 46113 | D330: 3259 | E330: 333 | F330: 3 | G330: 2 | H330: 1 | I330: COLE | J330: 19544924 | K330: PSTRT03 | L330: SS POLO SHIRT SMALL STRIPES CLASSIC PSTRT03:NAVY BLUE:S:STRIPES:SS POLO SHIRT | M330: 199900 | N330: 0.7 | O330: =M330*(100%-N330) -> 59970 | P330: PERCENTAGE
A331: 2024 H2 ALL TOP D70 | B331: ='KI DISCONTINUE D85'!$B$2 -> 46099 | C331: ='KI DISCONTINUE D85'!$C$2 -> 46113 | D331: 3259 | E331: 333 | F331: 3 | G331: 2 | H331: 1 | I331: COLE | J331: 19544933 | K331: PSTRT03 | L331: SS POLO SHIRT SMALL STRIPES CLASSIC PSTRT03:NAVY BLUE:M:STRIPES:SS POLO SHIRT | M331: 199900 | N331: 0.7 | O331: =M331*(100%-N331) -> 59970 | P331: PERCENTAGE
A332: 2024 H2 ALL TOP D70 | B332: ='KI DISCONTINUE D85'!$B$2 -> 46099 | C332: ='KI DISCONTINUE D85'!$C$2 -> 46113 | D332: 3259 | E332: 333 | F332: 3 | G332: 2 | H332: 1 | I332: COLE | J332: 19544942 | K332: PSTRT03 | L332: SS POLO SHIRT SMALL STRIPES CLASSIC PSTRT03:NAVY BLUE:L:STRIPES:SS POLO SHIRT | M332: 199900 | N332: 0.7 | O332: =M332*(100%-N332) -> 59970 | P332: PERCENTAGE
A333: 2024 H2 ALL TOP D70 | B333: ='KI DISCONTINUE D85'!$B$2 -> 46099 | C333: ='KI DISCONTINUE D85'!$C$2 -> 46113 | D333: 3259 | E333: 333 | F333: 3 | G333: 2 | H333: 1 | I333: COLE | J333: 19544951 | K333: PSTRT03 | L333: SS POLO SHIRT SMALL STRIPES CLASSIC PSTRT03:NAVY BLUE:XL:STRIPES:SS POLO SHIRT | M333: 199900 | N333: 0.7 | O333: =M333*(100%-N333) -> 59970 | P333: PERCENTAGE
... A353: 2024 H2 ALL TOP D70 | B353: ='KI DISCONTINUE D85'!$B$2 -> 46099 | C353: ='KI DISCONTINUE D85'!$C$2 -> 46113 | D353: 3259 | E353: 333 | F353: 3 | G353: 2 | H353: 1 | I353: COLE | J353: 19754779 | K353: PSTVT06 | L353: SS POLO SHIRT STRIPES VERTICAL PSTVT06:SAND:XL:STRIPES:SS POLO SHIRT | M353: 199900 | N353: 0.7 | O353: =M353*(100%-N353) -> 59970 | P353: PERCENTAGE
A354: 2024 H2 ALL TOP D70 | B354: ='KI DISCONTINUE D85'!$B$2 -> 46099 | C354: ='KI DISCONTINUE D85'!$C$2 -> 46113 | D354: 3259 | E354: 333 | F354: 3 | G354: 2 | I354: COLE | J354: 50071671 | K354: PSTRT06 | L354: SS POLO SHIRT STRIPES CUT&SEWN PSTRT06:WHITE:S:STRIPES:SS POLO SHIRT | M354: 199900 | N354: 0.7 | O354: =M354*(100%-N354) -> 59970 | P354: PERCENTAGE
A355: 2024 H2 ALL TOP D70 | B355: ='KI DISCONTINUE D85'!$B$2 -> 46099 | C355: ='KI DISCONTINUE D85'!$C$2 -> 46113 | D355: 3259 | E355: 333 | F355: 3 | G355: 2 | I355: COLE | J355: 50071680 | K355: PSTRT06 | L355: SS POLO SHIRT STRIPES CUT&SEWN PSTRT06:WHITE:M:STRIPES:SS POLO SHIRT | M355: 199900 | N355: 0.7 | O355: =M355*(100%-N355) -> 59970 | P355: PERCENTAGE
A356: 2024 H2 ALL TOP D70 | B356: ='KI DISCONTINUE D85'!$B$2 -> 46099 | C356: ='KI DISCONTINUE D85'!$C$2 -> 46113 | D356: 3259 | E356: 333 | F356: 3 | G356: 2 | I356: COLE | J356: 50071699 | K356: PSTRT06 | L356: SS POLO SHIRT STRIPES CUT&SEWN PSTRT06:WHITE:L:STRIPES:SS POLO SHIRT | M356: 199900 | N356: 0.7 | O356: =M356*(100%-N356) -> 59970 | P356: PERCENTAGE
A357: 2024 H2 ALL TOP D70 | B357: ='KI DISCONTINUE D85'!$B$2 -> 46099 | C357: ='KI DISCONTINUE D85'!$C$2 -> 46113 | D357: 3259 | E357: 333 | F357: 3 | G357: 2 | I357: COLE | J357: 50071706 | K357: PSTRT06 | L357: SS POLO SHIRT STRIPES CUT&SEWN PSTRT06:WHITE:XL:STRIPES:SS POLO SHIRT | M357: 199900 | N357: 0.7 | O357: =M357*(100%-N357) -> 59970 | P357: PERCENTAGE
A358: 2024 H2 ALL TOP D70 | B358: ='KI DISCONTINUE D85'!$B$2 -> 46099 | C358: ='KI DISCONTINUE D85'!$C$2 -> 46113 | D358: 3259 | E358: 333 | F358: 3 | G358: 2 | I358: COLE | J358: 50071715 | K358: PSTRT06 | L358: SS POLO SHIRT STRIPES CUT&SEWN PSTRT06:BLACK:S:STRIPES:SS POLO SHIRT | M358: 199900 | N358: 0.7 | O358: =M358*(100%-N358) -> 59970 | P358: PERCENTAGE
A359: 2024 H2 ALL TOP D70 | B359: ='KI DISCONTINUE D85'!$B$2 -> 46099 | C359: ='KI DISCONTINUE D85'!$C$2 -> 46113 | D359: 3259 | E359: 333 | F359: 3 | G359: 2 | I359: COLE | J359: 50071724 | K359: PSTRT06 | L359: SS POLO SHIRT STRIPES CUT&SEWN PSTRT06:BLACK:M:STRIPES:SS POLO SHIRT | M359: 199900 | N359: 0.7 | O359: =M359*(100%-N359) -> 59970 | P359: PERCENTAGE
A360: 2024 H2 ALL TOP D70 | B360: ='KI DISCONTINUE D85'!$B$2 -> 46099 | C360: ='KI DISCONTINUE D85'!$C$2 -> 46113 | D360: 3259 | E360: 333 | F360: 3 | G360: 2 | I360: COLE | J360: 50071733 | K360: PSTRT06 | L360: SS POLO SHIRT STRIPES CUT&SEWN PSTRT06:BLACK:L:STRIPES:SS POLO SHIRT | M360: 199900 | N360: 0.7 | O360: =M360*(100%-N360) -> 59970 | P360: PERCENTAGE
A361: 2024 H2 ALL TOP D70 | B361: ='KI DISCONTINUE D85'!$B$2 -> 46099 | C361: ='KI DISCONTINUE D85'!$C$2 -> 46113 | D361: 3259 | E361: 333 | F361: 3 | G361: 2 | I361: COLE | J361: 50071742 | K361: PSTRT06 | L361: SS POLO SHIRT STRIPES CUT&SEWN PSTRT06:BLACK:XL:STRIPES:SS POLO SHIRT | M361: 199900 | N361: 0.7 | O361: =M361*(100%-N361) -> 59970 | P361: PERCENTAGE
A362: 2024 H2 ALL TOP D70 | B362: ='KI DISCONTINUE D85'!$B$2 -> 46099 | C362: ='KI DISCONTINUE D85'!$C$2 -> 46113 | D362: 3259 | E362: 333 | F362: 3 | G362: 2 | I362: COLE | J362: 50071751 | K362: PSTRT06 | L362: SS POLO SHIRT STRIPES CUT&SEWN PSTRT06:CLASSIC BLUE:S:STRIPES:SS POLO SHIRT | M362: 199900 | N362: 0.7 | O362: =M362*(100%-N362) -> 59970 | P362: PERCENTAGE
A363: 2024 H2 ALL TOP D70 | B363: ='KI DISCONTINUE D85'!$B$2 -> 46099 | C363: ='KI DISCONTINUE D85'!$C$2 -> 46113 | D363: 3259 | E363: 333 | F363: 3 | G363: 2 | I363: COLE | J363: 50071760 | K363: PSTRT06 | L363: SS POLO SHIRT STRIPES CUT&SEWN PSTRT06:CLASSIC BLUE:M:STRIPES:SS POLO SHIRT | M363: 199900 | N363: 0.7 | O363: =M363*(100%-N363) -> 59970 | P363: PERCENTAGE
A364: 2024 H2 ALL TOP D70 | B364: ='KI DISCONTINUE D85'!$B$2 -> 46099 | C364: ='KI DISCONTINUE D85'!$C$2 -> 46113 | D364: 3259 | E364: 333 | F364: 3 | G364: 2 | I364: COLE | J364: 50071779 | K364: PSTRT06 | L364: SS POLO SHIRT STRIPES CUT&SEWN PSTRT06:CLASSIC BLUE:L:STRIPES:SS POLO SHIRT | M364: 199900 | N364: 0.7 | O364: =M364*(100%-N364) -> 59970 | P364: PERCENTAGE
A365: 2024 H2 ALL TOP D70 | B365: ='KI DISCONTINUE D85'!$B$2 -> 46099 | C365: ='KI DISCONTINUE D85'!$C$2 -> 46113 | D365: 3259 | E365: 333 | F365: 3 | G365: 2 | I365: COLE | J365: 50071788 | K365: PSTRT06 | L365: SS POLO SHIRT STRIPES CUT&SEWN PSTRT06:CLASSIC BLUE:XL:STRIPES:SS POLO SHIRT | M365: 199900 | N365: 0.7 | O365: =M365*(100%-N365) -> 59970 | P365: PERCENTAGE
... A405: 2024 H2 ALL TOP D70 | B405: ='KI DISCONTINUE D85'!$B$2 -> 46099 | C405: ='KI DISCONTINUE D85'!$C$2 -> 46113 | D405: 3259 | E405: 333 | F405: 3 | G405: 2 | I405: COLE | J405: 45293745 | K405: PSCNS01 | L405: SS POLO SHIRT PIN STRIPES PSCNS01:OFF WHITE:XL:STRIPES:SS POLO SHIRT | M405: 199900 | N405: 0.7 | O405: =M405*(100%-N405) -> 59970 | P405: PERCENTAGE
A406: 2024 H2 ALL TOP D70 | B406: ='KI DISCONTINUE D85'!$B$2 -> 46099 | C406: ='KI DISCONTINUE D85'!$C$2 -> 46113 | D406: 3259 | E406: 333 | F406: 3 | G406: 2 | H406: RO | I406: COLE | J406: 51878665 | K406: PSTRT07 | L406: SS POLO SHIRT STRIPES 5 LINES CHEST PSTRT07:NAVY BLUE:S:STRIPES:SS POLO SHIRT | M406: 199900 | N406: 0.7 | O406: =M406*(100%-N406) -> 59970 | P406: PERCENTAGE
A407: 2024 H2 ALL TOP D70 | B407: ='KI DISCONTINUE D85'!$B$2 -> 46099 | C407: ='KI DISCONTINUE D85'!$C$2 -> 46113 | D407: 3259 | E407: 333 | F407: 3 | G407: 2 | H407: RO | I407: COLE | J407: 51878674 | K407: PSTRT07 | L407: SS POLO SHIRT STRIPES 5 LINES CHEST PSTRT07:NAVY BLUE:M:STRIPES:SS POLO SHIRT | M407: 199900 | N407: 0.7 | O407: =M407*(100%-N407) -> 59970 | P407: PERCENTAGE
A408: 2024 H2 ALL TOP D70 | B408: ='KI DISCONTINUE D85'!$B$2 -> 46099 | C408: ='KI DISCONTINUE D85'!$C$2 -> 46113 | D408: 3259 | E408: 333 | F408: 3 | G408: 2 | H408: RO | I408: COLE | J408: 51878692 | K408: PSTRT07 | L408: SS POLO SHIRT STRIPES 5 LINES CHEST PSTRT07:NAVY BLUE:XL:STRIPES:SS POLO SHIRT | M408: 199900 | N408: 0.7 | O408: =M408*(100%-N408) -> 59970 | P408: PERCENTAGE
A409: 2024 H2 ALL TOP D70 | B409: ='KI DISCONTINUE D85'!$B$2 -> 46099 | C409: ='KI DISCONTINUE D85'!$C$2 -> 46113 | D409: 3259 | E409: 333 | F409: 3 | G409: 2 | H409: RO | I409: COLE | J409: 51878709 | K409: PSTRT07 | L409: SS POLO SHIRT STRIPES 5 LINES CHEST PSTRT07:OLIVE:S:STRIPES:SS POLO SHIRT | M409: 199900 | N409: 0.7 | O409: =M409*(100%-N409) -> 59970 | P409: PERCENTAGE
A410: 2024 H2 ALL TOP D70 | B410: ='KI DISCONTINUE D85'!$B$2 -> 46099 | C410: ='KI DISCONTINUE D85'!$C$2 -> 46113 | D410: 3259 | E410: 333 | F410: 3 | G410: 2 | H410: RO | I410: COLE | J410: 51878718 | K410: PSTRT07 | L410: SS POLO SHIRT STRIPES 5 LINES CHEST PSTRT07:OLIVE:M:STRIPES:SS POLO SHIRT | M410: 199900 | N410: 0.7 | O410: =M410*(100%-N410) -> 59970 | P410: PERCENTAGE
A411: 2024 H2 ALL TOP D70 | B411: ='KI DISCONTINUE D85'!$B$2 -> 46099 | C411: ='KI DISCONTINUE D85'!$C$2 -> 46113 | D411: 3259 | E411: 333 | F411: 3 | G411: 2 | H411: RO | I411: COLE | J411: 51878736 | K411: PSTRT07 | L411: SS POLO SHIRT STRIPES 5 LINES CHEST PSTRT07:OLIVE:XL:STRIPES:SS POLO SHIRT | M411: 199900 | N411: 0.7 | O411: =M411*(100%-N411) -> 59970 | P411: PERCENTAGE
A412: 2024 H2 ALL TOP D70 | B412: ='KI DISCONTINUE D85'!$B$2 -> 46099 | C412: ='KI DISCONTINUE D85'!$C$2 -> 46113 | D412: 3259 | E412: 333 | F412: 3 | G412: 2 | H412: RO | I412: COLE | J412: 51878745 | K412: PSTRT07 | L412: SS POLO SHIRT STRIPES 5 LINES CHEST PSTRT07:SAND:S:STRIPES:SS POLO SHIRT | M412: 199900 | N412: 0.7 | O412: =M412*(100%-N412) -> 59970 | P412: PERCENTAGE
A413: 2024 H2 ALL TOP D70 | B413: ='KI DISCONTINUE D85'!$B$2 -> 46099 | C413: ='KI DISCONTINUE D85'!$C$2 -> 46113 | D413: 3259 | E413: 333 | F413: 3 | G413: 2 | H413: RO | I413: COLE | J413: 51878754 | K413: PSTRT07 | L413: SS POLO SHIRT STRIPES 5 LINES CHEST PSTRT07:SAND:M:STRIPES:SS POLO SHIRT | M413: 199900 | N413: 0.7 | O413: =M413*(100%-N413) -> 59970 | P413: PERCENTAGE
A414: 2024 H2 ALL TOP D70 | B414: ='KI DISCONTINUE D85'!$B$2 -> 46099 | C414: ='KI DISCONTINUE D85'!$C$2 -> 46113 | D414: 3259 | E414: 333 | F414: 3 | G414: 2 | H414: RO | I414: COLE | J414: 51878772 | K414: PSTRT07 | L414: SS POLO SHIRT STRIPES 5 LINES CHEST PSTRT07:SAND:XL:STRIPES:SS POLO SHIRT | M414: 199900 | N414: 0.7 | O414: =M414*(100%-N414) -> 59970 | P414: PERCENTAGE
A415: 2024 H2 ALL TOP D70 | B415: ='KI DISCONTINUE D85'!$B$2 -> 46099 | C415: ='KI DISCONTINUE D85'!$C$2 -> 46113 | D415: 3259 | E415: 333 | F415: 3 | G415: 2 | H415: RO | I415: COLE | J415: 51878683 | K415: PSTRT07 | L415: SS POLO SHIRT STRIPES 5 LINES CHEST PSTRT07:NAVY BLUE:L:STRIPES:SS POLO SHIRT | M415: 199900 | N415: 0.7 | O415: =M415*(100%-N415) -> 59970 | P415: PERCENTAGE
A416: 2024 H2 ALL TOP D70 | B416: ='KI DISCONTINUE D85'!$B$2 -> 46099 | C416: ='KI DISCONTINUE D85'!$C$2 -> 46113 | D416: 3259 | E416: 333 | F416: 3 | G416: 2 | H416: RO | I416: COLE | J416: 51878727 | K416: PSTRT07 | L416: SS POLO SHIRT STRIPES 5 LINES CHEST PSTRT07:OLIVE:L:STRIPES:SS POLO SHIRT | M416: 199900 | N416: 0.7 | O416: =M416*(100%-N416) -> 59970 | P416: PERCENTAGE
A417: 2024 H2 ALL TOP D70 | B417: ='KI DISCONTINUE D85'!$B$2 -> 46099 | C417: ='KI DISCONTINUE D85'!$C$2 -> 46113 | D417: 3259 | E417: 333 | F417: 3 | G417: 2 | H417: RO | I417: COLE | J417: 51878763 | K417: PSTRT07 | L417: SS POLO SHIRT STRIPES 5 LINES CHEST PSTRT07:SAND:L:STRIPES:SS POLO SHIRT | M417: 199900 | N417: 0.7 | O417: =M417*(100%-N417) -> 59970 | P417: PERCENTAGE
A418: 2024 H2 ALL TOP D70 | B418: ='KI DISCONTINUE D85'!$B$2 -> 46099 | C418: ='KI DISCONTINUE D85'!$C$2 -> 46113 | D418: 3259 | E418: 333 | F418: 3 | G418: 4 | I418: COLE | J418: 19627826 | K418: SWTWL01 | L418: SWEATSHIRT TWILL KNIT MELANGE SWTWL01:NAVY BLUE:S:SOLID:SWEATSHIRT | M418: 269900 | N418: 0.7 | O418: =M418*(100%-N418) -> 80970 | P418: PERCENTAGE
A419: 2024 H2 ALL TOP D70 | B419: ='KI DISCONTINUE D85'!$B$2 -> 46099 | C419: ='KI DISCONTINUE D85'!$C$2 -> 46113 | D419: 3259 | E419: 333 | F419: 3 | G419: 4 | I419: COLE | J419: 19627835 | K419: SWTWL01 | L419: SWEATSHIRT TWILL KNIT MELANGE SWTWL01:NAVY BLUE:M:SOLID:SWEATSHIRT | M419: 269900 | N419: 0.7 | O419: =M419*(100%-N419) -> 80970 | P419: PERCENTAGE
A420: 2024 H2 ALL TOP D70 | B420: ='KI DISCONTINUE D85'!$B$2 -> 46099 | C420: ='KI DISCONTINUE D85'!$C$2 -> 46113 | D420: 3259 | E420: 333 | F420: 3 | G420: 4 | I420: COLE | J420: 19627844 | K420: SWTWL01 | L420: SWEATSHIRT TWILL KNIT MELANGE SWTWL01:NAVY BLUE:L:SOLID:SWEATSHIRT | M420: 269900 | N420: 0.7 | O420: =M420*(100%-N420) -> 80970 | P420: PERCENTAGE
A421: 2024 H2 ALL TOP D70 | B421: ='KI DISCONTINUE D85'!$B$2 -> 46099 | C421: ='KI DISCONTINUE D85'!$C$2 -> 46113 | D421: 3259 | E421: 333 | F421: 3 | G421: 4 | I421: COLE | J421: 19627853 | K421: SWTWL01 | L421: SWEATSHIRT TWILL KNIT MELANGE SWTWL01:NAVY BLUE:XL:SOLID:SWEATSHIRT | M421: 269900 | N421: 0.7 | O421: =M421*(100%-N421) -> 80970 | P421: PERCENTAGE
A422: 2024 H2 ALL TOP D70 | B422: ='KI DISCONTINUE D85'!$B$2 -> 46099 | C422: ='KI DISCONTINUE D85'!$C$2 -> 46113 | D422: 3259 | E422: 333 | F422: 3 | G422: 4 | I422: COLE | J422: 19627862 | K422: SWTWL01 | L422: SWEATSHIRT TWILL KNIT MELANGE SWTWL01:KHAKI:S:SOLID:SWEATSHIRT | M422: 269900 | N422: 0.7 | O422: =M422*(100%-N422) -> 80970 | P422: PERCENTAGE
A423: 2024 H2 ALL TOP D70 | B423: ='KI DISCONTINUE D85'!$B$2 -> 46099 | C423: ='KI DISCONTINUE D85'!$C$2 -> 46113 | D423: 3259 | E423: 333 | F423: 3 | G423: 4 | I423: COLE | J423: 19627915 | K423: SWTWL01 | L423: SWEATSHIRT TWILL KNIT MELANGE SWTWL01:KHAKI:M:SOLID:SWEATSHIRT | M423: 269900 | N423: 0.7 | O423: =M423*(100%-N423) -> 80970 | P423: PERCENTAGE
A424: 2024 H2 ALL TOP D70 | B424: ='KI DISCONTINUE D85'!$B$2 -> 46099 | C424: ='KI DISCONTINUE D85'!$C$2 -> 46113 | D424: 3259 | E424: 333 | F424: 3 | G424: 4 | I424: COLE | J424: 19627924 | K424: SWTWL01 | L424: SWEATSHIRT TWILL KNIT MELANGE SWTWL01:KHAKI:L:SOLID:SWEATSHIRT | M424: 269900 | N424: 0.7 | O424: =M424*(100%-N424) -> 80970 | P424: PERCENTAGE
A425: 2024 H2 ALL TOP D70 | B425: ='KI DISCONTINUE D85'!$B$2 -> 46099 | C425: ='KI DISCONTINUE D85'!$C$2 -> 46113 | D425: 3259 | E425: 333 | F425: 3 | G425: 4 | I425: COLE | J425: 19627933 | K425: SWTWL01 | L425: SWEATSHIRT TWILL KNIT MELANGE SWTWL01:KHAKI:XL:SOLID:SWEATSHIRT | M425: 269900 | N425: 0.7 | O425: =M425*(100%-N425) -> 80970 | P425: PERCENTAGE
A426: 2024 H2 ALL TOP D70 | B426: ='KI DISCONTINUE D85'!$B$2 -> 46099 | C426: ='KI DISCONTINUE D85'!$C$2 -> 46113 | D426: 3259 | E426: 333 | F426: 3 | G426: 4 | I426: COLE | J426: 19754788 | K426: SWTWL01 | L426: SWEATSHIRT TWILL KNIT MELANGE SWTWL01:MISTY MEDIUM GREY:S:SOLID:SWEATSHIRT | M426: 269900 | N426: 0.7 | O426: =M426*(100%-N426) -> 80970 | P426: PERCENTAGE
A427: 2024 H2 ALL TOP D70 | B427: ='KI DISCONTINUE D85'!$B$2 -> 46099 | C427: ='KI DISCONTINUE D85'!$C$2 -> 46113 | D427: 3259 | E427: 333 | F427: 3 | G427: 4 | I427: COLE | J427: 19754797 | K427: SWTWL01 | L427: SWEATSHIRT TWILL KNIT MELANGE SWTWL01:MISTY MEDIUM GREY:M:SOLID:SWEATSHIRT | M427: 269900 | N427: 0.7 | O427: =M427*(100%-N427) -> 80970 | P427: PERCENTAGE
A428: 2024 H2 ALL TOP D70 | B428: ='KI DISCONTINUE D85'!$B$2 -> 46099 | C428: ='KI DISCONTINUE D85'!$C$2 -> 46113 | D428: 3259 | E428: 333 | F428: 3 | G428: 4 | I428: COLE | J428: 19754813 | K428: SWTWL01 | L428: SWEATSHIRT TWILL KNIT MELANGE SWTWL01:MISTY MEDIUM GREY:L:SOLID:SWEATSHIRT | M428: 269900 | N428: 0.7 | O428: =M428*(100%-N428) -> 80970 | P428: PERCENTAGE
A429: 2024 H2 ALL TOP D70 | B429: ='KI DISCONTINUE D85'!$B$2 -> 46099 | C429: ='KI DISCONTINUE D85'!$C$2 -> 46113 | D429: 3259 | E429: 333 | F429: 3 | G429: 4 | I429: COLE | J429: 19754822 | K429: SWTWL01 | L429: SWEATSHIRT TWILL KNIT MELANGE SWTWL01:MISTY MEDIUM GREY:XL:SOLID:SWEATSHIRT | M429: 269900 | N429: 0.7 | O429: =M429*(100%-N429) -> 80970 | P429: PERCENTAGE
... A481: 2024 H2 ALL TOP D70 | B481: ='KI DISCONTINUE D85'!$B$2 -> 46099 | C481: ='KI DISCONTINUE D85'!$C$2 -> 46113 | D481: 3259 | E481: 333 | F481: 3 | G481: 13 | I481: COLE | J481: 45334870 | K481: JKITIN01 | L481: JACKET KNIT OTTOMAN COMB JKITIN01:CLASSIC BLUE:XL:SOLID:JACKET | M481: 249900 | N481: 0.7 | O481: =M481*(100%-N481) -> 74970 | P481: PERCENTAGE

Sheet 2024 H2 SHIRT D70
A1: ACARA | B1: FROM DATE | C1: TO DATE | D1: DEPT | E1: WORLD | F1: DIVISION | G1: CLASS | H1: SUPPLIER | I1: BRAND | J1: SKU | K1: ARTICLE | L1: DESCRIPTION | M1: HARGA NORMAL | N1: DISKON | O1: HARGA PROMO | P1: DISCOUNT TYPE
A2: 2024 H2 SHIRT D70 | B2: ='KI DISCONTINUE D85'!$B$2 -> 46099 | C2: ='KI DISCONTINUE D85'!$C$2 -> 46113 | D2: 3259 | E2: 333 | F2: 3 | G2: 3 | I2: COLE | J2: 19198657 | K2: WAOMK01 | L2: SS SHIRT WOVEN REG AOP 01 WAOMK01:OFF WHITE:S:PRINT:SS SHIRT | M2: 279900 | N2: 0.7 | O2: =M2*(100%-N2) -> 83970 | P2: PERCENTAGE
A3: 2024 H2 SHIRT D70 | B3: ='KI DISCONTINUE D85'!$B$2 -> 46099 | C3: ='KI DISCONTINUE D85'!$C$2 -> 46113 | D3: 3259 | E3: 333 | F3: 3 | G3: 3 | I3: COLE | J3: 19198666 | K3: WAOMK01 | L3: SS SHIRT WOVEN REG AOP 01 WAOMK01:OFF WHITE:M:PRINT:SS SHIRT | M3: 279900 | N3: 0.7 | O3: =M3*(100%-N3) -> 83970 | P3: PERCENTAGE
A4: 2024 H2 SHIRT D70 | B4: ='KI DISCONTINUE D85'!$B$2 -> 46099 | C4: ='KI DISCONTINUE D85'!$C$2 -> 46113 | D4: 3259 | E4: 333 | F4: 3 | G4: 3 | I4: COLE | J4: 19198700 | K4: WAOMK01 | L4: SS SHIRT WOVEN REG AOP 01 WAOMK01:OFF WHITE:L:PRINT:SS SHIRT | M4: 279900 | N4: 0.7 | O4: =M4*(100%-N4) -> 83970 | P4: PERCENTAGE
A5: 2024 H2 SHIRT D70 | B5: ='KI DISCONTINUE D85'!$B$2 -> 46099 | C5: ='KI DISCONTINUE D85'!$C$2 -> 46113 | D5: 3259 | E5: 333 | F5: 3 | G5: 3 | I5: COLE | J5: 19198719 | K5: WAOMK01 | L5: SS SHIRT WOVEN REG AOP 01 WAOMK01:OFF WHITE:XL:PRINT:SS SHIRT | M5: 279900 | N5: 0.7 | O5: =M5*(100%-N5) -> 83970 | P5: PERCENTAGE
A6: 2024 H2 SHIRT D70 | B6: ='KI DISCONTINUE D85'!$B$2 -> 46099 | C6: ='KI DISCONTINUE D85'!$C$2 -> 46113 | D6: 3259 | E6: 333 | F6: 3 | G6: 3 | I6: COLE | J6: 19199423 | K6: WAOMK02 | L6: SS SHIRT WOVEN REG AOP 01 WAOMK02:FROST GREY:S:PRINT:SS SHIRT | M6: 279900 | N6: 0.7 | O6: =M6*(100%-N6) -> 83970 | P6: PERCENTAGE
A7: 2024 H2 SHIRT D70 | B7: ='KI DISCONTINUE D85'!$B$2 -> 46099 | C7: ='KI DISCONTINUE D85'!$C$2 -> 46113 | D7: 3259 | E7: 333 | F7: 3 | G7: 3 | I7: COLE | J7: 19199441 | K7: WAOMK02 | L7: SS SHIRT WOVEN REG AOP 01 WAOMK02:FROST GREY:M:PRINT:SS SHIRT | M7: 279900 | N7: 0.7 | O7: =M7*(100%-N7) -> 83970 | P7: PERCENTAGE
A8: 2024 H2 SHIRT D70 | B8: ='KI DISCONTINUE D85'!$B$2 -> 46099 | C8: ='KI DISCONTINUE D85'!$C$2 -> 46113 | D8: 3259 | E8: 333 | F8: 3 | G8: 3 | I8: COLE | J8: 19199450 | K8: WAOMK02 | L8: SS SHIRT WOVEN REG AOP 01 WAOMK02:FROST GREY:L:PRINT:SS SHIRT | M8: 279900 | N8: 0.7 | O8: =M8*(100%-N8) -> 83970 | P8: PERCENTAGE
A9: 2024 H2 SHIRT D70 | B9: ='KI DISCONTINUE D85'!$B$2 -> 46099 | C9: ='KI DISCONTINUE D85'!$C$2 -> 46113 | D9: 3259 | E9: 333 | F9: 3 | G9: 3 | I9: COLE | J9: 19199469 | K9: WAOMK02 | L9: SS SHIRT WOVEN REG AOP 01 WAOMK02:FROST GREY:XL:PRINT:SS SHIRT | M9: 279900 | N9: 0.7 | O9: =M9*(100%-N9) -> 83970 | P9: PERCENTAGE
A10: 2024 H2 SHIRT D70 | B10: ='KI DISCONTINUE D85'!$B$2 -> 46099 | C10: ='KI DISCONTINUE D85'!$C$2 -> 46113 | D10: 3259 | E10: 333 | F10: 3 | G10: 3 | I10: COLE | J10: 27377608 | K10: WAOPMKG1 | L10: SS SHIRT WOVEN SHIRT AOP COTTON SLUB 01 WAOPMKG1:NAVY BLUE:S:SOLID:SS SHIRT | M10: 279900 | N10: 0.7 | O10: =M10*(100%-N10) -> 83970 | P10: PERCENTAGE
A11: 2024 H2 SHIRT D70 | B11: ='KI DISCONTINUE D85'!$B$2 -> 46099 | C11: ='KI DISCONTINUE D85'!$C$2 -> 46113 | D11: 3259 | E11: 333 | F11: 3 | G11: 3 | I11: COLE | J11: 27377617 | K11: WAOPMKG1 | L11: SS SHIRT WOVEN SHIRT AOP COTTON SLUB 01 WAOPMKG1:NAVY BLUE:M:SOLID:SS SHIRT | M11: 279900 | N11: 0.7 | O11: =M11*(100%-N11) -> 83970 | P11: PERCENTAGE
A12: 2024 H2 SHIRT D70 | B12: ='KI DISCONTINUE D85'!$B$2 -> 46099 | C12: ='KI DISCONTINUE D85'!$C$2 -> 46113 | D12: 3259 | E12: 333 | F12: 3 | G12: 3 | I12: COLE | J12: 27377626 | K12: WAOPMKG1 | L12: SS SHIRT WOVEN SHIRT AOP COTTON SLUB 01 WAOPMKG1:NAVY BLUE:L:SOLID:SS SHIRT | M12: 279900 | N12: 0.7 | O12: =M12*(100%-N12) -> 83970 | P12: PERCENTAGE
A13: 2024 H2 SHIRT D70 | B13: ='KI DISCONTINUE D85'!$B$2 -> 46099 | C13: ='KI DISCONTINUE D85'!$C$2 -> 46113 | D13: 3259 | E13: 333 | F13: 3 | G13: 3 | I13: COLE | J13: 27377635 | K13: WAOPMKG1 | L13: SS SHIRT WOVEN SHIRT AOP COTTON SLUB 01 WAOPMKG1:NAVY BLUE:XL:SOLID:SS SHIRT | M13: 279900 | N13: 0.7 | O13: =M13*(100%-N13) -> 83970 | P13: PERCENTAGE
... A149: 2024 H2 SHIRT D70 | B149: ='KI DISCONTINUE D85'!$B$2 -> 46099 | C149: ='KI DISCONTINUE D85'!$C$2 -> 46113 | D149: 3259 | E149: 333 | F149: 3 | G149: 3 | I149: COLE | J149: 51230890 | K149: WSHERKM6 | L149: SS SHIRT WOVEN SOLID SHEERSUCKERS WSHERKM6:BLACK:XL:SOLID:SS SHIRT | M149: 279900 | N149: 0.7 | O149: =M149*(100%-N149) -> 83970 | P149: PERCENTAGE

Sheet KI DISCONTINUE D70
A1: ACARA | B1: FROM DATE | C1: TO DATE | D1: DEPT | E1: WORLD | F1: DIVISION | G1: CLASS | H1: SUPPLIER | I1: BRAND | J1: SKU | K1: ARTICLE | L1: DESCRIPTION | M1: HARGA NORMAL | N1: DISKON | O1: HARGA PROMO | P1: DISCOUNT TYPE
A2: 2024 KI DISCONTINUE D70 | B2: ='KI DISCONTINUE D85'!$B$2 -> 46099 | C2: ='KI DISCONTINUE D85'!$C$2 -> 46113 | D2: 3259 | E2: 333 | F2: 3 | G2: 9 | I2: COLE | J2: 18223540 | K2: OBLM81 | L2: OBL BASIC ROUND NECK M81:MISTY DARK GREY:S | M2: 119900 | N2: 0.7 | O2: =M2*(100%-N2) -> 35970 | P2: PERCENTAGE
A3: 2024 KI DISCONTINUE D70 | B3: ='KI DISCONTINUE D85'!$B$2 -> 46099 | C3: ='KI DISCONTINUE D85'!$C$2 -> 46113 | D3: 3259 | E3: 333 | F3: 3 | G3: 9 | I3: COLE | J3: 18223559 | K3: OBLM81 | L3: OBL BASIC ROUND NECK M81:MISTY DARK GREY:M | M3: 119900 | N3: 0.7 | O3: =M3*(100%-N3) -> 35970 | P3: PERCENTAGE
A4: 2024 KI DISCONTINUE D70 | B4: ='KI DISCONTINUE D85'!$B$2 -> 46099 | C4: ='KI DISCONTINUE D85'!$C$2 -> 46113 | D4: 3259 | E4: 333 | F4: 3 | G4: 9 | I4: COLE | J4: 18223568 | K4: OBLM81 | L4: OBL BASIC ROUND NECK M81:MISTY DARK GREY:L | M4: 119900 | N4: 0.7 | O4: =M4*(100%-N4) -> 35970 | P4: PERCENTAGE
A5: 2024 KI DISCONTINUE D70 | B5: ='KI DISCONTINUE D85'!$B$2 -> 46099 | C5: ='KI DISCONTINUE D85'!$C$2 -> 46113 | D5: 3259 | E5: 333 | F5: 3 | G5: 9 | I5: COLE | J5: 18223577 | K5: OBLM81 | L5: OBL BASIC ROUND NECK M81:MISTY DARK GREY:XL | M5: 119900 | N5: 0.7 | O5: =M5*(100%-N5) -> 35970 | P5: PERCENTAGE
A6: 2024 KI DISCONTINUE D70 | B6: ='KI DISCONTINUE D85'!$B$2 -> 46099 | C6: ='KI DISCONTINUE D85'!$C$2 -> 46113 | D6: 3259 | E6: 333 | F6: 3 | G6: 9 | I6: COLE | J6: 38182093 | K6: OBLM81 | L6: OBL BASIC ROUND NECK M81:MISTY DARK GREY:2XL | M6: 119900 | N6: 0.7 | O6: =M6*(100%-N6) -> 35970 | P6: PERCENTAGE
A7: 2024 KI DISCONTINUE D70 | B7: ='KI DISCONTINUE D85'!$B$2 -> 46099 | C7: ='KI DISCONTINUE D85'!$C$2 -> 46113 | D7: 3259 | E7: 333 | F7: 3 | G7: 10 | I7: COLE | J7: 59362180 | K7: BSWS | L7: SS POLO SHIRT WK BASIC LACOSE SOLID BSWS:GOLDEN BROWN:S:SOLID:SS POLO SHIRT | M7: 169900 | N7: 0.7 | O7: =M7*(100%-N7) -> 50970 | P7: PERCENTAGE
A8: 2024 KI DISCONTINUE D70 | B8: ='KI DISCONTINUE D85'!$B$2 -> 46099 | C8: ='KI DISCONTINUE D85'!$C$2 -> 46113 | D8: 3259 | E8: 333 | F8: 3 | G8: 10 | I8: COLE | J8: 59362199 | K8: BSWS | L8: SS POLO SHIRT WK BASIC LACOSE SOLID BSWS:GOLDEN BROWN:M:SOLID:SS POLO SHIRT | M8: 169900 | N8: 0.7 | O8: =M8*(100%-N8) -> 50970 | P8: PERCENTAGE
A9: 2024 KI DISCONTINUE D70 | B9: ='KI DISCONTINUE D85'!$B$2 -> 46099 | C9: ='KI DISCONTINUE D85'!$C$2 -> 46113 | D9: 3259 | E9: 333 | F9: 3 | G9: 10 | I9: COLE | J9: 59362206 | K9: BSWS | L9: SS POLO SHIRT WK BASIC LACOSE SOLID BSWS:GOLDEN BROWN:L:SOLID:SS POLO SHIRT | M9: 169900 | N9: 0.7 | O9: =M9*(100%-N9) -> 50970 | P9: PERCENTAGE
A10: 2024 KI DISCONTINUE D70 | B10: ='KI DISCONTINUE D85'!$B$2 -> 46099 | C10: ='KI DISCONTINUE D85'!$C$2 -> 46113 | D10: 3259 | E10: 333 | F10: 3 | G10: 10 | I10: COLE | J10: 59362215 | K10: BSWS | L10: SS POLO SHIRT WK BASIC LACOSE SOLID BSWS:GOLDEN BROWN:XL:SOLID:SS POLO SHIRT | M10: 169900 | N10: 0.7 | O10: =M10*(100%-N10) -> 50970 | P10: PERCENTAGE
A11: 2024 KI DISCONTINUE D70 | B11: ='KI DISCONTINUE D85'!$B$2 -> 46099 | C11: ='KI DISCONTINUE D85'!$C$2 -> 46113 | D11: 3259 | E11: 333 | F11: 3 | G11: 10 | I11: COLE | J11: 59362224 | K11: BSWS | L11: SS POLO SHIRT WK BASIC LACOSE SOLID BSWS:GOLDEN BROWN:XXL:SOLID:SS POLO SHIRT | M11: 169900 | N11: 0.7 | O11: =M11*(100%-N11) -> 50970 | P11: PERCENTAGE
A12: 2024 KI DISCONTINUE D70 | B12: ='KI DISCONTINUE D85'!$B$2 -> 46099 | C12: ='KI DISCONTINUE D85'!$C$2 -> 46113 | D12: 3259 | E12: 333 | F12: 3 | G12: 10 | I12: COLE | J12: 59362233 | K12: BSWS | L12: SS POLO SHIRT WK BASIC LACOSE SOLID BSWS:OLIVE:S:SOLID:SS POLO SHIRT | M12: 169900 | N12: 0.7 | O12: =M12*(100%-N12) -> 50970 | P12: PERCENTAGE
A13: 2024 KI DISCONTINUE D70 | B13: ='KI DISCONTINUE D85'!$B$2 -> 46099 | C13: ='KI DISCONTINUE D85'!$C$2 -> 46113 | D13: 3259 | E13: 333 | F13: 3 | G13: 10 | I13: COLE | J13: 59362242 | K13: BSWS | L13: SS POLO SHIRT WK BASIC LACOSE SOLID BSWS:OLIVE:M:SOLID:SS POLO SHIRT | M13: 169900 | N13: 0.7 | O13: =M13*(100%-N13) -> 50970 | P13: PERCENTAGE
... A192: 2024 KI DISCONTINUE D70 | B192: ='KI DISCONTINUE D85'!$B$2 -> 46099 | C192: ='KI DISCONTINUE D85'!$C$2 -> 46113 | D192: 3259 | E192: 333 | F192: 3 | G192: 9 | I192: COLE | J192: 51228947 | K192: KITSN | L192: SS TSHIRT ROUND NECK NW FIT KITSN:DARK JADE:XXL:SOLID:SS T-SHIRT | M192: 119900 | N192: 0.7 | O192: =M192*(100%-N192) -> 35970 | P192: PERCENTAGE

Sheet KI POLO DISCONTINUE SP79K
A1: ACARA | B1: FROM DATE | C1: TO DATE | D1: DEPT | E1: WORLD | F1: DIVISION | G1: CLASS | H1: SUPPLIER | I1: BRAND | J1: SKU | K1: ARTICLE | L1: DESCRIPTION | M1: HARGA NORMAL | N1: DISKON | O1: HARGA PROMO | P1: DISCOUNT TYPE
A2: 2025 KI POLO DISCONTINUE (SELECTED COLOR) SP 79K | B2: ='KI DISCONTINUE D85'!$B$2 -> 46099 | C2: ='KI DISCONTINUE D85'!$C$2 -> 46113 | D2: 3259 | E2: 333 | F2: 3 | G2: 10 | I2: COLE | J2: 18232030 | K2: BSW-WH | L2: WK POLO BASIC LACOSE WHITE/BSW-WH:WHITE:S | M2: 169900 | N2: SP | O2: 79000 | P2: SPECIAL PRICE
A3: 2025 KI POLO DISCONTINUE (SELECTED COLOR) SP 79K | B3: ='KI DISCONTINUE D85'!$B$2 -> 46099 | C3: ='KI DISCONTINUE D85'!$C$2 -> 46113 | D3: 3259 | E3: 333 | F3: 3 | G3: 10 | I3: COLE | J3: 18232049 | K3: BSW-WH | L3: WK POLO BASIC LACOSE WHITE/BSW-WH:WHITE:M | M3: 169900 | N3: SP | O3: 79000 | P3: SPECIAL PRICE
A4: 2025 KI POLO DISCONTINUE (SELECTED COLOR) SP 79K | B4: ='KI DISCONTINUE D85'!$B$2 -> 46099 | C4: ='KI DISCONTINUE D85'!$C$2 -> 46113 | D4: 3259 | E4: 333 | F4: 3 | G4: 10 | I4: COLE | J4: 18232058 | K4: BSW-WH | L4: WK POLO BASIC LACOSE WHITE/BSW-WH:WHITE:L | M4: 169900 | N4: SP | O4: 79000 | P4: SPECIAL PRICE
A5: 2025 KI POLO DISCONTINUE (SELECTED COLOR) SP 79K | B5: ='KI DISCONTINUE D85'!$B$2 -> 46099 | C5: ='KI DISCONTINUE D85'!$C$2 -> 46113 | D5: 3259 | E5: 333 | F5: 3 | G5: 10 | I5: COLE | J5: 18232067 | K5: BSW-WH | L5: WK POLO BASIC LACOSE WHITE/BSW-WH:WHITE:XL | M5: 169900 | N5: SP | O5: 79000 | P5: SPECIAL PRICE
A6: 2025 KI POLO DISCONTINUE (SELECTED COLOR) SP 79K | B6: ='KI DISCONTINUE D85'!$B$2 -> 46099 | C6: ='KI DISCONTINUE D85'!$C$2 -> 46113 | D6: 3259 | E6: 333 | F6: 3 | G6: 10 | I6: COLE | J6: 55707403 | K6: BSW-WH | L6: WK POLO BASIC LACOSE WHITE/BSW-WH:WHITE:2XL | M6: 169900 | N6: SP | O6: 79000 | P6: SPECIAL PRICE
A7: 2025 KI POLO DISCONTINUE (SELECTED COLOR) SP 79K | B7: ='KI DISCONTINUE D85'!$B$2 -> 46099 | C7: ='KI DISCONTINUE D85'!$C$2 -> 46113 | D7: 3259 | E7: 333 | F7: 3 | G7: 10 | I7: COLE | J7: 52413155 | K7: KIPSN | L7: SS POLO SHIRT SOLID NW FIT KIPSN:CLASSIC BLUE:S:SOLID:SS POLO SHIRT | M7: 119900 | N7: SP | O7: 79000 | P7: SPECIAL PRICE
A8: 2025 KI POLO DISCONTINUE (SELECTED COLOR) SP 79K | B8: ='KI DISCONTINUE D85'!$B$2 -> 46099 | C8: ='KI DISCONTINUE D85'!$C$2 -> 46113 | D8: 3259 | E8: 333 | F8: 3 | G8: 10 | I8: COLE | J8: 52413164 | K8: KIPSN | L8: SS POLO SHIRT SOLID NW FIT KIPSN:CLASSIC BLUE:M:SOLID:SS POLO SHIRT | M8: 119900 | N8: SP | O8: 79000 | P8: SPECIAL PRICE
A9: 2025 KI POLO DISCONTINUE (SELECTED COLOR) SP 79K | B9: ='KI DISCONTINUE D85'!$B$2 -> 46099 | C9: ='KI DISCONTINUE D85'!$C$2 -> 46113 | D9: 3259 | E9: 333 | F9: 3 | G9: 10 | I9: COLE | J9: 52413173 | K9: KIPSN | L9: SS POLO SHIRT SOLID NW FIT KIPSN:CLASSIC BLUE:L:SOLID:SS POLO SHIRT | M9: 119900 | N9: SP | O9: 79000 | P9: SPECIAL PRICE
A10: 2025 KI POLO DISCONTINUE (SELECTED COLOR) SP 79K | B10: ='KI DISCONTINUE D85'!$B$2 -> 46099 | C10: ='KI DISCONTINUE D85'!$C$2 -> 46113 | D10: 3259 | E10: 333 | F10: 3 | G10: 10 | I10: COLE | J10: 52413182 | K10: KIPSN | L10: SS POLO SHIRT SOLID NW FIT KIPSN:CLASSIC BLUE:XL:SOLID:SS POLO SHIRT | M10: 119900 | N10: SP | O10: 79000 | P10: SPECIAL PRICE
A11: 2025 KI POLO DISCONTINUE (SELECTED COLOR) SP 79K | B11: ='KI DISCONTINUE D85'!$B$2 -> 46099 | C11: ='KI DISCONTINUE D85'!$C$2 -> 46113 | D11: 3259 | E11: 333 | F11: 3 | G11: 10 | I11: COLE | J11: 52413191 | K11: KIPSN | L11: SS POLO SHIRT SOLID NW FIT KIPSN:CLASSIC BLUE:XXL:SOLID:SS POLO SHIRT | M11: 119900 | N11: SP | O11: 79000 | P11: SPECIAL PRICE
A12: 2025 KI POLO DISCONTINUE (SELECTED COLOR) SP 79K | B12: ='KI DISCONTINUE D85'!$B$2 -> 46099 | C12: ='KI DISCONTINUE D85'!$C$2 -> 46113 | D12: 3259 | E12: 333 | F12: 3 | G12: 10 | I12: COLE | J12: 52413208 | K12: KIPSN | L12: SS POLO SHIRT SOLID NW FIT KIPSN:PASTEL GREY:S:SOLID:SS POLO SHIRT | M12: 119900 | N12: SP | O12: 79000 | P12: SPECIAL PRICE
A13: 2025 KI POLO DISCONTINUE (SELECTED COLOR) SP 79K | B13: ='KI DISCONTINUE D85'!$B$2 -> 46099 | C13: ='KI DISCONTINUE D85'!$C$2 -> 46113 | D13: 3259 | E13: 333 | F13: 3 | G13: 10 | I13: COLE | J13: 52413217 | K13: KIPSN | L13: SS POLO SHIRT SOLID NW FIT KIPSN:PASTEL GREY:M:SOLID:SS POLO SHIRT | M13: 119900 | N13: SP | O13: 79000 | P13: SPECIAL PRICE
... A26: 2025 KI POLO DISCONTINUE (SELECTED COLOR) SP 79K | B26: ='KI DISCONTINUE D85'!$B$2 -> 46099 | C26: ='KI DISCONTINUE D85'!$C$2 -> 46113 | D26: 3259 | E26: 333 | F26: 3 | G26: 10 | I26: COLE | J26: 52413440 | K26: KIPSN | L26: SS POLO SHIRT SOLID NW FIT KIPSN:SAND:XXL:SOLID:SS POLO SHIRT | M26: 119900 | N26: SP | O26: 79000 | P26: SPECIAL PRICE

Sheet KI TSHIRT DISCONTINUE D70
A1: ACARA | B1: FROM DATE | C1: TO DATE | D1: DEPT | E1: WORLD | F1: DIVISION | G1: CLASS | H1: SUPPLIER | I1: BRAND | J1: SKU | K1: ARTICLE | L1: DESCRIPTION | M1: HARGA NORMAL | N1: DISKON | O1: HARGA PROMO | P1: DISCOUNT TYPE
A2: 2025 KI TSHIRT (SELECTED COLOR) D70 | B2: ='KI DISCONTINUE D85'!$B$2 -> 46099 | C2: ='KI DISCONTINUE D85'!$C$2 -> 46113 | D2: 3259 | E2: 333 | F2: 3 | G2: 9 | I2: COLE | J2: 51228401 | K2: KITSN | L2: SS TSHIRT ROUND NECK NW FIT KITSN:MISTY LIGHT BLUE:S:SOLID:SS T-SHIRT | M2: 119900 | N2: 0.7 | O2: =M2*(100%-N2) -> 35970 | P2: PERCENTAGE
A3: 2025 KI TSHIRT (SELECTED COLOR) D70 | B3: ='KI DISCONTINUE D85'!$B$2 -> 46099 | C3: ='KI DISCONTINUE D85'!$C$2 -> 46113 | D3: 3259 | E3: 333 | F3: 3 | G3: 9 | I3: COLE | J3: 51228410 | K3: KITSN | L3: SS TSHIRT ROUND NECK NW FIT KITSN:MISTY LIGHT BLUE:M:SOLID:SS T-SHIRT | M3: 119900 | N3: 0.7 | O3: =M3*(100%-N3) -> 35970 | P3: PERCENTAGE
A4: 2025 KI TSHIRT (SELECTED COLOR) D70 | B4: ='KI DISCONTINUE D85'!$B$2 -> 46099 | C4: ='KI DISCONTINUE D85'!$C$2 -> 46113 | D4: 3259 | E4: 333 | F4: 3 | G4: 9 | I4: COLE | J4: 51228429 | K4: KITSN | L4: SS TSHIRT ROUND NECK NW FIT KITSN:MISTY LIGHT BLUE:L:SOLID:SS T-SHIRT | M4: 119900 | N4: 0.7 | O4: =M4*(100%-N4) -> 35970 | P4: PERCENTAGE
A5: 2025 KI TSHIRT (SELECTED COLOR) D70 | B5: ='KI DISCONTINUE D85'!$B$2 -> 46099 | C5: ='KI DISCONTINUE D85'!$C$2 -> 46113 | D5: 3259 | E5: 333 | F5: 3 | G5: 9 | I5: COLE | J5: 51228438 | K5: KITSN | L5: SS TSHIRT ROUND NECK NW FIT KITSN:MISTY LIGHT BLUE:XL:SOLID:SS T-SHIRT | M5: 119900 | N5: 0.7 | O5: =M5*(100%-N5) -> 35970 | P5: PERCENTAGE
A6: 2025 KI TSHIRT (SELECTED COLOR) D70 | B6: ='KI DISCONTINUE D85'!$B$2 -> 46099 | C6: ='KI DISCONTINUE D85'!$C$2 -> 46113 | D6: 3259 | E6: 333 | F6: 3 | G6: 9 | I6: COLE | J6: 51228447 | K6: KITSN | L6: SS TSHIRT ROUND NECK NW FIT KITSN:MISTY LIGHT BLUE:XXL:SOLID:SS T-SHIRT | M6: 119900 | N6: 0.7 | O6: =M6*(100%-N6) -> 35970 | P6: PERCENTAGE
A7: 2025 KI TSHIRT (SELECTED COLOR) D70 | B7: ='KI DISCONTINUE D85'!$B$2 -> 46099 | C7: ='KI DISCONTINUE D85'!$C$2 -> 46113 | D7: 3259 | E7: 333 | F7: 3 | G7: 9 | I7: COLE | J7: 51228456 | K7: KITSN | L7: SS TSHIRT ROUND NECK NW FIT KITSN:MISTY DARK GREY:S:SOLID:SS T-SHIRT | M7: 119900 | N7: 0.7 | O7: =M7*(100%-N7) -> 35970 | P7: PERCENTAGE
A8: 2025 KI TSHIRT (SELECTED COLOR) D70 | B8: ='KI DISCONTINUE D85'!$B$2 -> 46099 | C8: ='KI DISCONTINUE D85'!$C$2 -> 46113 | D8: 3259 | E8: 333 | F8: 3 | G8: 9 | I8: COLE | J8: 51228465 | K8: KITSN | L8: SS TSHIRT ROUND NECK NW FIT KITSN:MISTY DARK GREY:M:SOLID:SS T-SHIRT | M8: 119900 | N8: 0.7 | O8: =M8*(100%-N8) -> 35970 | P8: PERCENTAGE
A9: 2025 KI TSHIRT (SELECTED COLOR) D70 | B9: ='KI DISCONTINUE D85'!$B$2 -> 46099 | C9: ='KI DISCONTINUE D85'!$C$2 -> 46113 | D9: 3259 | E9: 333 | F9: 3 | G9: 9 | I9: COLE | J9: 51228474 | K9: KITSN | L9: SS TSHIRT ROUND NECK NW FIT KITSN:MISTY DARK GREY:L:SOLID:SS T-SHIRT | M9: 119900 | N9: 0.7 | O9: =M9*(100%-N9) -> 35970 | P9: PERCENTAGE
A10: 2025 KI TSHIRT (SELECTED COLOR) D70 | B10: ='KI DISCONTINUE D85'!$B$2 -> 46099 | C10: ='KI DISCONTINUE D85'!$C$2 -> 46113 | D10: 3259 | E10: 333 | F10: 3 | G10: 9 | I10: COLE | J10: 51228483 | K10: KITSN | L10: SS TSHIRT ROUND NECK NW FIT KITSN:MISTY DARK GREY:XL:SOLID:SS T-SHIRT | M10: 119900 | N10: 0.7 | O10: =M10*(100%-N10) -> 35970 | P10: PERCENTAGE
A11: 2025 KI TSHIRT (SELECTED COLOR) D70 | B11: ='KI DISCONTINUE D85'!$B$2 -> 46099 | C11: ='KI DISCONTINUE D85'!$C$2 -> 46113 | D11: 3259 | E11: 333 | F11: 3 | G11: 9 | I11: COLE | J11: 51228492 | K11: KITSN | L11: SS TSHIRT ROUND NECK NW FIT KITSN:MISTY DARK GREY:XXL:SOLID:SS T-SHIRT | M11: 119900 | N11: 0.7 | O11: =M11*(100%-N11) -> 35970 | P11: PERCENTAGE
A12: 2025 KI TSHIRT (SELECTED COLOR) D70 | B12: ='KI DISCONTINUE D85'!$B$2 -> 46099 | C12: ='KI DISCONTINUE D85'!$C$2 -> 46113 | D12: 3259 | E12: 333 | F12: 3 | G12: 9 | I12: COLE | J12: 51228509 | K12: KITSN | L12: SS TSHIRT ROUND NECK NW FIT KITSN:MISTY MEDIUM BLUE:S:SOLID:SS T-SHIRT | M12: 119900 | N12: 0.7 | O12: =M12*(100%-N12) -> 35970 | P12: PERCENTAGE
A13: 2025 KI TSHIRT (SELECTED COLOR) D70 | B13: ='KI DISCONTINUE D85'!$B$2 -> 46099 | C13: ='KI DISCONTINUE D85'!$C$2 -> 46113 | D13: 3259 | E13: 333 | F13: 3 | G13: 9 | I13: COLE | J13: 51228518 | K13: KITSN | L13: SS TSHIRT ROUND NECK NW FIT KITSN:MISTY MEDIUM BLUE:M:SOLID:SS T-SHIRT | M13: 119900 | N13: 0.7 | O13: =M13*(100%-N13) -> 35970 | P13: PERCENTAGE
... A26: 2025 KI TSHIRT (SELECTED COLOR) D70 | B26: ='KI DISCONTINUE D85'!$B$2 -> 46099 | C26: ='KI DISCONTINUE D85'!$C$2 -> 46113 | D26: 3259 | E26: 333 | F26: 3 | G26: 9 | I26: COLE | J26: 52453031 | K26: KITSN | L26: SS TSHIRT ROUND NECK NW FIT KITSN:RUSTIC BROWN:XXL:SOLID:SS T-SHIRT | M26: 99900 | N26: 0.7 | O26: =M26*(100%-N26) -> 29970 | P26: PERCENTAGE

Sheet 2025 Q1 D70
A1: ACARA | B1: FROM DATE | C1: TO DATE | D1: DEPT | E1: WORLD | F1: DIVISION | G1: CLASS | H1: SUPPLIER | I1: BRAND | J1: SKU | K1: ARTICLE | L1: DESCRIPTION | M1: HARGA NORMAL | N1: DISKON | O1: HARGA PROMO | P1: DISCOUNT TYPE
A2: 2025 Q1 D70 | B2: ='KI DISCONTINUE D85'!$B$2 -> 46099 | C2: ='KI DISCONTINUE D85'!$C$2 -> 46113 | D2: 3259 | E2: 333 | F2: 3 | G2: 1 | I2: COLE | J2: 51940542 | K2: TSGRAN09 | L2: SS T-SHIRT GRAPHIC HD COLE TSGRAN09:BLACK:S:GRAPHIC:SS T-SHIRT | M2: 159900 | N2: 0.7 | O2: =M2*(100%-N2) -> 47970 | P2: PERCENTAGE
A3: 2025 Q1 D70 | B3: ='KI DISCONTINUE D85'!$B$2 -> 46099 | C3: ='KI DISCONTINUE D85'!$C$2 -> 46113 | D3: 3259 | E3: 333 | F3: 3 | G3: 1 | I3: COLE | J3: 51940551 | K3: TSGRAN09 | L3: SS T-SHIRT GRAPHIC HD COLE TSGRAN09:BLACK:M:GRAPHIC:SS T-SHIRT | M3: 159900 | N3: 0.7 | O3: =M3*(100%-N3) -> 47970 | P3: PERCENTAGE
A4: 2025 Q1 D70 | B4: ='KI DISCONTINUE D85'!$B$2 -> 46099 | C4: ='KI DISCONTINUE D85'!$C$2 -> 46113 | D4: 3259 | E4: 333 | F4: 3 | G4: 1 | I4: COLE | J4: 51940560 | K4: TSGRAN09 | L4: SS T-SHIRT GRAPHIC HD COLE TSGRAN09:BLACK:L:GRAPHIC:SS T-SHIRT | M4: 159900 | N4: 0.7 | O4: =M4*(100%-N4) -> 47970 | P4: PERCENTAGE
A5: 2025 Q1 D70 | B5: ='KI DISCONTINUE D85'!$B$2 -> 46099 | C5: ='KI DISCONTINUE D85'!$C$2 -> 46113 | D5: 3259 | E5: 333 | F5: 3 | G5: 1 | I5: COLE | J5: 51940579 | K5: TSGRAN09 | L5: SS T-SHIRT GRAPHIC HD COLE TSGRAN09:BLACK:XL:GRAPHIC:SS T-SHIRT | M5: 159900 | N5: 0.7 | O5: =M5*(100%-N5) -> 47970 | P5: PERCENTAGE
A6: 2025 Q1 D70 | B6: ='KI DISCONTINUE D85'!$B$2 -> 46099 | C6: ='KI DISCONTINUE D85'!$C$2 -> 46113 | D6: 3259 | E6: 333 | F6: 3 | G6: 1 | I6: COLE | J6: 51940784 | K6: TSGRAN10 | L6: SS T-SHIRT GRAPHIC CLOUDY TSGRAN10:PASTEL GREY:S:GRAPHIC:SS T-SHIRT | M6: 159900 | N6: 0.7 | O6: =M6*(100%-N6) -> 47970 | P6: PERCENTAGE
A7: 2025 Q1 D70 | B7: ='KI DISCONTINUE D85'!$B$2 -> 46099 | C7: ='KI DISCONTINUE D85'!$C$2 -> 46113 | D7: 3259 | E7: 333 | F7: 3 | G7: 1 | I7: COLE | J7: 51940793 | K7: TSGRAN10 | L7: SS T-SHIRT GRAPHIC CLOUDY TSGRAN10:PASTEL GREY:M:GRAPHIC:SS T-SHIRT | M7: 159900 | N7: 0.7 | O7: =M7*(100%-N7) -> 47970 | P7: PERCENTAGE
A8: 2025 Q1 D70 | B8: ='KI DISCONTINUE D85'!$B$2 -> 46099 | C8: ='KI DISCONTINUE D85'!$C$2 -> 46113 | D8: 3259 | E8: 333 | F8: 3 | G8: 1 | I8: COLE | J8: 51940800 | K8: TSGRAN10 | L8: SS T-SHIRT GRAPHIC CLOUDY TSGRAN10:PASTEL GREY:L:GRAPHIC:SS T-SHIRT | M8: 159900 | N8: 0.7 | O8: =M8*(100%-N8) -> 47970 | P8: PERCENTAGE
A9: 2025 Q1 D70 | B9: ='KI DISCONTINUE D85'!$B$2 -> 46099 | C9: ='KI DISCONTINUE D85'!$C$2 -> 46113 | D9: 3259 | E9: 333 | F9: 3 | G9: 1 | I9: COLE | J9: 51940819 | K9: TSGRAN10 | L9: SS T-SHIRT GRAPHIC CLOUDY TSGRAN10:PASTEL GREY:XL:GRAPHIC:SS T-SHIRT | M9: 159900 | N9: 0.7 | O9: =M9*(100%-N9) -> 47970 | P9: PERCENTAGE
A10: 2025 Q1 D70 | B10: ='KI DISCONTINUE D85'!$B$2 -> 46099 | C10: ='KI DISCONTINUE D85'!$C$2 -> 46113 | D10: 3259 | E10: 333 | F10: 3 | G10: 1 | I10: COLE | J10: 51940828 | K10: TSGRAN11 | L10: SS T-SHIRT GRAPHIC MONOCHROME MOUNTAIN TSGRAN11:OFF WHITE:S:GRAPHIC:SS T-SHIRT | M10: 159900 | N10: 0.7 | O10: =M10*(100%-N10) -> 47970 | P10: PERCENTAGE
A11: 2025 Q1 D70 | B11: ='KI DISCONTINUE D85'!$B$2 -> 46099 | C11: ='KI DISCONTINUE D85'!$C$2 -> 46113 | D11: 3259 | E11: 333 | F11: 3 | G11: 1 | I11: COLE | J11: 51940837 | K11: TSGRAN11 | L11: SS T-SHIRT GRAPHIC MONOCHROME MOUNTAIN TSGRAN11:OFF WHITE:M:GRAPHIC:SS T-SHIRT | M11: 159900 | N11: 0.7 | O11: =M11*(100%-N11) -> 47970 | P11: PERCENTAGE
A12: 2025 Q1 D70 | B12: ='KI DISCONTINUE D85'!$B$2 -> 46099 | C12: ='KI DISCONTINUE D85'!$C$2 -> 46113 | D12: 3259 | E12: 333 | F12: 3 | G12: 1 | I12: COLE | J12: 51940846 | K12: TSGRAN11 | L12: SS T-SHIRT GRAPHIC MONOCHROME MOUNTAIN TSGRAN11:OFF WHITE:L:GRAPHIC:SS T-SHIRT | M12: 159900 | N12: 0.7 | O12: =M12*(100%-N12) -> 47970 | P12: PERCENTAGE
A13: 2025 Q1 D70 | B13: ='KI DISCONTINUE D85'!$B$2 -> 46099 | C13: ='KI DISCONTINUE D85'!$C$2 -> 46113 | D13: 3259 | E13: 333 | F13: 3 | G13: 1 | I13: COLE | J13: 51940855 | K13: TSGRAN11 | L13: SS T-SHIRT GRAPHIC MONOCHROME MOUNTAIN TSGRAN11:OFF WHITE:XL:GRAPHIC:SS T-SHIRT | M13: 159900 | N13: 0.7 | O13: =M13*(100%-N13) -> 47970 | P13: PERCENTAGE
... A325: 2025 Q1 D70 | B325: ='KI DISCONTINUE D85'!$B$2 -> 46099 | C325: ='KI DISCONTINUE D85'!$C$2 -> 46113 | D325: 3259 | E325: 333 | F325: 3 | G325: 2 | I325: COLE | J325: 51916775 | K325: PSHPIQ | L325: SS POLO SHIRT HENLEY SOLID PIQUE PSHPIQ:DARK JADE:XL:SOLID:SS POLO SHIRT | M325: 199900 | N325: 0.7 | O325: =M325*(100%-N325) -> 59970 | P325: PERCENTAGE
A326: 2025 Q1 D70 | B326: ='KI DISCONTINUE D85'!$B$2 -> 46099 | C326: ='KI DISCONTINUE D85'!$C$2 -> 46113 | D326: 3259 | E326: 333 | F326: 3 | G326: 2 | H326: RO | I326: COLE | J326: 45293512 | K326: PSCAM01 | L326: SS POLO SHIRT STRIPES MANSET C&S PSCAM01:BLACK:S:STRIPES:SS POLO SHIRT | M326: 199900 | N326: 0.7 | O326: =M326*(100%-N326) -> 59970 | P326: PERCENTAGE
A327: 2025 Q1 D70 | B327: ='KI DISCONTINUE D85'!$B$2 -> 46099 | C327: ='KI DISCONTINUE D85'!$C$2 -> 46113 | D327: 3259 | E327: 333 | F327: 3 | G327: 2 | H327: RO | I327: COLE | J327: 45293521 | K327: PSCAM01 | L327: SS POLO SHIRT STRIPES MANSET C&S PSCAM01:BLACK:M:STRIPES:SS POLO SHIRT | M327: 199900 | N327: 0.7 | O327: =M327*(100%-N327) -> 59970 | P327: PERCENTAGE
A328: 2025 Q1 D70 | B328: ='KI DISCONTINUE D85'!$B$2 -> 46099 | C328: ='KI DISCONTINUE D85'!$C$2 -> 46113 | D328: 3259 | E328: 333 | F328: 3 | G328: 2 | H328: RO | I328: COLE | J328: 45293530 | K328: PSCAM01 | L328: SS POLO SHIRT STRIPES MANSET C&S PSCAM01:BLACK:L:STRIPES:SS POLO SHIRT | M328: 199900 | N328: 0.7 | O328: =M328*(100%-N328) -> 59970 | P328: PERCENTAGE
A329: 2025 Q1 D70 | B329: ='KI DISCONTINUE D85'!$B$2 -> 46099 | C329: ='KI DISCONTINUE D85'!$C$2 -> 46113 | D329: 3259 | E329: 333 | F329: 3 | G329: 2 | H329: RO | I329: COLE | J329: 45293549 | K329: PSCAM01 | L329: SS POLO SHIRT STRIPES MANSET C&S PSCAM01:BLACK:XL:STRIPES:SS POLO SHIRT | M329: 199900 | N329: 0.7 | O329: =M329*(100%-N329) -> 59970 | P329: PERCENTAGE
A330: 2025 Q1 D70 | B330: ='KI DISCONTINUE D85'!$B$2 -> 46099 | C330: ='KI DISCONTINUE D85'!$C$2 -> 46113 | D330: 3259 | E330: 333 | F330: 3 | G330: 2 | H330: RO | I330: COLE | J330: 45293558 | K330: PSCAM01 | L330: SS POLO SHIRT STRIPES MANSET C&S PSCAM01:OFF WHITE:S:STRIPES:SS POLO SHIRT | M330: 199900 | N330: 0.7 | O330: =M330*(100%-N330) -> 59970 | P330: PERCENTAGE
A331: 2025 Q1 D70 | B331: ='KI DISCONTINUE D85'!$B$2 -> 46099 | C331: ='KI DISCONTINUE D85'!$C$2 -> 46113 | D331: 3259 | E331: 333 | F331: 3 | G331: 2 | H331: RO | I331: COLE | J331: 45293567 | K331: PSCAM01 | L331: SS POLO SHIRT STRIPES MANSET C&S PSCAM01:OFF WHITE:M:STRIPES:SS POLO SHIRT | M331: 199900 | N331: 0.7 | O331: =M331*(100%-N331) -> 59970 | P331: PERCENTAGE
A332: 2025 Q1 D70 | B332: ='KI DISCONTINUE D85'!$B$2 -> 46099 | C332: ='KI DISCONTINUE D85'!$C$2 -> 46113 | D332: 3259 | E332: 333 | F332: 3 | G332: 2 | H332: RO | I332: COLE | J332: 45293576 | K332: PSCAM01 | L332: SS POLO SHIRT STRIPES MANSET C&S PSCAM01:OFF WHITE:L:STRIPES:SS POLO SHIRT | M332: 199900 | N332: 0.7 | O332: =M332*(100%-N332) -> 59970 | P332: PERCENTAGE
A333: 2025 Q1 D70 | B333: ='KI DISCONTINUE D85'!$B$2 -> 46099 | C333: ='KI DISCONTINUE D85'!$C$2 -> 46113 | D333: 3259 | E333: 333 | F333: 3 | G333: 2 | H333: RO | I333: COLE | J333: 45293585 | K333: PSCAM01 | L333: SS POLO SHIRT STRIPES MANSET C&S PSCAM01:OFF WHITE:XL:STRIPES:SS POLO SHIRT | M333: 199900 | N333: 0.7 | O333: =M333*(100%-N333) -> 59970 | P333: PERCENTAGE
A334: 2025 Q1 D70 | B334: ='KI DISCONTINUE D85'!$B$2 -> 46099 | C334: ='KI DISCONTINUE D85'!$C$2 -> 46113 | D334: 3259 | E334: 333 | F334: 3 | G334: 2 | H334: RO | I334: COLE | J334: 45293594 | K334: PSCAM01 | L334: SS POLO SHIRT STRIPES MANSET C&S PSCAM01:NAVY BLUE:S:STRIPES:SS POLO SHIRT | M334: 199900 | N334: 0.7 | O334: =M334*(100%-N334) -> 59970 | P334: PERCENTAGE
A335: 2025 Q1 D70 | B335: ='KI DISCONTINUE D85'!$B$2 -> 46099 | C335: ='KI DISCONTINUE D85'!$C$2 -> 46113 | D335: 3259 | E335: 333 | F335: 3 | G335: 2 | H335: RO | I335: COLE | J335: 45293601 | K335: PSCAM01 | L335: SS POLO SHIRT STRIPES MANSET C&S PSCAM01:NAVY BLUE:M:STRIPES:SS POLO SHIRT | M335: 199900 | N335: 0.7 | O335: =M335*(100%-N335) -> 59970 | P335: PERCENTAGE
A336: 2025 Q1 D70 | B336: ='KI DISCONTINUE D85'!$B$2 -> 46099 | C336: ='KI DISCONTINUE D85'!$C$2 -> 46113 | D336: 3259 | E336: 333 | F336: 3 | G336: 2 | H336: RO | I336: COLE | J336: 45293610 | K336: PSCAM01 | L336: SS POLO SHIRT STRIPES MANSET C&S PSCAM01:NAVY BLUE:L:STRIPES:SS POLO SHIRT | M336: 199900 | N336: 0.7 | O336: =M336*(100%-N336) -> 59970 | P336: PERCENTAGE
A337: 2025 Q1 D70 | B337: ='KI DISCONTINUE D85'!$B$2 -> 46099 | C337: ='KI DISCONTINUE D85'!$C$2 -> 46113 | D337: 3259 | E337: 333 | F337: 3 | G337: 2 | H337: RO | I337: COLE | J337: 45293629 | K337: PSCAM01 | L337: SS POLO SHIRT STRIPES MANSET C&S PSCAM01:NAVY BLUE:XL:STRIPES:SS POLO SHIRT | M337: 199900 | N337: 0.7 | O337: =M337*(100%-N337) -> 59970 | P337: PERCENTAGE
A338: 2025 Q1 D70 | B338: ='KI DISCONTINUE D85'!$B$2 -> 46099 | C338: ='KI DISCONTINUE D85'!$C$2 -> 46113 | D338: 3259 | E338: 333 | F338: 3 | G338: 2 | I338: COLE | J338: 51878905 | K338: PSTFK01 | L338: SS POLO SHIRT STRIPES FLAT KNIT VNECK PSTFK01:SAND:S:STRIPES:SS POLO SHIRT | M338: 249900 | N338: 0.7 | O338: =M338*(100%-N338) -> 74970 | P338: PERCENTAGE
A339: 2025 Q1 D70 | B339: ='KI DISCONTINUE D85'!$B$2 -> 46099 | C339: ='KI DISCONTINUE D85'!$C$2 -> 46113 | D339: 3259 | E339: 333 | F339: 3 | G339: 2 | I339: COLE | J339: 51878914 | K339: PSTFK01 | L339: SS POLO SHIRT STRIPES FLAT KNIT VNECK PSTFK01:SAND:M:STRIPES:SS POLO SHIRT | M339: 249900 | N339: 0.7 | O339: =M339*(100%-N339) -> 74970 | P339: PERCENTAGE
A340: 2025 Q1 D70 | B340: ='KI DISCONTINUE D85'!$B$2 -> 46099 | C340: ='KI DISCONTINUE D85'!$C$2 -> 46113 | D340: 3259 | E340: 333 | F340: 3 | G340: 2 | I340: COLE | J340: 51878923 | K340: PSTFK01 | L340: SS POLO SHIRT STRIPES FLAT KNIT VNECK PSTFK01:SAND:L:STRIPES:SS POLO SHIRT | M340: 249900 | N340: 0.7 | O340: =M340*(100%-N340) -> 74970 | P340: PERCENTAGE
A341: 2025 Q1 D70 | B341: ='KI DISCONTINUE D85'!$B$2 -> 46099 | C341: ='KI DISCONTINUE D85'!$C$2 -> 46113 | D341: 3259 | E341: 333 | F341: 3 | G341: 2 | I341: COLE | J341: 51878932 | K341: PSTFK01 | L341: SS POLO SHIRT STRIPES FLAT KNIT VNECK PSTFK01:SAND:XL:STRIPES:SS POLO SHIRT | M341: 249900 | N341: 0.7 | O341: =M341*(100%-N341) -> 74970 | P341: PERCENTAGE
A342: 2025 Q1 D70 | B342: ='KI DISCONTINUE D85'!$B$2 -> 46099 | C342: ='KI DISCONTINUE D85'!$C$2 -> 46113 | D342: 3259 | E342: 333 | F342: 3 | G342: 2 | I342: COLE | J342: 51878941 | K342: PSTFK01 | L342: SS POLO SHIRT STRIPES FLAT KNIT VNECK PSTFK01:BLACK:S:STRIPES:SS POLO SHIRT | M342: 249900 | N342: 0.7 | O342: =M342*(100%-N342) -> 74970 | P342: PERCENTAGE
