Workbook

Sheet 2019 ALL D95
A1: ACARA | B1: FROM DATE | C1: TO DATE | D1: DEPT | E1: WORLD | F1: DIVISION | G1: CLASS | H1: SUPPLIER | I1: BRAND | J1: SKU | K1: ARTICLE | L1: DESCRIPTION | M1: HARGA NORMAL | N1: DISKON | O1: HARGA PROMO | P1: DISCOUNT TYPE
A2: 2019 ALL D95 | B2: 46099 | C2: 46113 | D2: 3272 | E2: 336 | F2: 4 | G2: 1 | H2: 81670 | I2: CHARACTER | J2: 24004104 | K2: RGBATMANWH | L2: 3/2 RAGLAN BATMAN LOGO:WHITE:5-6 | M2: 149900 | N2: 0.95 | O2: =M2*(1-N2) -> 7495 | P2: PERCENTAGE
A3: 2019 ALL D95 | B3: =B2 -> 46099 | C3: =C2 -> 46113 | D3: 3272 | E3: 336 | F3: 4 | G3: 1 | H3: 81670 | I3: CHARACTER | J3: 24004113 | K3: RGBATMANWH | L3: 3/2 RAGLAN BATMAN LOGO:WHITE:7-8 | M3: 149900 | N3: 0.95 | O3: =M3*(1-N3) -> 7495 | P3: PERCENTAGE
A4: 2019 ALL D95 | B4: =B3 -> 46099 | C4: =C3 -> 46113 | D4: 3272 | E4: 336 | F4: 4 | G4: 1 | H4: 81670 | I4: CHARACTER | J4: 24004122 | K4: RGBATMANWH | L4: 3/2 RAGLAN BATMAN LOGO:WHITE:9-10 | M4: 149900 | N4: 0.95 | O4: =M4*(1-N4) -> 7495 | P4: PERCENTAGE
A5: 2019 ALL D95 | B5: =B4 -> 46099 | C5: =C4 -> 46113 | D5: 3272 | E5: 336 | F5: 4 | G5: 1 | H5: 81670 | I5: CHARACTER | J5: 24151213 | K5: KSBAT2YL | L5: LS BATMAN LOGO KOSTUM PAKAI SAYAP:CLASSIC YELLOW:M | M5: 149900 | N5: 0.95 | O5: =M5*(1-N5) -> 7495 | P5: PERCENTAGE
A6: 2019 ALL D95 | B6: =B5 -> 46099 | C6: =C5 -> 46113 | D6: 3272 | E6: 336 | F6: 4 | G6: 1 | H6: 81670 | I6: CHARACTER | J6: 24414475 | K6: LSCBSPBU | L6: LS TSHIRT LAYER TANGAN CHIBBY SUPERMAN KOSTUM:CLASSIC BLUE:S | M6: 149900 | N6: 0.95 | O6: =M6*(1-N6) -> 7495 | P6: PERCENTAGE
A7: 2019 ALL D95 | B7: =B6 -> 46099 | C7: =C6 -> 46113 | D7: 3272 | E7: 336 | F7: 4 | G7: 1 | H7: 81670 | I7: CHARACTER | J7: 24414484 | K7: LSCBSPBU | L7: LS TSHIRT LAYER TANGAN CHIBBY SUPERMAN KOSTUM:CLASSIC BLUE:M | M7: 149900 | N7: 0.95 | O7: =M7*(1-N7) -> 7495 | P7: PERCENTAGE
A8: 2019 ALL D95 | B8: =B7 -> 46099 | C8: =C7 -> 46113 | D8: 3272 | E8: 336 | F8: 4 | G8: 1 | H8: 81670 | I8: CHARACTER | J8: 24414493 | K8: LSCBSPBU | L8: LS TSHIRT LAYER TANGAN CHIBBY SUPERMAN KOSTUM:CLASSIC BLUE:L | M8: 149900 | N8: 0.95 | O8: =M8*(1-N8) -> 7495 | P8: PERCENTAGE
A9: 2019 ALL D95 | B9: =B8 -> 46099 | C9: =C8 -> 46113 | D9: 3272 | E9: 336 | F9: 4 | G9: 1 | H9: 81588 | I9: CHARACTER | J9: 23204275 | K9: TRFW3B | L9: TS TRF OPTIMUS LOGO BULAT:MISTY MEDIUM BLUE:S | M9: 129900 | N9: 0.95 | O9: =M9*(1-N9) -> 6495 | P9: PERCENTAGE
A10: 2019 ALL D95 | B10: =B9 -> 46099 | C10: =C9 -> 46113 | D10: 3272 | E10: 336 | F10: 4 | G10: 1 | H10: 81588 | I10: CHARACTER | J10: 23204284 | K10: TRFW3B | L10: TS TRF OPTIMUS LOGO BULAT:MISTY MEDIUM BLUE:M | M10: 129900 | N10: 0.95 | O10: =M10*(1-N10) -> 6495 | P10: PERCENTAGE
A11: 2019 ALL D95 | B11: =B10 -> 46099 | C11: =C10 -> 46113 | D11: 3272 | E11: 336 | F11: 4 | G11: 1 | H11: 81588 | I11: CHARACTER | J11: 23204293 | K11: TRFW3B | L11: TS TRF OPTIMUS LOGO BULAT:MISTY MEDIUM BLUE:L | M11: 129900 | N11: 0.95 | O11: =M11*(1-N11) -> 6495 | P11: PERCENTAGE
A12: 2019 ALL D95 | B12: =B11 -> 46099 | C12: =C11 -> 46113 | D12: 3272 | E12: 336 | F12: 4 | G12: 1 | H12: 81588 | I12: CHARACTER | J12: 23204300 | K12: TRFW3B | L12: TS TRF OPTIMUS LOGO BULAT:MISTY MEDIUM BLUE:5-6 | M12: 129900 | N12: 0.95 | O12: =M12*(1-N12) -> 6495 | P12: PERCENTAGE
A13: 2019 ALL D95 | B13: =B12 -> 46099 | C13: =C12 -> 46113 | D13: 3272 | E13: 336 | F13: 4 | G13: 1 | H13: 81588 | I13: CHARACTER | J13: 23204319 | K13: TRFW3B | L13: TS TRF OPTIMUS LOGO BULAT:MISTY MEDIUM BLUE:7-8 | M13: 129900 | N13: 0.95 | O13: =M13*(1-N13) -> 6495 | P13: PERCENTAGE
A14: 2019 ALL D95 | B14: =B13 -> 46099 | C14: =C13 -> 46113 | D14: 3272 | E14: 336 | F14: 4 | G14: 1 | H14: 81588 | I14: CHARACTER | J14: 23204328 | K14: TRFW3B | L14: TS TRF OPTIMUS LOGO BULAT:MISTY MEDIUM BLUE:9-10 | M14: 129900 | N14: 0.95 | O14: =M14*(1-N14) -> 6495 | P14: PERCENTAGE

Sheet 2020 ALL D90
A1: ACARA | B1: FROM DATE | C1: TO DATE | D1: DEPT | E1: WORLD | F1: DIVISION | G1: CLASS | H1: SUPPLIER | I1: BRAND | J1: SKU | K1: ARTICLE | L1: DESCRIPTION | M1: HARGA NORMAL | N1: DISKON | O1: HARGA PROMO | P1: DISCOUNT TYPE
A2: 2020 ALL D90 | B2: ='2019 ALL D95'!B2 -> 46099 | C2: ='2019 ALL D95'!C2 -> 46113 | D2: 3272 | E2: 336 | F2: 4 | G2: 1 | H2: 81379 | I2: CHARACTER | J2: 26449658 | K2: HR314 | L2: TS BATMAN FP SPLASH LOGO:BLACK:11-12 | M2: 139900 | N2: 0.9 | O2: =M2*(1-N2) -> 13990 | P2: PERCENTAGE
A3: =A2 -> 2020 ALL D90 | B3: =B2 -> 46099 | C3: =C2 -> 46113 | D3: 3272 | E3: 336 | F3: 4 | G3: 1 | H3: 81379 | I3: CHARACTER | J3: 26635447 | K3: H416A | L3: SS T-SHIRT BATMAN FULLPRINT ACTION LOGO H416A:WHITE:XS:PRINT:SS T-SHIRT | M3: 139900 | N3: 0.9 | O3: =M3*(1-N3) -> 13990 | P3: PERCENTAGE
A4: =A3 -> 2020 ALL D90 | B4: =B3 -> 46099 | C4: =C3 -> 46113 | D4: 3272 | E4: 336 | F4: 4 | G4: 1 | H4: 81379 | I4: CHARACTER | J4: 26635456 | K4: H416A | L4: SS T-SHIRT BATMAN FULLPRINT ACTION LOGO H416A:WHITE:S:PRINT:SS T-SHIRT | M4: 139900 | N4: 0.9 | O4: =M4*(1-N4) -> 13990 | P4: PERCENTAGE
A5: =A4 -> 2020 ALL D90 | B5: =B4 -> 46099 | C5: =C4 -> 46113 | D5: 3272 | E5: 336 | F5: 4 | G5: 1 | H5: 81379 | I5: CHARACTER | J5: 26635465 | K5: H416A | L5: SS T-SHIRT BATMAN FULLPRINT ACTION LOGO H416A:WHITE:M:PRINT:SS T-SHIRT | M5: 139900 | N5: 0.9 | O5: =M5*(1-N5) -> 13990 | P5: PERCENTAGE
A6: =A5 -> 2020 ALL D90 | B6: =B5 -> 46099 | C6: =C5 -> 46113 | D6: 3272 | E6: 336 | F6: 4 | G6: 1 | H6: 81379 | I6: CHARACTER | J6: 26635474 | K6: H416A | L6: SS T-SHIRT BATMAN FULLPRINT ACTION LOGO H416A:WHITE:L:PRINT:SS T-SHIRT | M6: 139900 | N6: 0.9 | O6: =M6*(1-N6) -> 13990 | P6: PERCENTAGE
A7: =A6 -> 2020 ALL D90 | B7: =B6 -> 46099 | C7: =C6 -> 46113 | D7: 3272 | E7: 336 | F7: 4 | G7: 1 | H7: 81379 | I7: CHARACTER | J7: 26635483 | K7: H416A | L7: SS T-SHIRT BATMAN FULLPRINT ACTION LOGO H416A:WHITE:XL:PRINT:SS T-SHIRT | M7: 139900 | N7: 0.9 | O7: =M7*(1-N7) -> 13990 | P7: PERCENTAGE
A8: =A7 -> 2020 ALL D90 | B8: =B7 -> 46099 | C8: =C7 -> 46113 | D8: 3272 | E8: 336 | F8: 4 | G8: 1 | H8: 81379 | I8: CHARACTER | J8: 26635714 | K8: HR202A | L8: SS T-SHIRT BATMAN FLY SPLASH BAHU HR202A:CLASSIC YELLOW:S:GRAPHIC:SS T-SHIRT | M8: 129900 | N8: 0.9 | O8: =M8*(1-N8) -> 12990 | P8: PERCENTAGE
A9: =A8 -> 2020 ALL D90 | B9: =B8 -> 46099 | C9: =C8 -> 46113 | D9: 3272 | E9: 336 | F9: 4 | G9: 1 | H9: 81379 | I9: CHARACTER | J9: 26635732 | K9: HR202A | L9: SS T-SHIRT BATMAN FLY SPLASH BAHU HR202A:CLASSIC YELLOW:L:GRAPHIC:SS T-SHIRT | M9: 129900 | N9: 0.9 | O9: =M9*(1-N9) -> 12990 | P9: PERCENTAGE
A10: =A9 -> 2020 ALL D90 | B10: =B9 -> 46099 | C10: =C9 -> 46113 | D10: 3272 | E10: 336 | F10: 4 | G10: 1 | H10: 81379 | I10: CHARACTER | J10: 26658646 | K10: HR202B | L10: SS T-SHIRT BATMAN FLY SPLASH BAHU HR202B:MISTY MEDIUM G:9-10:GRAPHIC:SS T-SHIRT | M10: 129900 | N10: 0.9 | O10: =M10*(1-N10) -> 12990 | P10: PERCENTAGE
A11: =A10 -> 2020 ALL D90 | B11: =B10 -> 46099 | C11: =C10 -> 46113 | D11: 3272 | E11: 336 | F11: 4 | G11: 1 | H11: 81379 | I11: CHARACTER | J11: 26658655 | K11: HR202B | L11: SS T-SHIRT BATMAN FLY SPLASH BAHU HR202B:MISTY MEDIUM G:11-12:GRAPHIC:SS T-SHIRT | M11: 129900 | N11: 0.9 | O11: =M11*(1-N11) -> 12990 | P11: PERCENTAGE
A12: =A11 -> 2020 ALL D90 | B12: =B11 -> 46099 | C12: =C11 -> 46113 | D12: 3272 | E12: 336 | F12: 4 | G12: 1 | H12: 81379 | I12: CHARACTER | J12: 26649209 | K12: HR430 | L12: SS T-SHIRT BATMAN FLY TALI CITY FLOCKING HR430:WHITE:XS:GRAPHIC:SS T-SHIRT | M12: 129900 | N12: 0.9 | O12: =M12*(1-N12) -> 12990 | P12: PERCENTAGE
A13: =A12 -> 2020 ALL D90 | B13: =B12 -> 46099 | C13: =C12 -> 46113 | D13: 3272 | E13: 336 | F13: 4 | G13: 1 | H13: 81379 | I13: CHARACTER | J13: 26649218 | K13: HR430 | L13: SS T-SHIRT BATMAN FLY TALI CITY FLOCKING HR430:WHITE:S:GRAPHIC:SS T-SHIRT | M13: 129900 | N13: 0.9 | O13: =M13*(1-N13) -> 12990 | P13: PERCENTAGE
A14: =A13 -> 2020 ALL D90 | B14: =B13 -> 46099 | C14: =C13 -> 46113 | D14: 3272 | E14: 336 | F14: 4 | G14: 1 | H14: 81379 | I14: CHARACTER | J14: 26649227 | K14: HR430 | L14: SS T-SHIRT BATMAN FLY TALI CITY FLOCKING HR430:WHITE:M:GRAPHIC:SS T-SHIRT | M14: 129900 | N14: 0.9 | O14: =M14*(1-N14) -> 12990 | P14: PERCENTAGE
... A53: =A52 -> 2020 ALL D90 | B53: =B52 -> 46099 | C53: =C52 -> 46113 | D53: 3272 | E53: 336 | F53: 4 | G53: 5 | H53: 81379 | I53: CHARACTER | J53: 26890242 | K53: N175C | L53: LONG PANTS KNIT BATMAN RIBBON LOGO HANDUK C N175C:MISTY MEDIU:13-14:GRAPHIC:LONG PANTS | M53: 199900 | N53: 0.9 | O53: =M53*(1-N53) -> 19990 | P53: PERCENTAGE

Sheet 2021 ALL D90
A1: ACARA | B1: FROM DATE | C1: TO DATE | D1: DEPT | E1: WORLD | F1: DIVISION | G1: CLASS | H1: SUPPLIER | I1: BRAND | J1: SKU | K1: ARTICLE | L1: DESCRIPTION | M1: HARGA NORMAL | N1: DISKON | O1: HARGA PROMO | P1: DISCOUNT TYPE
A2: 2021 ALL D90 | B2: ='2019 ALL D95'!B2 -> 46099 | C2: ='2019 ALL D95'!C2 -> 46113 | D2: 3272 | E2: 336 | F2: 4 | G2: 1 | H2: 81379 | I2: CHARACTER | J2: 26449989 | K2: N024 | L2: KOSTUM BATMAN SAYAP:MISTY DARK GREY:M | M2: 129900 | N2: 0.9 | O2: =M2*(1-N2) -> 12990 | P2: PERCENTAGE
A3: =A2 -> 2021 ALL D90 | B3: =B2 -> 46099 | C3: =C2 -> 46113 | D3: 3272 | E3: 336 | F3: 4 | G3: 1 | H3: 81379 | I3: CHARACTER | J3: 26449998 | K3: N024 | L3: KOSTUM BATMAN SAYAP:MISTY DARK GREY:L | M3: 129900 | N3: 0.9 | O3: =M3*(1-N3) -> 12990 | P3: PERCENTAGE
A4: =A3 -> 2021 ALL D90 | B4: =B3 -> 46099 | C4: =C3 -> 46113 | D4: 3272 | E4: 336 | F4: 4 | G4: 1 | H4: 81379 | I4: CHARACTER | J4: 26450002 | K4: N024 | L4: KOSTUM BATMAN SAYAP:MISTY DARK GREY:XL | M4: 129900 | N4: 0.9 | O4: =M4*(1-N4) -> 12990 | P4: PERCENTAGE
A5: =A4 -> 2021 ALL D90 | B5: =B4 -> 46099 | C5: =C4 -> 46113 | D5: 3272 | E5: 336 | F5: 4 | G5: 1 | H5: 81379 | I5: CHARACTER | J5: 26450011 | K5: N024 | L5: KOSTUM BATMAN SAYAP:MISTY DARK GREY:XS | M5: 129900 | N5: 0.9 | O5: =M5*(1-N5) -> 12990 | P5: PERCENTAGE
A6: =A5 -> 2021 ALL D90 | B6: =B5 -> 46099 | C6: =C5 -> 46113 | D6: 3272 | E6: 336 | F6: 4 | G6: 1 | H6: 81379 | I6: CHARACTER | J6: 26872628 | K6: N063A | L6: SS T-SHIRT BATMAN RG LGN FULL SABLON A N063A:CLASSIC YELLO:L:TEXT:SS T-SHIRT | M6: 139900 | N6: 0.9 | O6: =M6*(1-N6) -> 13990 | P6: PERCENTAGE
A7: =A6 -> 2021 ALL D90 | B7: =B6 -> 46099 | C7: =C6 -> 46113 | D7: 3272 | E7: 336 | F7: 4 | G7: 1 | H7: 81379 | I7: CHARACTER | J7: 26872637 | K7: N063A | L7: SS T-SHIRT BATMAN RG LGN FULL SABLON A N063A:CLASSIC YELLO:XL:TEXT:SS T-SHIRT | M7: 139900 | N7: 0.9 | O7: =M7*(1-N7) -> 13990 | P7: PERCENTAGE
A8: =A7 -> 2021 ALL D90 | B8: =B7 -> 46099 | C8: =C7 -> 46113 | D8: 3272 | E8: 336 | F8: 4 | G8: 1 | H8: 81379 | I8: CHARACTER | J8: 26780147 | K8: N063C | L8: SS T-SHIRT BATMAN RG LENGAN FULL SABLON C N063C:MISTY LIGHT:11-12:TEXT:SS T-SHIRT | M8: 139900 | N8: 0.9 | O8: =M8*(1-N8) -> 13990 | P8: PERCENTAGE
A9: =A8 -> 2021 ALL D90 | B9: =B8 -> 46099 | C9: =C8 -> 46113 | D9: 3272 | E9: 336 | F9: 4 | G9: 1 | H9: 81379 | I9: CHARACTER | J9: 26780165 | K9: N063C | L9: SS T-SHIRT BATMAN RG LENGAN FULL SABLON C N063C:MISTY LIGHT:15-16:TEXT:SS T-SHIRT | M9: 139900 | N9: 0.9 | O9: =M9*(1-N9) -> 13990 | P9: PERCENTAGE
A10: =A9 -> 2021 ALL D90 | B10: =B9 -> 46099 | C10: =C9 -> 46113 | D10: 3272 | E10: 336 | F10: 4 | G10: 1 | H10: 81379 | I10: CHARACTER | J10: 26780138 | K10: N063C | L10: SS T-SHIRT BATMAN RG LENGAN FULL SABLON C N063C:MISTY LIGHT:9-10:TEXT:SS T-SHIRT | M10: 139900 | N10: 0.9 | O10: =M10*(1-N10) -> 13990 | P10: PERCENTAGE
A11: =A10 -> 2021 ALL D90 | B11: =B10 -> 46099 | C11: =C10 -> 46113 | D11: 3272 | E11: 336 | F11: 4 | G11: 1 | H11: 81379 | I11: CHARACTER | J11: 26872459 | K11: H445C | L11: SS T-SHIRT BATMAN LOGO FLOCKING FP SPLASH C H445C:CLASSIC YEL:7-8:GRAPHIC:SS T-SHIRT | M11: 139900 | N11: 0.9 | O11: =M11*(1-N11) -> 13990 | P11: PERCENTAGE
A12: =A11 -> 2021 ALL D90 | B12: =B11 -> 46099 | C12: =C11 -> 46113 | D12: 3272 | E12: 336 | F12: 4 | G12: 1 | H12: 81676 | I12: CHARACTER | J12: 28487283 | K12: GBMTS2C | L12: SS T-SHIRT BATMAN FLY TIE DYE C GBMTS2C:CLASSIC BLUE:9-10:GRAPHIC:SS T-SHIRT | M12: 129900 | N12: 0.9 | O12: =M12*(1-N12) -> 12990 | P12: PERCENTAGE
A13: =A12 -> 2021 ALL D90 | B13: =B12 -> 46099 | C13: =C12 -> 46113 | D13: 3272 | E13: 336 | F13: 4 | G13: 1 | H13: 81676 | I13: CHARACTER | J13: 28487247 | K13: WBBT9B | L13: SS T-SHIRT TS BATMAN FLY CITY B WBBT9B:WHITE:7-8:GRAPHIC:SS T-SHIRT | M13: 129900 | N13: 0.9 | O13: =M13*(1-N13) -> 12990 | P13: PERCENTAGE
A14: =A13 -> 2021 ALL D90 | B14: =B13 -> 46099 | C14: =C13 -> 46113 | D14: 3272 | E14: 336 | F14: 4 | G14: 1 | H14: 81379 | I14: CHARACTER | J14: 26776947 | K14: N061A | L14: SS T-SHIRT BATMAN RG CRUSADER FLOCKING A N061A:MISTY MEDIUM:M:GRAPHIC:SS T-SHIRT | M14: 129900 | N14: 0.9 | O14: =M14*(1-N14) -> 12990 | P14: PERCENTAGE
... A87: =A86 -> 2021 ALL D90 | B87: =B86 -> 46099 | C87: =C86 -> 46113 | D87: 3272 | E87: 336 | F87: 4 | G87: 5 | H87: 81676 | I87: CHARACTER | J87: 38014729 | K87: GNBTP1C | L87: JOGGER KNIT BATMAN TYPO SAMPING C GNBTP1C:MISTY MEDIUM:15-16:TEXT:JOGGER | M87: 199900 | N87: 0.9 | O87: =M87*(1-N87) -> 19990 | P87: PERCENTAGE

Sheet 2022 ALL D90
A1: ACARA | B1: FROM DATE | C1: TO DATE | D1: DEPT | E1: WORLD | F1: DIVISION | G1: CLASS | H1: SUPPLIER | I1: BRAND | J1: SKU | K1: ARTICLE | L1: DESCRIPTION | M1: HARGA NORMAL | N1: DISKON | O1: HARGA PROMO | P1: DISCOUNT TYPE
A2: 2022 ALL D90 | B2: 46099 | C2: 46113 | D2: 3272 | E2: 336 | F2: 4 | G2: 1 | H2: 81379 | I2: CHARACTER | J2: 38162953 | K2: N132A | L2: SS T-SHIRT BATMAN FP MARBLE LOGO CLASSIC FOIL A N132A:CLASSIC YE:5-6:GRAPHIC:SS T-SHIRT | M2: 139900 | N2: 0.9 | O2: =M2*(1-N2) -> 13990 | P2: PERCENTAGE
A3: =A2 -> 2022 ALL D90 | B3: 46099 | C3: 46113 | D3: 3272 | E3: 336 | F3: 4 | G3: 1 | H3: 81379 | I3: CHARACTER | J3: 38162962 | K3: N132A | L3: SS T-SHIRT BATMAN FP MARBLE LOGO CLASSIC FOIL A N132A:CLASSIC YE:7-8:GRAPHIC:SS T-SHIRT | M3: 139900 | N3: =N2 -> 0.9 | O3: =M3*(1-N3) -> 13990 | P3: PERCENTAGE
A4: =A3 -> 2022 ALL D90 | B4: 46099 | C4: 46113 | D4: 3272 | E4: 336 | F4: 4 | G4: 1 | H4: 81379 | I4: CHARACTER | J4: 38162971 | K4: N132A | L4: SS T-SHIRT BATMAN FP MARBLE LOGO CLASSIC FOIL A N132A:CLASSIC YE:9-10:GRAPHIC:SS T-SHIRT | M4: 139900 | N4: =N3 -> 0.9 | O4: =M4*(1-N4) -> 13990 | P4: PERCENTAGE
A5: =A4 -> 2022 ALL D90 | B5: 46099 | C5: 46113 | D5: 3272 | E5: 336 | F5: 4 | G5: 1 | H5: 81379 | I5: CHARACTER | J5: 38162980 | K5: N132A | L5: SS T-SHIRT BATMAN FP MARBLE LOGO CLASSIC FOIL A N132A:CLASSIC YE:3-4:GRAPHIC:SS T-SHIRT | M5: 139900 | N5: =N4 -> 0.9 | O5: =M5*(1-N5) -> 13990 | P5: PERCENTAGE
A6: =A5 -> 2022 ALL D90 | B6: 46099 | C6: 46113 | D6: 3272 | E6: 336 | F6: 4 | G6: 1 | H6: 81379 | I6: CHARACTER | J6: 38162999 | K6: N132A | L6: SS T-SHIRT BATMAN FP MARBLE LOGO CLASSIC FOIL A N132A:CLASSIC YE:4-5:GRAPHIC:SS T-SHIRT | M6: 139900 | N6: =N5 -> 0.9 | O6: =M6*(1-N6) -> 13990 | P6: PERCENTAGE
A7: =A6 -> 2022 ALL D90 | B7: 46099 | C7: 46113 | D7: 3272 | E7: 336 | F7: 4 | G7: 1 | H7: 81379 | I7: CHARACTER | J7: 55710097 | K7: BN087A | L7: TS BATMAN FP COMICS FLOCKING A:CLASSIC YELLOW:5-6:PRINT:SS T-SHIRT | M7: 139900 | N7: =N6 -> 0.9 | O7: =M7*(1-N7) -> 13990 | P7: PERCENTAGE
A8: =A7 -> 2022 ALL D90 | B8: 46099 | C8: 46113 | D8: 3272 | E8: 336 | F8: 4 | G8: 1 | H8: 81379 | I8: CHARACTER | J8: 55710104 | K8: BN087A | L8: TS BATMAN FP COMICS FLOCKING A:CLASSIC YELLOW:7-8:PRINT:SS T-SHIRT | M8: 139900 | N8: =N7 -> 0.9 | O8: =M8*(1-N8) -> 13990 | P8: PERCENTAGE
A9: =A8 -> 2022 ALL D90 | B9: 46099 | C9: 46113 | D9: 3272 | E9: 336 | F9: 4 | G9: 1 | H9: 81379 | I9: CHARACTER | J9: 55710113 | K9: BN087A | L9: TS BATMAN FP COMICS FLOCKING A:CLASSIC YELLOW:9-10:PRINT:SS T-SHIRT | M9: 139900 | N9: =N8 -> 0.9 | O9: =M9*(1-N9) -> 13990 | P9: PERCENTAGE
A10: =A9 -> 2022 ALL D90 | B10: 46099 | C10: 46113 | D10: 3272 | E10: 336 | F10: 4 | G10: 1 | H10: 81379 | I10: CHARACTER | J10: 55710122 | K10: BN087A | L10: TS BATMAN FP COMICS FLOCKING A:CLASSIC YELLOW:3-4:PRINT:SS T-SHIRT | M10: 139900 | N10: =N9 -> 0.9 | O10: =M10*(1-N10) -> 13990 | P10: PERCENTAGE
A11: =A10 -> 2022 ALL D90 | B11: 46099 | C11: 46113 | D11: 3272 | E11: 336 | F11: 4 | G11: 1 | H11: 81379 | I11: CHARACTER | J11: 55710131 | K11: BN087A | L11: TS BATMAN FP COMICS FLOCKING A:CLASSIC YELLOW:4-5:PRINT:SS T-SHIRT | M11: 139900 | N11: =N10 -> 0.9 | O11: =M11*(1-N11) -> 13990 | P11: PERCENTAGE
A12: =A11 -> 2022 ALL D90 | B12: 46099 | C12: 46113 | D12: 3272 | E12: 336 | F12: 4 | G12: 1 | H12: 81379 | I12: CHARACTER | J12: 55709983 | K12: N144C | L12: TS BATMAN KONTRAS LOGO ALUMINIUM C:BLACK:7-8:GRAPHIC:SS T-SHIRT | M12: 139900 | N12: =N11 -> 0.9 | O12: =M12*(1-N12) -> 13990 | P12: PERCENTAGE
A13: =A12 -> 2022 ALL D90 | B13: 46099 | C13: 46113 | D13: 3272 | E13: 336 | F13: 4 | G13: 1 | H13: 81379 | I13: CHARACTER | J13: 55709992 | K13: N144C | L13: TS BATMAN KONTRAS LOGO ALUMINIUM C:BLACK:9-10:GRAPHIC:SS T-SHIRT | M13: 139900 | N13: =N12 -> 0.9 | O13: =M13*(1-N13) -> 13990 | P13: PERCENTAGE
A14: =A13 -> 2022 ALL D90 | B14: 46099 | C14: 46113 | D14: 3272 | E14: 336 | F14: 4 | G14: 1 | H14: 81379 | I14: CHARACTER | J14: 55710006 | K14: N144C | L14: TS BATMAN KONTRAS LOGO ALUMINIUM C:BLACK:11-12:GRAPHIC:SS T-SHIRT | M14: 139900 | N14: =N13 -> 0.9 | O14: =M14*(1-N14) -> 13990 | P14: PERCENTAGE
... A361: =A360 -> 2022 ALL D90 | B361: 46099 | C361: 46113 | D361: 3272 | E361: 336 | F361: 4 | G361: 6 | H361: 81574 | I361: CHARACTER | J361: 64344887 | K361: TPHR1 | L361: TOPI HARRY POTTER LOGO TPHR1:BLACK:F:GRAPHIC:CAPS | M361: 129900 | N361: =N360 -> 0.9 | O361: =M361*(1-N361) -> 12990 | P361: PERCENTAGE

Sheet 2023 ALL D90
A1: ACARA | B1: FROM DATE | C1: TO DATE | D1: DEPT | E1: WORLD | F1: DIVISION | G1: CLASS | H1: SUPPLIER | I1: BRAND | J1: SKU | K1: ARTICLE | L1: DESCRIPTION | M1: HARGA NORMAL | N1: DISKON | O1: HARGA PROMO | P1: DISCOUNT TYPE
A2: 2023 ALL D90 | B2: ='2019 ALL D95'!B2 -> 46099 | C2: ='2019 ALL D95'!C2 -> 46113 | D2: 3272 | E2: 336 | F2: 4 | G2: 1 | H2: 81379 | I2: CHARACTER | J2: 76512566 | K2: N170C | L2: TS BATMAN DARK KNIGHT CITY C N170C:MISTY MEDIUM GREY:7-8:GRAPHIC:SS T-SHIRT | M2: 149900 | N2: 0.9 | O2: =M2*(1-N2) -> 14990 | P2: PERCENTAGE
A3: =A2 -> 2023 ALL D90 | B3: =B2 -> 46099 | C3: =C2 -> 46113 | D3: 3272 | E3: 336 | F3: 4 | G3: 1 | H3: 81379 | I3: CHARACTER | J3: 76512575 | K3: N170C | L3: TS BATMAN DARK KNIGHT CITY C N170C:MISTY MEDIUM GREY:9-10:GRAPHIC:SS T-SHIRT | M3: 149900 | N3: =N2 -> 0.9 | O3: =M3*(1-N3) -> 14990 | P3: =P2 -> PERCENTAGE
A4: =A3 -> 2023 ALL D90 | B4: =B3 -> 46099 | C4: =C3 -> 46113 | D4: 3272 | E4: 336 | F4: 4 | G4: 1 | H4: 81379 | I4: CHARACTER | J4: 76512584 | K4: N170C | L4: TS BATMAN DARK KNIGHT CITY C N170C:MISTY MEDIUM GREY:11-12:GRAPHIC:SS T-SHIRT | M4: 149900 | N4: =N3 -> 0.9 | O4: =M4*(1-N4) -> 14990 | P4: =P3 -> PERCENTAGE
A5: =A4 -> 2023 ALL D90 | B5: =B4 -> 46099 | C5: =C4 -> 46113 | D5: 3272 | E5: 336 | F5: 4 | G5: 1 | H5: 81379 | I5: CHARACTER | J5: 76512593 | K5: N170C | L5: TS BATMAN DARK KNIGHT CITY C N170C:MISTY MEDIUM GREY:13-14:GRAPHIC:SS T-SHIRT | M5: 149900 | N5: =N4 -> 0.9 | O5: =M5*(1-N5) -> 14990 | P5: =P4 -> PERCENTAGE
A6: =A5 -> 2023 ALL D90 | B6: =B5 -> 46099 | C6: =C5 -> 46113 | D6: 3272 | E6: 336 | F6: 4 | G6: 1 | H6: 81379 | I6: CHARACTER | J6: 76906891 | K6: BMA38C | L6: TS BATMAN LOGO TENGAH RIBBON C BMA38C:CLASSIC YELLOW:7-8:GRAPHIC:SS T-SHIRT | M6: 149900 | N6: =N5 -> 0.9 | O6: =M6*(1-N6) -> 14990 | P6: =P5 -> PERCENTAGE
A7: =A6 -> 2023 ALL D90 | B7: =B6 -> 46099 | C7: =C6 -> 46113 | D7: 3272 | E7: 336 | F7: 4 | G7: 1 | H7: 81379 | I7: CHARACTER | J7: 76906908 | K7: BMA38C | L7: TS BATMAN LOGO TENGAH RIBBON C BMA38C:CLASSIC YELLOW:9-10:GRAPHIC:SS T-SHIRT | M7: 149900 | N7: =N6 -> 0.9 | O7: =M7*(1-N7) -> 14990 | P7: =P6 -> PERCENTAGE
A8: =A7 -> 2023 ALL D90 | B8: =B7 -> 46099 | C8: =C7 -> 46113 | D8: 3272 | E8: 336 | F8: 4 | G8: 1 | H8: 81379 | I8: CHARACTER | J8: 76906926 | K8: BMA38C | L8: TS BATMAN LOGO TENGAH RIBBON C BMA38C:CLASSIC YELLOW:13-14:GRAPHIC:SS T-SHIRT | M8: 149900 | N8: =N7 -> 0.9 | O8: =M8*(1-N8) -> 14990 | P8: =P7 -> PERCENTAGE
A9: =A8 -> 2023 ALL D90 | B9: =B8 -> 46099 | C9: =C8 -> 46113 | D9: 3272 | E9: 336 | F9: 4 | G9: 1 | H9: 81379 | I9: CHARACTER | J9: 76906944 | K9: A80A | L9: TS BATMAN LORENG A A80A:CLASSIC YELLOW:3-4:PRINT:SS T-SHIRT | M9: 149900 | N9: =N8 -> 0.9 | O9: =M9*(1-N9) -> 14990 | P9: =P8 -> PERCENTAGE
A10: =A9 -> 2023 ALL D90 | B10: =B9 -> 46099 | C10: =C9 -> 46113 | D10: 3272 | E10: 336 | F10: 4 | G10: 1 | H10: 81379 | I10: CHARACTER | J10: 76906953 | K10: A80A | L10: TS BATMAN LORENG A A80A:CLASSIC YELLOW:4-5:PRINT:SS T-SHIRT | M10: 149900 | N10: =N9 -> 0.9 | O10: =M10*(1-N10) -> 14990 | P10: =P9 -> PERCENTAGE
A11: =A10 -> 2023 ALL D90 | B11: =B10 -> 46099 | C11: =C10 -> 46113 | D11: 3272 | E11: 336 | F11: 4 | G11: 1 | H11: 81379 | I11: CHARACTER | J11: 76906962 | K11: A80A | L11: TS BATMAN LORENG A A80A:CLASSIC YELLOW:5-6:PRINT:SS T-SHIRT | M11: 149900 | N11: =N10 -> 0.9 | O11: =M11*(1-N11) -> 14990 | P11: =P10 -> PERCENTAGE
A12: =A11 -> 2023 ALL D90 | B12: =B11 -> 46099 | C12: =C11 -> 46113 | D12: 3272 | E12: 336 | F12: 4 | G12: 1 | H12: 81379 | I12: CHARACTER | J12: 76906971 | K12: A80A | L12: TS BATMAN LORENG A A80A:CLASSIC YELLOW:7-8:PRINT:SS T-SHIRT | M12: 149900 | N12: =N11 -> 0.9 | O12: =M12*(1-N12) -> 14990 | P12: =P11 -> PERCENTAGE
A13: =A12 -> 2023 ALL D90 | B13: =B12 -> 46099 | C13: =C12 -> 46113 | D13: 3272 | E13: 336 | F13: 4 | G13: 1 | H13: 81379 | I13: CHARACTER | J13: 76906980 | K13: A80A | L13: TS BATMAN LORENG A A80A:CLASSIC YELLOW:9-10:PRINT:SS T-SHIRT | M13: 149900 | N13: =N12 -> 0.9 | O13: =M13*(1-N13) -> 14990 | P13: =P12 -> PERCENTAGE
A14: =A13 -> 2023 ALL D90 | B14: =B13 -> 46099 | C14: =C13 -> 46113 | D14: 3272 | E14: 336 | F14: 4 | G14: 1 | H14: 81379 | I14: CHARACTER | J14: 76906999 | K14: A86A | L14: TS BATMAN DARK KNIGHT ACTION CITY A A86A:MISTY LIGHT YELLOW:3-4:GRAPHIC:SS T-SHIRT | M14: 139900 | N14: =N13 -> 0.9 | O14: =M14*(1-N14) -> 13990 | P14: =P13 -> PERCENTAGE
... A590: =A589 -> 2023 ALL D90 | B590: =B589 -> 46099 | C590: =C589 -> 46113 | D590: 3272 | E590: 336 | F590: 4 | G590: 6 | H590: 81574 | I590: CHARACTER | J590: 79299542 | K590: TPHRP02 | L590: TOPI HARRY POTTER FP TD LOGO TPHRP02:WHITE:F:TEXT:CAPS | M590: 139900 | N590: =N589 -> 0.9 | O590: =M590*(1-N590) -> 13990 | P590: =P589 -> PERCENTAGE
A591: =A590 -> 2023 ALL D90 | B591: ='2019 ALL D95'!B2 -> 46099 | C591: ='2019 ALL D95'!C2 -> 46113 | D591: 3272 | E591: 336 | F591: 4 | G591: 1 | H591: 81379 | I591: CHARACTER | J591: 83493145 | K591: BL-HN02 | L591: SS T-SHIRT BUMI LANGIT 3 PATRIOT BL-HN02:WHITE:3-4:GRAPHIC:SS T-SHIRT | M591: 99900 | N591: 0.9 | O591: =M591*(1-N591) -> 9990 | P591: PERCENTAGE
A592: =A591 -> 2023 ALL D90 | B592: =B591 -> 46099 | C592: =C591 -> 46113 | D592: 3272 | E592: 336 | F592: 4 | G592: 1 | H592: 81379 | I592: CHARACTER | J592: 83493154 | K592: BL-HN02 | L592: SS T-SHIRT BUMI LANGIT 3 PATRIOT BL-HN02:WHITE:4-5:GRAPHIC:SS T-SHIRT | M592: 99900 | N592: 0.9 | O592: =M592*(1-N592) -> 9990 | P592: PERCENTAGE
A593: =A592 -> 2023 ALL D90 | B593: =B592 -> 46099 | C593: =C592 -> 46113 | D593: 3272 | E593: 336 | F593: 4 | G593: 1 | H593: 81379 | I593: CHARACTER | J593: 83493163 | K593: BL-HN02 | L593: SS T-SHIRT BUMI LANGIT 3 PATRIOT BL-HN02:WHITE:5-6:GRAPHIC:SS T-SHIRT | M593: 99900 | N593: 0.9 | O593: =M593*(1-N593) -> 9990 | P593: PERCENTAGE
A594: =A593 -> 2023 ALL D90 | B594: =B593 -> 46099 | C594: =C593 -> 46113 | D594: 3272 | E594: 336 | F594: 4 | G594: 1 | H594: 81379 | I594: CHARACTER | J594: 83493172 | K594: BL-HN02 | L594: SS T-SHIRT BUMI LANGIT 3 PATRIOT BL-HN02:WHITE:7-8:GRAPHIC:SS T-SHIRT | M594: 99900 | N594: 0.9 | O594: =M594*(1-N594) -> 9990 | P594: PERCENTAGE
A595: =A594 -> 2023 ALL D90 | B595: =B594 -> 46099 | C595: =C594 -> 46113 | D595: 3272 | E595: 336 | F595: 4 | G595: 1 | H595: 81379 | I595: CHARACTER | J595: 83493181 | K595: BL-HN02 | L595: SS T-SHIRT BUMI LANGIT 3 PATRIOT BL-HN02:WHITE:9-10:GRAPHIC:SS T-SHIRT | M595: 99900 | N595: 0.9 | O595: =M595*(1-N595) -> 9990 | P595: PERCENTAGE
A596: =A595 -> 2023 ALL D90 | B596: =B595 -> 46099 | C596: =C595 -> 46113 | D596: 3272 | E596: 336 | F596: 4 | G596: 1 | H596: 81379 | I596: CHARACTER | J596: 83493190 | K596: BL-HN02 | L596: SS T-SHIRT BUMI LANGIT 3 PATRIOT BL-HN02:WHITE:11-12:GRAPHIC:SS T-SHIRT | M596: 99900 | N596: 0.9 | O596: =M596*(1-N596) -> 9990 | P596: PERCENTAGE
A597: =A596 -> 2023 ALL D90 | B597: =B596 -> 46099 | C597: =C596 -> 46113 | D597: 3272 | E597: 336 | F597: 4 | G597: 1 | H597: 81379 | I597: CHARACTER | J597: 83493207 | K597: BL-HN02 | L597: SS T-SHIRT BUMI LANGIT 3 PATRIOT BL-HN02:WHITE:13-14:GRAPHIC:SS T-SHIRT | M597: 99900 | N597: 0.9 | O597: =M597*(1-N597) -> 9990 | P597: PERCENTAGE
A598: =A597 -> 2023 ALL D90 | B598: =B597 -> 46099 | C598: =C597 -> 46113 | D598: 3272 | E598: 336 | F598: 4 | G598: 1 | H598: 81379 | I598: CHARACTER | J598: 83493216 | K598: BL-HN02 | L598: SS T-SHIRT BUMI LANGIT 3 PATRIOT BL-HN02:WHITE:15-16:GRAPHIC:SS T-SHIRT | M598: 99900 | N598: 0.9 | O598: =M598*(1-N598) -> 9990 | P598: PERCENTAGE
A599: =A598 -> 2023 ALL D90 | B599: =B598 -> 46099 | C599: =C598 -> 46113 | D599: 3272 | E599: 336 | F599: 4 | G599: 1 | H599: 81379 | I599: CHARACTER | J599: 83493225 | K599: BL-N004 | L599: SS T-SHIRT BUMI LANGIT GUNDALA BL-N004:WHITE:3-4:GRAPHIC:SS T-SHIRT | M599: 99900 | N599: 0.9 | O599: =M599*(1-N599) -> 9990 | P599: PERCENTAGE
A600: =A599 -> 2023 ALL D90 | B600: =B599 -> 46099 | C600: =C599 -> 46113 | D600: 3272 | E600: 336 | F600: 4 | G600: 1 | H600: 81379 | I600: CHARACTER | J600: 83493234 | K600: BL-N004 | L600: SS T-SHIRT BUMI LANGIT GUNDALA BL-N004:WHITE:4-5:GRAPHIC:SS T-SHIRT | M600: 99900 | N600: 0.9 | O600: =M600*(1-N600) -> 9990 | P600: PERCENTAGE
A601: =A600 -> 2023 ALL D90 | B601: =B600 -> 46099 | C601: =C600 -> 46113 | D601: 3272 | E601: 336 | F601: 4 | G601: 1 | H601: 81379 | I601: CHARACTER | J601: 83493243 | K601: BL-N004 | L601: SS T-SHIRT BUMI LANGIT GUNDALA BL-N004:WHITE:5-6:GRAPHIC:SS T-SHIRT | M601: 99900 | N601: 0.9 | O601: =M601*(1-N601) -> 9990 | P601: PERCENTAGE
A602: =A601 -> 2023 ALL D90 | B602: =B601 -> 46099 | C602: =C601 -> 46113 | D602: 3272 | E602: 336 | F602: 4 | G602: 1 | H602: 81379 | I602: CHARACTER | J602: 83493252 | K602: BL-N004 | L602: SS T-SHIRT BUMI LANGIT GUNDALA BL-N004:WHITE:7-8:GRAPHIC:SS T-SHIRT | M602: 99900 | N602: 0.9 | O602: =M602*(1-N602) -> 9990 | P602: PERCENTAGE
A603: =A602 -> 2023 ALL D90 | B603: =B602 -> 46099 | C603: =C602 -> 46113 | D603: 3272 | E603: 336 | F603: 4 | G603: 1 | H603: 81379 | I603: CHARACTER | J603: 83493261 | K603: BL-N004 | L603: SS T-SHIRT BUMI LANGIT GUNDALA BL-N004:WHITE:9-10:GRAPHIC:SS T-SHIRT | M603: 99900 | N603: 0.9 | O603: =M603*(1-N603) -> 9990 | P603: PERCENTAGE
... A682: =A681 -> 2023 ALL D90 | B682: =B681 -> 46099 | C682: =C681 -> 46113 | D682: 3272 | E682: 336 | F682: 4 | G682: 1 | H682: 81676 | I682: CHARACTER | J682: 83494055 | K682: GBL05 | L682: SS T-SHIRT BUMI LANGIT FP PATRIOT LOGO GBL05:BLACK:15-16:GRAPHIC:SS T-SHIRT | M682: 119900 | N682: 0.9 | O682: =M682*(1-N682) -> 11990 | P682: PERCENTAGE

Sheet 2024 JAN-JUN D70
A1: ACARA | B1: FROM DATE | C1: TO DATE | D1: DEPT | E1: WORLD | F1: DIVISION | G1: CLASS | H1: SUPPLIER | I1: BRAND | J1: SKU | K1: ARTICLE | L1: DESCRIPTION | M1: HARGA NORMAL | N1: DISKON | O1: HARGA PROMO | P1: DISCOUNT TYPE
A2: 2024 JAN-JUN D70 | B2: ='2019 ALL D95'!B2 -> 46099 | C2: ='2019 ALL D95'!C2 -> 46113 | D2: 3272 | E2: 336 | F2: 4 | G2: 1 | H2: 81379 | I2: CHARACTER | J2: 13990284 | K2: KT-HN11A | L2: T-SHIRT BATMAN FP LOGO DARK KNIGHT A KT-HN11A:CLASSIC YELLOW:3-4:GRAPHIC:SS T-SHIRT | M2: 149900 | N2: 0.7 | O2: =M2-((70*M2))/100 -> 44970 | P2: PERCENTAGE
A3: =A2 -> 2024 JAN-JUN D70 | B3: =B2 -> 46099 | C3: =C2 -> 46113 | D3: 3272 | E3: 336 | F3: 4 | G3: 1 | H3: 81379 | I3: CHARACTER | J3: 13990293 | K3: KT-HN11A | L3: T-SHIRT BATMAN FP LOGO DARK KNIGHT A KT-HN11A:CLASSIC YELLOW:4-5:GRAPHIC:SS T-SHIRT | M3: 149900 | N3: =N2 -> 0.7 | O3: =M3-((70*M3))/100 -> 44970 | P3: =P2 -> PERCENTAGE
A4: =A3 -> 2024 JAN-JUN D70 | B4: =B3 -> 46099 | C4: =C3 -> 46113 | D4: 3272 | E4: 336 | F4: 4 | G4: 1 | H4: 81379 | I4: CHARACTER | J4: 13990300 | K4: KT-HN11A | L4: T-SHIRT BATMAN FP LOGO DARK KNIGHT A KT-HN11A:CLASSIC YELLOW:5-6:GRAPHIC:SS T-SHIRT | M4: 149900 | N4: =N3 -> 0.7 | O4: =M4-((70*M4))/100 -> 44970 | P4: =P3 -> PERCENTAGE
A5: =A4 -> 2024 JAN-JUN D70 | B5: =B4 -> 46099 | C5: =C4 -> 46113 | D5: 3272 | E5: 336 | F5: 4 | G5: 1 | H5: 81379 | I5: CHARACTER | J5: 13990319 | K5: KT-HN11A | L5: T-SHIRT BATMAN FP LOGO DARK KNIGHT A KT-HN11A:CLASSIC YELLOW:7-8:GRAPHIC:SS T-SHIRT | M5: 149900 | N5: =N4 -> 0.7 | O5: =M5-((70*M5))/100 -> 44970 | P5: =P4 -> PERCENTAGE
A6: =A5 -> 2024 JAN-JUN D70 | B6: =B5 -> 46099 | C6: =C5 -> 46113 | D6: 3272 | E6: 336 | F6: 4 | G6: 1 | H6: 81379 | I6: CHARACTER | J6: 13990328 | K6: KT-HN11A | L6: T-SHIRT BATMAN FP LOGO DARK KNIGHT A KT-HN11A:CLASSIC YELLOW:9-10:GRAPHIC:SS T-SHIRT | M6: 149900 | N6: =N5 -> 0.7 | O6: =M6-((70*M6))/100 -> 44970 | P6: =P5 -> PERCENTAGE
A7: =A6 -> 2024 JAN-JUN D70 | B7: =B6 -> 46099 | C7: =C6 -> 46113 | D7: 3272 | E7: 336 | F7: 4 | G7: 1 | H7: 81379 | I7: CHARACTER | J7: 13990337 | K7: BT-HN314A | L7: T-SHIRT BATMAN LIS LENGAN CITY A BT-HN314A:BLACK:3-4:GRAPHIC:SS T-SHIRT | M7: 139900 | N7: =N6 -> 0.7 | O7: =M7-((70*M7))/100 -> 41970 | P7: =P6 -> PERCENTAGE
A8: =A7 -> 2024 JAN-JUN D70 | B8: =B7 -> 46099 | C8: =C7 -> 46113 | D8: 3272 | E8: 336 | F8: 4 | G8: 1 | H8: 81379 | I8: CHARACTER | J8: 13990346 | K8: BT-HN314A | L8: T-SHIRT BATMAN LIS LENGAN CITY A BT-HN314A:BLACK:4-5:GRAPHIC:SS T-SHIRT | M8: 139900 | N8: =N7 -> 0.7 | O8: =M8-((70*M8))/100 -> 41970 | P8: =P7 -> PERCENTAGE
A9: =A8 -> 2024 JAN-JUN D70 | B9: =B8 -> 46099 | C9: =C8 -> 46113 | D9: 3272 | E9: 336 | F9: 4 | G9: 1 | H9: 81379 | I9: CHARACTER | J9: 13990355 | K9: BT-HN314A | L9: T-SHIRT BATMAN LIS LENGAN CITY A BT-HN314A:BLACK:5-6:GRAPHIC:SS T-SHIRT | M9: 139900 | N9: =N8 -> 0.7 | O9: =M9-((70*M9))/100 -> 41970 | P9: =P8 -> PERCENTAGE
A10: =A9 -> 2024 JAN-JUN D70 | B10: =B9 -> 46099 | C10: =C9 -> 46113 | D10: 3272 | E10: 336 | F10: 4 | G10: 1 | H10: 81379 | I10: CHARACTER | J10: 13990364 | K10: BT-HN314A | L10: T-SHIRT BATMAN LIS LENGAN CITY A BT-HN314A:BLACK:7-8:GRAPHIC:SS T-SHIRT | M10: 139900 | N10: =N9 -> 0.7 | O10: =M10-((70*M10))/100 -> 41970 | P10: =P9 -> PERCENTAGE
A11: =A10 -> 2024 JAN-JUN D70 | B11: =B10 -> 46099 | C11: =C10 -> 46113 | D11: 3272 | E11: 336 | F11: 4 | G11: 1 | H11: 81379 | I11: CHARACTER | J11: 13990373 | K11: BT-HN314A | L11: T-SHIRT BATMAN LIS LENGAN CITY A BT-HN314A:BLACK:9-10:GRAPHIC:SS T-SHIRT | M11: 139900 | N11: =N10 -> 0.7 | O11: =M11-((70*M11))/100 -> 41970 | P11: =P10 -> PERCENTAGE
A12: =A11 -> 2024 JAN-JUN D70 | B12: =B11 -> 46099 | C12: =C11 -> 46113 | D12: 3272 | E12: 336 | F12: 4 | G12: 1 | H12: 81379 | I12: CHARACTER | J12: 13990382 | K12: KT-HN19A | L12: T-SHIRT BATMAN JUMP CUT SEW A KT-HN19A:BLACK:3-4:GRAPHIC:SS T-SHIRT | M12: 149900 | N12: =N11 -> 0.7 | O12: =M12-((70*M12))/100 -> 44970 | P12: =P11 -> PERCENTAGE
A13: =A12 -> 2024 JAN-JUN D70 | B13: =B12 -> 46099 | C13: =C12 -> 46113 | D13: 3272 | E13: 336 | F13: 4 | G13: 1 | H13: 81379 | I13: CHARACTER | J13: 13990391 | K13: KT-HN19A | L13: T-SHIRT BATMAN JUMP CUT SEW A KT-HN19A:BLACK:4-5:GRAPHIC:SS T-SHIRT | M13: 149900 | N13: =N12 -> 0.7 | O13: =M13-((70*M13))/100 -> 44970 | P13: =P12 -> PERCENTAGE
A14: =A13 -> 2024 JAN-JUN D70 | B14: =B13 -> 46099 | C14: =C13 -> 46113 | D14: 3272 | E14: 336 | F14: 4 | G14: 1 | H14: 81379 | I14: CHARACTER | J14: 13990408 | K14: KT-HN19A | L14: T-SHIRT BATMAN JUMP CUT SEW A KT-HN19A:BLACK:5-6:GRAPHIC:SS T-SHIRT | M14: 149900 | N14: =N13 -> 0.7 | O14: =M14-((70*M14))/100 -> 44970 | P14: =P13 -> PERCENTAGE
... A233: =A232 -> 2024 JAN-JUN D70 | B233: =B232 -> 46099 | C233: =C232 -> 46113 | D233: 3272 | E233: 336 | F233: 4 | G233: 1 | H233: 81379 | I233: CHARACTER | J233: 16623166 | K233: TF-A78 | L233: SS T-SHIRT TF FP DEPAN LOGO LIS TF-A78:MISTY LIGHT GREY:15-16:PRINT:SS T-SHIRT | M233: 139900 | N233: =N232 -> 0.7 | O233: =M233-((70*M233))/100 -> 41970 | P233: =P232 -> PERCENTAGE
A234: =A232 -> 2024 JAN-JUN D70 | B234: =B232 -> 46099 | C234: =C232 -> 46113 | D234: 3272 | E234: 336 | F234: 4 | G234: 1 | H234: 81379 | I234: CHARACTER | J234: 16623175 | K234: TF-HN22 | L234: SS T-SHIRT TF7 BUMBLEBEE LIS LGN TF-HN22:BLACK:3-4:PRINT:SS T-SHIRT | M234: 149900 | N234: =N233 -> 0.7 | O234: =M234-((70*M234))/100 -> 44970 | P234: =P232 -> PERCENTAGE
A235: =A234 -> 2024 JAN-JUN D70 | B235: =B234 -> 46099 | C235: =C234 -> 46113 | D235: 3272 | E235: 336 | F235: 4 | G235: 1 | H235: 81379 | I235: CHARACTER | J235: 16623184 | K235: TF-HN22 | L235: SS T-SHIRT TF7 BUMBLEBEE LIS LGN TF-HN22:BLACK:4-5:PRINT:SS T-SHIRT | M235: 149900 | N235: =N234 -> 0.7 | O235: =M235-((70*M235))/100 -> 44970 | P235: =P234 -> PERCENTAGE
A236: =A235 -> 2024 JAN-JUN D70 | B236: =B235 -> 46099 | C236: =C235 -> 46113 | D236: 3272 | E236: 336 | F236: 4 | G236: 1 | H236: 81379 | I236: CHARACTER | J236: 16623193 | K236: TF-HN22 | L236: SS T-SHIRT TF7 BUMBLEBEE LIS LGN TF-HN22:BLACK:5-6:PRINT:SS T-SHIRT | M236: 149900 | N236: =N235 -> 0.7 | O236: =M236-((70*M236))/100 -> 44970 | P236: =P235 -> PERCENTAGE
A237: =A236 -> 2024 JAN-JUN D70 | B237: =B236 -> 46099 | C237: =C236 -> 46113 | D237: 3272 | E237: 336 | F237: 4 | G237: 1 | H237: 81379 | I237: CHARACTER | J237: 16623200 | K237: TF-HN22 | L237: SS T-SHIRT TF7 BUMBLEBEE LIS LGN TF-HN22:BLACK:7-8:PRINT:SS T-SHIRT | M237: 149900 | N237: =N236 -> 0.7 | O237: =M237-((70*M237))/100 -> 44970 | P237: =P236 -> PERCENTAGE
A238: =A237 -> 2024 JAN-JUN D70 | B238: =B237 -> 46099 | C238: =C237 -> 46113 | D238: 3272 | E238: 336 | F238: 4 | G238: 1 | H238: 81379 | I238: CHARACTER | J238: 16623237 | K238: TF-HN22 | L238: SS T-SHIRT TF7 BUMBLEBEE LIS LGN TF-HN22:BLACK:9-10:PRINT:SS T-SHIRT | M238: 149900 | N238: =N237 -> 0.7 | O238: =M238-((70*M238))/100 -> 44970 | P238: =P237 -> PERCENTAGE
A239: =A238 -> 2024 JAN-JUN D70 | B239: =B238 -> 46099 | C239: =C238 -> 46113 | D239: 3272 | E239: 336 | F239: 4 | G239: 1 | H239: 81379 | I239: CHARACTER | J239: 16623246 | K239: TF-HN22 | L239: SS T-SHIRT TF7 BUMBLEBEE LIS LGN TF-HN22:BLACK:11-12:PRINT:SS T-SHIRT | M239: 149900 | N239: =N238 -> 0.7 | O239: =M239-((70*M239))/100 -> 44970 | P239: =P238 -> PERCENTAGE
A240: =A239 -> 2024 JAN-JUN D70 | B240: =B239 -> 46099 | C240: =C239 -> 46113 | D240: 3272 | E240: 336 | F240: 4 | G240: 1 | H240: 81379 | I240: CHARACTER | J240: 16623273 | K240: TF-HN16 | L240: SS T-SHIRT TF TEAM STAND TF-HN16:BLACK:3-4:PRINT:SS T-SHIRT | M240: 139900 | N240: =N239 -> 0.7 | O240: =M240-((70*M240))/100 -> 41970 | P240: =P239 -> PERCENTAGE
A241: =A240 -> 2024 JAN-JUN D70 | B241: =B240 -> 46099 | C241: =C240 -> 46113 | D241: 3272 | E241: 336 | F241: 4 | G241: 1 | H241: 81379 | I241: CHARACTER | J241: 16623282 | K241: TF-HN16 | L241: SS T-SHIRT TF TEAM STAND TF-HN16:BLACK:4-5:PRINT:SS T-SHIRT | M241: 139900 | N241: =N240 -> 0.7 | O241: =M241-((70*M241))/100 -> 41970 | P241: =P240 -> PERCENTAGE
A242: =A241 -> 2024 JAN-JUN D70 | B242: =B241 -> 46099 | C242: =C241 -> 46113 | D242: 3272 | E242: 336 | F242: 4 | G242: 1 | H242: 81379 | I242: CHARACTER | J242: 16623291 | K242: TF-HN16 | L242: SS T-SHIRT TF TEAM STAND TF-HN16:BLACK:5-6:PRINT:SS T-SHIRT | M242: 139900 | N242: =N241 -> 0.7 | O242: =M242-((70*M242))/100 -> 41970 | P242: =P241 -> PERCENTAGE
A243: =A242 -> 2024 JAN-JUN D70 | B243: =B242 -> 46099 | C243: =C242 -> 46113 | D243: 3272 | E243: 336 | F243: 4 | G243: 1 | H243: 81379 | I243: CHARACTER | J243: 16623308 | K243: TF-HN16 | L243: SS T-SHIRT TF TEAM STAND TF-HN16:BLACK:7-8:PRINT:SS T-SHIRT | M243: 139900 | N243: =N242 -> 0.7 | O243: =M243-((70*M243))/100 -> 41970 | P243: =P242 -> PERCENTAGE
A244: =A243 -> 2024 JAN-JUN D70 | B244: =B243 -> 46099 | C244: =C243 -> 46113 | D244: 3272 | E244: 336 | F244: 4 | G244: 1 | H244: 81379 | I244: CHARACTER | J244: 16623317 | K244: TF-HN16 | L244: SS T-SHIRT TF TEAM STAND TF-HN16:BLACK:9-10:PRINT:SS T-SHIRT | M244: 139900 | N244: =N243 -> 0.7 | O244: =M244-((70*M244))/100 -> 41970 | P244: =P243 -> PERCENTAGE
A245: =A244 -> 2024 JAN-JUN D70 | B245: =B244 -> 46099 | C245: =C244 -> 46113 | D245: 3272 | E245: 336 | F245: 4 | G245: 1 | H245: 81379 | I245: CHARACTER | J245: 16623326 | K245: TF-HN16 | L245: SS T-SHIRT TF TEAM STAND TF-HN16:BLACK:11-12:PRINT:SS T-SHIRT | M245: 139900 | N245: =N244 -> 0.7 | O245: =M245-((70*M245))/100 -> 41970 | P245: =P244 -> PERCENTAGE
A246: =A245 -> 2024 JAN-JUN D70 | B246: =B245 -> 46099 | C246: =C245 -> 46113 | D246: 3272 | E246: 336 | F246: 4 | G246: 1 | H246: 81379 | I246: CHARACTER | J246: 16623335 | K246: TF-HN16 | L246: SS T-SHIRT TF TEAM STAND TF-HN16:BLACK:13-14:PRINT:SS T-SHIRT | M246: 139900 | N246: =N245 -> 0.7 | O246: =M246-((70*M246))/100 -> 41970 | P246: =P245 -> PERCENTAGE
... A466: =A465 -> 2024 JAN-JUN D70 | B466: =B465 -> 46099 | C466: =C465 -> 46113 | D466: 3272 | E466: 336 | F466: 4 | G466: 1 | H466: 81379 | I466: CHARACTER | J466: 15501585 | K466: MB-N037C | L466: T-SHIRT MARIO FP LUIGI BOWSER C MB-N037C:WHITE:15-16:PRINT:SS T-SHIRT | M466: 149900 | N466: =N465 -> 0.7 | O466: =M466-((70*M466))/100 -> 44970 | P466: =P465 -> PERCENTAGE

Sheet 2024 JUL-SEPT B1G2
A1: ACARA | B1: FROM DATE | C1: TO DATE | D1: DEPT | E1: WORLD | F1: DIVISION | G1: CLASS | H1: SUPPLIER | I1: BRAND | J1: SKU | K1: ARTICLE | L1: DESCRIPTION | M1: HARGA NORMAL | N1: DISKON | O1: HARGA PROMO | P1: DISCOUNT TYPE
A2: 2024 JUL-SEPT B1G2 | B2: ='2019 ALL D95'!B2 -> 46099 | C2: ='2019 ALL D95'!C2 -> 46113 | D2: 3272 | E2: 336 | F2: 4 | G2: 3 | H2: 81379 | I2: CHARACTER | J2: 16624209 | K2: MN-N068 | L2: SWEATER MINIONS CLASSIC HOOD MN-N068:BLACK:3-4:PRINT:JACKET | M2: 239900 | N2: BXGY | O2: B1G2 | P2: BXGY
A3: =A2 -> 2024 JUL-SEPT B1G2 | B3: =B2 -> 46099 | C3: =C2 -> 46113 | D3: 3272 | E3: 336 | F3: 4 | G3: 3 | H3: 81379 | I3: CHARACTER | J3: 16624218 | K3: MN-N068 | L3: SWEATER MINIONS CLASSIC HOOD MN-N068:BLACK:4-5:PRINT:JACKET | M3: 239900 | N3: =N2 -> BXGY | O3: =O2 -> B1G2 | P3: =P2 -> BXGY
A4: =A3 -> 2024 JUL-SEPT B1G2 | B4: =B3 -> 46099 | C4: =C3 -> 46113 | D4: 3272 | E4: 336 | F4: 4 | G4: 3 | H4: 81379 | I4: CHARACTER | J4: 16624227 | K4: MN-N068 | L4: SWEATER MINIONS CLASSIC HOOD MN-N068:BLACK:5-6:PRINT:JACKET | M4: 239900 | N4: =N3 -> BXGY | O4: =O3 -> B1G2 | P4: =P3 -> BXGY
A5: =A4 -> 2024 JUL-SEPT B1G2 | B5: =B4 -> 46099 | C5: =C4 -> 46113 | D5: 3272 | E5: 336 | F5: 4 | G5: 3 | H5: 81379 | I5: CHARACTER | J5: 16624236 | K5: MN-N068 | L5: SWEATER MINIONS CLASSIC HOOD MN-N068:BLACK:7-8:PRINT:JACKET | M5: 239900 | N5: =N4 -> BXGY | O5: =O4 -> B1G2 | P5: =P4 -> BXGY
A6: =A5 -> 2024 JUL-SEPT B1G2 | B6: =B5 -> 46099 | C6: =C5 -> 46113 | D6: 3272 | E6: 336 | F6: 4 | G6: 3 | H6: 81379 | I6: CHARACTER | J6: 16624245 | K6: MN-N068 | L6: SWEATER MINIONS CLASSIC HOOD MN-N068:BLACK:9-10:PRINT:JACKET | M6: 239900 | N6: =N5 -> BXGY | O6: =O5 -> B1G2 | P6: =P5 -> BXGY
A7: =A6 -> 2024 JUL-SEPT B1G2 | B7: =B6 -> 46099 | C7: =C6 -> 46113 | D7: 3272 | E7: 336 | F7: 4 | G7: 3 | H7: 81379 | I7: CHARACTER | J7: 16624254 | K7: MN-N068 | L7: SWEATER MINIONS CLASSIC HOOD MN-N068:BLACK:11-12:PRINT:JACKET | M7: 239900 | N7: =N6 -> BXGY | O7: =O6 -> B1G2 | P7: =P6 -> BXGY
A8: =A7 -> 2024 JUL-SEPT B1G2 | B8: =B7 -> 46099 | C8: =C7 -> 46113 | D8: 3272 | E8: 336 | F8: 4 | G8: 3 | H8: 81379 | I8: CHARACTER | J8: 16624263 | K8: MN-N068 | L8: SWEATER MINIONS CLASSIC HOOD MN-N068:BLACK:13-14:PRINT:JACKET | M8: 239900 | N8: =N7 -> BXGY | O8: =O7 -> B1G2 | P8: =P7 -> BXGY
A9: =A8 -> 2024 JUL-SEPT B1G2 | B9: =B8 -> 46099 | C9: =C8 -> 46113 | D9: 3272 | E9: 336 | F9: 4 | G9: 3 | H9: 81379 | I9: CHARACTER | J9: 16624272 | K9: MN-N068 | L9: SWEATER MINIONS CLASSIC HOOD MN-N068:BLACK:15-16:PRINT:JACKET | M9: 239900 | N9: =N8 -> BXGY | O9: =O8 -> B1G2 | P9: =P8 -> BXGY
A10: =A9 -> 2024 JUL-SEPT B1G2 | B10: =B9 -> 46099 | C10: =C9 -> 46113 | D10: 3272 | E10: 336 | F10: 4 | G10: 3 | H10: 81379 | I10: CHARACTER | J10: 18659928 | K10: MN-N010 | L10: SWEATER MINIONS MOVIE HOOD MN-N010:CLASSIC YELLOW:3-4:GRAPHIC:JACKET | M10: 239900 | N10: =N9 -> BXGY | O10: =O9 -> B1G2 | P10: =P9 -> BXGY
A11: =A10 -> 2024 JUL-SEPT B1G2 | B11: =B10 -> 46099 | C11: =C10 -> 46113 | D11: 3272 | E11: 336 | F11: 4 | G11: 3 | H11: 81379 | I11: CHARACTER | J11: 18659937 | K11: MN-N010 | L11: SWEATER MINIONS MOVIE HOOD MN-N010:CLASSIC YELLOW:4-5:GRAPHIC:JACKET | M11: 239900 | N11: =N10 -> BXGY | O11: =O10 -> B1G2 | P11: =P10 -> BXGY
A12: =A11 -> 2024 JUL-SEPT B1G2 | B12: =B11 -> 46099 | C12: =C11 -> 46113 | D12: 3272 | E12: 336 | F12: 4 | G12: 3 | H12: 81379 | I12: CHARACTER | J12: 18659946 | K12: MN-N010 | L12: SWEATER MINIONS MOVIE HOOD MN-N010:CLASSIC YELLOW:5-6:GRAPHIC:JACKET | M12: 239900 | N12: =N11 -> BXGY | O12: =O11 -> B1G2 | P12: =P11 -> BXGY
A13: =A12 -> 2024 JUL-SEPT B1G2 | B13: =B12 -> 46099 | C13: =C12 -> 46113 | D13: 3272 | E13: 336 | F13: 4 | G13: 3 | H13: 81379 | I13: CHARACTER | J13: 18659955 | K13: MN-N010 | L13: SWEATER MINIONS MOVIE HOOD MN-N010:CLASSIC YELLOW:7-8:GRAPHIC:JACKET | M13: 239900 | N13: =N12 -> BXGY | O13: =O12 -> B1G2 | P13: =P12 -> BXGY
A14: =A13 -> 2024 JUL-SEPT B1G2 | B14: =B13 -> 46099 | C14: =C13 -> 46113 | D14: 3272 | E14: 336 | F14: 4 | G14: 3 | H14: 81379 | I14: CHARACTER | J14: 18659964 | K14: MN-N010 | L14: SWEATER MINIONS MOVIE HOOD MN-N010:CLASSIC YELLOW:9-10:GRAPHIC:JACKET | M14: 239900 | N14: =N13 -> BXGY | O14: =O13 -> B1G2 | P14: =P13 -> BXGY
... A194: =A193 -> 2024 JUL-SEPT B1G2 | B194: =B193 -> 46099 | C194: =C193 -> 46113 | D194: 3272 | E194: 336 | F194: 4 | G194: 3 | H194: 81588 | I194: CHARACTER | J194: 20514936 | K194: TF-N068 | L194: JAKET TF ONE KTG HOOD TF-N068:NAVY BLUE:15-16:GRAPHIC:JACKET | M194: 289900 | N194: =N193 -> BXGY | O194: =O193 -> B1G2 | P194: =P193 -> BXGY

Sheet 2024 NOV-DEC B1G2
A1: ACARA | B1: FROM DATE | C1: TO DATE | D1: DEPT | E1: WORLD | F1: DIVISION | G1: CLASS | H1: SUPPLIER | I1: BRAND | J1: SKU | K1: ARTICLE | L1: DESCRIPTION | M1: HARGA NORMAL | N1: DISKON | O1: HARGA PROMO | P1: DISCOUNT TYPE
A2: 2024 NOV-DEC B1G2 | B2: ='2019 ALL D95'!B2 -> 46099 | C2: ='2019 ALL D95'!C2 -> 46113 | D2: 3272 | E2: 336 | F2: 4 | G2: 4 | H2: 81379 | I2: CHARACTER | J2: 45419912 | K2: BM-A95C | L2: SHORT PANTS CP KNIT BATMAN SPLASH BM-A95C:MISTY MEDIUM GREY:5-6:GRAPHIC:SHORT PANTS | M2: 159900 | N2: BXGY | O2: B1G2 | P2: BXGY
A3: =A2 -> 2024 NOV-DEC B1G2 | B3: =B2 -> 46099 | C3: =C2 -> 46113 | D3: 3272 | E3: 336 | F3: 4 | G3: 4 | H3: 81379 | I3: CHARACTER | J3: 45419921 | K3: BM-A95C | L3: SHORT PANTS CP KNIT BATMAN SPLASH BM-A95C:MISTY MEDIUM GREY:7-8:GRAPHIC:SHORT PANTS | M3: 159900 | N3: =N2 -> BXGY | O3: =O2 -> B1G2 | P3: =P2 -> BXGY
A4: =A3 -> 2024 NOV-DEC B1G2 | B4: =B3 -> 46099 | C4: =C3 -> 46113 | D4: 3272 | E4: 336 | F4: 4 | G4: 4 | H4: 81379 | I4: CHARACTER | J4: 45419930 | K4: BM-A95C | L4: SHORT PANTS CP KNIT BATMAN SPLASH BM-A95C:MISTY MEDIUM GREY:9-10:GRAPHIC:SHORT PANTS | M4: 159900 | N4: =N3 -> BXGY | O4: =O3 -> B1G2 | P4: =P3 -> BXGY
A5: =A4 -> 2024 NOV-DEC B1G2 | B5: =B4 -> 46099 | C5: =C4 -> 46113 | D5: 3272 | E5: 336 | F5: 4 | G5: 4 | H5: 81379 | I5: CHARACTER | J5: 45419949 | K5: BM-A95C | L5: SHORT PANTS CP KNIT BATMAN SPLASH BM-A95C:MISTY MEDIUM GREY:11-12:GRAPHIC:SHORT PANTS | M5: 159900 | N5: =N4 -> BXGY | O5: =O4 -> B1G2 | P5: =P4 -> BXGY
A6: =A5 -> 2024 NOV-DEC B1G2 | B6: =B5 -> 46099 | C6: =C5 -> 46113 | D6: 3272 | E6: 336 | F6: 4 | G6: 4 | H6: 81379 | I6: CHARACTER | J6: 45419958 | K6: BM-A95C | L6: SHORT PANTS CP KNIT BATMAN SPLASH BM-A95C:MISTY MEDIUM GREY:13-14:GRAPHIC:SHORT PANTS | M6: 159900 | N6: =N5 -> BXGY | O6: =O5 -> B1G2 | P6: =P5 -> BXGY
A7: =A6 -> 2024 NOV-DEC B1G2 | B7: =B6 -> 46099 | C7: =C6 -> 46113 | D7: 3272 | E7: 336 | F7: 4 | G7: 1 | H7: 81676 | I7: CHARACTER | J7: 45419761 | K7: BG-106C | L7: SS T-SHIRT BATMAN LOGO PRINT BLKG C BG-106C:MISTY LIGHT YELLOW:7-8:GRAPHIC:SS T-SHIRT | M7: 129900 | N7: =N6 -> BXGY | O7: =O6 -> B1G2 | P7: =P6 -> BXGY
A8: =A7 -> 2024 NOV-DEC B1G2 | B8: =B7 -> 46099 | C8: =C7 -> 46113 | D8: 3272 | E8: 336 | F8: 4 | G8: 1 | H8: 81676 | I8: CHARACTER | J8: 45419770 | K8: BG-106C | L8: SS T-SHIRT BATMAN LOGO PRINT BLKG C BG-106C:MISTY LIGHT YELLOW:9-10:GRAPHIC:SS T-SHIRT | M8: 129900 | N8: =N7 -> BXGY | O8: =O7 -> B1G2 | P8: =P7 -> BXGY
A9: =A8 -> 2024 NOV-DEC B1G2 | B9: =B8 -> 46099 | C9: =C8 -> 46113 | D9: 3272 | E9: 336 | F9: 4 | G9: 1 | H9: 81676 | I9: CHARACTER | J9: 45419789 | K9: BG-106C | L9: SS T-SHIRT BATMAN LOGO PRINT BLKG C BG-106C:MISTY LIGHT YELLOW:11-12:GRAPHIC:SS T-SHIRT | M9: 129900 | N9: =N8 -> BXGY | O9: =O8 -> B1G2 | P9: =P8 -> BXGY
A10: =A9 -> 2024 NOV-DEC B1G2 | B10: =B9 -> 46099 | C10: =C9 -> 46113 | D10: 3272 | E10: 336 | F10: 4 | G10: 1 | H10: 81676 | I10: CHARACTER | J10: 45419798 | K10: BG-106C | L10: SS T-SHIRT BATMAN LOGO PRINT BLKG C BG-106C:MISTY LIGHT YELLOW:13-14:GRAPHIC:SS T-SHIRT | M10: 129900 | N10: =N9 -> BXGY | O10: =O9 -> B1G2 | P10: =P9 -> BXGY
A11: =A10 -> 2024 NOV-DEC B1G2 | B11: =B10 -> 46099 | C11: =C10 -> 46113 | D11: 3272 | E11: 336 | F11: 4 | G11: 1 | H11: 81676 | I11: CHARACTER | J11: 45419805 | K11: BG-106C | L11: SS T-SHIRT BATMAN LOGO PRINT BLKG C BG-106C:MISTY LIGHT YELLOW:15-16:GRAPHIC:SS T-SHIRT | M11: 129900 | N11: =N10 -> BXGY | O11: =O10 -> B1G2 | P11: =P10 -> BXGY
A12: =A11 -> 2024 NOV-DEC B1G2 | B12: =B11 -> 46099 | C12: =C11 -> 46113 | D12: 3272 | E12: 336 | F12: 4 | G12: 1 | H12: 81676 | I12: CHARACTER | J12: 45419814 | K12: BG-109A | L12: SS T-SHIRT SUPERMAN FP FLY A BG-109A:WHITE:3-4:PRINT:SS T-SHIRT | M12: 139900 | N12: =N11 -> BXGY | O12: =O11 -> B1G2 | P12: =P11 -> BXGY
A13: =A12 -> 2024 NOV-DEC B1G2 | B13: =B12 -> 46099 | C13: =C12 -> 46113 | D13: 3272 | E13: 336 | F13: 4 | G13: 1 | H13: 81676 | I13: CHARACTER | J13: 45419823 | K13: BG-109A | L13: SS T-SHIRT SUPERMAN FP FLY A BG-109A:WHITE:4-5:PRINT:SS T-SHIRT | M13: 139900 | N13: =N12 -> BXGY | O13: =O12 -> B1G2 | P13: =P12 -> BXGY
A14: =A13 -> 2024 NOV-DEC B1G2 | B14: =B13 -> 46099 | C14: =C13 -> 46113 | D14: 3272 | E14: 336 | F14: 4 | G14: 1 | H14: 81676 | I14: CHARACTER | J14: 45419832 | K14: BG-109A | L14: SS T-SHIRT SUPERMAN FP FLY A BG-109A:WHITE:5-6:PRINT:SS T-SHIRT | M14: 139900 | N14: =N13 -> BXGY | O14: =O13 -> B1G2 | P14: =P13 -> BXGY
... A168: =A167 -> 2024 NOV-DEC B1G2 | B168: =B167 -> 46099 | C168: =C167 -> 46113 | D168: 3272 | E168: 336 | F168: 4 | G168: 1 | H168: 4953 | I168: CHARACTER | J168: 45646319 | K168: MLBH-1 | L168: SS T-SHIRT MLBB ALDOUS FIRE RING MLBH-1:BLACK:15-16:GRAPHIC:SS T-SHIRT | M168: 139900 | N168: =N167 -> BXGY | O168: =O167 -> B1G2 | P168: =P167 -> BXGY
A169: =A168 -> 2024 NOV-DEC B1G2 | B169: =B168 -> 46099 | C169: =C168 -> 46113 | D169: 3272 | E169: 336 | F169: 4 | G169: 1 | H169: 81588 | I169: CHARACTER | J169: 45646837 | K169: TF-HR02 | L169: SS T-SHIRT TF FP LOGO TULISAN HD TF-HR 02:CLASSIC YELLOW:4-5:PRINT:SS T-SHIRT | M169: 149900 | N169: =N168 -> BXGY | O169: B1G2 | P169: =P168 -> BXGY
A170: =A169 -> 2024 NOV-DEC B1G2 | B170: =B169 -> 46099 | C170: =C169 -> 46113 | D170: 3272 | E170: 336 | F170: 4 | G170: 1 | H170: 81588 | I170: CHARACTER | J170: 45646846 | K170: TF-HR02 | L170: SS T-SHIRT TF FP LOGO TULISAN HD TF-HR 02:CLASSIC YELLOW:5-6:PRINT:SS T-SHIRT | M170: 149900 | N170: =N169 -> BXGY | O170: =O169 -> B1G2 | P170: =P169 -> BXGY
A171: =A170 -> 2024 NOV-DEC B1G2 | B171: =B170 -> 46099 | C171: =C170 -> 46113 | D171: 3272 | E171: 336 | F171: 4 | G171: 1 | H171: 81588 | I171: CHARACTER | J171: 45646855 | K171: TF-HR02 | L171: SS T-SHIRT TF FP LOGO TULISAN HD TF-HR 02:CLASSIC YELLOW:7-8:PRINT:SS T-SHIRT | M171: 149900 | N171: =N170 -> BXGY | O171: =O170 -> B1G2 | P171: =P170 -> BXGY
A172: =A171 -> 2024 NOV-DEC B1G2 | B172: =B171 -> 46099 | C172: =C171 -> 46113 | D172: 3272 | E172: 336 | F172: 4 | G172: 1 | H172: 81588 | I172: CHARACTER | J172: 45646864 | K172: TF-HR02 | L172: SS T-SHIRT TF FP LOGO TULISAN HD TF-HR 02:CLASSIC YELLOW:9-10:PRINT:SS T-SHIRT | M172: 149900 | N172: =N171 -> BXGY | O172: =O171 -> B1G2 | P172: =P171 -> BXGY
A173: =A172 -> 2024 NOV-DEC B1G2 | B173: =B172 -> 46099 | C173: =C172 -> 46113 | D173: 3272 | E173: 336 | F173: 4 | G173: 1 | H173: 81588 | I173: CHARACTER | J173: 45646873 | K173: TF-HR02 | L173: SS T-SHIRT TF FP LOGO TULISAN HD TF-HR 02:CLASSIC YELLOW:11-12:PRINT:SS T-SHIRT | M173: 149900 | N173: =N172 -> BXGY | O173: =O172 -> B1G2 | P173: =P172 -> BXGY
A174: =A173 -> 2024 NOV-DEC B1G2 | B174: =B173 -> 46099 | C174: =C173 -> 46113 | D174: 3272 | E174: 336 | F174: 4 | G174: 1 | H174: 81588 | I174: CHARACTER | J174: 45646882 | K174: TF-HR02 | L174: SS T-SHIRT TF FP LOGO TULISAN HD TF-HR 02:CLASSIC YELLOW:13-14:PRINT:SS T-SHIRT | M174: 149900 | N174: =N173 -> BXGY | O174: =O173 -> B1G2 | P174: =P173 -> BXGY
A175: =A174 -> 2024 NOV-DEC B1G2 | B175: =B174 -> 46099 | C175: =C174 -> 46113 | D175: 3272 | E175: 336 | F175: 4 | G175: 1 | H175: 81588 | I175: CHARACTER | J175: 45646891 | K175: TF-HR02 | L175: SS T-SHIRT TF FP LOGO TULISAN HD TF-HR 02:CLASSIC YELLOW:15-16:PRINT:SS T-SHIRT | M175: 149900 | N175: =N174 -> BXGY | O175: =O174 -> B1G2 | P175: =P174 -> BXGY
A176: =A175 -> 2024 NOV-DEC B1G2 | B176: =B175 -> 46099 | C176: =C175 -> 46113 | D176: 3272 | E176: 336 | F176: 4 | G176: 1 | H176: 81588 | I176: CHARACTER | J176: 45646908 | K176: TF-HR01 | L176: SS T-SHIRT TF LOGO LIS GLOW ID TF-HR01:CLASSIC RED:3-4:GRAPHIC:SS T-SHIRT | M176: 139900 | N176: =N175 -> BXGY | O176: =O175 -> B1G2 | P176: =P175 -> BXGY
A177: =A176 -> 2024 NOV-DEC B1G2 | B177: =B176 -> 46099 | C177: =C176 -> 46113 | D177: 3272 | E177: 336 | F177: 4 | G177: 1 | H177: 81588 | I177: CHARACTER | J177: 45646917 | K177: TF-HR01 | L177: SS T-SHIRT TF LOGO LIS GLOW ID TF-HR01:CLASSIC RED:4-5:GRAPHIC:SS T-SHIRT | M177: 139900 | N177: =N176 -> BXGY | O177: =O176 -> B1G2 | P177: =P176 -> BXGY
A178: =A177 -> 2024 NOV-DEC B1G2 | B178: =B177 -> 46099 | C178: =C177 -> 46113 | D178: 3272 | E178: 336 | F178: 4 | G178: 1 | H178: 81588 | I178: CHARACTER | J178: 45646926 | K178: TF-HR01 | L178: SS T-SHIRT TF LOGO LIS GLOW ID TF-HR01:CLASSIC RED:5-6:GRAPHIC:SS T-SHIRT | M178: 139900 | N178: =N177 -> BXGY | O178: =O177 -> B1G2 | P178: =P177 -> BXGY
A179: =A178 -> 2024 NOV-DEC B1G2 | B179: =B178 -> 46099 | C179: =C178 -> 46113 | D179: 3272 | E179: 336 | F179: 4 | G179: 1 | H179: 81588 | I179: CHARACTER | J179: 45646935 | K179: TF-HR01 | L179: SS T-SHIRT TF LOGO LIS GLOW ID TF-HR01:CLASSIC RED:7-8:GRAPHIC:SS T-SHIRT | M179: 139900 | N179: =N178 -> BXGY | O179: =O178 -> B1G2 | P179: =P178 -> BXGY
A180: =A179 -> 2024 NOV-DEC B1G2 | B180: =B179 -> 46099 | C180: =C179 -> 46113 | D180: 3272 | E180: 336 | F180: 4 | G180: 1 | H180: 81588 | I180: CHARACTER | J180: 45646944 | K180: TF-HR01 | L180: SS T-SHIRT TF LOGO LIS GLOW ID TF-HR01:CLASSIC RED:9-10:GRAPHIC:SS T-SHIRT | M180: 139900 | N180: =N179 -> BXGY | O180: =O179 -> B1G2 | P180: =P179 -> BXGY
A181: =A180 -> 2024 NOV-DEC B1G2 | B181: =B180 -> 46099 | C181: =C180 -> 46113 | D181: 3272 | E181: 336 | F181: 4 | G181: 1 | H181: 81588 | I181: CHARACTER | J181: 45646953 | K181: TF-HR01 | L181: SS T-SHIRT TF LOGO LIS GLOW ID TF-HR01:CLASSIC RED:11-12:GRAPHIC:SS T-SHIRT | M181: 139900 | N181: =N180 -> BXGY | O181: =O180 -> B1G2 | P181: =P180 -> BXGY
... A216: =A215 -> 2024 NOV-DEC B1G2 | B216: =B215 -> 46099 | C216: =C215 -> 46113 | D216: 3272 | E216: 336 | F216: 4 | G216: 3 | H216: 81379 | I216: CHARACTER | J216: 45646613 | K216: JP-N033 | L216: JACKET HOOD JURASSIC A JP-N033:GRASS GREEN:9-10:GRAPHIC:JACKET | M216: 279900 | N216: =N215 -> BXGY | O216: =O215 -> B1G2 | P216: =P215 -> BXGY

Sheet 2025 JAN-APR B1G2
A1: ACARA | B1: FROM DATE | C1: TO DATE | D1: DEPT | E1: WORLD | F1: DIVISION | G1: CLASS | H1: SUPPLIER | I1: BRAND | J1: SKU | K1: ARTICLE | L1: DESCRIPTION | M1: HARGA NORMAL | N1: DISKON | O1: HARGA PROMO | P1: DISCOUNT TYPE
A2: 2025 JAN-APR B1G2 | B2: ='2019 ALL D95'!B2 -> 46099 | C2: ='2019 ALL D95'!C2 -> 46113 | D2: 3272 | E2: 336 | F2: 4 | G2: 1 | H2: 81379 | I2: CHARACTER | J2: 15500273 | K2: NC244A | L2: T-SHIRT BATMAN CLASSIC WING A NC244A:MISTY MEDIUM GREY:3-4:PRINT:COSTUME | M2: 149900 | N2: BXGY | O2: B1G2 | P2: BXGY
A3: =A2 -> 2025 JAN-APR B1G2 | B3: =B2 -> 46099 | C3: =C2 -> 46113 | D3: 3272 | E3: 336 | F3: 4 | G3: 1 | H3: 81379 | I3: CHARACTER | J3: 15500282 | K3: NC244A | L3: T-SHIRT BATMAN CLASSIC WING A NC244A:MISTY MEDIUM GREY:4-5:PRINT:COSTUME | M3: 149900 | N3: BXGY | O3: =O2 -> B1G2 | P3: BXGY
A4: =A3 -> 2025 JAN-APR B1G2 | B4: =B3 -> 46099 | C4: =C3 -> 46113 | D4: 3272 | E4: 336 | F4: 4 | G4: 1 | H4: 81379 | I4: CHARACTER | J4: 15500291 | K4: NC244A | L4: T-SHIRT BATMAN CLASSIC WING A NC244A:MISTY MEDIUM GREY:5-6:PRINT:COSTUME | M4: 149900 | N4: BXGY | O4: =O3 -> B1G2 | P4: BXGY
A5: =A4 -> 2025 JAN-APR B1G2 | B5: =B4 -> 46099 | C5: =C4 -> 46113 | D5: 3272 | E5: 336 | F5: 4 | G5: 1 | H5: 81379 | I5: CHARACTER | J5: 15500308 | K5: NC244A | L5: T-SHIRT BATMAN CLASSIC WING A NC244A:MISTY MEDIUM GREY:7-8:PRINT:COSTUME | M5: 149900 | N5: BXGY | O5: =O4 -> B1G2 | P5: BXGY
A6: =A5 -> 2025 JAN-APR B1G2 | B6: =B5 -> 46099 | C6: =C5 -> 46113 | D6: 3272 | E6: 336 | F6: 4 | G6: 1 | H6: 81379 | I6: CHARACTER | J6: 15500317 | K6: NC244A | L6: T-SHIRT BATMAN CLASSIC WING A NC244A:MISTY MEDIUM GREY:9-10:PRINT:COSTUME | M6: 149900 | N6: BXGY | O6: =O5 -> B1G2 | P6: BXGY
A7: =A6 -> 2025 JAN-APR B1G2 | B7: =B6 -> 46099 | C7: =C6 -> 46113 | D7: 3272 | E7: 336 | F7: 4 | G7: 1 | H7: 4953 | I7: CHARACTER | J7: 45646328 | K7: MLBH-2 | L7: SS T-SHIRT MLBB ALDOUS ACTION MLBH-2:NAVY BLUE:7-8:GRAPHIC:SS T-SHIRT | M7: 139900 | N7: BXGY | O7: =O6 -> B1G2 | P7: BXGY
A8: =A7 -> 2025 JAN-APR B1G2 | B8: =B7 -> 46099 | C8: =C7 -> 46113 | D8: 3272 | E8: 336 | F8: 4 | G8: 1 | H8: 4953 | I8: CHARACTER | J8: 45646337 | K8: MLBH-2 | L8: SS T-SHIRT MLBB ALDOUS ACTION MLBH-2:NAVY BLUE:9-10:GRAPHIC:SS T-SHIRT | M8: 139900 | N8: BXGY | O8: =O7 -> B1G2 | P8: BXGY
A9: =A8 -> 2025 JAN-APR B1G2 | B9: =B8 -> 46099 | C9: =C8 -> 46113 | D9: 3272 | E9: 336 | F9: 4 | G9: 1 | H9: 4953 | I9: CHARACTER | J9: 45646346 | K9: MLBH-2 | L9: SS T-SHIRT MLBB ALDOUS ACTION MLBH-2:NAVY BLUE:11-12:GRAPHIC:SS T-SHIRT | M9: 139900 | N9: BXGY | O9: =O8 -> B1G2 | P9: BXGY
A10: =A9 -> 2025 JAN-APR B1G2 | B10: =B9 -> 46099 | C10: =C9 -> 46113 | D10: 3272 | E10: 336 | F10: 4 | G10: 1 | H10: 4953 | I10: CHARACTER | J10: 45646355 | K10: MLBH-2 | L10: SS T-SHIRT MLBB ALDOUS ACTION MLBH-2:NAVY BLUE:13-14:GRAPHIC:SS T-SHIRT | M10: 139900 | N10: BXGY | O10: =O9 -> B1G2 | P10: BXGY
A11: =A10 -> 2025 JAN-APR B1G2 | B11: =B10 -> 46099 | C11: =C10 -> 46113 | D11: 3272 | E11: 336 | F11: 4 | G11: 1 | H11: 4953 | I11: CHARACTER | J11: 45646364 | K11: MLBH-2 | L11: SS T-SHIRT MLBB ALDOUS ACTION MLBH-2:NAVY BLUE:15-16:GRAPHIC:SS T-SHIRT | M11: 139900 | N11: BXGY | O11: =O10 -> B1G2 | P11: BXGY
A12: =A11 -> 2025 JAN-APR B1G2 | B12: =B11 -> 46099 | C12: =C11 -> 46113 | D12: 3272 | E12: 336 | F12: 4 | G12: 1 | H12: 81588 | I12: CHARACTER | J12: 45647069 | K12: TF-HN15 | L12: SS T-SHIRT TF AUTOBOTS TEAM TF-HN15:MISTY LIGHT BLUE:3-4:GRAPHIC:SS T-SHIRT | M12: 139900 | N12: BXGY | O12: =O11 -> B1G2 | P12: BXGY
A13: =A12 -> 2025 JAN-APR B1G2 | B13: =B12 -> 46099 | C13: =C12 -> 46113 | D13: 3272 | E13: 336 | F13: 4 | G13: 1 | H13: 81588 | I13: CHARACTER | J13: 45647078 | K13: TF-HN15 | L13: SS T-SHIRT TF AUTOBOTS TEAM TF-HN15:MISTY LIGHT BLUE:4-5:GRAPHIC:SS T-SHIRT | M13: 139900 | N13: BXGY | O13: =O12 -> B1G2 | P13: BXGY
A14: =A13 -> 2025 JAN-APR B1G2 | B14: =B13 -> 46099 | C14: =C13 -> 46113 | D14: 3272 | E14: 336 | F14: 4 | G14: 1 | H14: 81588 | I14: CHARACTER | J14: 45647087 | K14: TF-HN15 | L14: SS T-SHIRT TF AUTOBOTS TEAM TF-HN15:MISTY LIGHT BLUE:5-6:GRAPHIC:SS T-SHIRT | M14: 139900 | N14: BXGY | O14: =O13 -> B1G2 | P14: BXGY
... A226: =A225 -> 2025 JAN-APR B1G2 | B226: =B225 -> 46099 | C226: =C225 -> 46113 | D226: 3272 | E226: 336 | F226: 4 | G226: 3 | H226: 81588 | I226: CHARACTER | J226: 51523332 | K226: TF-N046 | L226: SWEATER HOOD BUMBLEBEE LIS LGN TF-N046:MISTY MEDIUM GREY:4-5:GRAPHIC:SWEATER | M226: 149900 | N226: BXGY | O226: =O225 -> B1G2 | P226: BXGY
A227: =A226 -> 2025 JAN-APR B1G2 | B227: =B226 -> 46099 | C227: =C226 -> 46113 | D227: =D226 -> 3272 | E227: =E226 -> 336 | F227: =F226 -> 4 | G227: 3 | H227: 81588 | I227: CHARACTER | J227: 51523341 | K227: TF-N046 | L227: SWEATER HOOD BUMBLEBEE LIS LGN TF-N046:MISTY MEDIUM GREY:5-6:GRAPHIC:SWEATER | M227: 149900 | N227: BXGY | O227: =O226 -> B1G2 | P227: BXGY
A228: =A227 -> 2025 JAN-APR B1G2 | B228: =B227 -> 46099 | C228: =C227 -> 46113 | D228: =D227 -> 3272 | E228: =E227 -> 336 | F228: =F227 -> 4 | G228: 3 | H228: 81588 | I228: CHARACTER | J228: 51523350 | K228: TF-N046 | L228: SWEATER HOOD BUMBLEBEE LIS LGN TF-N046:MISTY MEDIUM GREY:7-8:GRAPHIC:SWEATER | M228: 139900 | N228: BXGY | O228: =O227 -> B1G2 | P228: BXGY
A229: =A228 -> 2025 JAN-APR B1G2 | B229: =B228 -> 46099 | C229: =C228 -> 46113 | D229: =D228 -> 3272 | E229: =E228 -> 336 | F229: =F228 -> 4 | G229: 3 | H229: 81588 | I229: CHARACTER | J229: 51523369 | K229: TF-N046 | L229: SWEATER HOOD BUMBLEBEE LIS LGN TF-N046:MISTY MEDIUM GREY:9-10:GRAPHIC:SWEATER | M229: 139900 | N229: BXGY | O229: =O228 -> B1G2 | P229: BXGY
A230: =A229 -> 2025 JAN-APR B1G2 | B230: =B229 -> 46099 | C230: =C229 -> 46113 | D230: =D229 -> 3272 | E230: =E229 -> 336 | F230: =F229 -> 4 | G230: 3 | H230: 81588 | I230: CHARACTER | J230: 51523378 | K230: TF-N046 | L230: SWEATER HOOD BUMBLEBEE LIS LGN TF-N046:MISTY MEDIUM GREY:11-12:GRAPHIC:SWEATER | M230: 139900 | N230: BXGY | O230: =O229 -> B1G2 | P230: BXGY
A231: =A230 -> 2025 JAN-APR B1G2 | B231: =B230 -> 46099 | C231: =C230 -> 46113 | D231: =D230 -> 3272 | E231: =E230 -> 336 | F231: =F230 -> 4 | G231: 4 | H231: 81588 | I231: CHARACTER | J231: 51523547 | K231: TF-A136 | L231: SHORT PANTS CP KNIT TF FP OPTIMUS TF-A136:NAVY BLUE:3-4:PRINT:SHORT PANTS | M231: 139900 | N231: BXGY | O231: =O230 -> B1G2 | P231: BXGY
A232: =A231 -> 2025 JAN-APR B1G2 | B232: =B231 -> 46099 | C232: =C231 -> 46113 | D232: =D231 -> 3272 | E232: =E231 -> 336 | F232: =F231 -> 4 | G232: 4 | H232: 81588 | I232: CHARACTER | J232: 51523556 | K232: TF-A136 | L232: SHORT PANTS CP KNIT TF FP OPTIMUS TF-A136:NAVY BLUE:4-5:PRINT:SHORT PANTS | M232: 139900 | N232: BXGY | O232: =O231 -> B1G2 | P232: BXGY
A233: =A232 -> 2025 JAN-APR B1G2 | B233: =B232 -> 46099 | C233: =C232 -> 46113 | D233: =D232 -> 3272 | E233: =E232 -> 336 | F233: =F232 -> 4 | G233: 4 | H233: 81588 | I233: CHARACTER | J233: 51523565 | K233: TF-A136 | L233: SHORT PANTS CP KNIT TF FP OPTIMUS TF-A136:NAVY BLUE:5-6:PRINT:SHORT PANTS | M233: 139900 | N233: BXGY | O233: =O232 -> B1G2 | P233: BXGY
A234: =A233 -> 2025 JAN-APR B1G2 | B234: =B233 -> 46099 | C234: =C233 -> 46113 | D234: =D233 -> 3272 | E234: =E233 -> 336 | F234: =F233 -> 4 | G234: 4 | H234: 81588 | I234: CHARACTER | J234: 51523574 | K234: TF-A136 | L234: SHORT PANTS CP KNIT TF FP OPTIMUS TF-A136:NAVY BLUE:7-8:PRINT:SHORT PANTS | M234: 139900 | N234: BXGY | O234: =O233 -> B1G2 | P234: BXGY
A235: =A234 -> 2025 JAN-APR B1G2 | B235: =B234 -> 46099 | C235: =C234 -> 46113 | D235: =D234 -> 3272 | E235: =E234 -> 336 | F235: =F234 -> 4 | G235: 4 | H235: 81588 | I235: CHARACTER | J235: 51523583 | K235: TF-A136 | L235: SHORT PANTS CP KNIT TF FP OPTIMUS TF-A136:NAVY BLUE:9-10:PRINT:SHORT PANTS | M235: 139900 | N235: BXGY | O235: =O234 -> B1G2 | P235: BXGY
A236: =A235 -> 2025 JAN-APR B1G2 | B236: =B235 -> 46099 | C236: =C235 -> 46113 | D236: =D235 -> 3272 | E236: =E235 -> 336 | F236: =F235 -> 4 | G236: 4 | H236: 81588 | I236: CHARACTER | J236: 51523592 | K236: TF-A136 | L236: SHORT PANTS CP KNIT TF FP OPTIMUS TF-A136:NAVY BLUE:11-12:PRINT:SHORT PANTS | M236: 139900 | N236: BXGY | O236: =O235 -> B1G2 | P236: BXGY
A237: =A236 -> 2025 JAN-APR B1G2 | B237: =B236 -> 46099 | C237: =C236 -> 46113 | D237: =D236 -> 3272 | E237: =E236 -> 336 | F237: =F236 -> 4 | G237: 4 | H237: 81588 | I237: CHARACTER | J237: 51523609 | K237: TF-A136 | L237: SHORT PANTS CP KNIT TF FP OPTIMUS TF-A136:NAVY BLUE:13-14:PRINT:SHORT PANTS | M237: 139900 | N237: BXGY | O237: =O236 -> B1G2 | P237: BXGY
A238: =A237 -> 2025 JAN-APR B1G2 | B238: =B237 -> 46099 | C238: =C237 -> 46113 | D238: =D237 -> 3272 | E238: =E237 -> 336 | F238: =F237 -> 4 | G238: 4 | H238: 81588 | I238: CHARACTER | J238: 51523618 | K238: TF-A136 | L238: SHORT PANTS CP KNIT TF FP OPTIMUS TF-A136:NAVY BLUE:15-16:PRINT:SHORT PANTS | M238: 139900 | N238: BXGY | O238: =O237 -> B1G2 | P238: BXGY
... A309: =A308 -> 2025 JAN-APR B1G2 | B309: =B308 -> 46099 | C309: =C308 -> 46113 | D309: =D308 -> 3272 | E309: =E308 -> 336 | F309: =F308 -> 4 | G309: 1 | H309: 81676 | I309: CHARACTER | J309: 51563227 | K309: JP-108C | L309: SS T-SHIRT JURASSIC WORLD LOGO SILVER C JP-108C:CLASSIC GREEN:15-16:GRAPHIC:SS T-SHIRT | M309: 149900 | N309: BXGY | O309: =O308 -> B1G2 | P309: BXGY
A310: =A309 -> 2025 JAN-APR B1G2 | B310: =B309 -> 46099 | C310: =C309 -> 46113 | D310: 3272 | E310: 336 | F310: 4 | G310: 1 | H310: 81588 | I310: CHARACTER | J310: 45644973 | K310: ML-HR032 | L310: SS T-SHIRT MLBB ZILONG FACE MARBLE BAWAH ML-HR032:NAVY BLUE:7-8:GRAPHIC:SS T-SHIRT | M310: 149900 | N310: BXGY | O310: =O309 -> B1G2 | P310: =P309 -> BXGY
A311: =A310 -> 2025 JAN-APR B1G2 | B311: =B310 -> 46099 | C311: =C310 -> 46113 | D311: 3272 | E311: 336 | F311: 4 | G311: 1 | H311: 81588 | I311: CHARACTER | J311: 45644982 | K311: ML-HR032 | L311: SS T-SHIRT MLBB ZILONG FACE MARBLE BAWAH ML-HR032:NAVY BLUE:9-10:GRAPHIC:SS T-SHIRT | M311: 149900 | N311: BXGY | O311: =O310 -> B1G2 | P311: =P310 -> BXGY
A312: =A311 -> 2025 JAN-APR B1G2 | B312: =B311 -> 46099 | C312: =C311 -> 46113 | D312: 3272 | E312: 336 | F312: 4 | G312: 1 | H312: 81588 | I312: CHARACTER | J312: 45644991 | K312: ML-HR032 | L312: SS T-SHIRT MLBB ZILONG FACE MARBLE BAWAH ML-HR032:NAVY BLUE:11-12:GRAPHIC:SS T-SHIRT | M312: 149900 | N312: BXGY | O312: =O311 -> B1G2 | P312: =P311 -> BXGY
A313: =A312 -> 2025 JAN-APR B1G2 | B313: =B312 -> 46099 | C313: =C312 -> 46113 | D313: 3272 | E313: 336 | F313: 4 | G313: 1 | H313: 81588 | I313: CHARACTER | J313: 45645007 | K313: ML-HR032 | L313: SS T-SHIRT MLBB ZILONG FACE MARBLE BAWAH ML-HR032:NAVY BLUE:13-14:GRAPHIC:SS T-SHIRT | M313: 149900 | N313: BXGY | O313: =O312 -> B1G2 | P313: =P312 -> BXGY
A314: =A313 -> 2025 JAN-APR B1G2 | B314: =B313 -> 46099 | C314: =C313 -> 46113 | D314: 3272 | E314: 336 | F314: 4 | G314: 1 | H314: 81588 | I314: CHARACTER | J314: 45645016 | K314: ML-HR032 | L314: SS T-SHIRT MLBB ZILONG FACE MARBLE BAWAH ML-HR032:NAVY BLUE:15-16:GRAPHIC:SS T-SHIRT | M314: 149900 | N314: BXGY | O314: =O313 -> B1G2 | P314: =P313 -> BXGY
A315: =A314 -> 2025 JAN-APR B1G2 | B315: =B314 -> 46099 | C315: =C314 -> 46113 | D315: 3272 | E315: 336 | F315: 4 | G315: 1 | H315: 81588 | I315: CHARACTER | J315: 45645025 | K315: ML-A04 | L315: SS T-SHIRT MLBB LOGO SPLASH BAWAH ML-A04:BLACK:7-8:PRINT:SS T-SHIRT | M315: 149900 | N315: BXGY | O315: =O314 -> B1G2 | P315: =P314 -> BXGY
A316: =A315 -> 2025 JAN-APR B1G2 | B316: =B315 -> 46099 | C316: =C315 -> 46113 | D316: 3272 | E316: 336 | F316: 4 | G316: 1 | H316: 81588 | I316: CHARACTER | J316: 45645034 | K316: ML-A04 | L316: SS T-SHIRT MLBB LOGO SPLASH BAWAH ML-A04:BLACK:9-10:PRINT:SS T-SHIRT | M316: 149900 | N316: BXGY | O316: =O315 -> B1G2 | P316: =P315 -> BXGY
A317: =A316 -> 2025 JAN-APR B1G2 | B317: =B316 -> 46099 | C317: =C316 -> 46113 | D317: 3272 | E317: 336 | F317: 4 | G317: 1 | H317: 81588 | I317: CHARACTER | J317: 45645043 | K317: ML-A04 | L317: SS T-SHIRT MLBB LOGO SPLASH BAWAH ML-A04:BLACK:11-12:PRINT:SS T-SHIRT | M317: 149900 | N317: BXGY | O317: =O316 -> B1G2 | P317: =P316 -> BXGY
A318: =A317 -> 2025 JAN-APR B1G2 | B318: =B317 -> 46099 | C318: =C317 -> 46113 | D318: 3272 | E318: 336 | F318: 4 | G318: 1 | H318: 81588 | I318: CHARACTER | J318: 45645052 | K318: ML-A04 | L318: SS T-SHIRT MLBB LOGO SPLASH BAWAH ML-A04:BLACK:13-14:PRINT:SS T-SHIRT | M318: 149900 | N318: BXGY | O318: =O317 -> B1G2 | P318: =P317 -> BXGY
A319: =A318 -> 2025 JAN-APR B1G2 | B319: =B318 -> 46099 | C319: =C318 -> 46113 | D319: 3272 | E319: 336 | F319: 4 | G319: 1 | H319: 81588 | I319: CHARACTER | J319: 45645061 | K319: ML-A04 | L319: SS T-SHIRT MLBB LOGO SPLASH BAWAH ML-A04:BLACK:15-16:PRINT:SS T-SHIRT | M319: 149900 | N319: BXGY | O319: =O318 -> B1G2 | P319: =P318 -> BXGY
A320: =A319 -> 2025 JAN-APR B1G2 | B320: =B319 -> 46099 | C320: =C319 -> 46113 | D320: 3272 | E320: 336 | F320: 4 | G320: 1 | H320: 81588 | I320: CHARACTER | J320: 45646122 | K320: ML-A05 | L320: SWEATER MLBB STRIPE LENGAN ML-A05:BLACK:7-8:GRAPHIC:SWEATER | M320: 139900 | N320: BXGY | O320: =O319 -> B1G2 | P320: =P319 -> BXGY
A321: =A320 -> 2025 JAN-APR B1G2 | B321: =B320 -> 46099 | C321: =C320 -> 46113 | D321: 3272 | E321: 336 | F321: 4 | G321: 1 | H321: 81588 | I321: CHARACTER | J321: 45646131 | K321: ML-A05 | L321: SWEATER MLBB STRIPE LENGAN ML-A05:BLACK:9-10:GRAPHIC:SWEATER | M321: 139900 | N321: BXGY | O321: =O320 -> B1G2 | P321: =P320 -> BXGY
... A433: =A432 -> 2025 JAN-APR B1G2 | B433: =B432 -> 46099 | C433: =C432 -> 46113 | D433: 3272 | E433: 336 | F433: 4 | G433: 4 | H433: 81379 | I433: CHARACTER | J433: 51503792 | K433: BT-N235 | L433: SHORT PANTS CP KNIT BATMAN PRINT LOGO BLKG C BT-N235:BLACK:7-8:GRAPHIC:SHORT PANTS | M433: 169900 | N433: BXGY | O433: =O432 -> B1G2 | P433: =P432 -> BXGY
A434: =A433 -> 2025 JAN-APR B1G2 | B434: =B433 -> 46099 | C434: =C433 -> 46113 | D434: =D433 -> 3272 | E434: =E433 -> 336 | F434: =F433 -> 4 | G434: 4 | H434: 81379 | I434: CHARACTER | J434: 51503809 | K434: BT-N235 | L434: SHORT PANTS CP KNIT BATMAN PRINT LOGO BLKG C BT-N235:BLACK:9-10:GRAPHIC:SHORT PANTS | M434: 169900 | N434: BXGY | O434: =O433 -> B1G2 | P434: =P433 -> BXGY
A435: =A434 -> 2025 JAN-APR B1G2 | B435: =B434 -> 46099 | C435: =C434 -> 46113 | D435: =D434 -> 3272 | E435: =E434 -> 336 | F435: =F434 -> 4 | G435: 4 | H435: 81379 | I435: CHARACTER | J435: 51503818 | K435: BT-N235 | L435: SHORT PANTS CP KNIT BATMAN PRINT LOGO BLKG C BT-N235:BLACK:11-12:GRAPHIC:SHORT PANTS | M435: 169900 | N435: BXGY | O435: =O434 -> B1G2 | P435: =P434 -> BXGY
A436: =A435 -> 2025 JAN-APR B1G2 | B436: =B435 -> 46099 | C436: =C435 -> 46113 | D436: =D435 -> 3272 | E436: =E435 -> 336 | F436: =F435 -> 4 | G436: 4 | H436: 81379 | I436: CHARACTER | J436: 51503827 | K436: BT-N235 | L436: SHORT PANTS CP KNIT BATMAN PRINT LOGO BLKG C BT-N235:BLACK:13-14:GRAPHIC:SHORT PANTS | M436: 169900 | N436: BXGY | O436: =O435 -> B1G2 | P436: =P435 -> BXGY
A437: =A436 -> 2025 JAN-APR B1G2 | B437: =B436 -> 46099 | C437: =C436 -> 46113 | D437: =D436 -> 3272 | E437: =E436 -> 336 | F437: =F436 -> 4 | G437: 4 | H437: 81379 | I437: CHARACTER | J437: 51503836 | K437: BT-N235 | L437: SHORT PANTS CP KNIT BATMAN PRINT LOGO BLKG C BT-N235:BLACK:15-16:GRAPHIC:SHORT PANTS | M437: 169900 | N437: BXGY | O437: =O436 -> B1G2 | P437: =P436 -> BXGY
A438: =A437 -> 2025 JAN-APR B1G2 | B438: =B437 -> 46099 | C438: =C437 -> 46113 | D438: =D437 -> 3272 | E438: =E437 -> 336 | F438: =F437 -> 4 | G438: 4 | H438: 81379 | I438: CHARACTER | J438: 51523387 | K438: TF-HR051 | L438: SS T-SHIRT TF OPTIMUS CUT SEW TF-HR051:CLASSIC RED:3-4:PRINT:SS T-SHIRT | M438: 149900 | N438: BXGY | O438: =O437 -> B1G2 | P438: =P437 -> BXGY
A439: =A438 -> 2025 JAN-APR B1G2 | B439: =B438 -> 46099 | C439: =C438 -> 46113 | D439: =D438 -> 3272 | E439: =E438 -> 336 | F439: =F438 -> 4 | G439: 4 | H439: 81379 | I439: CHARACTER | J439: 51523396 | K439: TF-HR051 | L439: SS T-SHIRT TF OPTIMUS CUT SEW TF-HR051:CLASSIC RED:4-5:PRINT:SS T-SHIRT | M439: 149900 | N439: BXGY | O439: =O438 -> B1G2 | P439: =P438 -> BXGY
A440: =A439 -> 2025 JAN-APR B1G2 | B440: =B439 -> 46099 | C440: =C439 -> 46113 | D440: =D439 -> 3272 | E440: =E439 -> 336 | F440: =F439 -> 4 | G440: 4 | H440: 81379 | I440: CHARACTER | J440: 51523403 | K440: TF-HR051 | L440: SS T-SHIRT TF OPTIMUS CUT SEW TF-HR051:CLASSIC RED:5-6:PRINT:SS T-SHIRT | M440: 149900 | N440: BXGY | O440: =O439 -> B1G2 | P440: =P439 -> BXGY
A441: =A440 -> 2025 JAN-APR B1G2 | B441: =B440 -> 46099 | C441: =C440 -> 46113 | D441: =D440 -> 3272 | E441: =E440 -> 336 | F441: =F440 -> 4 | G441: 4 | H441: 81379 | I441: CHARACTER | J441: 51523412 | K441: TF-HR051 | L441: SS T-SHIRT TF OPTIMUS CUT SEW TF-HR051:CLASSIC RED:7-8:PRINT:SS T-SHIRT | M441: 149900 | N441: BXGY | O441: =O440 -> B1G2 | P441: =P440 -> BXGY
A442: =A441 -> 2025 JAN-APR B1G2 | B442: =B441 -> 46099 | C442: =C441 -> 46113 | D442: =D441 -> 3272 | E442: =E441 -> 336 | F442: =F441 -> 4 | G442: 4 | H442: 81379 | I442: CHARACTER | J442: 51523421 | K442: TF-HR051 | L442: SS T-SHIRT TF OPTIMUS CUT SEW TF-HR051:CLASSIC RED:9-10:PRINT:SS T-SHIRT | M442: 149900 | N442: BXGY | O442: =O441 -> B1G2 | P442: =P441 -> BXGY
A443: =A442 -> 2025 JAN-APR B1G2 | B443: =B442 -> 46099 | C443: =C442 -> 46113 | D443: =D442 -> 3272 | E443: =E442 -> 336 | F443: =F442 -> 4 | G443: 4 | H443: 81379 | I443: CHARACTER | J443: 51523430 | K443: TF-HR051 | L443: SS T-SHIRT TF OPTIMUS CUT SEW TF-HR051:CLASSIC RED:11-12:PRINT:SS T-SHIRT | M443: 149900 | N443: BXGY | O443: =O442 -> B1G2 | P443: =P442 -> BXGY
A444: =A443 -> 2025 JAN-APR B1G2 | B444: =B443 -> 46099 | C444: =C443 -> 46113 | D444: =D443 -> 3272 | E444: =E443 -> 336 | F444: =F443 -> 4 | G444: 4 | H444: 81379 | I444: CHARACTER | J444: 51523449 | K444: TF-HR051 | L444: SS T-SHIRT TF OPTIMUS CUT SEW TF-HR051:CLASSIC RED:13-14:PRINT:SS T-SHIRT | M444: 149900 | N444: BXGY | O444: =O443 -> B1G2 | P444: =P443 -> BXGY
A445: =A444 -> 2025 JAN-APR B1G2 | B445: =B444 -> 46099 | C445: =C444 -> 46113 | D445: =D444 -> 3272 | E445: =E444 -> 336 | F445: =F444 -> 4 | G445: 4 | H445: 81379 | I445: CHARACTER | J445: 51523458 | K445: TF-HR051 | L445: SS T-SHIRT TF OPTIMUS CUT SEW TF-HR051:CLASSIC RED:15-16:PRINT:SS T-SHIRT | M445: 149900 | N445: BXGY | O445: =O444 -> B1G2 | P445: =P444 -> BXGY
... A453: =A452 -> 2025 JAN-APR B1G2 | B453: =B452 -> 46099 | C453: =C452 -> 46113 | D453: =D452 -> 3272 | E453: =E452 -> 336 | F453: =F452 -> 4 | G453: 4 | H453: 81379 | I453: CHARACTER | J453: 51523770 | K453: TF-A109 | L453: SS T-SHIRT TF OPTIMUS ROLLS TF-A109:MISTY MEDIUM BLUE:15-16:GRAPHIC:SS T-SHIRT | M453: 139900 | N453: BXGY | O453: =O452 -> B1G2 | P453: =P452 -> BXGY
A454: =A453 -> 2025 JAN-APR B1G2 | B454: =B453 -> 46099 | C454: =C453 -> 46113 | D454: 3272 | E454: 336 | F454: 4 | G454: 1 | H454: 81676 | I454: CHARACTER | J454: 51563058 | K454: JP-105C | L454: SWEATER JURRASIC WORLD HOODY FP LOGO C JP-105C:CLASSIC GREEN:7-8:GRAPHIC:SWEATER | M454: 139900 | N454: BXGY | O454: =O453 -> B1G2 | P454: BXGY
A455: =A454 -> 2025 JAN-APR B1G2 | B455: =B454 -> 46099 | C455: =C454 -> 46113 | D455: 3272 | E455: 336 | F455: 4 | G455: 1 | H455: 81676 | I455: CHARACTER | J455: 51563067 | K455: JP-105C | L455: SWEATER JURRASIC WORLD HOODY FP LOGO C JP-105C:CLASSIC GREEN:9-10:GRAPHIC:SWEATER | M455: 139900 | N455: BXGY | O455: =O454 -> B1G2 | P455: BXGY
A456: =A455 -> 2025 JAN-APR B1G2 | B456: =B455 -> 46099 | C456: =C455 -> 46113 | D456: 3272 | E456: 336 | F456: 4 | G456: 1 | H456: 81676 | I456: CHARACTER | J456: 51563076 | K456: JP-105C | L456: SWEATER JURRASIC WORLD HOODY FP LOGO C JP-105C:CLASSIC GREEN:11-12:GRAPHIC:SWEATER | M456: 139900 | N456: BXGY | O456: =O455 -> B1G2 | P456: BXGY
A457: =A456 -> 2025 JAN-APR B1G2 | B457: =B456 -> 46099 | C457: =C456 -> 46113 | D457: 3272 | E457: 336 | F457: 4 | G457: 1 | H457: 81676 | I457: CHARACTER | J457: 51563085 | K457: JP-105C | L457: SWEATER JURRASIC WORLD HOODY FP LOGO C JP-105C:CLASSIC GREEN:13-14:GRAPHIC:SWEATER | M457: 139900 | N457: BXGY | O457: =O456 -> B1G2 | P457: BXGY
A458: =A457 -> 2025 JAN-APR B1G2 | B458: =B457 -> 46099 | C458: =C457 -> 46113 | D458: 3272 | E458: 336 | F458: 4 | G458: 1 | H458: 81676 | I458: CHARACTER | J458: 51563094 | K458: JP-105C | L458: SWEATER JURRASIC WORLD HOODY FP LOGO C JP-105C:CLASSIC GREEN:15-16:GRAPHIC:SWEATER | M458: 139900 | N458: BXGY | O458: =O457 -> B1G2 | P458: BXGY
A459: =A458 -> 2025 JAN-APR B1G2 | B459: =B458 -> 46099 | C459: =C458 -> 46113 | D459: 3272 | E459: 336 | F459: 4 | G459: 1 | H459: 81588 | I459: CHARACTER | J459: 45645829 | K459: ML-A03 | L459: SS T-SHIRT MLBB HAYABUSA FACE ML-A03:MISTY DARK GREY:7-8:PRINT:SS T-SHIRT | M459: 149900 | N459: BXGY | O459: =O458 -> B1G2 | P459: BXGY
A460: =A459 -> 2025 JAN-APR B1G2 | B460: =B459 -> 46099 | C460: =C459 -> 46113 | D460: 3272 | E460: 336 | F460: 4 | G460: 1 | H460: 81588 | I460: CHARACTER | J460: 45645838 | K460: ML-A03 | L460: SS T-SHIRT MLBB HAYABUSA FACE ML-A03:MISTY DARK GREY:9-10:PRINT:SS T-SHIRT | M460: 149900 | N460: BXGY | O460: =O459 -> B1G2 | P460: BXGY
A461: =A460 -> 2025 JAN-APR B1G2 | B461: =B460 -> 46099 | C461: =C460 -> 46113 | D461: 3272 | E461: 336 | F461: 4 | G461: 1 | H461: 81588 | I461: CHARACTER | J461: 45645847 | K461: ML-A03 | L461: SS T-SHIRT MLBB HAYABUSA FACE ML-A03:MISTY DARK GREY:11-12:PRINT:SS T-SHIRT | M461: 149900 | N461: BXGY | O461: =O460 -> B1G2 | P461: BXGY
A462: =A461 -> 2025 JAN-APR B1G2 | B462: =B461 -> 46099 | C462: =C461 -> 46113 | D462: 3272 | E462: 336 | F462: 4 | G462: 1 | H462: 81588 | I462: CHARACTER | J462: 45645856 | K462: ML-A03 | L462: SS T-SHIRT MLBB HAYABUSA FACE ML-A03:MISTY DARK GREY:13-14:PRINT:SS T-SHIRT | M462: 149900 | N462: BXGY | O462: =O461 -> B1G2 | P462: BXGY
A463: =A462 -> 2025 JAN-APR B1G2 | B463: =B462 -> 46099 | C463: =C462 -> 46113 | D463: 3272 | E463: 336 | F463: 4 | G463: 1 | H463: 81588 | I463: CHARACTER | J463: 45645865 | K463: ML-A03 | L463: SS T-SHIRT MLBB HAYABUSA FACE ML-A03:MISTY DARK GREY:15-16:PRINT:SS T-SHIRT | M463: 149900 | N463: BXGY | O463: =O462 -> B1G2 | P463: BXGY
A464: =A463 -> 2025 JAN-APR B1G2 | B464: =B463 -> 46099 | C464: =C463 -> 46113 | D464: 3272 | E464: 336 | F464: 4 | G464: 1 | H464: 81379 | I464: CHARACTER | J464: 51502962 | K464: BT-HR410 | L464: SS T-SHIRT BATMAN CUT SEW FP JARING A BT-HR410:BLACK:3-4:PRINT:SS T-SHIRT | M464: 149900 | N464: BXGY | O464: =O463 -> B1G2 | P464: BXGY
A465: =A464 -> 2025 JAN-APR B1G2 | B465: =B464 -> 46099 | C465: =C464 -> 46113 | D465: 3272 | E465: 336 | F465: 4 | G465: 1 | H465: 81379 | I465: CHARACTER | J465: 51502971 | K465: BT-HR410 | L465: SS T-SHIRT BATMAN CUT SEW FP JARING A BT-HR410:BLACK:4-5:PRINT:SS T-SHIRT | M465: 149900 | N465: BXGY | O465: =O464 -> B1G2 | P465: BXGY
... A568: =A567 -> 2025 JAN-APR B1G2 | B568: =B567 -> 46099 | C568: =C567 -> 46113 | D568: 3272 | E568: 336 | F568: 4 | G568: 1 | H568: 81379 | I568: CHARACTER | J568: 53660163 | K568: JP-HR067 | L568: SS T-SHIRT JURASSIC TRACKER LIS TENGAH JP-HR067:FOREST GREEN:15-16:GRAPHIC:SS T-SHIRT | M568: 149900 | N568: BXGY | O568: =O567 -> B1G2 | P568: BXGY

Sheet 2025 MEI B1G2
A1: ACARA | B1: FROM DATE | C1: TO DATE | D1: DEPT | E1: WORLD | F1: DIVISION | G1: CLASS | H1: SUPPLIER | I1: BRAND | J1: SKU | K1: ARTICLE | L1: DESCRIPTION | M1: HARGA NORMAL | N1: DISKON | O1: HARGA PROMO | P1: DISCOUNT TYPE
A2: 2025 MEI B1G2 | B2: ='2019 ALL D95'!B2 -> 46099 | C2: ='2019 ALL D95'!C2 -> 46113 | D2: 3272 | E2: 336 | F2: 4 | G2: 1 | H2: 4953 | I2: CHARACTER | J2: 52777496 | K2: BT-TS01 | L2: SS T-SHIRT BATMAN LOGO EMBOSS BT-TS01:BLACK:3-4:GRAPHIC:SS T-SHIRT | M2: 139900 | N2: BXGY | O2: B1G2 | P2: BXGY
A3: =A2 -> 2025 MEI B1G2 | B3: =B2 -> 46099 | C3: =C2 -> 46113 | D3: 3272 | E3: 336 | F3: 4 | G3: 1 | H3: 4953 | I3: =I2 -> CHARACTER | J3: 52777503 | K3: BT-TS01 | L3: SS T-SHIRT BATMAN LOGO EMBOSS BT-TS01:BLACK:4-5:GRAPHIC:SS T-SHIRT | M3: 139900 | N3: =N2 -> BXGY | O3: =O2 -> B1G2 | P3: =P2 -> BXGY
A4: =A3 -> 2025 MEI B1G2 | B4: =B3 -> 46099 | C4: =C3 -> 46113 | D4: 3272 | E4: 336 | F4: 4 | G4: 1 | H4: 4953 | I4: =I3 -> CHARACTER | J4: 52777512 | K4: BT-TS01 | L4: SS T-SHIRT BATMAN LOGO EMBOSS BT-TS01:BLACK:5-6:GRAPHIC:SS T-SHIRT | M4: 139900 | N4: =N3 -> BXGY | O4: =O3 -> B1G2 | P4: =P3 -> BXGY
A5: =A4 -> 2025 MEI B1G2 | B5: =B4 -> 46099 | C5: =C4 -> 46113 | D5: 3272 | E5: 336 | F5: 4 | G5: 1 | H5: 4953 | I5: =I4 -> CHARACTER | J5: 52777521 | K5: BT-TS01 | L5: SS T-SHIRT BATMAN LOGO EMBOSS BT-TS01:BLACK:7-8:GRAPHIC:SS T-SHIRT | M5: 139900 | N5: =N4 -> BXGY | O5: =O4 -> B1G2 | P5: =P4 -> BXGY
A6: =A5 -> 2025 MEI B1G2 | B6: =B5 -> 46099 | C6: =C5 -> 46113 | D6: 3272 | E6: 336 | F6: 4 | G6: 1 | H6: 4953 | I6: =I5 -> CHARACTER | J6: 52777530 | K6: BT-TS01 | L6: SS T-SHIRT BATMAN LOGO EMBOSS BT-TS01:BLACK:9-10:GRAPHIC:SS T-SHIRT | M6: 139900 | N6: =N5 -> BXGY | O6: =O5 -> B1G2 | P6: =P5 -> BXGY
A7: =A6 -> 2025 MEI B1G2 | B7: =B6 -> 46099 | C7: =C6 -> 46113 | D7: 3272 | E7: 336 | F7: 4 | G7: 1 | H7: 4953 | I7: =I6 -> CHARACTER | J7: 52777549 | K7: BT-TS01 | L7: SS T-SHIRT BATMAN LOGO EMBOSS BT-TS01:BLACK:11-12:GRAPHIC:SS T-SHIRT | M7: 139900 | N7: =N6 -> BXGY | O7: =O6 -> B1G2 | P7: =P6 -> BXGY
A8: =A7 -> 2025 MEI B1G2 | B8: =B7 -> 46099 | C8: =C7 -> 46113 | D8: 3272 | E8: 336 | F8: 4 | G8: 1 | H8: 4953 | I8: =I7 -> CHARACTER | J8: 52777558 | K8: BT-TS01 | L8: SS T-SHIRT BATMAN LOGO EMBOSS BT-TS01:BLACK:13-14:GRAPHIC:SS T-SHIRT | M8: 139900 | N8: =N7 -> BXGY | O8: =O7 -> B1G2 | P8: =P7 -> BXGY
A9: =A8 -> 2025 MEI B1G2 | B9: =B8 -> 46099 | C9: =C8 -> 46113 | D9: 3272 | E9: 336 | F9: 4 | G9: 1 | H9: 4953 | I9: =I8 -> CHARACTER | J9: 52777567 | K9: BT-TS01 | L9: SS T-SHIRT BATMAN LOGO EMBOSS BT-TS01:BLACK:15-16:GRAPHIC:SS T-SHIRT | M9: 139900 | N9: =N8 -> BXGY | O9: =O8 -> B1G2 | P9: =P8 -> BXGY
A10: =A9 -> 2025 MEI B1G2 | B10: =B9 -> 46099 | C10: =C9 -> 46113 | D10: 3272 | E10: 336 | F10: 4 | G10: 1 | H10: 81379 | I10: =I9 -> CHARACTER | J10: 51562602 | K10: MN-N049 | L10: SS T-SHIRT MINIONS RAGLAN MN-N049:WHITE:3-4:GRAPHIC:SS T-SHIRT | M10: 149900 | N10: =N9 -> BXGY | O10: =O9 -> B1G2 | P10: =P9 -> BXGY
A11: =A10 -> 2025 MEI B1G2 | B11: =B10 -> 46099 | C11: =C10 -> 46113 | D11: 3272 | E11: 336 | F11: 4 | G11: 1 | H11: 81379 | I11: =I10 -> CHARACTER | J11: 51562611 | K11: MN-N049 | L11: SS T-SHIRT MINIONS RAGLAN MN-N049:WHITE:4-5:GRAPHIC:SS T-SHIRT | M11: 149900 | N11: =N10 -> BXGY | O11: =O10 -> B1G2 | P11: =P10 -> BXGY
A12: =A11 -> 2025 MEI B1G2 | B12: =B11 -> 46099 | C12: =C11 -> 46113 | D12: 3272 | E12: 336 | F12: 4 | G12: 1 | H12: 81379 | I12: =I11 -> CHARACTER | J12: 51562620 | K12: MN-N049 | L12: SS T-SHIRT MINIONS RAGLAN MN-N049:WHITE:5-6:GRAPHIC:SS T-SHIRT | M12: 149900 | N12: =N11 -> BXGY | O12: =O11 -> B1G2 | P12: =P11 -> BXGY
A13: =A12 -> 2025 MEI B1G2 | B13: =B12 -> 46099 | C13: =C12 -> 46113 | D13: 3272 | E13: 336 | F13: 4 | G13: 1 | H13: 81379 | I13: =I12 -> CHARACTER | J13: 51562639 | K13: MN-N049 | L13: SS T-SHIRT MINIONS RAGLAN MN-N049:WHITE:7-8:GRAPHIC:SS T-SHIRT | M13: 149900 | N13: =N12 -> BXGY | O13: =O12 -> B1G2 | P13: =P12 -> BXGY
A14: =A13 -> 2025 MEI B1G2 | B14: =B13 -> 46099 | C14: =C13 -> 46113 | D14: 3272 | E14: 336 | F14: 4 | G14: 1 | H14: 81379 | I14: =I13 -> CHARACTER | J14: 51562648 | K14: MN-N049 | L14: SS T-SHIRT MINIONS RAGLAN MN-N049:WHITE:9-10:GRAPHIC:SS T-SHIRT | M14: 149900 | N14: =N13 -> BXGY | O14: =O13 -> B1G2 | P14: =P13 -> BXGY
... A85: =A84 -> 2025 MEI B1G2 | B85: =B84 -> 46099 | C85: =C84 -> 46113 | D85: 3272 | E85: 336 | F85: 4 | G85: 3 | H85: 81379 | I85: =I84 -> CHARACTER | J85: 53661046 | K85: JP-N041 | L85: JACKET JURASSIC LOGO LENGAN JP-N041:BLACK:15-16:GRAPHIC:JACKET | M85: 299900 | N85: =N84 -> BXGY | O85: =O84 -> B1G2 | P85: =P84 -> BXGY
A86: =A85 -> 2025 MEI B1G2 | B86: =B85 -> 46099 | C86: =C85 -> 46113 | D86: 3272 | E86: 336 | F86: 4 | G86: 4 | H86: 81379 | I86: CHARACTER | J86: 53660636 | K86: SUP-HR065 | L86: SHORT PANTS SUPERMAN MOVIE LOGO KANTONG SUP-HR065:NAVY BLUE:3-4:GRAPHIC:SHORT PANTS | M86: 169900 | N86: BXGY | O86: =O85 -> B1G2 | P86: BXGY
A87: =A86 -> 2025 MEI B1G2 | B87: =B86 -> 46099 | C87: =C86 -> 46113 | D87: 3272 | E87: 336 | F87: 4 | G87: 4 | H87: 81379 | I87: =I86 -> CHARACTER | J87: 53660645 | K87: SUP-HR065 | L87: SHORT PANTS SUPERMAN MOVIE LOGO KANTONG SUP-HR065:NAVY BLUE:4-5:GRAPHIC:SHORT PANTS | M87: 169900 | N87: BXGY | O87: =O86 -> B1G2 | P87: BXGY
A88: =A87 -> 2025 MEI B1G2 | B88: =B87 -> 46099 | C88: =C87 -> 46113 | D88: 3272 | E88: 336 | F88: 4 | G88: 4 | H88: 81379 | I88: =I87 -> CHARACTER | J88: 53660654 | K88: SUP-HR065 | L88: SHORT PANTS SUPERMAN MOVIE LOGO KANTONG SUP-HR065:NAVY BLUE:5-6:GRAPHIC:SHORT PANTS | M88: 169900 | N88: BXGY | O88: =O87 -> B1G2 | P88: BXGY
A89: =A88 -> 2025 MEI B1G2 | B89: =B88 -> 46099 | C89: =C88 -> 46113 | D89: 3272 | E89: 336 | F89: 4 | G89: 4 | H89: 81379 | I89: =I88 -> CHARACTER | J89: 53660663 | K89: SUP-HR065 | L89: SHORT PANTS SUPERMAN MOVIE LOGO KANTONG SUP-HR065:NAVY BLUE:7-8:GRAPHIC:SHORT PANTS | M89: 169900 | N89: BXGY | O89: =O88 -> B1G2 | P89: BXGY
A90: =A89 -> 2025 MEI B1G2 | B90: =B89 -> 46099 | C90: =C89 -> 46113 | D90: 3272 | E90: 336 | F90: 4 | G90: 4 | H90: 81379 | I90: =I89 -> CHARACTER | J90: 53660672 | K90: SUP-HR065 | L90: SHORT PANTS SUPERMAN MOVIE LOGO KANTONG SUP-HR065:NAVY BLUE:9-10:GRAPHIC:SHORT PANTS | M90: 169900 | N90: BXGY | O90: =O89 -> B1G2 | P90: BXGY
A91: =A90 -> 2025 MEI B1G2 | B91: =B90 -> 46099 | C91: =C90 -> 46113 | D91: 3272 | E91: 336 | F91: 4 | G91: 4 | H91: 81379 | I91: =I90 -> CHARACTER | J91: 53660681 | K91: SUP-HR065 | L91: SHORT PANTS SUPERMAN MOVIE LOGO KANTONG SUP-HR065:NAVY BLUE:11-12:GRAPHIC:SHORT PANTS | M91: 169900 | N91: BXGY | O91: =O90 -> B1G2 | P91: BXGY
A92: =A91 -> 2025 MEI B1G2 | B92: =B91 -> 46099 | C92: =C91 -> 46113 | D92: 3272 | E92: 336 | F92: 4 | G92: 4 | H92: 81379 | I92: =I91 -> CHARACTER | J92: 53660690 | K92: SUP-HR065 | L92: SHORT PANTS SUPERMAN MOVIE LOGO KANTONG SUP-HR065:NAVY BLUE:13-14:GRAPHIC:SHORT PANTS | M92: 169900 | N92: BXGY | O92: =O91 -> B1G2 | P92: BXGY
A93: =A92 -> 2025 MEI B1G2 | B93: =B92 -> 46099 | C93: =C92 -> 46113 | D93: 3272 | E93: 336 | F93: 4 | G93: 4 | H93: 81379 | I93: =I92 -> CHARACTER | J93: 53660707 | K93: SUP-HR065 | L93: SHORT PANTS SUPERMAN MOVIE LOGO KANTONG SUP-HR065:NAVY BLUE:15-16:GRAPHIC:SHORT PANTS | M93: 169900 | N93: BXGY | O93: =O92 -> B1G2 | P93: BXGY
A94: =A93 -> 2025 MEI B1G2 | B94: =B93 -> 46099 | C94: =C93 -> 46113 | D94: 3272 | E94: 336 | F94: 4 | G94: 4 | H94: 81379 | I94: =I93 -> CHARACTER | J94: 53661055 | K94: JW-HR068 | L94: SHORT PANTS JURASSIC LOGO KANTONG JW-HR068:FOREST GREEN:3-4:GRAPHIC:SHORT PANTS | M94: 169900 | N94: BXGY | O94: =O93 -> B1G2 | P94: BXGY
A95: =A94 -> 2025 MEI B1G2 | B95: =B94 -> 46099 | C95: =C94 -> 46113 | D95: 3272 | E95: 336 | F95: 4 | G95: 4 | H95: 81379 | I95: =I94 -> CHARACTER | J95: 53661064 | K95: JW-HR068 | L95: SHORT PANTS JURASSIC LOGO KANTONG JW-HR068:FOREST GREEN:4-5:GRAPHIC:SHORT PANTS | M95: 169900 | N95: BXGY | O95: =O94 -> B1G2 | P95: BXGY
A96: =A95 -> 2025 MEI B1G2 | B96: =B95 -> 46099 | C96: =C95 -> 46113 | D96: 3272 | E96: 336 | F96: 4 | G96: 4 | H96: 81379 | I96: =I95 -> CHARACTER | J96: 53661073 | K96: JW-HR068 | L96: SHORT PANTS JURASSIC LOGO KANTONG JW-HR068:FOREST GREEN:5-6:GRAPHIC:SHORT PANTS | M96: 169900 | N96: BXGY | O96: =O95 -> B1G2 | P96: BXGY
A97: =A96 -> 2025 MEI B1G2 | B97: =B96 -> 46099 | C97: =C96 -> 46113 | D97: 3272 | E97: 336 | F97: 4 | G97: 4 | H97: 81379 | I97: =I96 -> CHARACTER | J97: 53661082 | K97: JW-HR068 | L97: SHORT PANTS JURASSIC LOGO KANTONG JW-HR068:FOREST GREEN:7-8:GRAPHIC:SHORT PANTS | M97: 169900 | N97: BXGY | O97: =O96 -> B1G2 | P97: BXGY
A98: =A97 -> 2025 MEI B1G2 | B98: =B97 -> 46099 | C98: =C97 -> 46113 | D98: 3272 | E98: 336 | F98: 4 | G98: 4 | H98: 81379 | I98: =I97 -> CHARACTER | J98: 53661091 | K98: JW-HR068 | L98: SHORT PANTS JURASSIC LOGO KANTONG JW-HR068:FOREST GREEN:9-10:GRAPHIC:SHORT PANTS | M98: 169900 | N98: BXGY | O98: =O97 -> B1G2 | P98: BXGY
... A117: =A116 -> 2025 MEI B1G2 | B117: =B116 -> 46099 | C117: =C116 -> 46113 | D117: 3272 | E117: 336 | F117: 4 | G117: 5 | H117: 81379 | I117: =I116 -> CHARACTER | J117: 53661206 | K117: JP-N043 | L117: JOGGER JURASSIC LOGO LIS SAMPING JP-N043:BLACK:15-16:GRAPHIC:JOGGER | M117: 249900 | N117: BXGY | O117: =O116 -> B1G2 | P117: BXGY

Sheet 2025 JUN B1G2
A1: ACARA | B1: FROM DATE | C1: TO DATE | D1: DEPT | E1: WORLD | F1: DIVISION | G1: CLASS | H1: SUPPLIER | I1: BRAND | J1: SKU | K1: ARTICLE | L1: DESCRIPTION | M1: HARGA NORMAL | N1: DISKON | O1: HARGA PROMO | P1: DISCOUNT TYPE
A2: 2025 JUN B1G2 | B2: ='2019 ALL D95'!B2 -> 46099 | C2: ='2019 ALL D95'!C2 -> 46113 | D2: 3272 | E2: 336 | F2: 4 | G2: 1 | H2: 4953 | I2: CHARACTER | J2: 54555589 | K2: BAT-BB02 | L2: SS T-SHIRT BB BATMAN LOGO DPN DTF BAT-BB02:BLACK:3-4:GRAPHIC:SS T-SHIRT | M2: 119900 | N2: BXGY | O2: B1G2 | P2: BXGY
A3: =A2 -> 2025 JUN B1G2 | B3: =B2 -> 46099 | C3: =C2 -> 46113 | D3: 3272 | E3: 336 | F3: 4 | G3: 1 | H3: 4953 | I3: CHARACTER | J3: 54555598 | K3: BAT-BB02 | L3: SS T-SHIRT BB BATMAN LOGO DPN DTF BAT-BB02:BLACK:4-5:GRAPHIC:SS T-SHIRT | M3: 119900 | N3: BXGY | O3: =O2 -> B1G2 | P3: BXGY
A4: =A3 -> 2025 JUN B1G2 | B4: =B3 -> 46099 | C4: =C3 -> 46113 | D4: 3272 | E4: 336 | F4: 4 | G4: 1 | H4: 4953 | I4: CHARACTER | J4: 54555605 | K4: BAT-BB02 | L4: SS T-SHIRT BB BATMAN LOGO DPN DTF BAT-BB02:BLACK:5-6:GRAPHIC:SS T-SHIRT | M4: 119900 | N4: BXGY | O4: =O3 -> B1G2 | P4: BXGY
A5: =A4 -> 2025 JUN B1G2 | B5: =B4 -> 46099 | C5: =C4 -> 46113 | D5: 3272 | E5: 336 | F5: 4 | G5: 1 | H5: 4953 | I5: CHARACTER | J5: 54555614 | K5: BAT-BB02 | L5: SS T-SHIRT BB BATMAN LOGO DPN DTF BAT-BB02:BLACK:7-8:GRAPHIC:SS T-SHIRT | M5: 119900 | N5: BXGY | O5: =O4 -> B1G2 | P5: BXGY
A6: =A5 -> 2025 JUN B1G2 | B6: =B5 -> 46099 | C6: =C5 -> 46113 | D6: 3272 | E6: 336 | F6: 4 | G6: 1 | H6: 4953 | I6: CHARACTER | J6: 54555623 | K6: BAT-BB02 | L6: SS T-SHIRT BB BATMAN LOGO DPN DTF BAT-BB02:BLACK:9-10:GRAPHIC:SS T-SHIRT | M6: 119900 | N6: BXGY | O6: =O5 -> B1G2 | P6: BXGY
A7: =A6 -> 2025 JUN B1G2 | B7: =B6 -> 46099 | C7: =C6 -> 46113 | D7: 3272 | E7: 336 | F7: 4 | G7: 1 | H7: 4953 | I7: CHARACTER | J7: 54555632 | K7: BAT-BB02 | L7: SS T-SHIRT BB BATMAN LOGO DPN DTF BAT-BB02:BLACK:11-12:GRAPHIC:SS T-SHIRT | M7: 119900 | N7: BXGY | O7: =O6 -> B1G2 | P7: BXGY
A8: =A7 -> 2025 JUN B1G2 | B8: =B7 -> 46099 | C8: =C7 -> 46113 | D8: 3272 | E8: 336 | F8: 4 | G8: 1 | H8: 4953 | I8: CHARACTER | J8: 54555641 | K8: BAT-BB02 | L8: SS T-SHIRT BB BATMAN LOGO DPN DTF BAT-BB02:BLACK:13-14:GRAPHIC:SS T-SHIRT | M8: 119900 | N8: BXGY | O8: =O7 -> B1G2 | P8: BXGY
A9: =A8 -> 2025 JUN B1G2 | B9: =B8 -> 46099 | C9: =C8 -> 46113 | D9: 3272 | E9: 336 | F9: 4 | G9: 1 | H9: 81379 | I9: CHARACTER | J9: 45647229 | K9: MN-N048 | L9: SS T-SHIRT MINIONS LOGO CUT SEW MN-N048:BLACK:3-4:PRINT:SS T-SHIRT | M9: 149900 | N9: BXGY | O9: =O8 -> B1G2 | P9: BXGY
A10: =A9 -> 2025 JUN B1G2 | B10: =B9 -> 46099 | C10: =C9 -> 46113 | D10: 3272 | E10: 336 | F10: 4 | G10: 1 | H10: 81379 | I10: CHARACTER | J10: 45647238 | K10: MN-N048 | L10: SS T-SHIRT MINIONS LOGO CUT SEW MN-N048:BLACK:4-5:PRINT:SS T-SHIRT | M10: 149900 | N10: BXGY | O10: =O9 -> B1G2 | P10: BXGY
A11: =A10 -> 2025 JUN B1G2 | B11: =B10 -> 46099 | C11: =C10 -> 46113 | D11: 3272 | E11: 336 | F11: 4 | G11: 1 | H11: 81379 | I11: CHARACTER | J11: 45647247 | K11: MN-N048 | L11: SS T-SHIRT MINIONS LOGO CUT SEW MN-N048:BLACK:5-6:PRINT:SS T-SHIRT | M11: 149900 | N11: BXGY | O11: =O10 -> B1G2 | P11: BXGY
A12: =A11 -> 2025 JUN B1G2 | B12: =B11 -> 46099 | C12: =C11 -> 46113 | D12: 3272 | E12: 336 | F12: 4 | G12: 1 | H12: 81379 | I12: CHARACTER | J12: 45647256 | K12: MN-N048 | L12: SS T-SHIRT MINIONS LOGO CUT SEW MN-N048:BLACK:7-8:PRINT:SS T-SHIRT | M12: 149900 | N12: BXGY | O12: =O11 -> B1G2 | P12: BXGY
A13: =A12 -> 2025 JUN B1G2 | B13: =B12 -> 46099 | C13: =C12 -> 46113 | D13: 3272 | E13: 336 | F13: 4 | G13: 1 | H13: 81379 | I13: CHARACTER | J13: 45647265 | K13: MN-N048 | L13: SS T-SHIRT MINIONS LOGO CUT SEW MN-N048:BLACK:9-10:PRINT:SS T-SHIRT | M13: 149900 | N13: BXGY | O13: =O12 -> B1G2 | P13: BXGY
A14: =A13 -> 2025 JUN B1G2 | B14: =B13 -> 46099 | C14: =C13 -> 46113 | D14: 3272 | E14: 336 | F14: 4 | G14: 1 | H14: 81379 | I14: CHARACTER | J14: 45647274 | K14: MN-N048 | L14: SS T-SHIRT MINIONS LOGO CUT SEW MN-N048:BLACK:11-12:PRINT:SS T-SHIRT | M14: 149900 | N14: BXGY | O14: =O13 -> B1G2 | P14: BXGY
... A123: =A122 -> 2025 JUN B1G2 | B123: =B122 -> 46099 | C123: =C122 -> 46113 | D123: 3272 | E123: 336 | F123: 4 | G123: 4 | H123: 81588 | I123: CHARACTER | J123: 51512111 | K123: SB-N01 | L123: SHORT PANTS CP KNIT SPONGEBOB SB-N01:NAVY BLUE:11-12:GRAPHIC:SHORT PANTS | M123: 169900 | N123: BXGY | O123: =O122 -> B1G2 | P123: BXGY

Sheet 2025 JUL B1G1
A1: ACARA | B1: FROM DATE | C1: TO DATE | D1: DEPT | E1: WORLD | F1: DIVISION | G1: CLASS | H1: SUPPLIER | I1: BRAND | J1: SKU | K1: ARTICLE | L1: DESCRIPTION | M1: HARGA NORMAL | N1: DISKON | O1: HARGA PROMO | P1: DISCOUNT TYPE
A2: 2025 JUL B1G1 | B2: ='2019 ALL D95'!B2 -> 46099 | C2: ='2019 ALL D95'!C2 -> 46113 | D2: 3272 | E2: 336 | F2: 4 | G2: 1 | H2: 4953 | I2: CHARACTER | J2: 54556355 | K2: MLBH-3 | L2: SS T-SHIRT MLBB LOGO NEW DEPAN MLBH-3:MISTY DARK GREY:7-8:GRAPHIC:SS SHIRT | M2: 99900 | N2: BXGY | O2: B1G1 | P2: BXGY
A3: =A2 -> 2025 JUL B1G1 | B3: =B2 -> 46099 | C3: =C2 -> 46113 | D3: =D2 -> 3272 | E3: =E2 -> 336 | F3: 4 | G3: 1 | H3: 4953 | I3: CHARACTER | J3: 54556364 | K3: MLBH-3 | L3: SS T-SHIRT MLBB LOGO NEW DEPAN MLBH-3:MISTY DARK GREY:9-10:GRAPHIC:SS SHIRT | M3: 99900 | N3: =N2 -> BXGY | O3: =O2 -> B1G1 | P3: =P2 -> BXGY
A4: =A3 -> 2025 JUL B1G1 | B4: =B3 -> 46099 | C4: =C3 -> 46113 | D4: =D3 -> 3272 | E4: =E3 -> 336 | F4: 4 | G4: 1 | H4: 4953 | I4: CHARACTER | J4: 54556373 | K4: MLBH-3 | L4: SS T-SHIRT MLBB LOGO NEW DEPAN MLBH-3:MISTY DARK GREY:11-12:GRAPHIC:SS SHIRT | M4: 99900 | N4: =N3 -> BXGY | O4: =O3 -> B1G1 | P4: =P3 -> BXGY
A5: =A4 -> 2025 JUL B1G1 | B5: =B4 -> 46099 | C5: =C4 -> 46113 | D5: =D4 -> 3272 | E5: =E4 -> 336 | F5: 4 | G5: 1 | H5: 4953 | I5: CHARACTER | J5: 54556382 | K5: MLBH-3 | L5: SS T-SHIRT MLBB LOGO NEW DEPAN MLBH-3:MISTY DARK GREY:13-14:GRAPHIC:SS SHIRT | M5: 99900 | N5: =N4 -> BXGY | O5: =O4 -> B1G1 | P5: =P4 -> BXGY
A6: =A5 -> 2025 JUL B1G1 | B6: =B5 -> 46099 | C6: =C5 -> 46113 | D6: =D5 -> 3272 | E6: =E5 -> 336 | F6: 4 | G6: 1 | H6: 4953 | I6: CHARACTER | J6: 54556391 | K6: MLBH-4 | L6: SS T-SHIRT MLBB ALPHA LOGO LENGAN MLBH-4:BLACK:7-8:GRAPHIC:SS SHIRT | M6: 99900 | N6: =N5 -> BXGY | O6: =O5 -> B1G1 | P6: =P5 -> BXGY
A7: =A6 -> 2025 JUL B1G1 | B7: =B6 -> 46099 | C7: =C6 -> 46113 | D7: =D6 -> 3272 | E7: =E6 -> 336 | F7: 4 | G7: 1 | H7: 4953 | I7: CHARACTER | J7: 54556408 | K7: MLBH-4 | L7: SS T-SHIRT MLBB ALPHA LOGO LENGAN MLBH-4:BLACK:9-10:GRAPHIC:SS SHIRT | M7: 99900 | N7: =N6 -> BXGY | O7: =O6 -> B1G1 | P7: =P6 -> BXGY
A8: =A7 -> 2025 JUL B1G1 | B8: =B7 -> 46099 | C8: =C7 -> 46113 | D8: =D7 -> 3272 | E8: =E7 -> 336 | F8: 4 | G8: 1 | H8: 4953 | I8: CHARACTER | J8: 54556417 | K8: MLBH-4 | L8: SS T-SHIRT MLBB ALPHA LOGO LENGAN MLBH-4:BLACK:11-12:GRAPHIC:SS SHIRT | M8: 99900 | N8: =N7 -> BXGY | O8: =O7 -> B1G1 | P8: =P7 -> BXGY
A9: =A8 -> 2025 JUL B1G1 | B9: =B8 -> 46099 | C9: =C8 -> 46113 | D9: =D8 -> 3272 | E9: =E8 -> 336 | F9: 4 | G9: 1 | H9: 4953 | I9: CHARACTER | J9: 54556426 | K9: MLBH-4 | L9: SS T-SHIRT MLBB ALPHA LOGO LENGAN MLBH-4:BLACK:13-14:GRAPHIC:SS SHIRT | M9: 99900 | N9: =N8 -> BXGY | O9: =O8 -> B1G1 | P9: =P8 -> BXGY
A10: =A9 -> 2025 JUL B1G1 | B10: =B9 -> 46099 | C10: =C9 -> 46113 | D10: =D9 -> 3272 | E10: =E9 -> 336 | F10: 4 | G10: 1 | H10: 81379 | I10: CHARACTER | J10: 53660716 | K10: TR-W08 | L10: SS T-SHIRT OPTIMUS ACTION LOGO TR-W08:NAVY BLUE:4:GRAPHIC:SS T-SHIRT | M10: 99900 | N10: =N9 -> BXGY | O10: =O9 -> B1G1 | P10: =P9 -> BXGY
A11: =A10 -> 2025 JUL B1G1 | B11: =B10 -> 46099 | C11: =C10 -> 46113 | D11: =D10 -> 3272 | E11: =E10 -> 336 | F11: 4 | G11: 1 | H11: 81379 | I11: CHARACTER | J11: 53660725 | K11: TR-W08 | L11: SS T-SHIRT OPTIMUS ACTION LOGO TR-W08:NAVY BLUE:5:GRAPHIC:SS T-SHIRT | M11: 99900 | N11: =N10 -> BXGY | O11: =O10 -> B1G1 | P11: =P10 -> BXGY
A12: =A11 -> 2025 JUL B1G1 | B12: =B11 -> 46099 | C12: =C11 -> 46113 | D12: =D11 -> 3272 | E12: =E11 -> 336 | F12: 4 | G12: 1 | H12: 81379 | I12: CHARACTER | J12: 53660734 | K12: TR-W08 | L12: SS T-SHIRT OPTIMUS ACTION LOGO TR-W08:NAVY BLUE:6:GRAPHIC:SS T-SHIRT | M12: 99900 | N12: =N11 -> BXGY | O12: =O11 -> B1G1 | P12: =P11 -> BXGY
A13: =A12 -> 2025 JUL B1G1 | B13: =B12 -> 46099 | C13: =C12 -> 46113 | D13: =D12 -> 3272 | E13: =E12 -> 336 | F13: 4 | G13: 1 | H13: 81379 | I13: CHARACTER | J13: 53660743 | K13: TR-W08 | L13: SS T-SHIRT OPTIMUS ACTION LOGO TR-W08:NAVY BLUE:7-8:GRAPHIC:SS T-SHIRT | M13: 99900 | N13: =N12 -> BXGY | O13: =O12 -> B1G1 | P13: =P12 -> BXGY
A14: =A13 -> 2025 JUL B1G1 | B14: =B13 -> 46099 | C14: =C13 -> 46113 | D14: =D13 -> 3272 | E14: =E13 -> 336 | F14: 4 | G14: 1 | H14: 81379 | I14: CHARACTER | J14: 53660752 | K14: TR-W08 | L14: SS T-SHIRT OPTIMUS ACTION LOGO TR-W08:NAVY BLUE:9-10:GRAPHIC:SS T-SHIRT | M14: 99900 | N14: =N13 -> BXGY | O14: =O13 -> B1G1 | P14: =P13 -> BXGY
... A63: =A62 -> 2025 JUL B1G1 | B63: =B62 -> 46099 | C63: =C62 -> 46113 | D63: =D62 -> 3272 | E63: =E62 -> 336 | F63: 4 | G63: 1 | H63: 81379 | I63: CHARACTER | J63: 55229546 | K63: TR-A128 | L63: SS T-SHIRT BUMBLEBEE STANDING LOGO TR-A128:CLASSIC YELLOW:13-14:GRAPHIC:SS T-SHIRT | M63: 99900 | N63: =N62 -> BXGY | O63: =O62 -> B1G1 | P63: =P62 -> BXGY

Sheet 2025 AUG B1G1
A1: ACARA | B1: FROM DATE | C1: TO DATE | D1: DEPT | E1: WORLD | F1: DIVISION | G1: CLASS | H1: SUPPLIER | I1: BRAND | J1: SKU | K1: ARTICLE | L1: DESCRIPTION | M1: HARGA NORMAL | N1: DISKON | O1: HARGA PROMO | P1: DISCOUNT TYPE
A2: 2025 AUG B1G1 | B2: ='2019 ALL D95'!B2 -> 46099 | C2: ='2019 ALL D95'!C2 -> 46113 | D2: 3272 | E2: 336 | F2: 4 | G2: 1 | H2: 4953 | I2: CHARACTER | J2: 54555516 | K2: BAT-BB01 | L2: SS T-SHIRT BB BATMAN LOGO DPN BAT-BB01:MISTY LIGHT BLUE:4:GRAPHIC:SS T-SHIRT | M2: 99900 | N2: BXGY | O2: B1G1 | P2: BXGY
A3: =A2 -> 2025 AUG B1G1 | B3: =B2 -> 46099 | C3: =C2 -> 46113 | D3: =D2 -> 3272 | E3: =E2 -> 336 | F3: 4 | G3: 1 | H3: 4953 | I3: =I2 -> CHARACTER | J3: 54555525 | K3: BAT-BB01 | L3: SS T-SHIRT BB BATMAN LOGO DPN BAT-BB01:MISTY LIGHT BLUE:5:GRAPHIC:SS T-SHIRT | M3: 99900 | N3: =N2 -> BXGY | O3: =O2 -> B1G1 | P3: =P2 -> BXGY
A4: =A3 -> 2025 AUG B1G1 | B4: =B3 -> 46099 | C4: =C3 -> 46113 | D4: =D3 -> 3272 | E4: =E3 -> 336 | F4: 4 | G4: 1 | H4: 4953 | I4: =I3 -> CHARACTER | J4: 54555534 | K4: BAT-BB01 | L4: SS T-SHIRT BB BATMAN LOGO DPN BAT-BB01:MISTY LIGHT BLUE:6:GRAPHIC:SS T-SHIRT | M4: 99900 | N4: =N3 -> BXGY | O4: =O3 -> B1G1 | P4: =P3 -> BXGY
A5: =A4 -> 2025 AUG B1G1 | B5: =B4 -> 46099 | C5: =C4 -> 46113 | D5: =D4 -> 3272 | E5: =E4 -> 336 | F5: 4 | G5: 1 | H5: 4953 | I5: =I4 -> CHARACTER | J5: 54555543 | K5: BAT-BB01 | L5: SS T-SHIRT BB BATMAN LOGO DPN BAT-BB01:MISTY LIGHT BLUE:7-8:GRAPHIC:SS T-SHIRT | M5: 99900 | N5: =N4 -> BXGY | O5: =O4 -> B1G1 | P5: =P4 -> BXGY
A6: =A5 -> 2025 AUG B1G1 | B6: =B5 -> 46099 | C6: =C5 -> 46113 | D6: =D5 -> 3272 | E6: =E5 -> 336 | F6: 4 | G6: 1 | H6: 4953 | I6: =I5 -> CHARACTER | J6: 54555552 | K6: BAT-BB01 | L6: SS T-SHIRT BB BATMAN LOGO DPN BAT-BB01:MISTY LIGHT BLUE:9-10:GRAPHIC:SS T-SHIRT | M6: 99900 | N6: =N5 -> BXGY | O6: =O5 -> B1G1 | P6: =P5 -> BXGY
A7: =A6 -> 2025 AUG B1G1 | B7: =B6 -> 46099 | C7: =C6 -> 46113 | D7: =D6 -> 3272 | E7: =E6 -> 336 | F7: 4 | G7: 1 | H7: 4953 | I7: =I6 -> CHARACTER | J7: 54555561 | K7: BAT-BB01 | L7: SS T-SHIRT BB BATMAN LOGO DPN BAT-BB01:MISTY LIGHT BLUE:11-12:GRAPHIC:SS T-SHIRT | M7: 99900 | N7: =N6 -> BXGY | O7: =O6 -> B1G1 | P7: =P6 -> BXGY
A8: =A7 -> 2025 AUG B1G1 | B8: =B7 -> 46099 | C8: =C7 -> 46113 | D8: =D7 -> 3272 | E8: =E7 -> 336 | F8: 4 | G8: 1 | H8: 4953 | I8: =I7 -> CHARACTER | J8: 54555570 | K8: BAT-BB01 | L8: SS T-SHIRT BB BATMAN LOGO DPN BAT-BB01:MISTY LIGHT BLUE:13-14:GRAPHIC:SS T-SHIRT | M8: 99900 | N8: =N7 -> BXGY | O8: =O7 -> B1G1 | P8: =P7 -> BXGY
A9: =A8 -> 2025 AUG B1G1 | B9: =B8 -> 46099 | C9: =C8 -> 46113 | D9: =D8 -> 3272 | E9: =E8 -> 336 | F9: 4 | G9: 1 | H9: 4953 | I9: =I8 -> CHARACTER | J9: 54555650 | K9: BAT-M3 | L9: SS T-SHIRT BATMAN LOGO DPN BLKG HEAD BAT-M3:CLASSIC YELLOW:4:GRAPHIC:SS T-SHIRT | M9: 99900 | N9: =N8 -> BXGY | O9: =O8 -> B1G1 | P9: =P8 -> BXGY
A10: =A9 -> 2025 AUG B1G1 | B10: =B9 -> 46099 | C10: =C9 -> 46113 | D10: =D9 -> 3272 | E10: =E9 -> 336 | F10: 4 | G10: 1 | H10: 4953 | I10: =I9 -> CHARACTER | J10: 54555669 | K10: BAT-M3 | L10: SS T-SHIRT BATMAN LOGO DPN BLKG HEAD BAT-M3:CLASSIC YELLOW:5:GRAPHIC:SS T-SHIRT | M10: 99900 | N10: =N9 -> BXGY | O10: =O9 -> B1G1 | P10: =P9 -> BXGY
A11: =A10 -> 2025 AUG B1G1 | B11: =B10 -> 46099 | C11: =C10 -> 46113 | D11: =D10 -> 3272 | E11: =E10 -> 336 | F11: 4 | G11: 1 | H11: 4953 | I11: =I10 -> CHARACTER | J11: 54555678 | K11: BAT-M3 | L11: SS T-SHIRT BATMAN LOGO DPN BLKG HEAD BAT-M3:CLASSIC YELLOW:6:GRAPHIC:SS T-SHIRT | M11: 99900 | N11: =N10 -> BXGY | O11: =O10 -> B1G1 | P11: =P10 -> BXGY
A12: =A11 -> 2025 AUG B1G1 | B12: =B11 -> 46099 | C12: =C11 -> 46113 | D12: =D11 -> 3272 | E12: =E11 -> 336 | F12: 4 | G12: 1 | H12: 4953 | I12: =I11 -> CHARACTER | J12: 54555687 | K12: BAT-M3 | L12: SS T-SHIRT BATMAN LOGO DPN BLKG HEAD BAT-M3:CLASSIC YELLOW:7-8:GRAPHIC:SS T-SHIRT | M12: 99900 | N12: =N11 -> BXGY | O12: =O11 -> B1G1 | P12: =P11 -> BXGY
A13: =A12 -> 2025 AUG B1G1 | B13: =B12 -> 46099 | C13: =C12 -> 46113 | D13: =D12 -> 3272 | E13: =E12 -> 336 | F13: 4 | G13: 1 | H13: 4953 | I13: =I12 -> CHARACTER | J13: 54555696 | K13: BAT-M3 | L13: SS T-SHIRT BATMAN LOGO DPN BLKG HEAD BAT-M3:CLASSIC YELLOW:9-10:GRAPHIC:SS T-SHIRT | M13: 99900 | N13: =N12 -> BXGY | O13: =O12 -> B1G1 | P13: =P12 -> BXGY
A14: =A13 -> 2025 AUG B1G1 | B14: =B13 -> 46099 | C14: =C13 -> 46113 | D14: =D13 -> 3272 | E14: =E13 -> 336 | F14: 4 | G14: 1 | H14: 4953 | I14: =I13 -> CHARACTER | J14: 54555703 | K14: BAT-M3 | L14: SS T-SHIRT BATMAN LOGO DPN BLKG HEAD BAT-M3:CLASSIC YELLOW:11-12:GRAPHIC:SS T-SHIRT | M14: 99900 | N14: =N13 -> BXGY | O14: =O13 -> B1G1 | P14: =P13 -> BXGY
... A43: =A42 -> 2025 AUG B1G1 | B43: =B42 -> 46099 | C43: =C42 -> 46113 | D43: =D42 -> 3272 | E43: =E42 -> 336 | F43: 4 | G43: 1 | H43: 81379 | I43: =I42 -> CHARACTER | J43: 54555365 | K43: BAT-W03 | L43: SS T-SHIRT BATMAN SALUR LOGO HANDUK BAT-W03:WHITE:13-14:STRIPES:SS T-SHIRT | M43: 99900 | N43: =N42 -> BXGY | O43: =O42 -> B1G1 | P43: =P42 -> BXGY
A44: =A43 -> 2025 AUG B1G1 | B44: ='2025 Q4 B3D10'!B229 -> 46099 | C44: ='2025 Q4 B3D10'!C229 -> 46113 | D44: ='2025 Q4 B3D10'!D229 -> 3272 | E44: ='2025 Q4 B3D10'!E229 -> 336 | F44: 4 | G44: 1 | H44: 81379 | I44: ='2025 Q4 B3D10'!I229 -> CHARACTER | J44: 55386028 | K44: TJ-HR115 | L44: SS T-SHIRT TOM AND JERRY FUN FIGHT TJ-HR115:WHITE:4:GRAPHIC:SS T-SHIRT | M44: 99900 | N44: ='2025 Q4 B3D10'!N229 -> BXGY | O44: =O43 -> B1G1 | P44: ='2025 Q4 B3D10'!P229 -> BXGY
A45: =A44 -> 2025 AUG B1G1 | B45: =B44 -> 46099 | C45: =C44 -> 46113 | D45: =D44 -> 3272 | E45: =E44 -> 336 | F45: 4 | G45: 1 | H45: 81379 | I45: =I44 -> CHARACTER | J45: 55386037 | K45: TJ-HR115 | L45: SS T-SHIRT TOM AND JERRY FUN FIGHT TJ-HR115:WHITE:5:GRAPHIC:SS T-SHIRT | M45: 99900 | N45: =N44 -> BXGY | O45: =O44 -> B1G1 | P45: =P44 -> BXGY
A46: =A45 -> 2025 AUG B1G1 | B46: =B45 -> 46099 | C46: =C45 -> 46113 | D46: =D45 -> 3272 | E46: =E45 -> 336 | F46: 4 | G46: 1 | H46: 81379 | I46: =I45 -> CHARACTER | J46: 55386046 | K46: TJ-HR115 | L46: SS T-SHIRT TOM AND JERRY FUN FIGHT TJ-HR115:WHITE:6:GRAPHIC:SS T-SHIRT | M46: 99900 | N46: =N45 -> BXGY | O46: =O45 -> B1G1 | P46: =P45 -> BXGY
A47: =A46 -> 2025 AUG B1G1 | B47: =B46 -> 46099 | C47: =C46 -> 46113 | D47: =D46 -> 3272 | E47: =E46 -> 336 | F47: 4 | G47: 1 | H47: 81379 | I47: =I46 -> CHARACTER | J47: 55386055 | K47: TJ-HR115 | L47: SS T-SHIRT TOM AND JERRY FUN FIGHT TJ-HR115:WHITE:7-8:GRAPHIC:SS T-SHIRT | M47: 99900 | N47: =N46 -> BXGY | O47: =O46 -> B1G1 | P47: =P46 -> BXGY
A48: =A47 -> 2025 AUG B1G1 | B48: =B47 -> 46099 | C48: =C47 -> 46113 | D48: =D47 -> 3272 | E48: =E47 -> 336 | F48: 4 | G48: 1 | H48: 81379 | I48: =I47 -> CHARACTER | J48: 55386064 | K48: TJ-HR115 | L48: SS T-SHIRT TOM AND JERRY FUN FIGHT TJ-HR115:WHITE:9-10:GRAPHIC:SS T-SHIRT | M48: 99900 | N48: =N47 -> BXGY | O48: =O47 -> B1G1 | P48: =P47 -> BXGY
A49: =A48 -> 2025 AUG B1G1 | B49: =B48 -> 46099 | C49: =C48 -> 46113 | D49: =D48 -> 3272 | E49: =E48 -> 336 | F49: 4 | G49: 1 | H49: 81379 | I49: =I48 -> CHARACTER | J49: 55386073 | K49: TJ-HR115 | L49: SS T-SHIRT TOM AND JERRY FUN FIGHT TJ-HR115:WHITE:11-12:GRAPHIC:SS T-SHIRT | M49: 99900 | N49: =N48 -> BXGY | O49: =O48 -> B1G1 | P49: =P48 -> BXGY
A50: =A49 -> 2025 AUG B1G1 | B50: =B49 -> 46099 | C50: =C49 -> 46113 | D50: =D49 -> 3272 | E50: =E49 -> 336 | F50: 4 | G50: 1 | H50: 81379 | I50: =I49 -> CHARACTER | J50: 55386082 | K50: TJ-HR115 | L50: SS T-SHIRT TOM AND JERRY FUN FIGHT TJ-HR115:WHITE:13-14:GRAPHIC:SS T-SHIRT | M50: 99900 | N50: =N49 -> BXGY | O50: =O49 -> B1G1 | P50: =P49 -> BXGY
A51: =A50 -> 2025 AUG B1G1 | B51: ='2025 Q4 B3D10'!B243 -> 46099 | C51: ='2025 Q4 B3D10'!C243 -> 46113 | D51: ='2025 Q4 B3D10'!D243 -> 3272 | E51: ='2025 Q4 B3D10'!E243 -> 336 | F51: 4 | G51: 1 | H51: 81676 | I51: ='2025 Q4 B3D10'!I243 -> CHARACTER | J51: 54555794 | K51: GSUP-1 | L51: SS T-SHIRT SUPERMAN LOGO PRINT BLKG GSUP-1:CLASSIC BLUE:4:GRAPHIC:SS T-SHIRT | M51: 99900 | N51: ='2025 Q4 B3D10'!N243 -> BXGY | O51: =O50 -> B1G1 | P51: ='2025 Q4 B3D10'!P243 -> BXGY
A52: =A51 -> 2025 AUG B1G1 | B52: =B51 -> 46099 | C52: =C51 -> 46113 | D52: =D51 -> 3272 | E52: =E51 -> 336 | F52: 4 | G52: 1 | H52: 81676 | I52: =I51 -> CHARACTER | J52: 54555801 | K52: GSUP-1 | L52: SS T-SHIRT SUPERMAN LOGO PRINT BLKG GSUP-1:CLASSIC BLUE:5:GRAPHIC:SS T-SHIRT | M52: 99900 | N52: =N51 -> BXGY | O52: =O51 -> B1G1 | P52: =P51 -> BXGY
A53: =A52 -> 2025 AUG B1G1 | B53: =B52 -> 46099 | C53: =C52 -> 46113 | D53: =D52 -> 3272 | E53: =E52 -> 336 | F53: 4 | G53: 1 | H53: 81676 | I53: =I52 -> CHARACTER | J53: 54555810 | K53: GSUP-1 | L53: SS T-SHIRT SUPERMAN LOGO PRINT BLKG GSUP-1:CLASSIC BLUE:6:GRAPHIC:SS T-SHIRT | M53: 99900 | N53: =N52 -> BXGY | O53: =O52 -> B1G1 | P53: =P52 -> BXGY
A54: =A53 -> 2025 AUG B1G1 | B54: =B53 -> 46099 | C54: =C53 -> 46113 | D54: =D53 -> 3272 | E54: =E53 -> 336 | F54: 4 | G54: 1 | H54: 81676 | I54: =I53 -> CHARACTER | J54: 54555829 | K54: GSUP-1 | L54: SS T-SHIRT SUPERMAN LOGO PRINT BLKG GSUP-1:CLASSIC BLUE:7-8:GRAPHIC:SS T-SHIRT | M54: 99900 | N54: =N53 -> BXGY | O54: =O53 -> B1G1 | P54: =P53 -> BXGY
A55: =A54 -> 2025 AUG B1G1 | B55: =B54 -> 46099 | C55: =C54 -> 46113 | D55: =D54 -> 3272 | E55: =E54 -> 336 | F55: 4 | G55: 1 | H55: 81676 | I55: =I54 -> CHARACTER | J55: 54555838 | K55: GSUP-1 | L55: SS T-SHIRT SUPERMAN LOGO PRINT BLKG GSUP-1:CLASSIC BLUE:9-10:GRAPHIC:SS T-SHIRT | M55: 99900 | N55: =N54 -> BXGY | O55: =O54 -> B1G1 | P55: =P54 -> BXGY
A56: =A55 -> 2025 AUG B1G1 | B56: =B55 -> 46099 | C56: =C55 -> 46113 | D56: =D55 -> 3272 | E56: =E55 -> 336 | F56: 4 | G56: 1 | H56: 81676 | I56: =I55 -> CHARACTER | J56: 54555847 | K56: GSUP-1 | L56: SS T-SHIRT SUPERMAN LOGO PRINT BLKG GSUP-1:CLASSIC BLUE:11-12:GRAPHIC:SS T-SHIRT | M56: 99900 | N56: =N55 -> BXGY | O56: =O55 -> B1G1 | P56: =P55 -> BXGY
A57: =A56 -> 2025 AUG B1G1 | B57: =B56 -> 46099 | C57: =C56 -> 46113 | D57: =D56 -> 3272 | E57: =E56 -> 336 | F57: 4 | G57: 1 | H57: 81676 | I57: =I56 -> CHARACTER | J57: 54555856 | K57: GSUP-1 | L57: SS T-SHIRT SUPERMAN LOGO PRINT BLKG GSUP-1:CLASSIC BLUE:13-14:GRAPHIC:SS T-SHIRT | M57: 99900 | N57: =N56 -> BXGY | O57: =O56 -> B1G1 | P57: =P56 -> BXGY
A58: =A57 -> 2025 AUG B1G1 | B58: =B57 -> 46099 | C58: =C57 -> 46113 | D58: =D57 -> 3272 | E58: =E57 -> 336 | F58: 4 | G58: 1 | H58: 81676 | I58: =I57 -> CHARACTER | J58: 54555865 | K58: GSUP-2 | L58: SS T-SHIRT SUPERMAN FP LOGO EMBOSS MOLD GSUP-2:VANILLA:4:PRINT:SS T-SHIRT | M58: 99900 | N58: =N57 -> BXGY | O58: =O57 -> B1G1 | P58: =P57 -> BXGY
A59: =A58 -> 2025 AUG B1G1 | B59: =B58 -> 46099 | C59: =C58 -> 46113 | D59: =D58 -> 3272 | E59: =E58 -> 336 | F59: 4 | G59: 1 | H59: 81676 | I59: =I58 -> CHARACTER | J59: 54555874 | K59: GSUP-2 | L59: SS T-SHIRT SUPERMAN FP LOGO EMBOSS MOLD GSUP-2:VANILLA:5:PRINT:SS T-SHIRT | M59: 99900 | N59: =N58 -> BXGY | O59: =O58 -> B1G1 | P59: =P58 -> BXGY
A60: =A59 -> 2025 AUG B1G1 | B60: =B59 -> 46099 | C60: =C59 -> 46113 | D60: =D59 -> 3272 | E60: =E59 -> 336 | F60: 4 | G60: 1 | H60: 81676 | I60: =I59 -> CHARACTER | J60: 54555883 | K60: GSUP-2 | L60: SS T-SHIRT SUPERMAN FP LOGO EMBOSS MOLD GSUP-2:VANILLA:6:PRINT:SS T-SHIRT | M60: 99900 | N60: =N59 -> BXGY | O60: =O59 -> B1G1 | P60: =P59 -> BXGY
A61: =A60 -> 2025 AUG B1G1 | B61: =B60 -> 46099 | C61: =C60 -> 46113 | D61: =D60 -> 3272 | E61: =E60 -> 336 | F61: 4 | G61: 1 | H61: 81676 | I61: =I60 -> CHARACTER | J61: 54555892 | K61: GSUP-2 | L61: SS T-SHIRT SUPERMAN FP LOGO EMBOSS MOLD GSUP-2:VANILLA:7-8:PRINT:SS T-SHIRT | M61: 99900 | N61: =N60 -> BXGY | O61: =O60 -> B1G1 | P61: =P60 -> BXGY
A62: =A61 -> 2025 AUG B1G1 | B62: =B61 -> 46099 | C62: =C61 -> 46113 | D62: =D61 -> 3272 | E62: =E61 -> 336 | F62: 4 | G62: 1 | H62: 81676 | I62: =I61 -> CHARACTER | J62: 54555909 | K62: GSUP-2 | L62: SS T-SHIRT SUPERMAN FP LOGO EMBOSS MOLD GSUP-2:VANILLA:9-10:PRINT:SS T-SHIRT | M62: 99900 | N62: =N61 -> BXGY | O62: =O61 -> B1G1 | P62: =P61 -> BXGY
A63: =A62 -> 2025 AUG B1G1 | B63: =B62 -> 46099 | C63: =C62 -> 46113 | D63: =D62 -> 3272 | E63: =E62 -> 336 | F63: 4 | G63: 1 | H63: 81676 | I63: =I62 -> CHARACTER | J63: 54555918 | K63: GSUP-2 | L63: SS T-SHIRT SUPERMAN FP LOGO EMBOSS MOLD GSUP-2:VANILLA:11-12:PRINT:SS T-SHIRT | M63: 99900 | N63: =N62 -> BXGY | O63: =O62 -> B1G1 | P63: =P62 -> BXGY
... A86: =A85 -> 2025 AUG B1G1 | B86: =B85 -> 46099 | C86: =C85 -> 46113 | D86: =D85 -> 3272 | E86: =E85 -> 336 | F86: 4 | G86: 4 | H86: 81676 | I86: =I85 -> CHARACTER | J86: 54556284 | K86: GMIN-5 | L86: SHORT PANTS KNIT MINIONS LOGO PRINT HD GMIN-5:FOREST GREEN:4:GRAPHIC:SHORT PANTS | M86: 99900 | N86: =N85 -> BXGY | O86: =O85 -> B1G1 | P86: =P85 -> BXGY
A87: =A86 -> 2025 AUG B1G1 | B87: =B86 -> 46099 | C87: =C86 -> 46113 | D87: =D86 -> 3272 | E87: =E86 -> 336 | F87: 4 | G87: =G86 -> 4 | H87: 81676 | I87: =I86 -> CHARACTER | J87: 54556293 | K87: GMIN-5 | L87: SHORT PANTS KNIT MINIONS LOGO PRINT HD GMIN-5:FOREST GREEN:5:GRAPHIC:SHORT PANTS | M87: 99900 | N87: =N86 -> BXGY | O87: =O86 -> B1G1 | P87: =P86 -> BXGY
A88: =A87 -> 2025 AUG B1G1 | B88: =B87 -> 46099 | C88: =C87 -> 46113 | D88: =D87 -> 3272 | E88: =E87 -> 336 | F88: 4 | G88: =G87 -> 4 | H88: 81676 | I88: =I87 -> CHARACTER | J88: 54556300 | K88: GMIN-5 | L88: SHORT PANTS KNIT MINIONS LOGO PRINT HD GMIN-5:FOREST GREEN:6:GRAPHIC:SHORT PANTS | M88: 99900 | N88: =N87 -> BXGY | O88: =O87 -> B1G1 | P88: =P87 -> BXGY
A89: =A88 -> 2025 AUG B1G1 | B89: =B88 -> 46099 | C89: =C88 -> 46113 | D89: =D88 -> 3272 | E89: =E88 -> 336 | F89: 4 | G89: =G88 -> 4 | H89: 81676 | I89: =I88 -> CHARACTER | J89: 54556319 | K89: GMIN-5 | L89: SHORT PANTS KNIT MINIONS LOGO PRINT HD GMIN-5:FOREST GREEN:7-8:GRAPHIC:SHORT PANTS | M89: 99900 | N89: =N88 -> BXGY | O89: =O88 -> B1G1 | P89: =P88 -> BXGY
A90: =A89 -> 2025 AUG B1G1 | B90: =B89 -> 46099 | C90: =C89 -> 46113 | D90: =D89 -> 3272 | E90: =E89 -> 336 | F90: 4 | G90: =G89 -> 4 | H90: 81676 | I90: =I89 -> CHARACTER | J90: 54556328 | K90: GMIN-5 | L90: SHORT PANTS KNIT MINIONS LOGO PRINT HD GMIN-5:FOREST GREEN:9-10:GRAPHIC:SHORT PANTS | M90: 99900 | N90: =N89 -> BXGY | O90: =O89 -> B1G1 | P90: =P89 -> BXGY
A91: =A90 -> 2025 AUG B1G1 | B91: =B90 -> 46099 | C91: =C90 -> 46113 | D91: =D90 -> 3272 | E91: =E90 -> 336 | F91: 4 | G91: =G90 -> 4 | H91: 81676 | I91: =I90 -> CHARACTER | J91: 54556337 | K91: GMIN-5 | L91: SHORT PANTS KNIT MINIONS LOGO PRINT HD GMIN-5:FOREST GREEN:11-12:GRAPHIC:SHORT PANTS | M91: 99900 | N91: =N90 -> BXGY | O91: =O90 -> B1G1 | P91: =P90 -> BXGY
A92: =A91 -> 2025 AUG B1G1 | B92: =B91 -> 46099 | C92: =C91 -> 46113 | D92: =D91 -> 3272 | E92: =E91 -> 336 | F92: 4 | G92: =G91 -> 4 | H92: 81676 | I92: =I91 -> CHARACTER | J92: 54556346 | K92: GMIN-5 | L92: SHORT PANTS KNIT MINIONS LOGO PRINT HD GMIN-5:FOREST GREEN:13-14:GRAPHIC:SHORT PANTS | M92: 99900 | N92: =N91 -> BXGY | O92: =O91 -> B1G1 | P92: =P91 -> BXGY
A93: =A92 -> 2025 AUG B1G1 | B93: =B92 -> 46099 | C93: =C92 -> 46113 | D93: =D92 -> 3272 | E93: =E92 -> 336 | F93: 4 | G93: =G92 -> 4 | H93: 81676 | I93: =I92 -> CHARACTER | J93: 59077757 | K93: GBAT-3 | L93: SHORT PANTS BATMAN CARGO LOGO GBAT-3:KHAKI:4:EMBRO:SHORT PANTS | M93: 99900 | N93: =N92 -> BXGY | O93: =O92 -> B1G1 | P93: =P92 -> BXGY
A94: =A93 -> 2025 AUG B1G1 | B94: =B93 -> 46099 | C94: =C93 -> 46113 | D94: =D93 -> 3272 | E94: =E93 -> 336 | F94: 4 | G94: =G93 -> 4 | H94: 81676 | I94: =I93 -> CHARACTER | J94: 59077766 | K94: GBAT-3 | L94: SHORT PANTS BATMAN CARGO LOGO GBAT-3:KHAKI:5:EMBRO:SHORT PANTS | M94: 99900 | N94: =N93 -> BXGY | O94: =O93 -> B1G1 | P94: =P93 -> BXGY
A95: =A94 -> 2025 AUG B1G1 | B95: =B94 -> 46099 | C95: =C94 -> 46113 | D95: =D94 -> 3272 | E95: =E94 -> 336 | F95: 4 | G95: =G94 -> 4 | H95: 81676 | I95: =I94 -> CHARACTER | J95: 59077775 | K95: GBAT-3 | L95: SHORT PANTS BATMAN CARGO LOGO GBAT-3:KHAKI:6:EMBRO:SHORT PANTS | M95: 99900 | N95: =N94 -> BXGY | O95: =O94 -> B1G1 | P95: =P94 -> BXGY
A96: =A95 -> 2025 AUG B1G1 | B96: =B95 -> 46099 | C96: =C95 -> 46113 | D96: =D95 -> 3272 | E96: =E95 -> 336 | F96: 4 | G96: =G95 -> 4 | H96: 81676 | I96: =I95 -> CHARACTER | J96: 59077784 | K96: GBAT-3 | L96: SHORT PANTS BATMAN CARGO LOGO GBAT-3:KHAKI:7-8:EMBRO:SHORT PANTS | M96: 99900 | N96: =N95 -> BXGY | O96: =O95 -> B1G1 | P96: =P95 -> BXGY
A97: =A96 -> 2025 AUG B1G1 | B97: =B96 -> 46099 | C97: =C96 -> 46113 | D97: =D96 -> 3272 | E97: =E96 -> 336 | F97: 4 | G97: =G96 -> 4 | H97: 81676 | I97: =I96 -> CHARACTER | J97: 59077793 | K97: GBAT-3 | L97: SHORT PANTS BATMAN CARGO LOGO GBAT-3:KHAKI:9-10:EMBRO:SHORT PANTS | M97: 99900 | N97: =N96 -> BXGY | O97: =O96 -> B1G1 | P97: =P96 -> BXGY
A98: =A97 -> 2025 AUG B1G1 | B98: =B97 -> 46099 | C98: =C97 -> 46113 | D98: =D97 -> 3272 | E98: =E97 -> 336 | F98: 4 | G98: =G97 -> 4 | H98: 81676 | I98: =I97 -> CHARACTER | J98: 59077800 | K98: GBAT-3 | L98: SHORT PANTS BATMAN CARGO LOGO GBAT-3:KHAKI:11-12:EMBRO:SHORT PANTS | M98: 99900 | N98: =N97 -> BXGY | O98: =O97 -> B1G1 | P98: =P97 -> BXGY
A99: =A98 -> 2025 AUG B1G1 | B99: =B98 -> 46099 | C99: =C98 -> 46113 | D99: =D98 -> 3272 | E99: =E98 -> 336 | F99: 4 | G99: =G98 -> 4 | H99: 81676 | I99: =I98 -> CHARACTER | J99: 59077819 | K99: GBAT-3 | L99: SHORT PANTS BATMAN CARGO LOGO GBAT-3:KHAKI:13-14:EMBRO:SHORT PANTS | M99: 99900 | N99: =N98 -> BXGY | O99: =O98 -> B1G1 | P99: =P98 -> BXGY
A100: =A99 -> 2025 AUG B1G1 | B100: =B99 -> 46099 | C100: =C99 -> 46113 | D100: =D99 -> 3272 | E100: =E99 -> 336 | F100: 4 | G100: 5 | H100: 4953 | I100: =I99 -> CHARACTER | J100: 54555721 | K100: BAT-BB12 | L100: JOGGER KNIT BATMAN LOGO LIS SAMPING BAT-BB12:BLACK:4:GRAPHIC:JOGGER | M100: 99900 | N100: =N99 -> BXGY | O100: =O99 -> B1G1 | P100: =P99 -> BXGY
A101: =A100 -> 2025 AUG B1G1 | B101: =B100 -> 46099 | C101: =C100 -> 46113 | D101: =D100 -> 3272 | E101: =E100 -> 336 | F101: 4 | G101: =G100 -> 5 | H101: 4953 | I101: =I100 -> CHARACTER | J101: 54555730 | K101: BAT-BB12 | L101: JOGGER KNIT BATMAN LOGO LIS SAMPING BAT-BB12:BLACK:5:GRAPHIC:JOGGER | M101: 99900 | N101: =N100 -> BXGY | O101: =O100 -> B1G1 | P101: =P100 -> BXGY
A102: =A101 -> 2025 AUG B1G1 | B102: =B101 -> 46099 | C102: =C101 -> 46113 | D102: =D101 -> 3272 | E102: =E101 -> 336 | F102: 4 | G102: =G101 -> 5 | H102: 4953 | I102: =I101 -> CHARACTER | J102: 54555749 | K102: BAT-BB12 | L102: JOGGER KNIT BATMAN LOGO LIS SAMPING BAT-BB12:BLACK:6:GRAPHIC:JOGGER | M102: 99900 | N102: =N101 -> BXGY | O102: =O101 -> B1G1 | P102: =P101 -> BXGY
A103: =A102 -> 2025 AUG B1G1 | B103: =B102 -> 46099 | C103: =C102 -> 46113 | D103: =D102 -> 3272 | E103: =E102 -> 336 | F103: 4 | G103: =G102 -> 5 | H103: 4953 | I103: =I102 -> CHARACTER | J103: 54555758 | K103: BAT-BB12 | L103: JOGGER KNIT BATMAN LOGO LIS SAMPING BAT-BB12:BLACK:7-8:GRAPHIC:JOGGER | M103: 99900 | N103: =N102 -> BXGY | O103: =O102 -> B1G1 | P103: =P102 -> BXGY
A104: =A103 -> 2025 AUG B1G1 | B104: =B103 -> 46099 | C104: =C103 -> 46113 | D104: =D103 -> 3272 | E104: =E103 -> 336 | F104: 4 | G104: =G103 -> 5 | H104: 4953 | I104: =I103 -> CHARACTER | J104: 54555767 | K104: BAT-BB12 | L104: JOGGER KNIT BATMAN LOGO LIS SAMPING BAT-BB12:BLACK:9-10:GRAPHIC:JOGGER | M104: 99900 | N104: =N103 -> BXGY | O104: =O103 -> B1G1 | P104: =P103 -> BXGY
A105: =A104 -> 2025 AUG B1G1 | B105: =B104 -> 46099 | C105: =C104 -> 46113 | D105: =D104 -> 3272 | E105: =E104 -> 336 | F105: 4 | G105: =G104 -> 5 | H105: 4953 | I105: =I104 -> CHARACTER | J105: 54555776 | K105: BAT-BB12 | L105: JOGGER KNIT BATMAN LOGO LIS SAMPING BAT-BB12:BLACK:11-12:GRAPHIC:JOGGER | M105: 99900 | N105: =N104 -> BXGY | O105: =O104 -> B1G1 | P105: =P104 -> BXGY
A106: =A105 -> 2025 AUG B1G1 | B106: =B105 -> 46099 | C106: =C105 -> 46113 | D106: =D105 -> 3272 | E106: =E105 -> 336 | F106: 4 | G106: =G105 -> 5 | H106: 4953 | I106: =I105 -> CHARACTER | J106: 54555785 | K106: BAT-BB12 | L106: JOGGER KNIT BATMAN LOGO LIS SAMPING BAT-BB12:BLACK:13-14:GRAPHIC:JOGGER | M106: 99900 | N106: =N105 -> BXGY | O106: =O105 -> B1G1 | P106: =P105 -> BXGY
A107: =A106 -> 2025 AUG B1G1 | B107: =B106 -> 46099 | C107: =C106 -> 46113 | D107: =D106 -> 3272 | E107: =E106 -> 336 | F107: 4 | G107: =G106 -> 5 | H107: 81676 | I107: =I106 -> CHARACTER | J107: 55028898 | K107: GMIN-4 | L107: JOGGER KNIT MINIONS LOGO CARGO GMIN-4:KHAKI:4:EMBRO:JOGGER | M107: 99900 | N107: =N106 -> BXGY | O107: =O106 -> B1G1 | P107: =P106 -> BXGY
A108: =A107 -> 2025 AUG B1G1 | B108: =B107 -> 46099 | C108: =C107 -> 46113 | D108: =D107 -> 3272 | E108: =E107 -> 336 | F108: 4 | G108: =G107 -> 5 | H108: 81676 | I108: =I107 -> CHARACTER | J108: 55028905 | K108: GMIN-4 | L108: JOGGER KNIT MINIONS LOGO CARGO GMIN-4:KHAKI:5:EMBRO:JOGGER | M108: 99900 | N108: =N107 -> BXGY | O108: =O107 -> B1G1 | P108: =P107 -> BXGY
A109: =A108 -> 2025 AUG B1G1 | B109: =B108 -> 46099 | C109: =C108 -> 46113 | D109: =D108 -> 3272 | E109: =E108 -> 336 | F109: 4 | G109: =G108 -> 5 | H109: 81676 | I109: =I108 -> CHARACTER | J109: 55028914 | K109: GMIN-4 | L109: JOGGER KNIT MINIONS LOGO CARGO GMIN-4:KHAKI:6:EMBRO:JOGGER | M109: 99900 | N109: =N108 -> BXGY | O109: =O108 -> B1G1 | P109: =P108 -> BXGY
A110: =A109 -> 2025 AUG B1G1 | B110: =B109 -> 46099 | C110: =C109 -> 46113 | D110: =D109 -> 3272 | E110: =E109 -> 336 | F110: 4 | G110: =G109 -> 5 | H110: 81676 | I110: =I109 -> CHARACTER | J110: 55028923 | K110: GMIN-4 | L110: JOGGER KNIT MINIONS LOGO CARGO GMIN-4:KHAKI:7-8:EMBRO:JOGGER | M110: 99900 | N110: =N109 -> BXGY | O110: =O109 -> B1G1 | P110: =P109 -> BXGY
A111: =A110 -> 2025 AUG B1G1 | B111: =B110 -> 46099 | C111: =C110 -> 46113 | D111: =D110 -> 3272 | E111: =E110 -> 336 | F111: 4 | G111: =G110 -> 5 | H111: 81676 | I111: =I110 -> CHARACTER | J111: 55028932 | K111: GMIN-4 | L111: JOGGER KNIT MINIONS LOGO CARGO GMIN-4:KHAKI:9-10:EMBRO:JOGGER | M111: 99900 | N111: =N110 -> BXGY | O111: =O110 -> B1G1 | P111: =P110 -> BXGY
A112: =A111 -> 2025 AUG B1G1 | B112: =B111 -> 46099 | C112: =C111 -> 46113 | D112: =D111 -> 3272 | E112: =E111 -> 336 | F112: 4 | G112: =G111 -> 5 | H112: 81676 | I112: =I111 -> CHARACTER | J112: 55028941 | K112: GMIN-4 | L112: JOGGER KNIT MINIONS LOGO CARGO GMIN-4:KHAKI:11-12:EMBRO:JOGGER | M112: 99900 | N112: =N111 -> BXGY | O112: =O111 -> B1G1 | P112: =P111 -> BXGY
A113: =A112 -> 2025 AUG B1G1 | B113: =B112 -> 46099 | C113: =C112 -> 46113 | D113: =D112 -> 3272 | E113: =E112 -> 336 | F113: 4 | G113: =G112 -> 5 | H113: 81676 | I113: =I112 -> CHARACTER | J113: 55028950 | K113: GMIN-4 | L113: JOGGER KNIT MINIONS LOGO CARGO GMIN-4:KHAKI:13-14:EMBRO:JOGGER | M113: 99900 | N113: =N112 -> BXGY | O113: =O112 -> B1G1 | P113: =P112 -> BXGY
A114: =A113 -> 2025 AUG B1G1 | B114: =B113 -> 46099 | C114: =C113 -> 46113 | D114: =D113 -> 3272 | E114: =E113 -> 336 | F114: 4 | G114: 3 | H114: 81379 | I114: =I113 -> CHARACTER | J114: 54555374 | K114: BAT-HR075 | L114: SWEATER BATMAN LOGO HANDUK BAT-HR075:CHARCOAL:4:GRAPHIC:SWEATER | M114: 99900 | N114: =N113 -> BXGY | O114: =O113 -> B1G1 | P114: =P113 -> BXGY
A115: =A114 -> 2025 AUG B1G1 | B115: =B114 -> 46099 | C115: =C114 -> 46113 | D115: =D114 -> 3272 | E115: =E114 -> 336 | F115: 4 | G115: =G114 -> 3 | H115: 81379 | I115: =I114 -> CHARACTER | J115: 54555383 | K115: BAT-HR075 | L115: SWEATER BATMAN LOGO HANDUK BAT-HR075:CHARCOAL:5:GRAPHIC:SWEATER | M115: 99900 | N115: =N114 -> BXGY | O115: =O114 -> B1G1 | P115: =P114 -> BXGY
A116: =A115 -> 2025 AUG B1G1 | B116: =B115 -> 46099 | C116: =C115 -> 46113 | D116: =D115 -> 3272 | E116: =E115 -> 336 | F116: 4 | G116: =G115 -> 3 | H116: 81379 | I116: =I115 -> CHARACTER | J116: 54555392 | K116: BAT-HR075 | L116: SWEATER BATMAN LOGO HANDUK BAT-HR075:CHARCOAL:6:GRAPHIC:SWEATER | M116: 99900 | N116: =N115 -> BXGY | O116: =O115 -> B1G1 | P116: =P115 -> BXGY
A117: =A116 -> 2025 AUG B1G1 | B117: =B116 -> 46099 | C117: =C116 -> 46113 | D117: =D116 -> 3272 | E117: =E116 -> 336 | F117: 4 | G117: =G116 -> 3 | H117: 81379 | I117: =I116 -> CHARACTER | J117: 54555409 | K117: BAT-HR075 | L117: SWEATER BATMAN LOGO HANDUK BAT-HR075:CHARCOAL:7-8:GRAPHIC:SWEATER | M117: 99900 | N117: =N116 -> BXGY | O117: =O116 -> B1G1 | P117: =P116 -> BXGY
A118: =A117 -> 2025 AUG B1G1 | B118: =B117 -> 46099 | C118: =C117 -> 46113 | D118: =D117 -> 3272 | E118: =E117 -> 336 | F118: 4 | G118: =G117 -> 3 | H118: 81379 | I118: =I117 -> CHARACTER | J118: 54555418 | K118: BAT-HR075 | L118: SWEATER BATMAN LOGO HANDUK BAT-HR075:CHARCOAL:9-10:GRAPHIC:SWEATER | M118: 99900 | N118: =N117 -> BXGY | O118: =O117 -> B1G1 | P118: =P117 -> BXGY
A119: =A118 -> 2025 AUG B1G1 | B119: =B118 -> 46099 | C119: =C118 -> 46113 | D119: =D118 -> 3272 | E119: =E118 -> 336 | F119: 4 | G119: =G118 -> 3 | H119: 81379 | I119: =I118 -> CHARACTER | J119: 54555427 | K119: BAT-HR075 | L119: SWEATER BATMAN LOGO HANDUK BAT-HR075:CHARCOAL:11-12:GRAPHIC:SWEATER | M119: 99900 | N119: =N118 -> BXGY | O119: =O118 -> B1G1 | P119: =P118 -> BXGY
A120: =A119 -> 2025 AUG B1G1 | B120: =B119 -> 46099 | C120: =C119 -> 46113 | D120: =D119 -> 3272 | E120: =E119 -> 336 | F120: 4 | G120: =G119 -> 3 | H120: 81379 | I120: =I119 -> CHARACTER | J120: 54555436 | K120: BAT-HR075 | L120: SWEATER BATMAN LOGO HANDUK BAT-HR075:CHARCOAL:13-14:GRAPHIC:SWEATER | M120: 99900 | N120: =N119 -> BXGY | O120: =O119 -> B1G1 | P120: =P119 -> BXGY
A121: =A120 -> 2025 AUG B1G1 | B121: =B120 -> 46099 | C121: =C120 -> 46113 | D121: =D120 -> 3272 | E121: =E120 -> 336 | F121: 4 | G121: =G120 -> 3 | H121: 81676 | I121: =I120 -> CHARACTER | J121: 55028825 | K121: GMIN-3 | L121: JACKET HOODIE MINIONS DPN BLKG GMIN-3:KHAKI:4:GRAPHIC:JACKET | M121: 99900 | N121: =N120 -> BXGY | O121: =O120 -> B1G1 | P121: =P120 -> BXGY
A122: =A121 -> 2025 AUG B1G1 | B122: =B121 -> 46099 | C122: =C121 -> 46113 | D122: =D121 -> 3272 | E122: =E121 -> 336 | F122: 4 | G122: =G121 -> 3 | H122: 81676 | I122: =I121 -> CHARACTER | J122: 55028834 | K122: GMIN-3 | L122: JACKET HOODIE MINIONS DPN BLKG GMIN-3:KHAKI:5:GRAPHIC:JACKET | M122: 99900 | N122: =N121 -> BXGY | O122: =O121 -> B1G1 | P122: =P121 -> BXGY
A123: =A122 -> 2025 AUG B1G1 | B123: =B122 -> 46099 | C123: =C122 -> 46113 | D123: =D122 -> 3272 | E123: =E122 -> 336 | F123: 4 | G123: =G122 -> 3 | H123: 81676 | I123: =I122 -> CHARACTER | J123: 55028843 | K123: GMIN-3 | L123: JACKET HOODIE MINIONS DPN BLKG GMIN-3:KHAKI:6:GRAPHIC:JACKET | M123: 99900 | N123: =N122 -> BXGY | O123: =O122 -> B1G1 | P123: =P122 -> BXGY
A124: =A123 -> 2025 AUG B1G1 | B124: =B123 -> 46099 | C124: =C123 -> 46113 | D124: =D123 -> 3272 | E124: =E123 -> 336 | F124: 4 | G124: =G123 -> 3 | H124: 81676 | I124: =I123 -> CHARACTER | J124: 55028852 | K124: GMIN-3 | L124: JACKET HOODIE MINIONS DPN BLKG GMIN-3:KHAKI:7-8:GRAPHIC:JACKET | M124: 99900 | N124: =N123 -> BXGY | O124: =O123 -> B1G1 | P124: =P123 -> BXGY
A125: =A124 -> 2025 AUG B1G1 | B125: =B124 -> 46099 | C125: =C124 -> 46113 | D125: =D124 -> 3272 | E125: =E124 -> 336 | F125: 4 | G125: =G124 -> 3 | H125: 81676 | I125: =I124 -> CHARACTER | J125: 55028861 | K125: GMIN-3 | L125: JACKET HOODIE MINIONS DPN BLKG GMIN-3:KHAKI:9-10:GRAPHIC:JACKET | M125: 99900 | N125: =N124 -> BXGY | O125: =O124 -> B1G1 | P125: =P124 -> BXGY
A126: =A125 -> 2025 AUG B1G1 | B126: =B125 -> 46099 | C126: =C125 -> 46113 | D126: =D125 -> 3272 | E126: =E125 -> 336 | F126: 4 | G126: =G125 -> 3 | H126: 81676 | I126: =I125 -> CHARACTER | J126: 55028870 | K126: GMIN-3 | L126: JACKET HOODIE MINIONS DPN BLKG GMIN-3:KHAKI:11-12:GRAPHIC:JACKET | M126: 99900 | N126: =N125 -> BXGY | O126: =O125 -> B1G1 | P126: =P125 -> BXGY
A127: =A126 -> 2025 AUG B1G1 | B127: =B126 -> 46099 | C127: =C126 -> 46113 | D127: =D126 -> 3272 | E127: =E126 -> 336 | F127: 4 | G127: =G126 -> 3 | H127: 81676 | I127: =I126 -> CHARACTER | J127: 55028889 | K127: GMIN-3 | L127: JACKET HOODIE MINIONS DPN BLKG GMIN-3:KHAKI:13-14:GRAPHIC:JACKET | M127: 99900 | N127: =N126 -> BXGY | O127: =O126 -> B1G1 | P127: =P126 -> BXGY
A128: =A127 -> 2025 AUG B1G1 | B128: =B127 -> 46099 | C128: =C127 -> 46113 | D128: =D127 -> 3272 | E128: =E127 -> 336 | F128: 4 | G128: 4 | H128: 81379 | I128: =I127 -> CHARACTER | J128: 55386233 | K128: TJ-HR119 | L128: SHORT PANTS KNIT TOM AND JERRY LOGO TJ-HR119:PASTEL BLUE:4:GRAPHIC:SHORT PANTS | M128: 99900 | N128: =N127 -> BXGY | O128: =O127 -> B1G1 | P128: =P127 -> BXGY
A129: =A128 -> 2025 AUG B1G1 | B129: =B128 -> 46099 | C129: =C128 -> 46113 | D129: =D128 -> 3272 | E129: =E128 -> 336 | F129: 4 | G129: =G128 -> 4 | H129: 81379 | I129: =I128 -> CHARACTER | J129: 55386242 | K129: TJ-HR119 | L129: SHORT PANTS KNIT TOM AND JERRY LOGO TJ-HR119:PASTEL BLUE:5:GRAPHIC:SHORT PANTS | M129: 99900 | N129: =N128 -> BXGY | O129: =O128 -> B1G1 | P129: =P128 -> BXGY
A130: =A129 -> 2025 AUG B1G1 | B130: =B129 -> 46099 | C130: =C129 -> 46113 | D130: =D129 -> 3272 | E130: =E129 -> 336 | F130: 4 | G130: =G129 -> 4 | H130: 81379 | I130: =I129 -> CHARACTER | J130: 55386251 | K130: TJ-HR119 | L130: SHORT PANTS KNIT TOM AND JERRY LOGO TJ-HR119:PASTEL BLUE:6:GRAPHIC:SHORT PANTS | M130: 99900 | N130: =N129 -> BXGY | O130: =O129 -> B1G1 | P130: =P129 -> BXGY
A131: =A130 -> 2025 AUG B1G1 | B131: =B130 -> 46099 | C131: =C130 -> 46113 | D131: =D130 -> 3272 | E131: =E130 -> 336 | F131: 4 | G131: =G130 -> 4 | H131: 81379 | I131: =I130 -> CHARACTER | J131: 55386260 | K131: TJ-HR119 | L131: SHORT PANTS KNIT TOM AND JERRY LOGO TJ-HR119:PASTEL BLUE:7-8:GRAPHIC:SHORT PANTS | M131: 99900 | N131: =N130 -> BXGY | O131: =O130 -> B1G1 | P131: =P130 -> BXGY
A132: =A131 -> 2025 AUG B1G1 | B132: =B131 -> 46099 | C132: =C131 -> 46113 | D132: =D131 -> 3272 | E132: =E131 -> 336 | F132: 4 | G132: =G131 -> 4 | H132: 81379 | I132: =I131 -> CHARACTER | J132: 55386279 | K132: TJ-HR119 | L132: SHORT PANTS KNIT TOM AND JERRY LOGO TJ-HR119:PASTEL BLUE:9-10:GRAPHIC:SHORT PANTS | M132: 99900 | N132: =N131 -> BXGY | O132: =O131 -> B1G1 | P132: =P131 -> BXGY
A133: =A132 -> 2025 AUG B1G1 | B133: =B132 -> 46099 | C133: =C132 -> 46113 | D133: =D132 -> 3272 | E133: =E132 -> 336 | F133: 4 | G133: =G132 -> 4 | H133: 81379 | I133: =I132 -> CHARACTER | J133: 55386288 | K133: TJ-HR119 | L133: SHORT PANTS KNIT TOM AND JERRY LOGO TJ-HR119:PASTEL BLUE:11-12:GRAPHIC:SHORT PANTS | M133: 99900 | N133: =N132 -> BXGY | O133: =O132 -> B1G1 | P133: =P132 -> BXGY
A134: =A133 -> 2025 AUG B1G1 | B134: =B133 -> 46099 | C134: =C133 -> 46113 | D134: =D133 -> 3272 | E134: =E133 -> 336 | F134: 4 | G134: =G133 -> 4 | H134: 81379 | I134: =I133 -> CHARACTER | J134: 55386297 | K134: TJ-HR119 | L134: SHORT PANTS KNIT TOM AND JERRY LOGO TJ-HR119:PASTEL BLUE:13-14:GRAPHIC:SHORT PANTS | M134: 99900 | N134: =N133 -> BXGY | O134: =O133 -> B1G1 | P134: =P133 -> BXGY

Sheet 2025 SEPT B1 D30
A1: ACARA | B1: FROM DATE | C1: TO DATE | D1: DEPT | E1: WORLD | F1: DIVISION | G1: CLASS | H1: SUPPLIER | I1: BRAND | J1: SKU | K1: ARTICLE | L1: DESCRIPTION | M1: HARGA NORMAL | N1: DISKON | O1: HARGA PROMO | P1: DISCOUNT TYPE
A2: 2025 SEPT B1 D30 | B2: ='2019 ALL D95'!B2 -> 46099 | C2: ='2019 ALL D95'!C2 -> 46113 | D2: 3272 | E2: 336 | F2: 4 | G2: 1 | H2: 81379 | I2: CHARACTER | J2: 55568395 | K2: PAW-N001 | L2: SS T-SHIRT PAW PATROL TEAMS LOGO PAW-N001:NAVY BLUE:4:GRAPHIC:SS T-SHIRT | M2: 99900 | N2: 0.3 | O2: =M2-((30*M2))/100 -> 69930 | P2: PERCENTAGE
A3: =A2 -> 2025 SEPT B1 D30 | B3: =B2 -> 46099 | C3: ='2019 ALL D95'!C3 -> 46113 | D3: =D2 -> 3272 | E3: =E2 -> 336 | F3: 4 | G3: 1 | H3: 81379 | I3: =I2 -> CHARACTER | J3: 55568402 | K3: PAW-N001 | L3: SS T-SHIRT PAW PATROL TEAMS LOGO PAW-N001:NAVY BLUE:5:GRAPHIC:SS T-SHIRT | M3: 99900 | N3: =N2 -> 0.3 | O3: =O2 -> 69930 | P3: =P2 -> PERCENTAGE
A4: =A3 -> 2025 SEPT B1 D30 | B4: =B3 -> 46099 | C4: ='2019 ALL D95'!C4 -> 46113 | D4: =D3 -> 3272 | E4: =E3 -> 336 | F4: 4 | G4: 1 | H4: 81379 | I4: =I3 -> CHARACTER | J4: 55568411 | K4: PAW-N001 | L4: SS T-SHIRT PAW PATROL TEAMS LOGO PAW-N001:NAVY BLUE:6:GRAPHIC:SS T-SHIRT | M4: 99900 | N4: =N3 -> 0.3 | O4: =O3 -> 69930 | P4: =P3 -> PERCENTAGE
A5: =A4 -> 2025 SEPT B1 D30 | B5: =B4 -> 46099 | C5: ='2019 ALL D95'!C5 -> 46113 | D5: =D4 -> 3272 | E5: =E4 -> 336 | F5: 4 | G5: 1 | H5: 81379 | I5: =I4 -> CHARACTER | J5: 55568420 | K5: PAW-N001 | L5: SS T-SHIRT PAW PATROL TEAMS LOGO PAW-N001:NAVY BLUE:7-8:GRAPHIC:SS T-SHIRT | M5: 99900 | N5: =N4 -> 0.3 | O5: =O4 -> 69930 | P5: =P4 -> PERCENTAGE
A6: =A5 -> 2025 SEPT B1 D30 | B6: =B5 -> 46099 | C6: ='2019 ALL D95'!C6 -> 46113 | D6: =D5 -> 3272 | E6: =E5 -> 336 | F6: 4 | G6: 1 | H6: 81379 | I6: =I5 -> CHARACTER | J6: 55568439 | K6: PAW-N003 | L6: SS T-SHIRT PAW SOME PAW-N003:LIGHT BLUE:4:GRAPHIC:SS T-SHIRT | M6: 99900 | N6: =N5 -> 0.3 | O6: =O5 -> 69930 | P6: =P5 -> PERCENTAGE
A7: =A6 -> 2025 SEPT B1 D30 | B7: =B6 -> 46099 | C7: ='2019 ALL D95'!C7 -> 46113 | D7: =D6 -> 3272 | E7: =E6 -> 336 | F7: 4 | G7: 1 | H7: 81379 | I7: =I6 -> CHARACTER | J7: 55568448 | K7: PAW-N003 | L7: SS T-SHIRT PAW SOME PAW-N003:LIGHT BLUE:5:GRAPHIC:SS T-SHIRT | M7: 99900 | N7: =N6 -> 0.3 | O7: =O6 -> 69930 | P7: =P6 -> PERCENTAGE
A8: =A7 -> 2025 SEPT B1 D30 | B8: =B7 -> 46099 | C8: ='2019 ALL D95'!C8 -> 46113 | D8: =D7 -> 3272 | E8: =E7 -> 336 | F8: 4 | G8: 1 | H8: 81379 | I8: =I7 -> CHARACTER | J8: 55568457 | K8: PAW-N003 | L8: SS T-SHIRT PAW SOME PAW-N003:LIGHT BLUE:6:GRAPHIC:SS T-SHIRT | M8: 99900 | N8: =N7 -> 0.3 | O8: =O7 -> 69930 | P8: =P7 -> PERCENTAGE
A9: =A8 -> 2025 SEPT B1 D30 | B9: =B8 -> 46099 | C9: ='2019 ALL D95'!C9 -> 46113 | D9: =D8 -> 3272 | E9: =E8 -> 336 | F9: 4 | G9: 1 | H9: 81379 | I9: =I8 -> CHARACTER | J9: 55568466 | K9: PAW-N003 | L9: SS T-SHIRT PAW SOME PAW-N003:LIGHT BLUE:7-8:GRAPHIC:SS T-SHIRT | M9: 99900 | N9: =N8 -> 0.3 | O9: =O8 -> 69930 | P9: =P8 -> PERCENTAGE
A10: =A9 -> 2025 SEPT B1 D30 | B10: =B9 -> 46099 | C10: ='2019 ALL D95'!C10 -> 46113 | D10: =D9 -> 3272 | E10: =E9 -> 336 | F10: 4 | G10: 1 | H10: 81379 | I10: =I9 -> CHARACTER | J10: 55568475 | K10: PAW-N002 | L10: SS T-SHIRT PAW TEAMS PAW-N002:WHITE:4:GRAPHIC:SS T-SHIRT | M10: 99900 | N10: =N9 -> 0.3 | O10: =O9 -> 69930 | P10: =P9 -> PERCENTAGE
A11: =A10 -> 2025 SEPT B1 D30 | B11: =B10 -> 46099 | C11: ='2019 ALL D95'!C11 -> 46113 | D11: =D10 -> 3272 | E11: =E10 -> 336 | F11: 4 | G11: 1 | H11: 81379 | I11: =I10 -> CHARACTER | J11: 55568484 | K11: PAW-N002 | L11: SS T-SHIRT PAW TEAMS PAW-N002:WHITE:5:GRAPHIC:SS T-SHIRT | M11: 99900 | N11: =N10 -> 0.3 | O11: =O10 -> 69930 | P11: =P10 -> PERCENTAGE
A12: =A11 -> 2025 SEPT B1 D30 | B12: =B11 -> 46099 | C12: ='2019 ALL D95'!C12 -> 46113 | D12: =D11 -> 3272 | E12: =E11 -> 336 | F12: 4 | G12: 1 | H12: 81379 | I12: =I11 -> CHARACTER | J12: 55568493 | K12: PAW-N002 | L12: SS T-SHIRT PAW TEAMS PAW-N002:WHITE:6:GRAPHIC:SS T-SHIRT | M12: 99900 | N12: =N11 -> 0.3 | O12: =O11 -> 69930 | P12: =P11 -> PERCENTAGE
A13: =A12 -> 2025 SEPT B1 D30 | B13: =B12 -> 46099 | C13: ='2019 ALL D95'!C13 -> 46113 | D13: =D12 -> 3272 | E13: =E12 -> 336 | F13: 4 | G13: 1 | H13: 81379 | I13: =I12 -> CHARACTER | J13: 55568500 | K13: PAW-N002 | L13: SS T-SHIRT PAW TEAMS PAW-N002:WHITE:7-8:GRAPHIC:SS T-SHIRT | M13: 99900 | N13: =N12 -> 0.3 | O13: =O12 -> 69930 | P13: =P12 -> PERCENTAGE
A14: =A13 -> 2025 SEPT B1 D30 | B14: =B13 -> 46099 | C14: ='2019 ALL D95'!C14 -> 46113 | D14: =D13 -> 3272 | E14: =E13 -> 336 | F14: 4 | G14: 1 | H14: 81676 | I14: =I13 -> CHARACTER | J14: 55568251 | K14: GSUP-3 | L14: SS T-SHIRT SUPERMAN LOGO TULISAN DPN GSUP-3:WHITE:4:GRAPHIC:SS T-SHIRT | M14: 99900 | N14: =N13 -> 0.3 | O14: =O13 -> 69930 | P14: =P13 -> PERCENTAGE
A15: =A14 -> 2025 SEPT B1 D30 | B15: =B14 -> 46099 | C15: =C2 -> 46113 | D15: =D14 -> 3272 | E15: =E14 -> 336 | F15: 4 | G15: 1 | H15: 81676 | I15: =I14 -> CHARACTER | J15: 55568260 | K15: GSUP-3 | L15: SS T-SHIRT SUPERMAN LOGO TULISAN DPN GSUP-3:WHITE:5:GRAPHIC:SS T-SHIRT | M15: 99900 | N15: =N14 -> 0.3 | O15: =O14 -> 69930 | P15: =P14 -> PERCENTAGE
A16: =A15 -> 2025 SEPT B1 D30 | B16: =B15 -> 46099 | C16: =C2 -> 46113 | D16: =D15 -> 3272 | E16: =E15 -> 336 | F16: 4 | G16: 1 | H16: 81676 | I16: =I15 -> CHARACTER | J16: 55568279 | K16: GSUP-3 | L16: SS T-SHIRT SUPERMAN LOGO TULISAN DPN GSUP-3:WHITE:6:GRAPHIC:SS T-SHIRT | M16: 99900 | N16: =N15 -> 0.3 | O16: =O15 -> 69930 | P16: =P15 -> PERCENTAGE
A17: =A16 -> 2025 SEPT B1 D30 | B17: =B16 -> 46099 | C17: =C2 -> 46113 | D17: =D16 -> 3272 | E17: =E16 -> 336 | F17: 4 | G17: 1 | H17: 81676 | I17: =I16 -> CHARACTER | J17: 55568288 | K17: GSUP-3 | L17: SS T-SHIRT SUPERMAN LOGO TULISAN DPN GSUP-3:WHITE:7-8:GRAPHIC:SS T-SHIRT | M17: 99900 | N17: =N16 -> 0.3 | O17: =O16 -> 69930 | P17: =P16 -> PERCENTAGE
A18: =A17 -> 2025 SEPT B1 D30 | B18: =B17 -> 46099 | C18: ='2019 ALL D95'!C2 -> 46113 | D18: =D17 -> 3272 | E18: =E17 -> 336 | F18: 4 | G18: 1 | H18: 81676 | I18: =I17 -> CHARACTER | J18: 55568297 | K18: GSUP-3 | L18: SS T-SHIRT SUPERMAN LOGO TULISAN DPN GSUP-3:WHITE:9-10:GRAPHIC:SS T-SHIRT | M18: 99900 | N18: =N17 -> 0.3 | O18: =O17 -> 69930 | P18: =P17 -> PERCENTAGE
A19: =A18 -> 2025 SEPT B1 D30 | B19: =B18 -> 46099 | C19: ='2019 ALL D95'!C2 -> 46113 | D19: =D18 -> 3272 | E19: =E18 -> 336 | F19: 4 | G19: 1 | H19: 81676 | I19: =I18 -> CHARACTER | J19: 55568304 | K19: GSUP-3 | L19: SS T-SHIRT SUPERMAN LOGO TULISAN DPN GSUP-3:WHITE:11-12:GRAPHIC:SS T-SHIRT | M19: 99900 | N19: =N18 -> 0.3 | O19: =O18 -> 69930 | P19: =P18 -> PERCENTAGE
A20: =A19 -> 2025 SEPT B1 D30 | B20: =B19 -> 46099 | C20: =C2 -> 46113 | D20: =D19 -> 3272 | E20: =E19 -> 336 | F20: 4 | G20: 1 | H20: 81676 | I20: =I19 -> CHARACTER | J20: 55568313 | K20: GSUP-3 | L20: SS T-SHIRT SUPERMAN LOGO TULISAN DPN GSUP-3:WHITE:13-14:GRAPHIC:SS T-SHIRT | M20: 99900 | N20: =N19 -> 0.3 | O20: =O19 -> 69930 | P20: =P19 -> PERCENTAGE
A21: 2025 SEPT B1 D30 | B21: ='2019 ALL D95'!B2 -> 46099 | C21: =C3 -> 46113 | D21: =D20 -> 3272 | E21: =E20 -> 336 | F21: 4 | G21: =G2 -> 1 | H21: 81379 | I21: CHARACTER | J21: 54555445 | K21: BAT-HR076 | L21: JOGGER BATMAN LOGO CUT SEW BAT-HR076:CHARCOAL:4:GRAPHIC:JOGGER | M21: 149900 | N21: =N20 -> 0.3 | O21: =O20 -> 69930 | P21: =P20 -> PERCENTAGE
A22: =A21 -> 2025 SEPT B1 D30 | B22: =B21 -> 46099 | C22: =C4 -> 46113 | D22: =D21 -> 3272 | E22: =E21 -> 336 | F22: 4 | G22: =G21 -> 1 | H22: 81379 | I22: =I21 -> CHARACTER | J22: 54555454 | K22: BAT-HR076 | L22: JOGGER BATMAN LOGO CUT SEW BAT-HR076:CHARCOAL:5:GRAPHIC:JOGGER | M22: 149900 | N22: =N21 -> 0.3 | O22: =O21 -> 69930 | P22: =P21 -> PERCENTAGE
A23: =A22 -> 2025 SEPT B1 D30 | B23: =B22 -> 46099 | C23: =C5 -> 46113 | D23: =D22 -> 3272 | E23: =E22 -> 336 | F23: 4 | G23: =G22 -> 1 | H23: 81379 | I23: =I22 -> CHARACTER | J23: 54555463 | K23: BAT-HR076 | L23: JOGGER BATMAN LOGO CUT SEW BAT-HR076:CHARCOAL:6:GRAPHIC:JOGGER | M23: 149900 | N23: =N22 -> 0.3 | O23: =O22 -> 69930 | P23: =P22 -> PERCENTAGE
A24: =A23 -> 2025 SEPT B1 D30 | B24: =B23 -> 46099 | C24: =C6 -> 46113 | D24: =D23 -> 3272 | E24: =E23 -> 336 | F24: 4 | G24: =G23 -> 1 | H24: 81379 | I24: =I23 -> CHARACTER | J24: 54555472 | K24: BAT-HR076 | L24: JOGGER BATMAN LOGO CUT SEW BAT-HR076:CHARCOAL:7-8:GRAPHIC:JOGGER | M24: 149900 | N24: =N23 -> 0.3 | O24: =O23 -> 69930 | P24: =P23 -> PERCENTAGE
A25: =A24 -> 2025 SEPT B1 D30 | B25: =B24 -> 46099 | C25: =C7 -> 46113 | D25: =D24 -> 3272 | E25: =E24 -> 336 | F25: 4 | G25: =G24 -> 1 | H25: 81379 | I25: =I24 -> CHARACTER | J25: 54555481 | K25: BAT-HR076 | L25: JOGGER BATMAN LOGO CUT SEW BAT-HR076:CHARCOAL:9-10:GRAPHIC:JOGGER | M25: 149900 | N25: =N24 -> 0.3 | O25: =O24 -> 69930 | P25: =P24 -> PERCENTAGE
A26: =A25 -> 2025 SEPT B1 D30 | B26: =B25 -> 46099 | C26: =C8 -> 46113 | D26: =D25 -> 3272 | E26: =E25 -> 336 | F26: 4 | G26: =G25 -> 1 | H26: 81379 | I26: =I25 -> CHARACTER | J26: 54555490 | K26: BAT-HR076 | L26: JOGGER BATMAN LOGO CUT SEW BAT-HR076:CHARCOAL:11-12:GRAPHIC:JOGGER | M26: 149900 | N26: =N25 -> 0.3 | O26: =O25 -> 69930 | P26: =P25 -> PERCENTAGE
A27: =A26 -> 2025 SEPT B1 D30 | B27: =B26 -> 46099 | C27: =C9 -> 46113 | D27: =D26 -> 3272 | E27: =E26 -> 336 | F27: 4 | G27: =G26 -> 1 | H27: 81379 | I27: =I26 -> CHARACTER | J27: 54555507 | K27: BAT-HR076 | L27: JOGGER BATMAN LOGO CUT SEW BAT-HR076:CHARCOAL:13-14:GRAPHIC:JOGGER | M27: 149900 | N27: =N26 -> 0.3 | O27: =O26 -> 69930 | P27: =P26 -> PERCENTAGE
A28: =A27 -> 2025 SEPT B1 D30 | B28: =B27 -> 46099 | C28: =C10 -> 46113 | D28: =D27 -> 3272 | E28: =E27 -> 336 | F28: 4 | G28: =G27 -> 1 | H28: 81379 | I28: =I27 -> CHARACTER | J28: 55568555 | K28: PAW-N005 | L28: JOGGER KNIT PAW LOGO P PAW-N005:NAVY BLUE:4:GRAPHIC:JOGGER | M28: 149900 | N28: =N27 -> 0.3 | O28: =O27 -> 69930 | P28: =P27 -> PERCENTAGE
A29: =A28 -> 2025 SEPT B1 D30 | B29: =B28 -> 46099 | C29: =C11 -> 46113 | D29: =D28 -> 3272 | E29: =E28 -> 336 | F29: 4 | G29: =G28 -> 1 | H29: 81379 | I29: =I28 -> CHARACTER | J29: 55568564 | K29: PAW-N005 | L29: JOGGER KNIT PAW LOGO P PAW-N005:NAVY BLUE:5:GRAPHIC:JOGGER | M29: 149900 | N29: =N28 -> 0.3 | O29: =O28 -> 69930 | P29: =P28 -> PERCENTAGE
A30: =A29 -> 2025 SEPT B1 D30 | B30: =B29 -> 46099 | C30: =C12 -> 46113 | D30: =D29 -> 3272 | E30: =E29 -> 336 | F30: 4 | G30: =G29 -> 1 | H30: 81379 | I30: =I29 -> CHARACTER | J30: 55568573 | K30: PAW-N005 | L30: JOGGER KNIT PAW LOGO P PAW-N005:NAVY BLUE:6:GRAPHIC:JOGGER | M30: 149900 | N30: =N29 -> 0.3 | O30: =O29 -> 69930 | P30: =P29 -> PERCENTAGE
A31: =A30 -> 2025 SEPT B1 D30 | B31: =B30 -> 46099 | C31: =C13 -> 46113 | D31: =D30 -> 3272 | E31: =E30 -> 336 | F31: 4 | G31: =G30 -> 1 | H31: 81379 | I31: =I30 -> CHARACTER | J31: 55568582 | K31: PAW-N005 | L31: JOGGER KNIT PAW LOGO P PAW-N005:NAVY BLUE:7-8:GRAPHIC:JOGGER | M31: 149900 | N31: =N30 -> 0.3 | O31: =O30 -> 69930 | P31: =P30 -> PERCENTAGE
A32: 2025 SEPT B1 D30 | B32: ='2019 ALL D95'!B2 -> 46099 | C32: =C14 -> 46113 | D32: =D31 -> 3272 | E32: =E31 -> 336 | F32: 4 | G32: 3 | H32: 81379 | I32: CHARACTER | J32: 55568519 | K32: PAW-N004 | L32: SWEATER NON HOODY PAW TEAMS PAW-N004:FROST GREY:4:GRAPHIC:SWEATER | M32: 179900 | N32: =N31 -> 0.3 | O32: =O31 -> 69930 | P32: =P31 -> PERCENTAGE
A33: =A32 -> 2025 SEPT B1 D30 | B33: =B32 -> 46099 | C33: =C15 -> 46113 | D33: =D32 -> 3272 | E33: =E32 -> 336 | F33: 4 | G33: 3 | H33: 81379 | I33: =I32 -> CHARACTER | J33: 55568528 | K33: PAW-N004 | L33: SWEATER NON HOODY PAW TEAMS PAW-N004:FROST GREY:5:GRAPHIC:SWEATER | M33: 179900 | N33: =N32 -> 0.3 | O33: =O32 -> 69930 | P33: =P32 -> PERCENTAGE
A34: =A33 -> 2025 SEPT B1 D30 | B34: =B33 -> 46099 | C34: =C2 -> 46113 | D34: =D33 -> 3272 | E34: =E33 -> 336 | F34: 4 | G34: 3 | H34: 81379 | I34: =I33 -> CHARACTER | J34: 55568537 | K34: PAW-N004 | L34: SWEATER NON HOODY PAW TEAMS PAW-N004:FROST GREY:6:GRAPHIC:SWEATER | M34: 179900 | N34: =N33 -> 0.3 | O34: =O33 -> 69930 | P34: =P33 -> PERCENTAGE
A35: =A34 -> 2025 SEPT B1 D30 | B35: =B34 -> 46099 | C35: =C17 -> 46113 | D35: =D34 -> 3272 | E35: =E34 -> 336 | F35: 4 | G35: 3 | H35: 81379 | I35: =I34 -> CHARACTER | J35: 55568546 | K35: PAW-N004 | L35: SWEATER NON HOODY PAW TEAMS PAW-N004:FROST GREY:7-8:GRAPHIC:SWEATER | M35: 179900 | N35: =N34 -> 0.3 | O35: =M35*N35 -> 53970 | P35: =P34 -> PERCENTAGE

Sheet 2025 Q4 B3D10
A1: ACARA | B1: FROM DATE | C1: TO DATE | D1: DEPT | E1: WORLD | F1: DIVISION | G1: CLASS | H1: SUPPLIER | I1: BRAND | J1: SKU | K1: ARTICLE | L1: DESCRIPTION | M1: HARGA NORMAL | N1: DISKON | O1: HARGA PROMO | P1: DISCOUNT TYPE
A2: 2025 OCT - DEC B3D10 | B2: ='2019 ALL D95'!B2 -> 46099 | C2: ='2019 ALL D95'!C2 -> 46113 | D2: 3272 | E2: 336 | F2: 4 | G2: 3 | H2: 81379 | I2: CHARACTER | J2: 61100001 | K2: HR-110 | L2: SWEATER HOODY SUPERMAN AUTH C HR-110:NAVY BLUE:7-8:GRAPHIC:SWEATER | M2: 199900 | N2: BXGY | O2: B3 DISC 10% | P2: BXGY
A3: =A2 -> 2025 OCT - DEC B3D10 | B3: =B2 -> 46099 | C3: =C2 -> 46113 | D3: =D2 -> 3272 | E3: =E2 -> 336 | F3: =F2 -> 4 | G3: 3 | H3: 81379 | I3: CHARACTER | J3: 61100010 | K3: HR-110 | L3: SWEATER HOODY SUPERMAN AUTH C HR-110:NAVY BLUE:9-10:GRAPHIC:SWEATER | M3: 199900 | N3: =N2 -> BXGY | O3: =O2 -> B3 DISC 10% | P3: =P2 -> BXGY
A4: =A3 -> 2025 OCT - DEC B3D10 | B4: =B3 -> 46099 | C4: =C3 -> 46113 | D4: =D3 -> 3272 | E4: =E3 -> 336 | F4: =F3 -> 4 | G4: 3 | H4: 81379 | I4: CHARACTER | J4: 61100029 | K4: HR-110 | L4: SWEATER HOODY SUPERMAN AUTH C HR-110:NAVY BLUE:11-12:GRAPHIC:SWEATER | M4: 199900 | N4: =N3 -> BXGY | O4: =O3 -> B3 DISC 10% | P4: =P3 -> BXGY
A5: =A4 -> 2025 OCT - DEC B3D10 | B5: =B4 -> 46099 | C5: =C4 -> 46113 | D5: =D4 -> 3272 | E5: =E4 -> 336 | F5: =F4 -> 4 | G5: 3 | H5: 81379 | I5: CHARACTER | J5: 61100038 | K5: HR-110 | L5: SWEATER HOODY SUPERMAN AUTH C HR-110:NAVY BLUE:13-14:GRAPHIC:SWEATER | M5: 199900 | N5: =N4 -> BXGY | O5: =O4 -> B3 DISC 10% | P5: =P4 -> BXGY
A6: =A5 -> 2025 OCT - DEC B3D10 | B6: =B5 -> 46099 | C6: =C5 -> 46113 | D6: =D5 -> 3272 | E6: =E5 -> 336 | F6: =F5 -> 4 | G6: 3 | H6: 81379 | I6: CHARACTER | J6: 61967568 | K6: HR093 | L6: SWEATSHIRT BATMAN LOGO DPN HR093:WHITE:4:EMBRO:SWEATSHIRT | M6: 179900 | N6: =N5 -> BXGY | O6: =O5 -> B3 DISC 10% | P6: =P5 -> BXGY
A7: =A6 -> 2025 OCT - DEC B3D10 | B7: =B6 -> 46099 | C7: =C6 -> 46113 | D7: =D6 -> 3272 | E7: =E6 -> 336 | F7: =F6 -> 4 | G7: 3 | H7: 81379 | I7: CHARACTER | J7: 61967577 | K7: HR093 | L7: SWEATSHIRT BATMAN LOGO DPN HR093:WHITE:5:EMBRO:SWEATSHIRT | M7: 179900 | N7: =N6 -> BXGY | O7: =O6 -> B3 DISC 10% | P7: =P6 -> BXGY
A8: =A7 -> 2025 OCT - DEC B3D10 | B8: =B7 -> 46099 | C8: =C7 -> 46113 | D8: =D7 -> 3272 | E8: =E7 -> 336 | F8: =F7 -> 4 | G8: 3 | H8: 81379 | I8: CHARACTER | J8: 61967586 | K8: HR093 | L8: SWEATSHIRT BATMAN LOGO DPN HR093:WHITE:6:EMBRO:SWEATSHIRT | M8: 179900 | N8: =N7 -> BXGY | O8: =O7 -> B3 DISC 10% | P8: =P7 -> BXGY
A9: =A8 -> 2025 OCT - DEC B3D10 | B9: =B8 -> 46099 | C9: =C8 -> 46113 | D9: =D8 -> 3272 | E9: =E8 -> 336 | F9: =F8 -> 4 | G9: 3 | H9: 81379 | I9: CHARACTER | J9: 61967595 | K9: HR093 | L9: SWEATSHIRT BATMAN LOGO DPN HR093:WHITE:7-8:EMBRO:SWEATSHIRT | M9: 179900 | N9: =N8 -> BXGY | O9: =O8 -> B3 DISC 10% | P9: =P8 -> BXGY
A10: =A9 -> 2025 OCT - DEC B3D10 | B10: =B9 -> 46099 | C10: =C9 -> 46113 | D10: =D9 -> 3272 | E10: =E9 -> 336 | F10: =F9 -> 4 | G10: 3 | H10: 81379 | I10: CHARACTER | J10: 61967602 | K10: HR093 | L10: SWEATSHIRT BATMAN LOGO DPN HR093:WHITE:9-10:EMBRO:SWEATSHIRT | M10: 179900 | N10: =N9 -> BXGY | O10: =O9 -> B3 DISC 10% | P10: =P9 -> BXGY
A11: =A10 -> 2025 OCT - DEC B3D10 | B11: =B10 -> 46099 | C11: =C10 -> 46113 | D11: =D10 -> 3272 | E11: =E10 -> 336 | F11: =F10 -> 4 | G11: 3 | H11: 81379 | I11: CHARACTER | J11: 61967611 | K11: HR093 | L11: SWEATSHIRT BATMAN LOGO DPN HR093:WHITE:11-12:EMBRO:SWEATSHIRT | M11: 179900 | N11: =N10 -> BXGY | O11: =O10 -> B3 DISC 10% | P11: =P10 -> BXGY
A12: =A11 -> 2025 OCT - DEC B3D10 | B12: =B11 -> 46099 | C12: =C11 -> 46113 | D12: =D11 -> 3272 | E12: =E11 -> 336 | F12: =F11 -> 4 | G12: 3 | H12: 81379 | I12: CHARACTER | J12: 61967620 | K12: HR093 | L12: SWEATSHIRT BATMAN LOGO DPN HR093:WHITE:13-14:EMBRO:SWEATSHIRT | M12: 179900 | N12: =N11 -> BXGY | O12: =O11 -> B3 DISC 10% | P12: =P11 -> BXGY
A13: =A12 -> 2025 OCT - DEC B3D10 | B13: =B12 -> 46099 | C13: =C12 -> 46113 | D13: =D12 -> 3272 | E13: =E12 -> 336 | F13: =F12 -> 4 | G13: 3 | H13: 81379 | I13: CHARACTER | J13: 61967639 | K13: HN007 | L13: JACKET KNIT BATMAN LOGO DPN HN007:BLACK:4:EMBRO:JACKET | M13: 199900 | N13: =N12 -> BXGY | O13: =O12 -> B3 DISC 10% | P13: =P12 -> BXGY
A14: =A13 -> 2025 OCT - DEC B3D10 | B14: =B13 -> 46099 | C14: =C13 -> 46113 | D14: =D13 -> 3272 | E14: =E13 -> 336 | F14: =F13 -> 4 | G14: 3 | H14: 81379 | I14: CHARACTER | J14: 61967648 | K14: HN007 | L14: JACKET KNIT BATMAN LOGO DPN HN007:BLACK:5:EMBRO:JACKET | M14: 199900 | N14: =N13 -> BXGY | O14: =O13 -> B3 DISC 10% | P14: =P13 -> BXGY
... A67: =A66 -> 2025 OCT - DEC B3D10 | B67: =B66 -> 46099 | C67: =C66 -> 46113 | D67: =D66 -> 3272 | E67: =E66 -> 336 | F67: =F66 -> 4 | G67: 4 | H67: 81379 | I67: CHARACTER | J67: 68614104 | K67: W088 | L67: SHORT PANTS KNIT SUPERMAN LOGO W088:BLACK:15-16:GRAPHIC:SS T-SHIRT | M67: 99900 | N67: =N66 -> BXGY | O67: =O66 -> B3 DISC 10% | P67: =P66 -> BXGY
A68: =A67 -> 2025 OCT - DEC B3D10 | B68: =B67 -> 46099 | C68: =C67 -> 46113 | D68: =D67 -> 3272 | E68: 336 | F68: =F67 -> 4 | G68: 3 | H68: 81574 | I68: CHARACTER | J68: 68612919 | K68: KBBTB-5 | L68: DENIM JACKET BATMAN KBBTB-5:MEDIUM DENIM:4:EMBRO:DENIM JACKET | M68: 229900 | N68: =N67 -> BXGY | O68: =O67 -> B3 DISC 10% | P68: =P67 -> BXGY
A69: =A68 -> 2025 OCT - DEC B3D10 | B69: =B68 -> 46099 | C69: =C68 -> 46113 | D69: =D68 -> 3272 | E69: =E67 -> 336 | F69: =F68 -> 4 | G69: 3 | H69: 81574 | I69: CHARACTER | J69: 68612928 | K69: KBBTB-5 | L69: DENIM JACKET BATMAN KBBTB-5:MEDIUM DENIM:5:EMBRO:DENIM JACKET | M69: 229900 | N69: =N68 -> BXGY | O69: =O68 -> B3 DISC 10% | P69: =P68 -> BXGY
A70: =A69 -> 2025 OCT - DEC B3D10 | B70: =B69 -> 46099 | C70: =C69 -> 46113 | D70: =D69 -> 3272 | E70: =E69 -> 336 | F70: =F69 -> 4 | G70: 3 | H70: 81574 | I70: CHARACTER | J70: 68612937 | K70: KBBTB-5 | L70: DENIM JACKET BATMAN KBBTB-5:MEDIUM DENIM:6:EMBRO:DENIM JACKET | M70: 229900 | N70: =N69 -> BXGY | O70: =O69 -> B3 DISC 10% | P70: =P69 -> BXGY
A71: =A70 -> 2025 OCT - DEC B3D10 | B71: =B70 -> 46099 | C71: =C70 -> 46113 | D71: =D70 -> 3272 | E71: =E70 -> 336 | F71: =F70 -> 4 | G71: 3 | H71: 81574 | I71: CHARACTER | J71: 68612946 | K71: KBBTB-5 | L71: DENIM JACKET BATMAN KBBTB-5:MEDIUM DENIM:7-8:EMBRO:DENIM JACKET | M71: 229900 | N71: =N70 -> BXGY | O71: =O70 -> B3 DISC 10% | P71: =P70 -> BXGY
A72: =A71 -> 2025 OCT - DEC B3D10 | B72: =B71 -> 46099 | C72: =C71 -> 46113 | D72: =D71 -> 3272 | E72: =E71 -> 336 | F72: =F71 -> 4 | G72: 3 | H72: 81574 | I72: CHARACTER | J72: 68612955 | K72: KBBTB-5 | L72: DENIM JACKET BATMAN KBBTB-5:MEDIUM DENIM:9-10:EMBRO:DENIM JACKET | M72: 229900 | N72: =N71 -> BXGY | O72: =O71 -> B3 DISC 10% | P72: =P71 -> BXGY
A73: =A72 -> 2025 OCT - DEC B3D10 | B73: =B72 -> 46099 | C73: =C72 -> 46113 | D73: =D72 -> 3272 | E73: =E72 -> 336 | F73: =F72 -> 4 | G73: 3 | H73: 81574 | I73: CHARACTER | J73: 68612964 | K73: KBBTB-5 | L73: DENIM JACKET BATMAN KBBTB-5:MEDIUM DENIM:11-12:EMBRO:DENIM JACKET | M73: 229900 | N73: =N72 -> BXGY | O73: =O72 -> B3 DISC 10% | P73: =P72 -> BXGY
A74: =A73 -> 2025 OCT - DEC B3D10 | B74: =B73 -> 46099 | C74: =C73 -> 46113 | D74: =D73 -> 3272 | E74: =E73 -> 336 | F74: =F73 -> 4 | G74: 3 | H74: 81574 | I74: CHARACTER | J74: 68612973 | K74: KBBTB-5 | L74: DENIM JACKET BATMAN KBBTB-5:MEDIUM DENIM:13-14:EMBRO:DENIM JACKET | M74: 229900 | N74: =N73 -> BXGY | O74: =O73 -> B3 DISC 10% | P74: =P73 -> BXGY
A75: =A74 -> 2025 OCT - DEC B3D10 | B75: =B74 -> 46099 | C75: =C74 -> 46113 | D75: =D74 -> 3272 | E75: =E74 -> 336 | F75: =F74 -> 4 | G75: 3 | H75: 81574 | I75: CHARACTER | J75: 68612982 | K75: KBBTB-5 | L75: DENIM JACKET BATMAN KBBTB-5:MEDIUM DENIM:15-16:EMBRO:DENIM JACKET | M75: 229900 | N75: =N74 -> BXGY | O75: =O74 -> B3 DISC 10% | P75: =P74 -> BXGY
A76: =A75 -> 2025 OCT - DEC B3D10 | B76: =B75 -> 46099 | C76: =C75 -> 46113 | D76: =D75 -> 3272 | E76: 336 | F76: =F75 -> 4 | G76: 1 | H76: 4953 | I76: CHARACTER | J76: 61967004 | K76: BTHP03 | L76: SS T-SHIRT BATMAN HEAD LOGO ANIME BTHP03:WHITE:4:GRAPHIC:SS T-SHIRT | M76: 99900 | N76: =N75 -> BXGY | O76: =O75 -> B3 DISC 10% | P76: =P75 -> BXGY
A77: =A76 -> 2025 OCT - DEC B3D10 | B77: =B76 -> 46099 | C77: =C76 -> 46113 | D77: =D76 -> 3272 | E77: =E76 -> 336 | F77: =F76 -> 4 | G77: 1 | H77: 4953 | I77: CHARACTER | J77: 61967013 | K77: BTHP03 | L77: SS T-SHIRT BATMAN HEAD LOGO ANIME BTHP03:WHITE:5:GRAPHIC:SS T-SHIRT | M77: 99900 | N77: =N76 -> BXGY | O77: =O76 -> B3 DISC 10% | P77: =P76 -> BXGY
A78: =A77 -> 2025 OCT - DEC B3D10 | B78: =B77 -> 46099 | C78: =C77 -> 46113 | D78: =D77 -> 3272 | E78: =E77 -> 336 | F78: =F77 -> 4 | G78: 1 | H78: 4953 | I78: CHARACTER | J78: 61967022 | K78: BTHP03 | L78: SS T-SHIRT BATMAN HEAD LOGO ANIME BTHP03:WHITE:6:GRAPHIC:SS T-SHIRT | M78: 99900 | N78: =N77 -> BXGY | O78: =O77 -> B3 DISC 10% | P78: =P77 -> BXGY
A79: =A78 -> 2025 OCT - DEC B3D10 | B79: =B78 -> 46099 | C79: =C78 -> 46113 | D79: =D78 -> 3272 | E79: =E78 -> 336 | F79: =F78 -> 4 | G79: 1 | H79: 4953 | I79: CHARACTER | J79: 61967031 | K79: BTHP03 | L79: SS T-SHIRT BATMAN HEAD LOGO ANIME BTHP03:WHITE:7-8:GRAPHIC:SS T-SHIRT | M79: 99900 | N79: =N78 -> BXGY | O79: =O78 -> B3 DISC 10% | P79: =P78 -> BXGY
A80: =A79 -> 2025 OCT - DEC B3D10 | B80: =B79 -> 46099 | C80: =C79 -> 46113 | D80: =D79 -> 3272 | E80: =E79 -> 336 | F80: =F79 -> 4 | G80: 1 | H80: 4953 | I80: CHARACTER | J80: 61967040 | K80: BTHP03 | L80: SS T-SHIRT BATMAN HEAD LOGO ANIME BTHP03:WHITE:9-10:GRAPHIC:SS T-SHIRT | M80: 99900 | N80: =N79 -> BXGY | O80: =O79 -> B3 DISC 10% | P80: =P79 -> BXGY
A81: =A80 -> 2025 OCT - DEC B3D10 | B81: =B80 -> 46099 | C81: =C80 -> 46113 | D81: =D80 -> 3272 | E81: =E80 -> 336 | F81: =F80 -> 4 | G81: 1 | H81: 4953 | I81: CHARACTER | J81: 61967059 | K81: BTHP03 | L81: SS T-SHIRT BATMAN HEAD LOGO ANIME BTHP03:WHITE:11-12:GRAPHIC:SS T-SHIRT | M81: 99900 | N81: =N80 -> BXGY | O81: =O80 -> B3 DISC 10% | P81: =P80 -> BXGY
A82: =A81 -> 2025 OCT - DEC B3D10 | B82: =B81 -> 46099 | C82: =C81 -> 46113 | D82: =D81 -> 3272 | E82: =E81 -> 336 | F82: =F81 -> 4 | G82: 1 | H82: 4953 | I82: CHARACTER | J82: 61967068 | K82: BTHP03 | L82: SS T-SHIRT BATMAN HEAD LOGO ANIME BTHP03:WHITE:13-14:GRAPHIC:SS T-SHIRT | M82: 99900 | N82: =N81 -> BXGY | O82: =O81 -> B3 DISC 10% | P82: =P81 -> BXGY
A83: =A82 -> 2025 OCT - DEC B3D10 | B83: =B82 -> 46099 | C83: =C82 -> 46113 | D83: =D82 -> 3272 | E83: =E82 -> 336 | F83: =F82 -> 4 | G83: 1 | H83: 4953 | I83: CHARACTER | J83: 61967077 | K83: BTHP01 | L83: SS T-SHIRT BATMAN FACE ANIME BTHP01:WHITE:4:GRAPHIC:SS T-SHIRT | M83: 99900 | N83: =N82 -> BXGY | O83: =O82 -> B3 DISC 10% | P83: =P82 -> BXGY
A84: =A83 -> 2025 OCT - DEC B3D10 | B84: =B83 -> 46099 | C84: =C83 -> 46113 | D84: =D83 -> 3272 | E84: =E83 -> 336 | F84: =F83 -> 4 | G84: 1 | H84: 4953 | I84: CHARACTER | J84: 61967086 | K84: BTHP01 | L84: SS T-SHIRT BATMAN FACE ANIME BTHP01:WHITE:5:GRAPHIC:SS T-SHIRT | M84: 99900 | N84: =N83 -> BXGY | O84: =O83 -> B3 DISC 10% | P84: =P83 -> BXGY
A85: =A84 -> 2025 OCT - DEC B3D10 | B85: =B84 -> 46099 | C85: =C84 -> 46113 | D85: =D84 -> 3272 | E85: =E84 -> 336 | F85: =F84 -> 4 | G85: 1 | H85: 4953 | I85: CHARACTER | J85: 61967095 | K85: BTHP01 | L85: SS T-SHIRT BATMAN FACE ANIME BTHP01:WHITE:6:GRAPHIC:SS T-SHIRT | M85: 99900 | N85: =N84 -> BXGY | O85: =O84 -> B3 DISC 10% | P85: =P84 -> BXGY
A86: =A85 -> 2025 OCT - DEC B3D10 | B86: =B85 -> 46099 | C86: =C85 -> 46113 | D86: =D85 -> 3272 | E86: =E85 -> 336 | F86: =F85 -> 4 | G86: 1 | H86: 4953 | I86: CHARACTER | J86: 61967102 | K86: BTHP01 | L86: SS T-SHIRT BATMAN FACE ANIME BTHP01:WHITE:7-8:GRAPHIC:SS T-SHIRT | M86: 99900 | N86: =N85 -> BXGY | O86: =O85 -> B3 DISC 10% | P86: =P85 -> BXGY
A87: =A86 -> 2025 OCT - DEC B3D10 | B87: =B86 -> 46099 | C87: =C86 -> 46113 | D87: =D86 -> 3272 | E87: =E86 -> 336 | F87: =F86 -> 4 | G87: 1 | H87: 4953 | I87: CHARACTER | J87: 61967111 | K87: BTHP01 | L87: SS T-SHIRT BATMAN FACE ANIME BTHP01:WHITE:9-10:GRAPHIC:SS T-SHIRT | M87: 99900 | N87: =N86 -> BXGY | O87: =O86 -> B3 DISC 10% | P87: =P86 -> BXGY
A88: =A87 -> 2025 OCT - DEC B3D10 | B88: =B87 -> 46099 | C88: =C87 -> 46113 | D88: =D87 -> 3272 | E88: =E87 -> 336 | F88: =F87 -> 4 | G88: 1 | H88: 4953 | I88: CHARACTER | J88: 61967120 | K88: BTHP01 | L88: SS T-SHIRT BATMAN FACE ANIME BTHP01:WHITE:11-12:GRAPHIC:SS T-SHIRT | M88: 99900 | N88: =N87 -> BXGY | O88: =O87 -> B3 DISC 10% | P88: =P87 -> BXGY
... A222: =A221 -> 2025 OCT - DEC B3D10 | B222: =B221 -> 46099 | C222: =C221 -> 46113 | D222: =D221 -> 3272 | E222: =E221 -> 336 | F222: =F221 -> 4 | G222: 1 | H222: 81379 | I222: CHARACTER | J222: 68613794 | K222: HR-105 | L222: SS T-SHIRT SUPERMAN LOGO DPN HR-105:CLASSIC RED:15-16:GRAPHIC:SS T-SHIRT | M222: 99900 | N222: =N221 -> BXGY | O222: =O221 -> B3 DISC 10% | P222: =P221 -> BXGY
A223: =A222 -> 2025 OCT - DEC B3D10 | B223: =B222 -> 46099 | C223: =C222 -> 46113 | D223: =D222 -> 3272 | E223: ='2025 AUG B1G1'!E43 -> 336 | F223: =F222 -> 4 | G223: 1 | H223: 81379 | I223: ='2025 AUG B1G1'!I43 -> CHARACTER | J223: 55385958 | K223: TJ-HR117 | L223: SS T-SHIRT TOM AND JERRY FOREVER TJ-HR117:WHITE:4:GRAPHIC:SS T-SHIRT | M223: 99900 | N223: =N222 -> BXGY | O223: =O222 -> B3 DISC 10% | P223: =P222 -> BXGY
A224: =A223 -> 2025 OCT - DEC B3D10 | B224: =B223 -> 46099 | C224: =C223 -> 46113 | D224: =D223 -> 3272 | E224: =E223 -> 336 | F224: =F223 -> 4 | G224: 1 | H224: 81379 | I224: =I223 -> CHARACTER | J224: 55385967 | K224: TJ-HR117 | L224: SS T-SHIRT TOM AND JERRY FOREVER TJ-HR117:WHITE:5:GRAPHIC:SS T-SHIRT | M224: 99900 | N224: =N223 -> BXGY | O224: =O223 -> B3 DISC 10% | P224: =P223 -> BXGY
A225: =A224 -> 2025 OCT - DEC B3D10 | B225: =B224 -> 46099 | C225: =C224 -> 46113 | D225: =D224 -> 3272 | E225: =E224 -> 336 | F225: =F224 -> 4 | G225: 1 | H225: 81379 | I225: =I224 -> CHARACTER | J225: 55385976 | K225: TJ-HR117 | L225: SS T-SHIRT TOM AND JERRY FOREVER TJ-HR117:WHITE:6:GRAPHIC:SS T-SHIRT | M225: 99900 | N225: =N224 -> BXGY | O225: =O224 -> B3 DISC 10% | P225: =P224 -> BXGY
A226: =A225 -> 2025 OCT - DEC B3D10 | B226: =B225 -> 46099 | C226: =C225 -> 46113 | D226: =D225 -> 3272 | E226: =E225 -> 336 | F226: =F225 -> 4 | G226: 1 | H226: 81379 | I226: =I225 -> CHARACTER | J226: 55385985 | K226: TJ-HR117 | L226: SS T-SHIRT TOM AND JERRY FOREVER TJ-HR117:WHITE:7-8:GRAPHIC:SS T-SHIRT | M226: 99900 | N226: =N225 -> BXGY | O226: =O225 -> B3 DISC 10% | P226: =P225 -> BXGY
A227: =A226 -> 2025 OCT - DEC B3D10 | B227: =B226 -> 46099 | C227: =C226 -> 46113 | D227: =D226 -> 3272 | E227: =E226 -> 336 | F227: =F226 -> 4 | G227: 1 | H227: 81379 | I227: =I226 -> CHARACTER | J227: 55385994 | K227: TJ-HR117 | L227: SS T-SHIRT TOM AND JERRY FOREVER TJ-HR117:WHITE:9-10:GRAPHIC:SS T-SHIRT | M227: 99900 | N227: =N226 -> BXGY | O227: =O226 -> B3 DISC 10% | P227: =P226 -> BXGY
A228: =A227 -> 2025 OCT - DEC B3D10 | B228: =B227 -> 46099 | C228: =C227 -> 46113 | D228: =D227 -> 3272 | E228: =E227 -> 336 | F228: =F227 -> 4 | G228: 1 | H228: 81379 | I228: =I227 -> CHARACTER | J228: 55386000 | K228: TJ-HR117 | L228: SS T-SHIRT TOM AND JERRY FOREVER TJ-HR117:WHITE:11-12:GRAPHIC:SS T-SHIRT | M228: 99900 | N228: =N227 -> BXGY | O228: =O227 -> B3 DISC 10% | P228: =P227 -> BXGY
A229: =A228 -> 2025 OCT - DEC B3D10 | B229: =B228 -> 46099 | C229: =C228 -> 46113 | D229: =D228 -> 3272 | E229: =E228 -> 336 | F229: =F228 -> 4 | G229: 1 | H229: 81379 | I229: =I228 -> CHARACTER | J229: 55386019 | K229: TJ-HR117 | L229: SS T-SHIRT TOM AND JERRY FOREVER TJ-HR117:WHITE:13-14:GRAPHIC:SS T-SHIRT | M229: 99900 | N229: =N228 -> BXGY | O229: =O228 -> B3 DISC 10% | P229: =P228 -> BXGY
A230: =A229 -> 2025 OCT - DEC B3D10 | B230: =B229 -> 46099 | C230: =C229 -> 46113 | D230: =D229 -> 3272 | E230: ='2025 AUG B1G1'!E50 -> 336 | F230: =F229 -> 4 | G230: 1 | H230: 81379 | I230: ='2025 AUG B1G1'!I50 -> CHARACTER | J230: 55386091 | K230: TJ-HR116 | L230: SS T-SHIRT TOM AND JERRY LOGO NAVY TJ-HR116:NAVY BLUE:4:GRAPHIC:SS T-SHIRT | M230: 99900 | N230: =N229 -> BXGY | O230: =O229 -> B3 DISC 10% | P230: =P229 -> BXGY
A231: =A230 -> 2025 OCT - DEC B3D10 | B231: =B230 -> 46099 | C231: =C230 -> 46113 | D231: =D230 -> 3272 | E231: =E230 -> 336 | F231: =F230 -> 4 | G231: 1 | H231: 81379 | I231: =I230 -> CHARACTER | J231: 55386108 | K231: TJ-HR116 | L231: SS T-SHIRT TOM AND JERRY LOGO NAVY TJ-HR116:NAVY BLUE:5:GRAPHIC:SS T-SHIRT | M231: 99900 | N231: =N230 -> BXGY | O231: =O230 -> B3 DISC 10% | P231: =P230 -> BXGY
A232: =A231 -> 2025 OCT - DEC B3D10 | B232: =B231 -> 46099 | C232: =C231 -> 46113 | D232: =D231 -> 3272 | E232: =E231 -> 336 | F232: =F231 -> 4 | G232: 1 | H232: 81379 | I232: =I231 -> CHARACTER | J232: 55386117 | K232: TJ-HR116 | L232: SS T-SHIRT TOM AND JERRY LOGO NAVY TJ-HR116:NAVY BLUE:6:GRAPHIC:SS T-SHIRT | M232: 99900 | N232: =N231 -> BXGY | O232: =O231 -> B3 DISC 10% | P232: =P231 -> BXGY
A233: =A232 -> 2025 OCT - DEC B3D10 | B233: =B232 -> 46099 | C233: =C232 -> 46113 | D233: =D232 -> 3272 | E233: =E232 -> 336 | F233: =F232 -> 4 | G233: 1 | H233: 81379 | I233: =I232 -> CHARACTER | J233: 55386126 | K233: TJ-HR116 | L233: SS T-SHIRT TOM AND JERRY LOGO NAVY TJ-HR116:NAVY BLUE:7-8:GRAPHIC:SS T-SHIRT | M233: 99900 | N233: =N232 -> BXGY | O233: =O232 -> B3 DISC 10% | P233: =P232 -> BXGY
A234: =A233 -> 2025 OCT - DEC B3D10 | B234: =B233 -> 46099 | C234: =C233 -> 46113 | D234: =D233 -> 3272 | E234: =E233 -> 336 | F234: =F233 -> 4 | G234: 1 | H234: 81379 | I234: =I233 -> CHARACTER | J234: 55386135 | K234: TJ-HR116 | L234: SS T-SHIRT TOM AND JERRY LOGO NAVY TJ-HR116:NAVY BLUE:9-10:GRAPHIC:SS T-SHIRT | M234: 99900 | N234: =N233 -> BXGY | O234: =O233 -> B3 DISC 10% | P234: =P233 -> BXGY
A235: =A234 -> 2025 OCT - DEC B3D10 | B235: =B234 -> 46099 | C235: =C234 -> 46113 | D235: =D234 -> 3272 | E235: =E234 -> 336 | F235: =F234 -> 4 | G235: 1 | H235: 81379 | I235: =I234 -> CHARACTER | J235: 55386144 | K235: TJ-HR116 | L235: SS T-SHIRT TOM AND JERRY LOGO NAVY TJ-HR116:NAVY BLUE:11-12:GRAPHIC:SS T-SHIRT | M235: 99900 | N235: =N234 -> BXGY | O235: =O234 -> B3 DISC 10% | P235: =P234 -> BXGY
A236: =A235 -> 2025 OCT - DEC B3D10 | B236: =B235 -> 46099 | C236: =C235 -> 46113 | D236: =D235 -> 3272 | E236: =E235 -> 336 | F236: =F235 -> 4 | G236: 1 | H236: 81379 | I236: =I235 -> CHARACTER | J236: 55386153 | K236: TJ-HR116 | L236: SS T-SHIRT TOM AND JERRY LOGO NAVY TJ-HR116:NAVY BLUE:13-14:GRAPHIC:SS T-SHIRT | M236: 99900 | N236: =N235 -> BXGY | O236: =O235 -> B3 DISC 10% | P236: =P235 -> BXGY
A237: =A236 -> 2025 OCT - DEC B3D10 | B237: =B236 -> 46099 | C237: =C236 -> 46113 | D237: =D236 -> 3272 | E237: =E236 -> 336 | F237: =F236 -> 4 | G237: 1 | H237: 81379 | I237: =I236 -> CHARACTER | J237: 55386162 | K237: TJ-HR118 | L237: SS T-SHIRT TOM AND JERRY FRENEMIES TJ-HR118:PASTEL BLUE:4:GRAPHIC:SS T-SHIRT | M237: 99900 | N237: =N236 -> BXGY | O237: =O236 -> B3 DISC 10% | P237: =P236 -> BXGY
A238: =A237 -> 2025 OCT - DEC B3D10 | B238: =B237 -> 46099 | C238: =C237 -> 46113 | D238: =D237 -> 3272 | E238: =E237 -> 336 | F238: =F237 -> 4 | G238: 1 | H238: 81379 | I238: =I237 -> CHARACTER | J238: 55386171 | K238: TJ-HR118 | L238: SS T-SHIRT TOM AND JERRY FRENEMIES TJ-HR118:PASTEL BLUE:5:GRAPHIC:SS T-SHIRT | M238: 99900 | N238: =N237 -> BXGY | O238: =O237 -> B3 DISC 10% | P238: =P237 -> BXGY
A239: =A238 -> 2025 OCT - DEC B3D10 | B239: =B238 -> 46099 | C239: =C238 -> 46113 | D239: =D238 -> 3272 | E239: =E238 -> 336 | F239: =F238 -> 4 | G239: 1 | H239: 81379 | I239: =I238 -> CHARACTER | J239: 55386180 | K239: TJ-HR118 | L239: SS T-SHIRT TOM AND JERRY FRENEMIES TJ-HR118:PASTEL BLUE:6:GRAPHIC:SS T-SHIRT | M239: 99900 | N239: =N238 -> BXGY | O239: =O238 -> B3 DISC 10% | P239: =P238 -> BXGY
A240: =A239 -> 2025 OCT - DEC B3D10 | B240: =B239 -> 46099 | C240: =C239 -> 46113 | D240: =D239 -> 3272 | E240: =E239 -> 336 | F240: =F239 -> 4 | G240: 1 | H240: 81379 | I240: =I239 -> CHARACTER | J240: 55386199 | K240: TJ-HR118 | L240: SS T-SHIRT TOM AND JERRY FRENEMIES TJ-HR118:PASTEL BLUE:7-8:GRAPHIC:SS T-SHIRT | M240: 99900 | N240: =N239 -> BXGY | O240: =O239 -> B3 DISC 10% | P240: =P239 -> BXGY
A241: =A240 -> 2025 OCT - DEC B3D10 | B241: =B240 -> 46099 | C241: =C240 -> 46113 | D241: =D240 -> 3272 | E241: =E240 -> 336 | F241: =F240 -> 4 | G241: 1 | H241: 81379 | I241: =I240 -> CHARACTER | J241: 55386206 | K241: TJ-HR118 | L241: SS T-SHIRT TOM AND JERRY FRENEMIES TJ-HR118:PASTEL BLUE:9-10:GRAPHIC:SS T-SHIRT | M241: 99900 | N241: =N240 -> BXGY | O241: =O240 -> B3 DISC 10% | P241: =P240 -> BXGY
A242: =A241 -> 2025 OCT - DEC B3D10 | B242: =B241 -> 46099 | C242: =C241 -> 46113 | D242: =D241 -> 3272 | E242: =E241 -> 336 | F242: =F241 -> 4 | G242: 1 | H242: 81379 | I242: =I241 -> CHARACTER | J242: 55386215 | K242: TJ-HR118 | L242: SS T-SHIRT TOM AND JERRY FRENEMIES TJ-HR118:PASTEL BLUE:11-12:GRAPHIC:SS T-SHIRT | M242: 99900 | N242: =N241 -> BXGY | O242: =O241 -> B3 DISC 10% | P242: =P241 -> BXGY
A243: =A242 -> 2025 OCT - DEC B3D10 | B243: =B242 -> 46099 | C243: =C242 -> 46113 | D243: =D242 -> 3272 | E243: =E242 -> 336 | F243: =F242 -> 4 | G243: 1 | H243: 81379 | I243: =I242 -> CHARACTER | J243: 55386224 | K243: TJ-HR118 | L243: SS T-SHIRT TOM AND JERRY FRENEMIES TJ-HR118:PASTEL BLUE:13-14:GRAPHIC:SS T-SHIRT | M243: 99900 | N243: =N242 -> BXGY | O243: =O242 -> B3 DISC 10% | P243: =P242 -> BXGY
A244: =A243 -> 2025 OCT - DEC B3D10 | B244: =B243 -> 46099 | C244: =C243 -> 46113 | D244: =D243 -> 3272 | E244: 336 | F244: =F243 -> 4 | G244: 1 | H244: 81379 | I244: =I243 -> CHARACTER | J244: 61099710 | K244: HN020 | L244: SS T-SHIRT BATMAN KOMIK SWING HN020:CLASSIC YELLOW:4:GRAPHIC:SS T-SHIRT | M244: 99900 | N244: =N243 -> BXGY | O244: =O243 -> B3 DISC 10% | P244: =P243 -> BXGY
A245: =A244 -> 2025 OCT - DEC B3D10 | B245: =B244 -> 46099 | C245: =C244 -> 46113 | D245: =D244 -> 3272 | E245: =E244 -> 336 | F245: =F244 -> 4 | G245: 1 | H245: 81379 | I245: =I244 -> CHARACTER | J245: 61099729 | K245: HN020 | L245: SS T-SHIRT BATMAN KOMIK SWING HN020:CLASSIC YELLOW:5:GRAPHIC:SS T-SHIRT | M245: 99900 | N245: =N244 -> BXGY | O245: =O244 -> B3 DISC 10% | P245: =P244 -> BXGY
A246: =A245 -> 2025 OCT - DEC B3D10 | B246: =B245 -> 46099 | C246: =C245 -> 46113 | D246: =D245 -> 3272 | E246: =E245 -> 336 | F246: =F245 -> 4 | G246: 1 | H246: 81379 | I246: =I245 -> CHARACTER | J246: 61099738 | K246: HN020 | L246: SS T-SHIRT BATMAN KOMIK SWING HN020:CLASSIC YELLOW:6:GRAPHIC:SS T-SHIRT | M246: 99900 | N246: =N245 -> BXGY | O246: =O245 -> B3 DISC 10% | P246: =P245 -> BXGY
A247: =A246 -> 2025 OCT - DEC B3D10 | B247: =B246 -> 46099 | C247: =C246 -> 46113 | D247: =D246 -> 3272 | E247: =E246 -> 336 | F247: =F246 -> 4 | G247: 1 | H247: 81379 | I247: =I246 -> CHARACTER | J247: 61099747 | K247: HN020 | L247: SS T-SHIRT BATMAN KOMIK SWING HN020:CLASSIC YELLOW:7-8:GRAPHIC:SS T-SHIRT | M247: 99900 | N247: =N246 -> BXGY | O247: =O246 -> B3 DISC 10% | P247: =P246 -> BXGY
A248: =A247 -> 2025 OCT - DEC B3D10 | B248: =B247 -> 46099 | C248: =C247 -> 46113 | D248: =D247 -> 3272 | E248: =E247 -> 336 | F248: =F247 -> 4 | G248: 1 | H248: 81379 | I248: =I247 -> CHARACTER | J248: 61099756 | K248: HN019 | L248: SS T-SHIRT BATMAN KOMIK KAPOW HN019:MISTY LIGHT BLUE:4:GRAPHIC:SS T-SHIRT | M248: 99900 | N248: =N247 -> BXGY | O248: =O247 -> B3 DISC 10% | P248: =P247 -> BXGY
A249: =A248 -> 2025 OCT - DEC B3D10 | B249: =B248 -> 46099 | C249: =C248 -> 46113 | D249: =D248 -> 3272 | E249: =E248 -> 336 | F249: =F248 -> 4 | G249: 1 | H249: 81379 | I249: =I248 -> CHARACTER | J249: 61099765 | K249: HN019 | L249: SS T-SHIRT BATMAN KOMIK KAPOW HN019:MISTY LIGHT BLUE:5:GRAPHIC:SS T-SHIRT | M249: 99900 | N249: =N248 -> BXGY | O249: =O248 -> B3 DISC 10% | P249: =P248 -> BXGY
A250: =A249 -> 2025 OCT - DEC B3D10 | B250: =B249 -> 46099 | C250: =C249 -> 46113 | D250: =D249 -> 3272 | E250: =E249 -> 336 | F250: =F249 -> 4 | G250: 1 | H250: 81379 | I250: =I249 -> CHARACTER | J250: 61099774 | K250: HN019 | L250: SS T-SHIRT BATMAN KOMIK KAPOW HN019:MISTY LIGHT BLUE:6:GRAPHIC:SS T-SHIRT | M250: 99900 | N250: =N249 -> BXGY | O250: =O249 -> B3 DISC 10% | P250: =P249 -> BXGY
A251: =A250 -> 2025 OCT - DEC B3D10 | B251: =B250 -> 46099 | C251: =C250 -> 46113 | D251: =D250 -> 3272 | E251: =E250 -> 336 | F251: =F250 -> 4 | G251: 1 | H251: 81379 | I251: =I250 -> CHARACTER | J251: 61099783 | K251: HN019 | L251: SS T-SHIRT BATMAN KOMIK KAPOW HN019:MISTY LIGHT BLUE:7-8:GRAPHIC:SS T-SHIRT | M251: 99900 | N251: =N250 -> BXGY | O251: =O250 -> B3 DISC 10% | P251: =P250 -> BXGY
A252: =A251 -> 2025 OCT - DEC B3D10 | B252: =B251 -> 46099 | C252: =C251 -> 46113 | D252: =D251 -> 3272 | E252: =E251 -> 336 | F252: =F251 -> 4 | G252: 4 | H252: 81676 | I252: =I251 -> CHARACTER | J252: 61100047 | K252: GSUP-6 | L252: SHORT PANTS KNIT SUPERMAN LOGO BORDIR GSUP-6:KHAKI:4:EMBRO:SHORT PANTS | M252: 129900 | N252: =N251 -> BXGY | O252: =O251 -> B3 DISC 10% | P252: =P251 -> BXGY
A253: =A252 -> 2025 OCT - DEC B3D10 | B253: =B252 -> 46099 | C253: =C252 -> 46113 | D253: =D252 -> 3272 | E253: =E252 -> 336 | F253: =F252 -> 4 | G253: 4 | H253: 81676 | I253: =I252 -> CHARACTER | J253: 61100056 | K253: GSUP-6 | L253: SHORT PANTS KNIT SUPERMAN LOGO BORDIR GSUP-6:KHAKI:5:EMBRO:SHORT PANTS | M253: 129900 | N253: =N252 -> BXGY | O253: =O252 -> B3 DISC 10% | P253: =P252 -> BXGY
A254: =A253 -> 2025 OCT - DEC B3D10 | B254: =B253 -> 46099 | C254: =C253 -> 46113 | D254: =D253 -> 3272 | E254: =E253 -> 336 | F254: =F253 -> 4 | G254: 4 | H254: 81676 | I254: =I253 -> CHARACTER | J254: 61100065 | K254: GSUP-6 | L254: SHORT PANTS KNIT SUPERMAN LOGO BORDIR GSUP-6:KHAKI:6:EMBRO:SHORT PANTS | M254: 129900 | N254: =N253 -> BXGY | O254: =O253 -> B3 DISC 10% | P254: =P253 -> BXGY
A255: =A254 -> 2025 OCT - DEC B3D10 | B255: =B254 -> 46099 | C255: =C254 -> 46113 | D255: =D254 -> 3272 | E255: =E254 -> 336 | F255: =F254 -> 4 | G255: 4 | H255: 81676 | I255: =I254 -> CHARACTER | J255: 61100074 | K255: GSUP-6 | L255: SHORT PANTS KNIT SUPERMAN LOGO BORDIR GSUP-6:KHAKI:7-8:EMBRO:SHORT PANTS | M255: 129900 | N255: =N254 -> BXGY | O255: =O254 -> B3 DISC 10% | P255: =P254 -> BXGY
A256: =A255 -> 2025 OCT - DEC B3D10 | B256: =B255 -> 46099 | C256: =C255 -> 46113 | D256: =D255 -> 3272 | E256: =E255 -> 336 | F256: =F255 -> 4 | G256: 4 | H256: 81676 | I256: =I255 -> CHARACTER | J256: 61100083 | K256: GSUP-6 | L256: SHORT PANTS KNIT SUPERMAN LOGO BORDIR GSUP-6:KHAKI:9-10:EMBRO:SHORT PANTS | M256: 129900 | N256: =N255 -> BXGY | O256: =O255 -> B3 DISC 10% | P256: =P255 -> BXGY
... A258: =A257 -> 2025 OCT - DEC B3D10 | B258: =B257 -> 46099 | C258: =C257 -> 46113 | D258: =D257 -> 3272 | E258: =E257 -> 336 | F258: =F257 -> 4 | G258: 4 | H258: 81676 | I258: =I257 -> CHARACTER | J258: 61100109 | K258: GSUP-6 | L258: SHORT PANTS KNIT SUPERMAN LOGO BORDIR GSUP-6:KHAKI:13-14:EMBRO:SHORT PANTS | M258: 129900 | N258: =N257 -> BXGY | O258: =O257 -> B3 DISC 10% | P258: =P257 -> BXGY

Sheet 2026 JAN FEB B3D10
A1: ACARA | B1: FROM DATE | C1: TO DATE | D1: DEPT | E1: WORLD | F1: DIVISION | G1: CLASS | H1: SUPPLIER | I1: BRAND | J1: SKU | K1: ARTICLE | L1: DESCRIPTION | M1: HARGA NORMAL | N1: DISKON | O1: HARGA PROMO | P1: DISCOUNT TYPE
A2: 2026 JAN - FEB B3D10 | B2: ='2019 ALL D95'!B2 -> 46099 | C2: ='2019 ALL D95'!C2 -> 46113 | D2: 3272 | E2: 336 | F2: 4 | G2: 1 | H2: 81379 | I2: CHARACTER | J2: 61967282 | K2: BT-HR08 | L2: SS T-SHIRT BATMAN LOGO HD PRINT BLKG BT-HR08:PASTEL GREY:4:GRAPHIC:SS T-SHIRT | M2: 99900 | N2: BXGY | O2: B3 DISC 10% | P2: BXGY
A3: =A2 -> 2026 JAN - FEB B3D10 | B3: =B2 -> 46099 | C3: =C2 -> 46113 | D3: 3272 | E3: 336 | F3: 4 | G3: 1 | H3: 81379 | I3: CHARACTER | J3: 61967291 | K3: BT-HR08 | L3: SS T-SHIRT BATMAN LOGO HD PRINT BLKG BT-HR08:PASTEL GREY:5:GRAPHIC:SS T-SHIRT | M3: 99900 | N3: =N2 -> BXGY | O3: =O2 -> B3 DISC 10% | P3: =P2 -> BXGY
A4: =A3 -> 2026 JAN - FEB B3D10 | B4: =B3 -> 46099 | C4: =C3 -> 46113 | D4: 3272 | E4: 336 | F4: 4 | G4: 1 | H4: 81379 | I4: CHARACTER | J4: 61967308 | K4: BT-HR08 | L4: SS T-SHIRT BATMAN LOGO HD PRINT BLKG BT-HR08:PASTEL GREY:6:GRAPHIC:SS T-SHIRT | M4: 99900 | N4: =N3 -> BXGY | O4: =O3 -> B3 DISC 10% | P4: =P3 -> BXGY
A5: =A4 -> 2026 JAN - FEB B3D10 | B5: =B4 -> 46099 | C5: =C4 -> 46113 | D5: 3272 | E5: 336 | F5: 4 | G5: 1 | H5: 81379 | I5: CHARACTER | J5: 61967317 | K5: BT-HR08 | L5: SS T-SHIRT BATMAN LOGO HD PRINT BLKG BT-HR08:PASTEL GREY:7-8:GRAPHIC:SS T-SHIRT | M5: 99900 | N5: =N4 -> BXGY | O5: =O4 -> B3 DISC 10% | P5: =P4 -> BXGY
A6: =A5 -> 2026 JAN - FEB B3D10 | B6: =B5 -> 46099 | C6: =C5 -> 46113 | D6: 3272 | E6: 336 | F6: 4 | G6: 1 | H6: 81379 | I6: CHARACTER | J6: 61967326 | K6: BT-HR08 | L6: SS T-SHIRT BATMAN LOGO HD PRINT BLKG BT-HR08:PASTEL GREY:9-10:GRAPHIC:SS T-SHIRT | M6: 99900 | N6: =N5 -> BXGY | O6: =O5 -> B3 DISC 10% | P6: =P5 -> BXGY
A7: =A6 -> 2026 JAN - FEB B3D10 | B7: =B6 -> 46099 | C7: =C6 -> 46113 | D7: 3272 | E7: 336 | F7: 4 | G7: 1 | H7: 81379 | I7: CHARACTER | J7: 61967335 | K7: BT-HR08 | L7: SS T-SHIRT BATMAN LOGO HD PRINT BLKG BT-HR08:PASTEL GREY:11-12:GRAPHIC:SS T-SHIRT | M7: 99900 | N7: =N6 -> BXGY | O7: =O6 -> B3 DISC 10% | P7: =P6 -> BXGY
A8: =A7 -> 2026 JAN - FEB B3D10 | B8: =B7 -> 46099 | C8: =C7 -> 46113 | D8: 3272 | E8: 336 | F8: 4 | G8: 1 | H8: 81379 | I8: CHARACTER | J8: 61967344 | K8: BT-HR08 | L8: SS T-SHIRT BATMAN LOGO HD PRINT BLKG BT-HR08:PASTEL GREY:13-14:GRAPHIC:SS T-SHIRT | M8: 99900 | N8: =N7 -> BXGY | O8: =O7 -> B3 DISC 10% | P8: =P7 -> BXGY
A9: =A8 -> 2026 JAN - FEB B3D10 | B9: =B8 -> 46099 | C9: =C8 -> 46113 | D9: 3272 | E9: 336 | F9: 4 | G9: 1 | H9: 81379 | I9: CHARACTER | J9: 68613687 | K9: HN0033 | L9: SS T-SHIRT SUPERMAN LOGO HANDUK HN0033:CLASSIC BLUE:4:GRAPHIC:SS T-SHIRT | M9: 99900 | N9: =N8 -> BXGY | O9: =O8 -> B3 DISC 10% | P9: =P8 -> BXGY
A10: =A9 -> 2026 JAN - FEB B3D10 | B10: =B9 -> 46099 | C10: =C9 -> 46113 | D10: 3272 | E10: 336 | F10: 4 | G10: 1 | H10: 81379 | I10: CHARACTER | J10: 68613696 | K10: HN0033 | L10: SS T-SHIRT SUPERMAN LOGO HANDUK HN0033:CLASSIC BLUE:5:GRAPHIC:SS T-SHIRT | M10: 99900 | N10: =N9 -> BXGY | O10: =O9 -> B3 DISC 10% | P10: =P9 -> BXGY
A11: =A10 -> 2026 JAN - FEB B3D10 | B11: =B10 -> 46099 | C11: =C10 -> 46113 | D11: 3272 | E11: 336 | F11: 4 | G11: 1 | H11: 81379 | I11: CHARACTER | J11: 68613703 | K11: HN0033 | L11: SS T-SHIRT SUPERMAN LOGO HANDUK HN0033:CLASSIC BLUE:6:GRAPHIC:SS T-SHIRT | M11: 99900 | N11: =N10 -> BXGY | O11: =O10 -> B3 DISC 10% | P11: =P10 -> BXGY
A12: =A11 -> 2026 JAN - FEB B3D10 | B12: =B11 -> 46099 | C12: =C11 -> 46113 | D12: 3272 | E12: 336 | F12: 4 | G12: 1 | H12: 81379 | I12: CHARACTER | J12: 68613712 | K12: HN0033 | L12: SS T-SHIRT SUPERMAN LOGO HANDUK HN0033:CLASSIC BLUE:7-8:GRAPHIC:SS T-SHIRT | M12: 99900 | N12: =N11 -> BXGY | O12: =O11 -> B3 DISC 10% | P12: =P11 -> BXGY
A13: =A12 -> 2026 JAN - FEB B3D10 | B13: =B12 -> 46099 | C13: =C12 -> 46113 | D13: 3272 | E13: 336 | F13: 4 | G13: 1 | H13: 81379 | I13: CHARACTER | J13: 68613721 | K13: HN0033 | L13: SS T-SHIRT SUPERMAN LOGO HANDUK HN0033:CLASSIC BLUE:9-10:GRAPHIC:SS T-SHIRT | M13: 99900 | N13: =N12 -> BXGY | O13: =O12 -> B3 DISC 10% | P13: =P12 -> BXGY
A14: =A13 -> 2026 JAN - FEB B3D10 | B14: =B13 -> 46099 | C14: =C13 -> 46113 | D14: 3272 | E14: 336 | F14: 4 | G14: 1 | H14: 81379 | I14: CHARACTER | J14: 68613730 | K14: HN0033 | L14: SS T-SHIRT SUPERMAN LOGO HANDUK HN0033:CLASSIC BLUE:11-12:GRAPHIC:SS T-SHIRT | M14: 99900 | N14: =N13 -> BXGY | O14: =O13 -> B3 DISC 10% | P14: =P13 -> BXGY
... A197: =A196 -> 2026 JAN - FEB B3D10 | B197: =B196 -> 46099 | C197: =C196 -> 46113 | D197: 3272 | E197: 336 | F197: 4 | G197: 5 | H197: 81676 | I197: CHARACTER | J197: 68614024 | K197: GSUP-5 | L197: JOGGER SUPERMAN LOGO CARGO GSUP-5:CLASSIC BLUE:13-14:EMBRO:JOGGER | M197: 149900 | N197: =N196 -> BXGY | O197: =O196 -> B3 DISC 10% | P197: =P196 -> BXGY

Sheet 2026 BAMUS D60 
A1: ACARA | B1: FROM DATE | C1: TO DATE | D1: DEPT | E1: WORLD | F1: DIVISION | G1: CLASS | H1: SUPPLIER | I1: BRAND | J1: SKU | K1: ARTICLE | L1: DESCRIPTION | M1: HARGA NORMAL | N1: DISKON | O1: HARGA PROMO | P1: DISCOUNT TYPE
A2: 2026 BAMUS D60 | B2: ='2019 ALL D95'!B2 -> 46099 | C2: ='2019 ALL D95'!C2 -> 46113 | D2: 3272 | E2: 336 | F2: 4 | G2: 2 | H2: 81574 | I2: CHARACTER | J2: 68217801 | K2: KBBTM-2 | L2: SS KOKO MOTIF BATMAN KBBTM-2:WHITE:4:GRAPHIC:SS KOKO | M2: 179900 | N2: 0.6 | O2: =M2-((60*M2)/100) -> 71960 | P2: PERCENTAGE
A3: =A2 -> 2026 BAMUS D60 | B3: =B2 -> 46099 | C3: =C2 -> 46113 | D3: 3272 | E3: 336 | F3: 4 | G3: 2 | H3: 81574 | I3: CHARACTER | J3: 68217810 | K3: =K2 -> KBBTM-2 | L3: SS KOKO MOTIF BATMAN KBBTM-2:WHITE:5:GRAPHIC:SS KOKO | M3: 179900 | N3: =N2 -> 0.6 | O3: =M3-((60*M3)/100) -> 71960 | P3: PERCENTAGE
A4: =A3 -> 2026 BAMUS D60 | B4: =B3 -> 46099 | C4: =C3 -> 46113 | D4: 3272 | E4: 336 | F4: 4 | G4: =G3 -> 2 | H4: 81574 | I4: CHARACTER | J4: 68217829 | K4: =K3 -> KBBTM-2 | L4: SS KOKO MOTIF BATMAN KBBTM-2:WHITE:6:GRAPHIC:SS KOKO | M4: 179900 | N4: =N3 -> 0.6 | O4: =M4-((60*M4)/100) -> 71960 | P4: PERCENTAGE
A5: =A4 -> 2026 BAMUS D60 | B5: =B4 -> 46099 | C5: =C4 -> 46113 | D5: 3272 | E5: 336 | F5: 4 | G5: =G4 -> 2 | H5: 81574 | I5: CHARACTER | J5: 68217838 | K5: =K4 -> KBBTM-2 | L5: SS KOKO MOTIF BATMAN KBBTM-2:WHITE:7-8:GRAPHIC:SS KOKO | M5: 179900 | N5: =N4 -> 0.6 | O5: =M5-((60*M5)/100) -> 71960 | P5: PERCENTAGE
A6: =A5 -> 2026 BAMUS D60 | B6: =B5 -> 46099 | C6: =C5 -> 46113 | D6: 3272 | E6: 336 | F6: 4 | G6: =G5 -> 2 | H6: 81574 | I6: CHARACTER | J6: 68217847 | K6: =K5 -> KBBTM-2 | L6: SS KOKO MOTIF BATMAN KBBTM-2:WHITE:9-10:GRAPHIC:SS KOKO | M6: 179900 | N6: =N5 -> 0.6 | O6: =M6-((60*M6)/100) -> 71960 | P6: PERCENTAGE
A7: =A6 -> 2026 BAMUS D60 | B7: =B6 -> 46099 | C7: =C6 -> 46113 | D7: 3272 | E7: 336 | F7: 4 | G7: =G6 -> 2 | H7: 81574 | I7: CHARACTER | J7: 68217856 | K7: =K6 -> KBBTM-2 | L7: SS KOKO MOTIF BATMAN KBBTM-2:WHITE:11-12:GRAPHIC:SS KOKO | M7: 179900 | N7: =N6 -> 0.6 | O7: =M7-((60*M7)/100) -> 71960 | P7: PERCENTAGE
A8: =A7 -> 2026 BAMUS D60 | B8: =B7 -> 46099 | C8: =C7 -> 46113 | D8: 3272 | E8: 336 | F8: 4 | G8: =G7 -> 2 | H8: 81574 | I8: CHARACTER | J8: 68217865 | K8: =K7 -> KBBTM-2 | L8: SS KOKO MOTIF BATMAN KBBTM-2:WHITE:13-14:GRAPHIC:SS KOKO | M8: 179900 | N8: =N7 -> 0.6 | O8: =M8-((60*M8)/100) -> 71960 | P8: PERCENTAGE
A9: =A8 -> 2026 BAMUS D60 | B9: =B8 -> 46099 | C9: =C8 -> 46113 | D9: 3272 | E9: 336 | F9: 4 | G9: =G8 -> 2 | H9: 81574 | I9: CHARACTER | J9: 68217874 | K9: =K8 -> KBBTM-2 | L9: SS KOKO MOTIF BATMAN KBBTM-2:WHITE:15-16:GRAPHIC:SS KOKO | M9: 179900 | N9: =N8 -> 0.6 | O9: =M9-((60*M9)/100) -> 71960 | P9: PERCENTAGE
A10: =A9 -> 2026 BAMUS D60 | B10: =B9 -> 46099 | C10: =C9 -> 46113 | D10: 3272 | E10: 336 | F10: 4 | G10: =G9 -> 2 | H10: =H9 -> 81574 | I10: CHARACTER | J10: 68217883 | K10: KBBTM-6 | L10: SS KOKO MOTIF CAPT FKMB-19:PASTEL GREEN:4:GRAPHIC:SS KOKO | M10: 179900 | N10: =N9 -> 0.6 | O10: =M10-((60*M10)/100) -> 71960 | P10: PERCENTAGE
A11: =A10 -> 2026 BAMUS D60 | B11: =B10 -> 46099 | C11: =C10 -> 46113 | D11: 3272 | E11: 336 | F11: 4 | G11: =G10 -> 2 | H11: =H10 -> 81574 | I11: CHARACTER | J11: 68217892 | K11: =K10 -> KBBTM-6 | L11: SS KOKO MOTIF CAPT FKMB-19:PASTEL GREEN:5:GRAPHIC:SS KOKO | M11: 179900 | N11: =N10 -> 0.6 | O11: =M11-((60*M11)/100) -> 71960 | P11: PERCENTAGE
A12: =A11 -> 2026 BAMUS D60 | B12: =B11 -> 46099 | C12: =C11 -> 46113 | D12: 3272 | E12: 336 | F12: 4 | G12: =G11 -> 2 | H12: =H11 -> 81574 | I12: CHARACTER | J12: 68217909 | K12: =K11 -> KBBTM-6 | L12: SS KOKO MOTIF CAPT FKMB-19:PASTEL GREEN:6:GRAPHIC:SS KOKO | M12: 179900 | N12: =N11 -> 0.6 | O12: =M12-((60*M12)/100) -> 71960 | P12: PERCENTAGE
A13: =A12 -> 2026 BAMUS D60 | B13: =B12 -> 46099 | C13: =C12 -> 46113 | D13: 3272 | E13: 336 | F13: 4 | G13: =G12 -> 2 | H13: =H12 -> 81574 | I13: CHARACTER | J13: 68217918 | K13: =K12 -> KBBTM-6 | L13: SS KOKO MOTIF CAPT FKMB-19:PASTEL GREEN:7-8:GRAPHIC:SS KOKO | M13: 179900 | N13: =N12 -> 0.6 | O13: =M13-((60*M13)/100) -> 71960 | P13: PERCENTAGE
A14: =A13 -> 2026 BAMUS D60 | B14: =B13 -> 46099 | C14: =C13 -> 46113 | D14: 3272 | E14: 336 | F14: 4 | G14: =G13 -> 2 | H14: =H13 -> 81574 | I14: CHARACTER | J14: 68217927 | K14: =K13 -> KBBTM-6 | L14: SS KOKO MOTIF CAPT FKMB-19:PASTEL GREEN:9-10:GRAPHIC:SS KOKO | M14: 179900 | N14: =N13 -> 0.6 | O14: =M14-((60*M14)/100) -> 71960 | P14: PERCENTAGE
A15: =A14 -> 2026 BAMUS D60 | B15: =B14 -> 46099 | C15: =C14 -> 46113 | D15: 3272 | E15: 336 | F15: 4 | G15: =G14 -> 2 | H15: =H14 -> 81574 | I15: CHARACTER | J15: 68217936 | K15: =K14 -> KBBTM-6 | L15: SS KOKO MOTIF CAPT FKMB-19:PASTEL GREEN:11-12:GRAPHIC:SS KOKO | M15: 179900 | N15: =N14 -> 0.6 | O15: =M15-((60*M15)/100) -> 71960 | P15: PERCENTAGE
A16: =A15 -> 2026 BAMUS D60 | B16: =B15 -> 46099 | C16: =C15 -> 46113 | D16: 3272 | E16: 336 | F16: 4 | G16: =G15 -> 2 | H16: =H15 -> 81574 | I16: CHARACTER | J16: 68217945 | K16: =K15 -> KBBTM-6 | L16: SS KOKO MOTIF CAPT FKMB-19:PASTEL GREEN:13-14:GRAPHIC:SS KOKO | M16: 179900 | N16: =N15 -> 0.6 | O16: =M16-((60*M16)/100) -> 71960 | P16: PERCENTAGE
A17: =A16 -> 2026 BAMUS D60 | B17: =B16 -> 46099 | C17: =C16 -> 46113 | D17: 3272 | E17: 336 | F17: 4 | G17: =G16 -> 2 | H17: =H16 -> 81574 | I17: CHARACTER | J17: 68217954 | K17: =K16 -> KBBTM-6 | L17: SS KOKO MOTIF CAPT FKMB-19:PASTEL GREEN:15-16:GRAPHIC:SS KOKO | M17: 179900 | N17: =N16 -> 0.6 | O17: =M17-((60*M17)/100) -> 71960 | P17: PERCENTAGE

Sheet 2026 HILITE B1 D20 B2G1
A1: ACARA | B1: FROM DATE | C1: TO DATE | D1: DEPT | E1: WORLD | F1: DIVISION | G1: CLASS | H1: SUPPLIER | I1: BRAND | J1: SKU | K1: ARTICLE | L1: DESCRIPTION | M1: HARGA NORMAL | N1: DISKON | O1: HARGA PROMO | P1: DISCOUNT TYPE
A2: 2026 HILITE B1 D20 B2G1 | B2: ='2019 ALL D95'!B2 -> 46099 | C2: ='2019 ALL D95'!C2 -> 46113 | D2: 3272 | E2: ='[1]2025 AUG B1G1'!E64 -> 336 | F2: ='[1]2025 AUG B1G1'!F64 -> 4 | G2: 2 | H2: 81574 | I2: CHARACTER | J2: 68217963 | K2: FKBTB-4 | L2: SS KOKO BATMAN PATCH FKBTB-4:DARK GREY:4:EMBRO:SS KOKO | M2: 179900 | N2: BXGY | O2: B1 DISC 20% B2G1 | P2: BXGY
A3: =A2 -> 2026 HILITE B1 D20 B2G1 | B3: =B2 -> 46099 | C3: =C2 -> 46113 | D3: =D2 -> 3272 | E3: =E2 -> 336 | F3: =F2 -> 4 | G3: 2 | H3: 81574 | I3: CHARACTER | J3: 68217972 | K3: FKBTB-4 | L3: SS KOKO BATMAN PATCH FKBTB-4:DARK GREY:4:EMBRO:SS KOKO | M3: =M2 -> 179900 | N3: BXGY | O3: =O2 -> B1 DISC 20% B2G1 | P3: BXGY
A4: =A3 -> 2026 HILITE B1 D20 B2G1 | B4: =B3 -> 46099 | C4: =C3 -> 46113 | D4: =D3 -> 3272 | E4: =E3 -> 336 | F4: =F3 -> 4 | G4: 2 | H4: 81574 | I4: CHARACTER | J4: 68217981 | K4: FKBTB-4 | L4: SS KOKO BATMAN PATCH FKBTB-4:DARK GREY:4:EMBRO:SS KOKO | M4: =M3 -> 179900 | N4: BXGY | O4: =O3 -> B1 DISC 20% B2G1 | P4: BXGY
A5: =A4 -> 2026 HILITE B1 D20 B2G1 | B5: =B4 -> 46099 | C5: =C4 -> 46113 | D5: =D4 -> 3272 | E5: =E4 -> 336 | F5: =F4 -> 4 | G5: 2 | H5: 81574 | I5: CHARACTER | J5: 68217990 | K5: FKBTB-4 | L5: SS KOKO BATMAN PATCH FKBTB-4:DARK GREY:4:EMBRO:SS KOKO | M5: =M4 -> 179900 | N5: BXGY | O5: =O4 -> B1 DISC 20% B2G1 | P5: BXGY
A6: =A5 -> 2026 HILITE B1 D20 B2G1 | B6: =B5 -> 46099 | C6: =C5 -> 46113 | D6: =D5 -> 3272 | E6: =E5 -> 336 | F6: =F5 -> 4 | G6: 2 | H6: 81574 | I6: CHARACTER | J6: 68218006 | K6: FKBTB-4 | L6: SS KOKO BATMAN PATCH FKBTB-4:DARK GREY:4:EMBRO:SS KOKO | M6: =M5 -> 179900 | N6: BXGY | O6: =O5 -> B1 DISC 20% B2G1 | P6: BXGY
A7: =A6 -> 2026 HILITE B1 D20 B2G1 | B7: =B6 -> 46099 | C7: =C6 -> 46113 | D7: =D6 -> 3272 | E7: =E6 -> 336 | F7: =F6 -> 4 | G7: 2 | H7: 81574 | I7: CHARACTER | J7: 68218015 | K7: FKBTB-4 | L7: SS KOKO BATMAN PATCH FKBTB-4:DARK GREY:4:EMBRO:SS KOKO | M7: =M6 -> 179900 | N7: BXGY | O7: =O6 -> B1 DISC 20% B2G1 | P7: BXGY
A8: =A7 -> 2026 HILITE B1 D20 B2G1 | B8: =B7 -> 46099 | C8: =C7 -> 46113 | D8: =D7 -> 3272 | E8: =E7 -> 336 | F8: =F7 -> 4 | G8: 2 | H8: 81574 | I8: CHARACTER | J8: 68218024 | K8: FKBTB-4 | L8: SS KOKO BATMAN PATCH FKBTB-4:DARK GREY:4:EMBRO:SS KOKO | M8: =M7 -> 179900 | N8: BXGY | O8: =O7 -> B1 DISC 20% B2G1 | P8: BXGY
A9: =A8 -> 2026 HILITE B1 D20 B2G1 | B9: =B8 -> 46099 | C9: =C8 -> 46113 | D9: =D8 -> 3272 | E9: =E8 -> 336 | F9: =F8 -> 4 | G9: 2 | H9: 81574 | I9: CHARACTER | J9: 68218033 | K9: FKBTB-4 | L9: SS KOKO BATMAN PATCH FKBTB-4:DARK GREY:4:EMBRO:SS KOKO | M9: =M8 -> 179900 | N9: BXGY | O9: =O8 -> B1 DISC 20% B2G1 | P9: BXGY
A10: =A9 -> 2026 HILITE B1 D20 B2G1 | B10: =B9 -> 46099 | C10: =C9 -> 46113 | D10: =D9 -> 3272 | E10: =E9 -> 336 | F10: =F9 -> 4 | G10: =G9 -> 2 | H10: 81574 | I10: CHARACTER | J10: 68218042 | K10: FKBTB-6 | L10: LS KOKO LOGO BATMAN FKBTB-6:WHITE:4:EMBRO:LS KOKO | M10: 199000 | N10: BXGY | O10: =O9 -> B1 DISC 20% B2G1 | P10: BXGY
A11: =A10 -> 2026 HILITE B1 D20 B2G1 | B11: =B10 -> 46099 | C11: =C10 -> 46113 | D11: =D10 -> 3272 | E11: =E10 -> 336 | F11: =F10 -> 4 | G11: =G10 -> 2 | H11: 81574 | I11: CHARACTER | J11: 68218051 | K11: FKBTB-6 | L11: LS KOKO LOGO BATMAN FKBTB-6:WHITE:5:EMBRO:LS KOKO | M11: =M10 -> 199000 | N11: BXGY | O11: =O10 -> B1 DISC 20% B2G1 | P11: BXGY
A12: =A11 -> 2026 HILITE B1 D20 B2G1 | B12: =B11 -> 46099 | C12: =C11 -> 46113 | D12: =D11 -> 3272 | E12: =E11 -> 336 | F12: =F11 -> 4 | G12: =G11 -> 2 | H12: 81574 | I12: CHARACTER | J12: 68218060 | K12: FKBTB-6 | L12: LS KOKO LOGO BATMAN FKBTB-6:WHITE:6:EMBRO:LS KOKO | M12: =M11 -> 199000 | N12: BXGY | O12: =O11 -> B1 DISC 20% B2G1 | P12: BXGY
A13: =A12 -> 2026 HILITE B1 D20 B2G1 | B13: =B12 -> 46099 | C13: =C12 -> 46113 | D13: =D12 -> 3272 | E13: =E12 -> 336 | F13: =F12 -> 4 | G13: =G12 -> 2 | H13: 81574 | I13: CHARACTER | J13: 68218079 | K13: FKBTB-6 | L13: LS KOKO LOGO BATMAN FKBTB-6:WHITE:7-8:EMBRO:LS KOKO | M13: =M12 -> 199000 | N13: BXGY | O13: =O12 -> B1 DISC 20% B2G1 | P13: BXGY
A14: =A13 -> 2026 HILITE B1 D20 B2G1 | B14: =B13 -> 46099 | C14: =C13 -> 46113 | D14: =D13 -> 3272 | E14: =E13 -> 336 | F14: =F13 -> 4 | G14: =G13 -> 2 | H14: 81574 | I14: CHARACTER | J14: 68218088 | K14: FKBTB-6 | L14: LS KOKO LOGO BATMAN FKBTB-6:WHITE:9-10:EMBRO:LS KOKO | M14: =M13 -> 199000 | N14: BXGY | O14: =O13 -> B1 DISC 20% B2G1 | P14: BXGY
A15: =A14 -> 2026 HILITE B1 D20 B2G1 | B15: =B14 -> 46099 | C15: =C14 -> 46113 | D15: =D14 -> 3272 | E15: =E14 -> 336 | F15: =F14 -> 4 | G15: =G14 -> 2 | H15: 81574 | I15: CHARACTER | J15: 68218097 | K15: FKBTB-6 | L15: LS KOKO LOGO BATMAN FKBTB-6:WHITE:11-12:EMBRO:LS KOKO | M15: =M14 -> 199000 | N15: BXGY | O15: =O14 -> B1 DISC 20% B2G1 | P15: BXGY
A16: =A15 -> 2026 HILITE B1 D20 B2G1 | B16: =B15 -> 46099 | C16: =C15 -> 46113 | D16: =D15 -> 3272 | E16: =E15 -> 336 | F16: =F15 -> 4 | G16: =G15 -> 2 | H16: 81574 | I16: CHARACTER | J16: 68218104 | K16: FKBTB-6 | L16: LS KOKO LOGO BATMAN FKBTB-6:WHITE:13-14:EMBRO:LS KOKO | M16: =M15 -> 199000 | N16: BXGY | O16: =O15 -> B1 DISC 20% B2G1 | P16: BXGY
A17: =A16 -> 2026 HILITE B1 D20 B2G1 | B17: =B16 -> 46099 | C17: =C16 -> 46113 | D17: =D16 -> 3272 | E17: =E16 -> 336 | F17: =F16 -> 4 | G17: =G16 -> 2 | H17: 81574 | I17: CHARACTER | J17: 68218113 | K17: FKBTB-6 | L17: LS KOKO LOGO BATMAN FKBTB-6:WHITE:15-16:EMBRO:LS KOKO | M17: =M16 -> 199000 | N17: BXGY | O17: =O16 -> B1 DISC 20% B2G1 | P17: BXGY
A18: =A17 -> 2026 HILITE B1 D20 B2G1 | B18: =B17 -> 46099 | C18: =C17 -> 46113 | D18: =D17 -> 3272 | E18: =E17 -> 336 | F18: =F17 -> 4 | G18: =G17 -> 2 | H18: 81574 | I18: CHARACTER | J18: 68218122 | K18: KBBTM | L18: SS KOKO TEXTURE BATMAN KBBTM:WHITE:4:STRIPES:SS KOKO | M18: 179900 | N18: BXGY | O18: =O17 -> B1 DISC 20% B2G1 | P18: BXGY
A19: =A18 -> 2026 HILITE B1 D20 B2G1 | B19: =B18 -> 46099 | C19: =C18 -> 46113 | D19: =D18 -> 3272 | E19: =E18 -> 336 | F19: =F18 -> 4 | G19: =G18 -> 2 | H19: 81574 | I19: CHARACTER | J19: 68218131 | K19: KBBTM | L19: SS KOKO TEXTURE BATMAN KBBTM:WHITE:5:STRIPES:SS KOKO | M19: =M18 -> 179900 | N19: BXGY | O19: =O18 -> B1 DISC 20% B2G1 | P19: BXGY
A20: =A19 -> 2026 HILITE B1 D20 B2G1 | B20: =B19 -> 46099 | C20: =C19 -> 46113 | D20: =D19 -> 3272 | E20: =E19 -> 336 | F20: =F19 -> 4 | G20: =G19 -> 2 | H20: 81574 | I20: CHARACTER | J20: 68218140 | K20: KBBTM | L20: SS KOKO TEXTURE BATMAN KBBTM:WHITE:6:STRIPES:SS KOKO | M20: =M19 -> 179900 | N20: BXGY | O20: =O19 -> B1 DISC 20% B2G1 | P20: BXGY
A21: =A20 -> 2026 HILITE B1 D20 B2G1 | B21: =B20 -> 46099 | C21: =C20 -> 46113 | D21: =D20 -> 3272 | E21: =E20 -> 336 | F21: =F20 -> 4 | G21: =G20 -> 2 | H21: 81574 | I21: CHARACTER | J21: 68218159 | K21: KBBTM | L21: SS KOKO TEXTURE BATMAN KBBTM:WHITE:7-8:STRIPES:SS KOKO | M21: =M20 -> 179900 | N21: BXGY | O21: =O20 -> B1 DISC 20% B2G1 | P21: BXGY
A22: =A21 -> 2026 HILITE B1 D20 B2G1 | B22: =B21 -> 46099 | C22: =C21 -> 46113 | D22: =D21 -> 3272 | E22: =E21 -> 336 | F22: =F21 -> 4 | G22: =G21 -> 2 | H22: 81574 | I22: CHARACTER | J22: 68218168 | K22: KBBTM | L22: SS KOKO TEXTURE BATMAN KBBTM:WHITE:9-10:STRIPES:SS KOKO | M22: =M21 -> 179900 | N22: BXGY | O22: =O21 -> B1 DISC 20% B2G1 | P22: BXGY
A23: =A22 -> 2026 HILITE B1 D20 B2G1 | B23: =B22 -> 46099 | C23: =C22 -> 46113 | D23: =D22 -> 3272 | E23: =E22 -> 336 | F23: =F22 -> 4 | G23: =G22 -> 2 | H23: 81574 | I23: CHARACTER | J23: 68218177 | K23: KBBTM | L23: SS KOKO TEXTURE BATMAN KBBTM:WHITE:11-12:STRIPES:SS KOKO | M23: =M22 -> 179900 | N23: BXGY | O23: =O22 -> B1 DISC 20% B2G1 | P23: BXGY
A24: =A23 -> 2026 HILITE B1 D20 B2G1 | B24: =B23 -> 46099 | C24: =C23 -> 46113 | D24: =D23 -> 3272 | E24: =E23 -> 336 | F24: =F23 -> 4 | G24: =G23 -> 2 | H24: 81574 | I24: CHARACTER | J24: 68218186 | K24: KBBTM | L24: SS KOKO TEXTURE BATMAN KBBTM:WHITE:13-14:STRIPES:SS KOKO | M24: =M23 -> 179900 | N24: BXGY | O24: =O23 -> B1 DISC 20% B2G1 | P24: BXGY
A25: =A24 -> 2026 HILITE B1 D20 B2G1 | B25: =B24 -> 46099 | C25: =C24 -> 46113 | D25: =D24 -> 3272 | E25: =E24 -> 336 | F25: =F24 -> 4 | G25: =G24 -> 2 | H25: 81574 | I25: CHARACTER | J25: 68218195 | K25: KBBTM | L25: SS KOKO TEXTURE BATMAN KBBTM:WHITE:15-16:STRIPES:SS KOKO | M25: =M24 -> 179900 | N25: BXGY | O25: =O24 -> B1 DISC 20% B2G1 | P25: BXGY
A26: =A25 -> 2026 HILITE B1 D20 B2G1 | B26: =B25 -> 46099 | C26: =C25 -> 46113 | D26: =D25 -> 3272 | E26: =E25 -> 336 | F26: =F25 -> 4 | G26: =G25 -> 2 | H26: =H25 -> 81574 | I26: CHARACTER | J26: 68218284 | K26: KBBTM-05 | L26: SS SHIRT FULLPRINT BATMAN KBBTM-05:CHARCOAL:7-8:GRAPHIC:SS SHIRT | M26: 149900 | N26: BXGY | O26: =O25 -> B1 DISC 20% B2G1 | P26: BXGY
A27: =A26 -> 2026 HILITE B1 D20 B2G1 | B27: =B26 -> 46099 | C27: =C26 -> 46113 | D27: =D26 -> 3272 | E27: =E26 -> 336 | F27: =F26 -> 4 | G27: =G26 -> 2 | H27: =H26 -> 81574 | I27: CHARACTER | J27: 68218293 | K27: KBBTM-05 | L27: SS SHIRT FULLPRINT BATMAN KBBTM-05:CHARCOAL:9-10:GRAPHIC:SS SHIRT | M27: =M26 -> 149900 | N27: BXGY | O27: =O26 -> B1 DISC 20% B2G1 | P27: BXGY
A28: =A27 -> 2026 HILITE B1 D20 B2G1 | B28: =B27 -> 46099 | C28: =C27 -> 46113 | D28: =D27 -> 3272 | E28: =E27 -> 336 | F28: =F27 -> 4 | G28: =G27 -> 2 | H28: =H27 -> 81574 | I28: CHARACTER | J28: 68218300 | K28: KBBTM-05 | L28: SS SHIRT FULLPRINT BATMAN KBBTM-05:CHARCOAL:11-12:GRAPHIC:SS SHIRT | M28: =M27 -> 149900 | N28: BXGY | O28: =O27 -> B1 DISC 20% B2G1 | P28: BXGY
A29: =A28 -> 2026 HILITE B1 D20 B2G1 | B29: =B28 -> 46099 | C29: =C28 -> 46113 | D29: =D28 -> 3272 | E29: =E28 -> 336 | F29: =F28 -> 4 | G29: =G28 -> 2 | H29: =H28 -> 81574 | I29: CHARACTER | J29: 68218319 | K29: KBBTM-05 | L29: SS SHIRT FULLPRINT BATMAN KBBTM-05:CHARCOAL:13-14:GRAPHIC:SS SHIRT | M29: =M28 -> 149900 | N29: BXGY | O29: =O28 -> B1 DISC 20% B2G1 | P29: BXGY
A30: =A29 -> 2026 HILITE B1 D20 B2G1 | B30: =B29 -> 46099 | C30: =C29 -> 46113 | D30: =D29 -> 3272 | E30: =E29 -> 336 | F30: =F29 -> 4 | G30: =G29 -> 2 | H30: =H29 -> 81574 | I30: CHARACTER | J30: 68218328 | K30: KBBTM-05 | L30: SS SHIRT FULLPRINT BATMAN KBBTM-05:CHARCOAL:15-16:GRAPHIC:SS SHIRT | M30: =M29 -> 149900 | N30: BXGY | O30: =O29 -> B1 DISC 20% B2G1 | P30: BXGY
A31: =A30 -> 2026 HILITE B1 D20 B2G1 | B31: =B30 -> 46099 | C31: =C30 -> 46113 | D31: =D30 -> 3272 | E31: =E30 -> 336 | F31: =F30 -> 4 | G31: =G30 -> 2 | H31: =H30 -> 81574 | I31: CHARACTER | J31: 68218202 | K31: KBBTM-09 | L31: SS SHIRT DENIM BATMAN KBBTM-09:CLASSIC BLUE:4:EMBRO:SS SHIRT | M31: 199900 | N31: BXGY | O31: =O30 -> B1 DISC 20% B2G1 | P31: BXGY
A32: =A31 -> 2026 HILITE B1 D20 B2G1 | B32: =B31 -> 46099 | C32: =C31 -> 46113 | D32: =D31 -> 3272 | E32: =E31 -> 336 | F32: =F31 -> 4 | G32: =G31 -> 2 | H32: =H31 -> 81574 | I32: CHARACTER | J32: 68218211 | K32: KBBTM-09 | L32: SS SHIRT DENIM BATMAN KBBTM-09:CLASSIC BLUE:5:EMBRO:SS SHIRT | M32: =M31 -> 199900 | N32: BXGY | O32: =O31 -> B1 DISC 20% B2G1 | P32: BXGY
A33: =A32 -> 2026 HILITE B1 D20 B2G1 | B33: =B32 -> 46099 | C33: =C32 -> 46113 | D33: =D32 -> 3272 | E33: =E32 -> 336 | F33: =F32 -> 4 | G33: =G32 -> 2 | H33: =H32 -> 81574 | I33: CHARACTER | J33: 68218220 | K33: KBBTM-09 | L33: SS SHIRT DENIM BATMAN KBBTM-09:CLASSIC BLUE:6:EMBRO:SS SHIRT | M33: =M32 -> 199900 | N33: BXGY | O33: =O32 -> B1 DISC 20% B2G1 | P33: BXGY
A34: =A33 -> 2026 HILITE B1 D20 B2G1 | B34: =B33 -> 46099 | C34: =C33 -> 46113 | D34: =D33 -> 3272 | E34: =E33 -> 336 | F34: =F33 -> 4 | G34: =G33 -> 2 | H34: =H33 -> 81574 | I34: CHARACTER | J34: 68218239 | K34: KBBTM-09 | L34: SS SHIRT DENIM BATMAN KBBTM-09:CLASSIC BLUE:7-8:EMBRO:SS SHIRT | M34: =M33 -> 199900 | N34: BXGY | O34: =O33 -> B1 DISC 20% B2G1 | P34: BXGY
A35: =A34 -> 2026 HILITE B1 D20 B2G1 | B35: =B34 -> 46099 | C35: =C34 -> 46113 | D35: =D34 -> 3272 | E35: =E34 -> 336 | F35: =F34 -> 4 | G35: =G34 -> 2 | H35: =H34 -> 81574 | I35: CHARACTER | J35: 68218248 | K35: KBBTM-09 | L35: SS SHIRT DENIM BATMAN KBBTM-09:CLASSIC BLUE:9-10:EMBRO:SS SHIRT | M35: =M34 -> 199900 | N35: BXGY | O35: =O34 -> B1 DISC 20% B2G1 | P35: BXGY
A36: =A35 -> 2026 HILITE B1 D20 B2G1 | B36: =B35 -> 46099 | C36: =C35 -> 46113 | D36: =D35 -> 3272 | E36: =E35 -> 336 | F36: =F35 -> 4 | G36: =G35 -> 2 | H36: =H35 -> 81574 | I36: CHARACTER | J36: 68218257 | K36: KBBTM-09 | L36: SS SHIRT DENIM BATMAN KBBTM-09:CLASSIC BLUE:11-12:EMBRO:SS SHIRT | M36: =M35 -> 199900 | N36: BXGY | O36: =O35 -> B1 DISC 20% B2G1 | P36: BXGY
A37: =A36 -> 2026 HILITE B1 D20 B2G1 | B37: =B36 -> 46099 | C37: =C36 -> 46113 | D37: =D36 -> 3272 | E37: =E36 -> 336 | F37: =F36 -> 4 | G37: =G36 -> 2 | H37: =H36 -> 81574 | I37: CHARACTER | J37: 68218266 | K37: KBBTM-09 | L37: SS SHIRT DENIM BATMAN KBBTM-09:CLASSIC BLUE:13-14:EMBRO:SS SHIRT | M37: =M36 -> 199900 | N37: BXGY | O37: =O36 -> B1 DISC 20% B2G1 | P37: BXGY
A38: =A37 -> 2026 HILITE B1 D20 B2G1 | B38: =B37 -> 46099 | C38: =C37 -> 46113 | D38: =D37 -> 3272 | E38: =E37 -> 336 | F38: =F37 -> 4 | G38: =G37 -> 2 | H38: =H37 -> 81574 | I38: CHARACTER | J38: 68218275 | K38: KBBTM-09 | L38: SS SHIRT DENIM BATMAN KBBTM-09:CLASSIC BLUE:15-16:EMBRO:SS SHIRT | M38: =M37 -> 199900 | N38: BXGY | O38: =O37 -> B1 DISC 20% B2G1 | P38: BXGY
A39: =A38 -> 2026 HILITE B1 D20 B2G1 | B39: =B38 -> 46099 | C39: =C38 -> 46113 | D39: =D38 -> 3272 | E39: =E38 -> 336 | F39: =F38 -> 4 | G39: 4 | H39: =H38 -> 81574 | I39: CHARACTER | J39: 68218499 | K39: KBBTM-4 | L39: SHORT PANTS CARGO PARASUT BATMAN KBBTM-4:KHAKI:4:EMBRO:LONG PANTS | M39: 149900 | N39: BXGY | O39: =O38 -> B1 DISC 20% B2G1 | P39: BXGY
A40: =A39 -> 2026 HILITE B1 D20 B2G1 | B40: =B39 -> 46099 | C40: =C39 -> 46113 | D40: =D39 -> 3272 | E40: =E39 -> 336 | F40: =F39 -> 4 | G40: =G39 -> 4 | H40: =H39 -> 81574 | I40: CHARACTER | J40: 68218506 | K40: KBBTM-4 | L40: SHORT PANTS CARGO PARASUT BATMAN KBBTM-4:KHAKI:5:EMBRO:LONG PANTS | M40: 149900 | N40: BXGY | O40: =O39 -> B1 DISC 20% B2G1 | P40: BXGY
A41: =A40 -> 2026 HILITE B1 D20 B2G1 | B41: =B40 -> 46099 | C41: =C40 -> 46113 | D41: =D40 -> 3272 | E41: =E40 -> 336 | F41: =F40 -> 4 | G41: =G40 -> 4 | H41: =H40 -> 81574 | I41: CHARACTER | J41: 68218515 | K41: KBBTM-4 | L41: SHORT PANTS CARGO PARASUT BATMAN KBBTM-4:KHAKI:6:EMBRO:LONG PANTS | M41: 149900 | N41: BXGY | O41: =O40 -> B1 DISC 20% B2G1 | P41: BXGY
A42: =A41 -> 2026 HILITE B1 D20 B2G1 | B42: =B41 -> 46099 | C42: =C41 -> 46113 | D42: =D41 -> 3272 | E42: =E41 -> 336 | F42: =F41 -> 4 | G42: =G41 -> 4 | H42: =H41 -> 81574 | I42: CHARACTER | J42: 68218524 | K42: KBBTM-4 | L42: SHORT PANTS CARGO PARASUT BATMAN KBBTM-4:KHAKI:7-8:EMBRO:LONG PANTS | M42: 149900 | N42: BXGY | O42: =O41 -> B1 DISC 20% B2G1 | P42: BXGY
A43: =A42 -> 2026 HILITE B1 D20 B2G1 | B43: =B42 -> 46099 | C43: =C42 -> 46113 | D43: =D42 -> 3272 | E43: =E42 -> 336 | F43: =F42 -> 4 | G43: =G42 -> 4 | H43: =H42 -> 81574 | I43: CHARACTER | J43: 68218533 | K43: KBBTM-4 | L43: SHORT PANTS CARGO PARASUT BATMAN KBBTM-4:KHAKI:9-10:EMBRO:LONG PANTS | M43: 149900 | N43: BXGY | O43: =O42 -> B1 DISC 20% B2G1 | P43: BXGY
A44: =A43 -> 2026 HILITE B1 D20 B2G1 | B44: =B43 -> 46099 | C44: =C43 -> 46113 | D44: =D43 -> 3272 | E44: =E43 -> 336 | F44: =F43 -> 4 | G44: =G43 -> 4 | H44: =H43 -> 81574 | I44: CHARACTER | J44: 68218542 | K44: KBBTM-4 | L44: SHORT PANTS CARGO PARASUT BATMAN KBBTM-4:KHAKI:11-12:EMBRO:LONG PANTS | M44: 149900 | N44: BXGY | O44: =O43 -> B1 DISC 20% B2G1 | P44: BXGY
A45: =A44 -> 2026 HILITE B1 D20 B2G1 | B45: =B44 -> 46099 | C45: =C44 -> 46113 | D45: =D44 -> 3272 | E45: =E44 -> 336 | F45: =F44 -> 4 | G45: =G44 -> 4 | H45: =H44 -> 81574 | I45: CHARACTER | J45: 68218551 | K45: KBBTM-4 | L45: SHORT PANTS CARGO PARASUT BATMAN KBBTM-4:KHAKI:13-14:EMBRO:LONG PANTS | M45: 149900 | N45: BXGY | O45: =O44 -> B1 DISC 20% B2G1 | P45: BXGY
A46: =A45 -> 2026 HILITE B1 D20 B2G1 | B46: =B45 -> 46099 | C46: =C45 -> 46113 | D46: =D45 -> 3272 | E46: =E45 -> 336 | F46: =F45 -> 4 | G46: =G45 -> 4 | H46: =H45 -> 81574 | I46: CHARACTER | J46: 68218560 | K46: KBBTM-4 | L46: SHORT PANTS CARGO PARASUT BATMAN KBBTM-4:KHAKI:15-16:EMBRO:LONG PANTS | M46: 149900 | N46: BXGY | O46: =O45 -> B1 DISC 20% B2G1 | P46: BXGY
A47: =A46 -> 2026 HILITE B1 D20 B2G1 | B47: =B46 -> 46099 | C47: =C46 -> 46113 | D47: =D46 -> 3272 | E47: =E46 -> 336 | F47: =F46 -> 4 | G47: 5 | H47: =H46 -> 81574 | I47: CHARACTER | J47: 68218417 | K47: KBBTB-3 | L47: LONG PANTS CARGO WVN BATMAN KBBTB-3:BLACK:4:EMBRO:LONG PANTS | M47: 179900 | N47: BXGY | O47: =O46 -> B1 DISC 20% B2G1 | P47: BXGY
A48: =A47 -> 2026 HILITE B1 D20 B2G1 | B48: =B47 -> 46099 | C48: =C47 -> 46113 | D48: =D47 -> 3272 | E48: =E47 -> 336 | F48: =F47 -> 4 | G48: =G47 -> 5 | H48: =H47 -> 81574 | I48: CHARACTER | J48: 68218426 | K48: KBBTB-3 | L48: LONG PANTS CARGO WVN BATMAN KBBTB-3:BLACK:5:EMBRO:LONG PANTS | M48: 179900 | N48: BXGY | O48: =O47 -> B1 DISC 20% B2G1 | P48: BXGY
A49: =A48 -> 2026 HILITE B1 D20 B2G1 | B49: =B48 -> 46099 | C49: =C48 -> 46113 | D49: =D48 -> 3272 | E49: =E48 -> 336 | F49: =F48 -> 4 | G49: =G48 -> 5 | H49: =H48 -> 81574 | I49: CHARACTER | J49: 68218435 | K49: KBBTB-3 | L49: LONG PANTS CARGO WVN BATMAN KBBTB-3:BLACK:6:EMBRO:LONG PANTS | M49: 179900 | N49: BXGY | O49: =O48 -> B1 DISC 20% B2G1 | P49: BXGY
A50: =A49 -> 2026 HILITE B1 D20 B2G1 | B50: =B49 -> 46099 | C50: =C49 -> 46113 | D50: =D49 -> 3272 | E50: =E49 -> 336 | F50: =F49 -> 4 | G50: =G49 -> 5 | H50: =H49 -> 81574 | I50: CHARACTER | J50: 68218444 | K50: KBBTB-3 | L50: LONG PANTS CARGO WVN BATMAN KBBTB-3:BLACK:7-8:EMBRO:LONG PANTS | M50: 179900 | N50: BXGY | O50: =O49 -> B1 DISC 20% B2G1 | P50: BXGY
A51: =A50 -> 2026 HILITE B1 D20 B2G1 | B51: =B50 -> 46099 | C51: =C50 -> 46113 | D51: =D50 -> 3272 | E51: =E50 -> 336 | F51: =F50 -> 4 | G51: =G50 -> 5 | H51: =H50 -> 81574 | I51: CHARACTER | J51: 68218453 | K51: KBBTB-3 | L51: LONG PANTS CARGO WVN BATMAN KBBTB-3:BLACK:9-10:EMBRO:LONG PANTS | M51: 179900 | N51: BXGY | O51: =O50 -> B1 DISC 20% B2G1 | P51: BXGY
A52: =A51 -> 2026 HILITE B1 D20 B2G1 | B52: =B51 -> 46099 | C52: =C51 -> 46113 | D52: =D51 -> 3272 | E52: =E51 -> 336 | F52: =F51 -> 4 | G52: =G51 -> 5 | H52: =H51 -> 81574 | I52: CHARACTER | J52: 68218462 | K52: KBBTB-3 | L52: LONG PANTS CARGO WVN BATMAN KBBTB-3:BLACK:11-12:EMBRO:LONG PANTS | M52: 179900 | N52: BXGY | O52: =O51 -> B1 DISC 20% B2G1 | P52: BXGY
A53: =A52 -> 2026 HILITE B1 D20 B2G1 | B53: =B52 -> 46099 | C53: =C52 -> 46113 | D53: =D52 -> 3272 | E53: =E52 -> 336 | F53: =F52 -> 4 | G53: =G52 -> 5 | H53: =H52 -> 81574 | I53: CHARACTER | J53: 68218471 | K53: KBBTB-3 | L53: LONG PANTS CARGO WVN BATMAN KBBTB-3:BLACK:13-14:EMBRO:LONG PANTS | M53: 179900 | N53: BXGY | O53: =O52 -> B1 DISC 20% B2G1 | P53: BXGY
A54: =A53 -> 2026 HILITE B1 D20 B2G1 | B54: =B53 -> 46099 | C54: =C53 -> 46113 | D54: =D53 -> 3272 | E54: =E53 -> 336 | F54: =F53 -> 4 | G54: =G53 -> 5 | H54: =H53 -> 81574 | I54: CHARACTER | J54: 68218480 | K54: KBBTB-3 | L54: LONG PANTS CARGO WVN BATMAN KBBTB-3:BLACK:15-16:EMBRO:LONG PANTS | M54: 179900 | N54: BXGY | O54: =O53 -> B1 DISC 20% B2G1 | P54: BXGY
A55: =A54 -> 2026 HILITE B1 D20 B2G1 | B55: =B54 -> 46099 | C55: =C54 -> 46113 | D55: =D54 -> 3272 | E55: =E54 -> 336 | F55: =F54 -> 4 | G55: =G54 -> 5 | H55: =H54 -> 81574 | I55: CHARACTER | J55: 68218337 | K55: KBBTM-3 | L55: DENIM LONG PANTS BATMAN LOGO BDR KTG KBBTM-3:FROST GREY:4:EMBRO:DENIM LONG PANTS | M55: 179900 | N55: BXGY | O55: =O54 -> B1 DISC 20% B2G1 | P55: BXGY
A56: =A55 -> 2026 HILITE B1 D20 B2G1 | B56: =B55 -> 46099 | C56: =C55 -> 46113 | D56: =D55 -> 3272 | E56: =E55 -> 336 | F56: =F55 -> 4 | G56: =G55 -> 5 | H56: =H55 -> 81574 | I56: CHARACTER | J56: 68218346 | K56: KBBTM-3 | L56: DENIM LONG PANTS BATMAN LOGO BDR KTG KBBTM-3:FROST GREY:5:EMBRO:DENIM LONG PANTS | M56: 179900 | N56: BXGY | O56: =O55 -> B1 DISC 20% B2G1 | P56: BXGY
A57: =A56 -> 2026 HILITE B1 D20 B2G1 | B57: =B56 -> 46099 | C57: =C56 -> 46113 | D57: =D56 -> 3272 | E57: =E56 -> 336 | F57: =F56 -> 4 | G57: =G56 -> 5 | H57: =H56 -> 81574 | I57: CHARACTER | J57: 68218355 | K57: KBBTM-3 | L57: DENIM LONG PANTS BATMAN LOGO BDR KTG KBBTM-3:FROST GREY:6:EMBRO:DENIM LONG PANTS | M57: 179900 | N57: BXGY | O57: =O56 -> B1 DISC 20% B2G1 | P57: BXGY
A58: =A57 -> 2026 HILITE B1 D20 B2G1 | B58: =B57 -> 46099 | C58: =C57 -> 46113 | D58: =D57 -> 3272 | E58: =E57 -> 336 | F58: =F57 -> 4 | G58: =G57 -> 5 | H58: =H57 -> 81574 | I58: CHARACTER | J58: 68218364 | K58: KBBTM-3 | L58: DENIM LONG PANTS BATMAN LOGO BDR KTG KBBTM-3:FROST GREY:7-8:EMBRO:DENIM LONG PANTS | M58: 179900 | N58: BXGY | O58: =O57 -> B1 DISC 20% B2G1 | P58: BXGY
A59: =A58 -> 2026 HILITE B1 D20 B2G1 | B59: =B58 -> 46099 | C59: =C58 -> 46113 | D59: =D58 -> 3272 | E59: =E58 -> 336 | F59: =F58 -> 4 | G59: =G58 -> 5 | H59: =H58 -> 81574 | I59: CHARACTER | J59: 68218373 | K59: KBBTM-3 | L59: DENIM LONG PANTS BATMAN LOGO BDR KTG KBBTM-3:FROST GREY:9-10:EMBRO:DENIM LONG PANTS | M59: 179900 | N59: BXGY | O59: =O58 -> B1 DISC 20% B2G1 | P59: BXGY
... A62: =A61 -> 2026 HILITE B1 D20 B2G1 | B62: =B61 -> 46099 | C62: =C61 -> 46113 | D62: =D61 -> 3272 | E62: =E61 -> 336 | F62: =F61 -> 4 | G62: =G61 -> 5 | H62: =H61 -> 81574 | I62: CHARACTER | J62: 68218408 | K62: KBBTM-3 | L62: DENIM LONG PANTS BATMAN LOGO BDR KTG KBBTM-3:FROST GREY:15-16:EMBRO:DENIM LONG PANTS | M62: 179900 | N62: BXGY | O62: =O61 -> B1 DISC 20% B2G1 | P62: BXGY
