Workbook

Sheet 2019 ALL D95
A1: ACARA | B1: FROM DATE | C1: TO DATE | D1: DEPT | E1: WORLD | F1: DIVISION | G1: CLASS | H1: SUPPLIER | I1: BRAND | J1: SKU | K1: ARTICLE | L1: DESCRIPTION | M1: HARGA NORMAL | N1: DISKON | O1: HARGA PROMO | P1: DISCOUNT TYPE
A2: 2019 ALL D95 | B2: 46099 | C2: 46113 | D2: 3273 | E2: 336 | F2: 4 | G2: 1 | H2: 81588 | I2: DISNEY | J2: 21466237 | K2: MR07 | L2: 66020100MIC TS MIC NICE DAYA:WHITE:L | M2: 89900 | N2: 0.95 | O2: =M2-((95*M2)/100) -> 4495 | P2: PERCENTAGE
A3: 2019 ALL D95 | B3: =B2 -> 46099 | C3: =C2 -> 46113 | D3: 3273 | E3: 336 | F3: 4 | G3: 1 | H3: 81588 | I3: DISNEY | J3: 22564049 | K3: MICA16 | L3: 66060100MIC TS MICKEY SPLASH:BLACK:15-16 | M3: 139900 | N3: 0.95 | O3: =M3-((95*M3)/100) -> 6995 | P3: PERCENTAGE
A4: 2019 ALL D95 | B4: =B3 -> 46099 | C4: =C3 -> 46113 | D4: 3273 | E4: 336 | F4: 4 | G4: 1 | H4: 81588 | I4: DISNEY | J4: 22564067 | K4: MICA16 | L4: 66060100MIC TS MICKEY SPLASH:WHITE:11-12 | M4: 139900 | N4: 0.95 | O4: =M4-((95*M4)/100) -> 6995 | P4: PERCENTAGE
A5: 2019 ALL D95 | B5: =B4 -> 46099 | C5: =C4 -> 46113 | D5: 3273 | E5: 336 | F5: 4 | G5: 1 | H5: 81588 | I5: DISNEY | J5: 22564085 | K5: MICA16 | L5: 66060100MIC TS MICKEY SPLASH:WHITE:15-16 | M5: 139900 | N5: 0.95 | O5: =M5-((95*M5)/100) -> 6995 | P5: PERCENTAGE
A6: 2019 ALL D95 | B6: =B5 -> 46099 | C6: =C5 -> 46113 | D6: 3273 | E6: 336 | F6: 4 | G6: 1 | H6: 81221 | I6: DISNEY | J6: 22595471 | K6: MICA16 | L6: 66020100MIC TS MICKEY SPLASH WH:WHITE:S | M6: 139900 | N6: 0.95 | O6: =M6-((95*M6)/100) -> 6995 | P6: PERCENTAGE
A7: 2019 ALL D95 | B7: =B6 -> 46099 | C7: =C6 -> 46113 | D7: 3273 | E7: 336 | F7: 4 | G7: 1 | H7: 81588 | I7: DISNEY | J7: 22595506 | K7: MICA16 | L7: 66020100MIC TS MICKEY SPLASH WH:WHITE:XL | M7: 139900 | N7: 0.95 | O7: =M7-((95*M7)/100) -> 6995 | P7: PERCENTAGE
A8: 2019 ALL D95 | B8: =B7 -> 46099 | C8: =C7 -> 46113 | D8: 3273 | E8: 336 | F8: 4 | G8: 1 | H8: 81676 | I8: DISNEY | J8: 22957955 | K8: HEROR9B | L8: 66040100BH6 TS BIG HERO BAYMAX SLR:WHITE:5-6 | M8: 129900 | N8: 0.95 | O8: =M8-((95*M8)/100) -> 6495 | P8: PERCENTAGE
A9: 2019 ALL D95 | B9: =B8 -> 46099 | C9: =C8 -> 46113 | D9: 3273 | E9: 336 | F9: 4 | G9: 1 | H9: 81676 | I9: DISNEY | J9: 22989368 | K9: HEROR3A | L9: 66020100BH6 TS BIG HERO TEAM:TURQUOISE:S | M9: 129900 | N9: 0.95 | O9: =M9-((95*M9)/100) -> 6495 | P9: PERCENTAGE
A10: 2019 ALL D95 | B10: =B9 -> 46099 | C10: =C9 -> 46113 | D10: 3273 | E10: 336 | F10: 4 | G10: 1 | H10: 81676 | I10: DISNEY | J10: 22989386 | K10: HEROR3A | L10: 66020100BH6 TS BIG HERO TEAM:TURQUOISE:L | M10: 129900 | N10: 0.95 | O10: =M10-((95*M10)/100) -> 6495 | P10: PERCENTAGE
A11: 2019 ALL D95 | B11: =B10 -> 46099 | C11: =C10 -> 46113 | D11: 3273 | E11: 336 | F11: 4 | G11: 1 | H11: 81676 | I11: DISNEY | J11: 22989395 | K11: HEROR3B | L11: 66040100BH6 TS BIG HERO TEAM:TURQUOISE:5-6 | M11: 129900 | N11: 0.95 | O11: =M11-((95*M11)/100) -> 6495 | P11: PERCENTAGE
A12: 2019 ALL D95 | B12: =B11 -> 46099 | C12: =C11 -> 46113 | D12: 3273 | E12: 336 | F12: 4 | G12: 1 | H12: 81676 | I12: DISNEY | J12: 23801772 | K12: 81221 | L12: 66020100MIC TS MICKEY BALL 28:WHITE:XL | M12: 129900 | N12: 0.95 | O12: =M12-((95*M12)/100) -> 6495 | P12: PERCENTAGE
A13: 2019 ALL D95 | B13: =B12 -> 46099 | C13: =C12 -> 46113 | D13: 3273 | E13: 336 | F13: 4 | G13: 1 | H13: 81676 | I13: DISNEY | J13: 24784585 | K13: DISK92 | L13: 66020100MIC TS MICKEY COLOUR STRIPE:MISTY LIGHT GRE:XS | M13: 99900 | N13: 0.95 | O13: =M13-((95*M13)/100) -> 4995 | P13: PERCENTAGE
A14: 2019 ALL D95 | B14: =B13 -> 46099 | C14: =C13 -> 46113 | D14: 3273 | E14: 336 | F14: 4 | G14: 1 | H14: 81676 | I14: DISNEY | J14: 24784594 | K14: DISK92 | L14: 66020100MIC TS MICKEY COLOUR STRIPE:MISTY LIGHT GRE:S | M14: 99900 | N14: 0.95 | O14: =M14-((95*M14)/100) -> 4995 | P14: PERCENTAGE
... A881: 2019 ALL D95 | B881: =B880 -> 46099 | C881: =C880 -> 46113 | D881: 3273 | E881: 336 | F881: 4 | G881: 9 | H881: 81574 | I881: DISNEY | J881: 24962150 | K881: 93575 | L881: 66060100MCS CP DNM SPIDERMAN FACE:MEDIUM DENIM:15-16 | M881: 269900 | N881: 0.95 | O881: =M881-((95*M881)/100) -> 13495 | P881: PERCENTAGE

Sheet 2020-2021 ALL D90
A1: ACARA | B1: FROM DATE | C1: TO DATE | D1: DEPT | E1: WORLD | F1: DIVISION | G1: CLASS | H1: SUPPLIER | I1: BRAND | J1: SKU | K1: ARTICLE | L1: DESCRIPTION | M1: HARGA NORMAL | N1: DISKON | O1: HARGA PROMO | P1: DISCOUNT TYPE
A2: 2020-2021 ALL D90 | B2: ='2019 ALL D95'!B2 -> 46099 | C2: ='2019 ALL D95'!C2 -> 46113 | D2: 3273 | E2: 336 | F2: 4 | G2: 1 | H2: 81221 | I2: DISNEY | J2: 24389940 | K2: TSMKYSL | L2: 66020100MIC TS MIC KOSTUM SALUR:WHITE:XS | M2: 139900 | N2: 0.9 | O2: =M2-((90*M2)/100) -> 13990 | P2: PERCENTAGE
A3: =A2 -> 2020-2021 ALL D90 | B3: =B2 -> 46099 | C3: =C2 -> 46113 | D3: 3273 | E3: 336 | F3: 4 | G3: 1 | H3: 81221 | I3: DISNEY | J3: 24389959 | K3: TSMKYSL | L3: 66020100MIC TS MIC KOSTUM SALUR:WHITE:S | M3: 139900 | N3: 0.9 | O3: =M3-((90*M3)/100) -> 13990 | P3: PERCENTAGE
A4: =A3 -> 2020-2021 ALL D90 | B4: =B3 -> 46099 | C4: =C3 -> 46113 | D4: 3273 | E4: 336 | F4: 4 | G4: 1 | H4: 81221 | I4: DISNEY | J4: 24389968 | K4: TSMKYSL | L4: 66020100MIC TS MIC KOSTUM SALUR:WHITE:M | M4: 139900 | N4: 0.9 | O4: =M4-((90*M4)/100) -> 13990 | P4: PERCENTAGE
A5: =A4 -> 2020-2021 ALL D90 | B5: =B4 -> 46099 | C5: =C4 -> 46113 | D5: 3273 | E5: 336 | F5: 4 | G5: 1 | H5: 81221 | I5: DISNEY | J5: 24389977 | K5: TSMKYSL | L5: 66020100MIC TS MIC KOSTUM SALUR:WHITE:L | M5: 139900 | N5: 0.9 | O5: =M5-((90*M5)/100) -> 13990 | P5: PERCENTAGE
A6: =A5 -> 2020-2021 ALL D90 | B6: =B5 -> 46099 | C6: =C5 -> 46113 | D6: 3273 | E6: 336 | F6: 4 | G6: 1 | H6: 81221 | I6: DISNEY | J6: 24389986 | K6: TSMKYSL | L6: 66020100MIC TS MIC KOSTUM SALUR:WHITE:XL | M6: 139900 | N6: 0.9 | O6: =M6-((90*M6)/100) -> 13990 | P6: PERCENTAGE
A7: =A6 -> 2020-2021 ALL D90 | B7: =B6 -> 46099 | C7: =C6 -> 46113 | D7: 3273 | E7: 336 | F7: 4 | G7: 1 | H7: 81574 | I7: DISNEY | J7: 24970034 | K7: MKYT01 | L7: 66020100MIC TS MICKEY SALUR KANTONG:CLASSIC RED:S | M7: 129900 | N7: 0.9 | O7: =M7-((90*M7)/100) -> 12990 | P7: PERCENTAGE
A8: =A7 -> 2020-2021 ALL D90 | B8: =B7 -> 46099 | C8: =C7 -> 46113 | D8: 3273 | E8: 336 | F8: 4 | G8: 1 | H8: 81574 | I8: DISNEY | J8: 24970043 | K8: MKYT01 | L8: 66020100MIC TS MICKEY SALUR KANTONG:CLASSIC RED:M | M8: 129900 | N8: 0.9 | O8: =M8-((90*M8)/100) -> 12990 | P8: PERCENTAGE
A9: =A8 -> 2020-2021 ALL D90 | B9: =B8 -> 46099 | C9: =C8 -> 46113 | D9: 3273 | E9: 336 | F9: 4 | G9: 1 | H9: 81574 | I9: DISNEY | J9: 24970052 | K9: MKYT01 | L9: 66020100MIC TS MICKEY SALUR KANTONG:CLASSIC RED:L | M9: 129900 | N9: 0.9 | O9: =M9-((90*M9)/100) -> 12990 | P9: PERCENTAGE
A10: =A9 -> 2020-2021 ALL D90 | B10: =B9 -> 46099 | C10: =C9 -> 46113 | D10: 3273 | E10: 336 | F10: 4 | G10: 1 | H10: 81574 | I10: DISNEY | J10: 24970061 | K10: MKYT01 | L10: 66040100MIC TS MICKEY SALUR KANTONG:CLASSIC RED:5-6 | M10: 129900 | N10: 0.9 | O10: =M10-((90*M10)/100) -> 12990 | P10: PERCENTAGE
A11: =A10 -> 2020-2021 ALL D90 | B11: =B10 -> 46099 | C11: =C10 -> 46113 | D11: 3273 | E11: 336 | F11: 4 | G11: 1 | H11: 81574 | I11: DISNEY | J11: 24970070 | K11: MKYT01 | L11: 66040100MIC TS MICKEY SALUR KANTONG:CLASSIC RED:7-8 | M11: 129900 | N11: 0.9 | O11: =M11-((90*M11)/100) -> 12990 | P11: PERCENTAGE
A12: =A11 -> 2020-2021 ALL D90 | B12: =B11 -> 46099 | C12: =C11 -> 46113 | D12: 3273 | E12: 336 | F12: 4 | G12: 1 | H12: 81574 | I12: DISNEY | J12: 24970089 | K12: MKYT01 | L12: 66040100MIC TS MICKEY SALUR KANTONG:CLASSIC RED:9-10 | M12: 129900 | N12: 0.9 | O12: =M12-((90*M12)/100) -> 12990 | P12: PERCENTAGE
A13: =A12 -> 2020-2021 ALL D90 | B13: =B12 -> 46099 | C13: =C12 -> 46113 | D13: 3273 | E13: 336 | F13: 4 | G13: 1 | H13: 81455 | I13: DISNEY | J13: 26132525 | K13: GCDNK02 | L13: 66020100STD TS DONALD DUCK FACE STRIPE KOTAK:CLASSIC YELLO:XS | M13: 99900 | N13: 0.9 | O13: =M13-((90*M13)/100) -> 9990 | P13: PERCENTAGE
A14: =A13 -> 2020-2021 ALL D90 | B14: =B13 -> 46099 | C14: =C13 -> 46113 | D14: 3273 | E14: 336 | F14: 4 | G14: 1 | H14: 81455 | I14: DISNEY | J14: 26132534 | K14: GCDNK02 | L14: 66020100STD TS DONALD DUCK FACE STRIPE KOTAK:CLASSIC YELLO:S | M14: 99900 | N14: 0.9 | O14: =M14-((90*M14)/100) -> 9990 | P14: PERCENTAGE
... A1902: =A1901 -> 2020-2021 ALL D90 | B1902: =B1901 -> 46099 | C1902: =C1901 -> 46113 | D1902: 3273 | E1902: 336 | F1902: 4 | G1902: 6 | H1902: 81676 | I1902: DISNEY | J1902: 31004869 | K1902: DISK116 | L1902: 66040100OAV TS AVG 9 KTK LOGO FACE DISK116:CLASSIC RED:7-8:GRAPHIC:SS T-SHIRT | M1902: 119900 | N1902: 0.9 | O1902: =M1902-((90*M1902)/100) -> 11990 | P1902: PERCENTAGE
A1903: =A1902 -> 2020-2021 ALL D90 | B1903: =B1902 -> 46099 | C1903: =C1902 -> 46113 | D1903: 3273 | E1903: 336 | F1903: 4 | G1903: 6 | H1903: 81676 | I1903: DISNEY | J1903: 28507564 | K1903: #REF! | L1903: #REF! | M1903: #REF! | N1903: 0.9 | O1903: =M1903-((90*M1903)/100) -> #REF! | P1903: PERCENTAGE
A1904: =A1903 -> 2020-2021 ALL D90 | B1904: =B1903 -> 46099 | C1904: =C1903 -> 46113 | D1904: 3273 | E1904: 336 | F1904: 4 | G1904: 7 | H1904: 81507 | I1904: DISNEY | J1904: 26571720 | K1904: 1901903 | L1904: 66020100MCS KMJ LS SPD KOKO WAFFLE FP:WHITE:S | M1904: 239900 | N1904: 0.9 | O1904: =M1904-((90*M1904)/100) -> 23990 | P1904: PERCENTAGE
A1905: =A1904 -> 2020-2021 ALL D90 | B1905: =B1904 -> 46099 | C1905: =C1904 -> 46113 | D1905: 3273 | E1905: 336 | F1905: 4 | G1905: 7 | H1905: 81507 | I1905: DISNEY | J1905: 26571748 | K1905: 1901903 | L1905: 66020100MCS KMJ LS SPD KOKO WAFFLE FP:WHITE:M | M1905: 239900 | N1905: 0.9 | O1905: =M1905-((90*M1905)/100) -> 23990 | P1905: PERCENTAGE
A1906: =A1905 -> 2020-2021 ALL D90 | B1906: =B1905 -> 46099 | C1906: =C1905 -> 46113 | D1906: 3273 | E1906: 336 | F1906: 4 | G1906: 7 | H1906: 81507 | I1906: DISNEY | J1906: 26571766 | K1906: 1901903 | L1906: 66020100MCS KMJ LS SPD KOKO WAFFLE FP:WHITE:L | M1906: 239900 | N1906: 0.9 | O1906: =M1906-((90*M1906)/100) -> 23990 | P1906: PERCENTAGE
A1907: =A1906 -> 2020-2021 ALL D90 | B1907: =B1906 -> 46099 | C1907: =C1906 -> 46113 | D1907: 3273 | E1907: 336 | F1907: 4 | G1907: 7 | H1907: 81507 | I1907: DISNEY | J1907: 26571784 | K1907: 1901903 | L1907: 66040100MCS KMJ LS SPD KOKO WAFFLE FP:WHITE:5-6 | M1907: 239900 | N1907: 0.9 | O1907: =M1907-((90*M1907)/100) -> 23990 | P1907: PERCENTAGE
A1908: =A1907 -> 2020-2021 ALL D90 | B1908: =B1907 -> 46099 | C1908: =C1907 -> 46113 | D1908: 3273 | E1908: 336 | F1908: 4 | G1908: 7 | H1908: 81507 | I1908: DISNEY | J1908: 26571800 | K1908: 1901903 | L1908: 66040100MCS KMJ LS SPD KOKO WAFFLE FP:WHITE:7-8 | M1908: 239900 | N1908: 0.9 | O1908: =M1908-((90*M1908)/100) -> 23990 | P1908: PERCENTAGE
A1909: =A1908 -> 2020-2021 ALL D90 | B1909: =B1908 -> 46099 | C1909: =C1908 -> 46113 | D1909: 3273 | E1909: 336 | F1909: 4 | G1909: 7 | H1909: 81507 | I1909: DISNEY | J1909: 26571828 | K1909: 1901903 | L1909: 66040100MCS KMJ LS SPD KOKO WAFFLE FP:WHITE:9-10 | M1909: 239900 | N1909: 0.9 | O1909: =M1909-((90*M1909)/100) -> 23990 | P1909: PERCENTAGE
A1910: =A1909 -> 2020-2021 ALL D90 | B1910: =B1909 -> 46099 | C1910: =C1909 -> 46113 | D1910: 3273 | E1910: 336 | F1910: 4 | G1910: 7 | H1910: 81507 | I1910: DISNEY | J1910: 26571846 | K1910: 1901903 | L1910: 66060100MCS KMJ LS SPD KOKO WAFFLE FP:WHITE:11-12 | M1910: 239900 | N1910: 0.9 | O1910: =M1910-((90*M1910)/100) -> 23990 | P1910: PERCENTAGE
A1911: =A1910 -> 2020-2021 ALL D90 | B1911: =B1910 -> 46099 | C1911: =C1910 -> 46113 | D1911: 3273 | E1911: 336 | F1911: 4 | G1911: 7 | H1911: 81507 | I1911: DISNEY | J1911: 26571864 | K1911: 1901903 | L1911: 66060100MCS KMJ LS SPD KOKO WAFFLE FP:WHITE:13-14 | M1911: 239900 | N1911: 0.9 | O1911: =M1911-((90*M1911)/100) -> 23990 | P1911: PERCENTAGE
A1912: =A1911 -> 2020-2021 ALL D90 | B1912: =B1911 -> 46099 | C1912: =C1911 -> 46113 | D1912: 3273 | E1912: 336 | F1912: 4 | G1912: 7 | H1912: 81507 | I1912: DISNEY | J1912: 26571882 | K1912: 1901903 | L1912: 66060100MCS KMJ LS SPD KOKO WAFFLE FP:WHITE:15-16 | M1912: 239900 | N1912: 0.9 | O1912: =M1912-((90*M1912)/100) -> 23990 | P1912: PERCENTAGE
A1913: =A1912 -> 2020-2021 ALL D90 | B1913: =B1912 -> 46099 | C1913: =C1912 -> 46113 | D1913: 3273 | E1913: 336 | F1913: 4 | G1913: 7 | H1913: 81507 | I1913: DISNEY | J1913: 26572452 | K1913: 1901904 | L1913: 66020100OAV KMJ LS AVG KOKO LOGO AMRIK:LIGHT BLUE:S | M1913: 239900 | N1913: 0.9 | O1913: =M1913-((90*M1913)/100) -> 23990 | P1913: PERCENTAGE
A1914: =A1913 -> 2020-2021 ALL D90 | B1914: =B1913 -> 46099 | C1914: =C1913 -> 46113 | D1914: 3273 | E1914: 336 | F1914: 4 | G1914: 7 | H1914: 81507 | I1914: DISNEY | J1914: 26572461 | K1914: 1901904 | L1914: 66020100OAV KMJ LS AVG KOKO LOGO AMRIK:LIGHT BLUE:M | M1914: 239900 | N1914: 0.9 | O1914: =M1914-((90*M1914)/100) -> 23990 | P1914: PERCENTAGE
A1915: =A1914 -> 2020-2021 ALL D90 | B1915: =B1914 -> 46099 | C1915: =C1914 -> 46113 | D1915: 3273 | E1915: 336 | F1915: 4 | G1915: 7 | H1915: 81507 | I1915: DISNEY | J1915: 26572470 | K1915: 1901904 | L1915: 66020100OAV KMJ LS AVG KOKO LOGO AMRIK:LIGHT BLUE:L | M1915: 239900 | N1915: 0.9 | O1915: =M1915-((90*M1915)/100) -> 23990 | P1915: PERCENTAGE
... A2181: =A2180 -> 2020-2021 ALL D90 | B2181: =B2180 -> 46099 | C2181: =C2180 -> 46113 | D2181: 3273 | E2181: 336 | F2181: 4 | G2181: 9 | H2181: 81676 | I2181: DISNEY | J2181: 28104025 | K2181: DISK70A | L2181: 66060100OAV CP KN SLR TEXTURE ZIPPER DISK70A:NAVY BLUE:11-12:SOLID:SHORT PANTS | M2181: 149900 | N2181: 0.9 | O2181: =M2181-((90*M2181)/100) -> 14990 | P2181: PERCENTAGE

Sheet 2022 ALL D90
A1: ACARA | B1: FROM DATE | C1: TO DATE | D1: DEPT | E1: WORLD | F1: DIVISION | G1: CLASS | H1: SUPPLIER | I1: BRAND | J1: SKU | K1: ARTICLE | L1: DESCRIPTION | M1: HARGA NORMAL | N1: DISKON | O1: HARGA PROMO | P1: DISCOUNT TYPE
A2: 2022 ALL D90 | B2: ='2019 ALL D95'!B2 -> 46099 | C2: ='2019 ALL D95'!C2 -> 46113 | D2: 3273 | E2: 336 | F2: 4 | G2: 11 | H2: 81588 | I2: DISNEY | J2: 55710293 | K2: A45 | L2: 66020100SWS TS SW FP MARBLE LOGO:BLACK:5-6:PRINT:SS T-SHIRT | M2: 139900 | N2: 0.9 | O2: =M2-((90*M2)/100) -> 13990 | P2: PERCENTAGE
A3: =A2 -> 2022 ALL D90 | B3: =B2 -> 46099 | C3: =C2 -> 46113 | D3: 3273 | E3: 336 | F3: 4 | G3: 11 | H3: 81588 | I3: DISNEY | J3: 55710300 | K3: A45 | L3: 66040100SWS TS SW FP MARBLE LOGO:BLACK:7-8:PRINT:SS T-SHIRT | M3: 139900 | N3: =N2 -> 0.9 | O3: =M3-((90*M3)/100) -> 13990 | P3: PERCENTAGE
A4: =A3 -> 2022 ALL D90 | B4: =B3 -> 46099 | C4: =C3 -> 46113 | D4: 3273 | E4: 336 | F4: 4 | G4: 11 | H4: 81588 | I4: DISNEY | J4: 55710319 | K4: A45 | L4: 66040100SWS TS SW FP MARBLE LOGO:BLACK:9-10:PRINT:SS T-SHIRT | M4: 139900 | N4: =N3 -> 0.9 | O4: =M4-((90*M4)/100) -> 13990 | P4: PERCENTAGE
A5: =A4 -> 2022 ALL D90 | B5: =B4 -> 46099 | C5: =C4 -> 46113 | D5: 3273 | E5: 336 | F5: 4 | G5: 11 | H5: 81588 | I5: DISNEY | J5: 55710328 | K5: A45 | L5: 66040100SWS TS SW FP MARBLE LOGO:BLACK:11-12:PRINT:SS T-SHIRT | M5: 139900 | N5: =N4 -> 0.9 | O5: =M5-((90*M5)/100) -> 13990 | P5: PERCENTAGE
A6: =A5 -> 2022 ALL D90 | B6: =B5 -> 46099 | C6: =C5 -> 46113 | D6: 3273 | E6: 336 | F6: 4 | G6: 11 | H6: 81588 | I6: DISNEY | J6: 55710337 | K6: A45 | L6: 66060100SWS TS SW FP MARBLE LOGO:BLACK:13-14:PRINT:SS T-SHIRT | M6: 139900 | N6: =N5 -> 0.9 | O6: =M6-((90*M6)/100) -> 13990 | P6: PERCENTAGE
A7: =A6 -> 2022 ALL D90 | B7: =B6 -> 46099 | C7: =C6 -> 46113 | D7: 3273 | E7: 336 | F7: 4 | G7: 11 | H7: 81588 | I7: DISNEY | J7: 55710346 | K7: A45 | L7: 660600100SWS TS SW FP MARBLE LOGO:BLACK:15-16:PRINT:SS T-SHIRT | M7: 139900 | N7: =N6 -> 0.9 | O7: =M7-((90*M7)/100) -> 13990 | P7: PERCENTAGE
A8: =A7 -> 2022 ALL D90 | B8: =B7 -> 46099 | C8: =C7 -> 46113 | D8: 3273 | E8: 336 | F8: 4 | G8: 11 | H8: 81588 | I8: DISNEY | J8: 55710355 | K8: A45 | L8: 66020100SWS TS SW FP MARBLE LOGO:BLACK:3-4:PRINT:SS T-SHIRT | M8: 139900 | N8: =N7 -> 0.9 | O8: =M8-((90*M8)/100) -> 13990 | P8: PERCENTAGE
A9: =A8 -> 2022 ALL D90 | B9: =B8 -> 46099 | C9: =C8 -> 46113 | D9: 3273 | E9: 336 | F9: 4 | G9: 11 | H9: 81588 | I9: DISNEY | J9: 55710364 | K9: A45 | L9: 66020100SWS TS SW FP MARBLE LOGO:BLACK:4-5:PRINT:SS T-SHIRT | M9: 139900 | N9: =N8 -> 0.9 | O9: =M9-((90*M9)/100) -> 13990 | P9: PERCENTAGE
A10: =A9 -> 2022 ALL D90 | B10: =B9 -> 46099 | C10: =C9 -> 46113 | D10: 3273 | E10: 336 | F10: 4 | G10: 11 | H10: 81588 | I10: DISNEY | J10: 55710426 | K10: N209 | L10: 66040100SWS TS SW STORMTROOPS:MISTY MEDIUM GRE:5-6:GRAPHIC:SS T-SHIRT | M10: 129900 | N10: =N9 -> 0.9 | O10: =M10-((90*M10)/100) -> 12990 | P10: PERCENTAGE
A11: =A10 -> 2022 ALL D90 | B11: =B10 -> 46099 | C11: =C10 -> 46113 | D11: 3273 | E11: 336 | F11: 4 | G11: 11 | H11: 81588 | I11: DISNEY | J11: 55710435 | K11: N209 | L11: 66040100SWS TS SW STORMTROOPS:MISTY MEDIUM GRE:7-8:GRAPHIC:SS T-SHIRT | M11: 129900 | N11: =N10 -> 0.9 | O11: =M11-((90*M11)/100) -> 12990 | P11: PERCENTAGE
A12: =A11 -> 2022 ALL D90 | B12: =B11 -> 46099 | C12: =C11 -> 46113 | D12: 3273 | E12: 336 | F12: 4 | G12: 11 | H12: 81588 | I12: DISNEY | J12: 55710444 | K12: N209 | L12: 66040100SWS TS SW STORMTROOPS:MISTY MEDIUM GRE:9-10:GRAPHIC:SS T-SHIRT | M12: 129900 | N12: =N11 -> 0.9 | O12: =M12-((90*M12)/100) -> 12990 | P12: PERCENTAGE
A13: =A12 -> 2022 ALL D90 | B13: =B12 -> 46099 | C13: =C12 -> 46113 | D13: 3273 | E13: 336 | F13: 4 | G13: 11 | H13: 81588 | I13: DISNEY | J13: 55710453 | K13: N209 | L13: 66060100SWS TS SW STORMTROOPS:MISTY MEDIUM GRE:11-12:GRAPHIC:SS T-SHIRT | M13: 129900 | N13: =N12 -> 0.9 | O13: =M13-((90*M13)/100) -> 12990 | P13: PERCENTAGE
A14: =A13 -> 2022 ALL D90 | B14: =B13 -> 46099 | C14: =C13 -> 46113 | D14: 3273 | E14: 336 | F14: 4 | G14: 11 | H14: 81588 | I14: DISNEY | J14: 55710462 | K14: N209 | L14: 66060100SWS TS SW STORMTROOPS:MISTY MEDIUM GRE:13-14:GRAPHIC:SS T-SHIRT | M14: 129900 | N14: =N13 -> 0.9 | O14: =M14-((90*M14)/100) -> 12990 | P14: PERCENTAGE
... A2082: =A2081 -> 2022 ALL D90 | B2082: =B2081 -> 46099 | C2082: =C2081 -> 46113 | D2082: 3273 | E2082: 336 | F2082: 4 | G2082: 12 | H2082: 81574 | I2082: DISNEY | J2082: 59363278 | K2082: KKSW11 | L2082: 66040100SWS KMJ SS KOKO SW DARTH KKSW11:WHITE:15-16:PRINT:SS SHIRT | M2082: 229900 | N2082: =N2081 -> 0.9 | O2082: =M2082-((90*M2082)/100) -> 22990 | P2082: PERCENTAGE

Sheet 2023 ALL D90
A1: ACARA | B1: FROM DATE | C1: TO DATE | D1: DEPT | E1: WORLD | F1: DIVISION | G1: CLASS | H1: SUPPLIER | I1: BRAND | J1: SKU | K1: ARTICLE | L1: DESCRIPTION | M1: HARGA NORMAL | N1: DISKON | O1: HARGA PROMO | P1: DISCOUNT TYPE
A2: 2023 ALL D90 | B2: ='2019 ALL D95'!B2 -> 46099 | C2: ='2019 ALL D95'!C2 -> 46113 | D2: 3273 | E2: 336 | F2: 4 | G2: 11 | H2: 81588 | I2: DISNEY | J2: 76763778 | K2: N508 | L2: 66040100SWS TS STARWARS DARTH VADER ANIME N508:BLACK:5-6:GRAPHIC:SS T-SHIRT | M2: 149900 | N2: 0.9 | O2: =M2-((90*M2)/100) -> 14990 | P2: PERCENTAGE
A3: =A2 -> 2023 ALL D90 | B3: =B2 -> 46099 | C3: =C2 -> 46113 | D3: 3273 | E3: 336 | F3: 4 | G3: 11 | H3: 81588 | I3: DISNEY | J3: 76763787 | K3: N508 | L3: 66040100SWS TS STARWARS DARTH VADER ANIME N508:BLACK:7-8:GRAPHIC:SS T-SHIRT | M3: 149900 | N3: =N2 -> 0.9 | O3: =M3-((90*M3)/100) -> 14990 | P3: =P2 -> PERCENTAGE
A4: =A3 -> 2023 ALL D90 | B4: =B3 -> 46099 | C4: =C3 -> 46113 | D4: 3273 | E4: 336 | F4: 4 | G4: 11 | H4: 81588 | I4: DISNEY | J4: 76763796 | K4: N508 | L4: 66040100SWS TS STARWARS DARTH VADER ANIME N508:BLACK:9-10:GRAPHIC:SS T-SHIRT | M4: 149900 | N4: =N3 -> 0.9 | O4: =M4-((90*M4)/100) -> 14990 | P4: =P3 -> PERCENTAGE
A5: =A4 -> 2023 ALL D90 | B5: =B4 -> 46099 | C5: =C4 -> 46113 | D5: 3273 | E5: 336 | F5: 4 | G5: 11 | H5: 81588 | I5: DISNEY | J5: 76763803 | K5: N508 | L5: 66060100SWS TS STARWARS DARTH VADER ANIME N508:BLACK:11-12:GRAPHIC:SS T-SHIRT | M5: 149900 | N5: =N4 -> 0.9 | O5: =M5-((90*M5)/100) -> 14990 | P5: =P4 -> PERCENTAGE
A6: =A5 -> 2023 ALL D90 | B6: =B5 -> 46099 | C6: =C5 -> 46113 | D6: 3273 | E6: 336 | F6: 4 | G6: 11 | H6: 81588 | I6: DISNEY | J6: 76763812 | K6: N508 | L6: 66060100SWS TS STARWARS DARTH VADER ANIME N508:BLACK:13-14:GRAPHIC:SS T-SHIRT | M6: 149900 | N6: =N5 -> 0.9 | O6: =M6-((90*M6)/100) -> 14990 | P6: =P5 -> PERCENTAGE
A7: =A6 -> 2023 ALL D90 | B7: =B6 -> 46099 | C7: =C6 -> 46113 | D7: 3273 | E7: 336 | F7: 4 | G7: 11 | H7: 81588 | I7: DISNEY | J7: 76763821 | K7: N508 | L7: 66060100SWS TS STARWARS DARTH VADER ANIME N508:BLACK:15-16:GRAPHIC:SS T-SHIRT | M7: 149900 | N7: =N6 -> 0.9 | O7: =M7-((90*M7)/100) -> 14990 | P7: =P6 -> PERCENTAGE
A8: =A7 -> 2023 ALL D90 | B8: =B7 -> 46099 | C8: =C7 -> 46113 | D8: 3273 | E8: 336 | F8: 4 | G8: 11 | H8: 81676 | I8: DISNEY | J8: 76764295 | K8: GNSW04 | L8: 66020100SWS TS SW CUTSEWN PRINT KTG LGN KOMB GNSW04:CHARCOAL:3-4:GRAPHIC:SS T-SHIRT | M8: 139900 | N8: =N7 -> 0.9 | O8: =M8-((90*M8)/100) -> 13990 | P8: =P7 -> PERCENTAGE
A9: =A8 -> 2023 ALL D90 | B9: =B8 -> 46099 | C9: =C8 -> 46113 | D9: 3273 | E9: 336 | F9: 4 | G9: 11 | H9: 81676 | I9: DISNEY | J9: 76764302 | K9: GNSW04 | L9: 66020100SWS TS SW CUTSEWN PRINT KTG LGN KOMB GNSW04:CHARCOAL:4-5:GRAPHIC:SS T-SHIRT | M9: 139900 | N9: =N8 -> 0.9 | O9: =M9-((90*M9)/100) -> 13990 | P9: =P8 -> PERCENTAGE
A10: =A9 -> 2023 ALL D90 | B10: =B9 -> 46099 | C10: =C9 -> 46113 | D10: 3273 | E10: 336 | F10: 4 | G10: 11 | H10: 81676 | I10: DISNEY | J10: 76764311 | K10: GNSW04 | L10: 66020100SWS TS SW CUTSEWN PRINT KTG LGN KOMB GNSW04:CHARCOAL:5-6:GRAPHIC:SS T-SHIRT | M10: 139900 | N10: =N9 -> 0.9 | O10: =M10-((90*M10)/100) -> 13990 | P10: =P9 -> PERCENTAGE
A11: =A10 -> 2023 ALL D90 | B11: =B10 -> 46099 | C11: =C10 -> 46113 | D11: 3273 | E11: 336 | F11: 4 | G11: 11 | H11: 81676 | I11: DISNEY | J11: 76764320 | K11: GNSW04 | L11: 66040100SWS TS SW CUTSEWN PRINT KTG LGN KOMB GNSW04:CHARCOAL:7-8:GRAPHIC:SS T-SHIRT | M11: 139900 | N11: =N10 -> 0.9 | O11: =M11-((90*M11)/100) -> 13990 | P11: =P10 -> PERCENTAGE
A12: =A11 -> 2023 ALL D90 | B12: =B11 -> 46099 | C12: =C11 -> 46113 | D12: 3273 | E12: 336 | F12: 4 | G12: 11 | H12: 81676 | I12: DISNEY | J12: 76764339 | K12: GNSW04 | L12: 66040100SWS TS SW CUTSEWN PRINT KTG LGN KOMB GNSW04:CHARCOAL:9-10:GRAPHIC:SS T-SHIRT | M12: 139900 | N12: =N11 -> 0.9 | O12: =M12-((90*M12)/100) -> 13990 | P12: =P11 -> PERCENTAGE
A13: =A12 -> 2023 ALL D90 | B13: =B12 -> 46099 | C13: =C12 -> 46113 | D13: 3273 | E13: 336 | F13: 4 | G13: 11 | H13: 81676 | I13: DISNEY | J13: 76764348 | K13: GNSW04 | L13: 66040100SWS TS SW CUTSEWN PRINT KTG LGN KOMB GNSW04:CHARCOAL:11-12:GRAPHIC:SS T-SHIRT | M13: 139900 | N13: =N12 -> 0.9 | O13: =M13-((90*M13)/100) -> 13990 | P13: =P12 -> PERCENTAGE
A14: =A13 -> 2023 ALL D90 | B14: =B13 -> 46099 | C14: =C13 -> 46113 | D14: 3273 | E14: 336 | F14: 4 | G14: 11 | H14: 81676 | I14: DISNEY | J14: 76764357 | K14: GNSW04 | L14: 66060100SWS TS SW CUTSEWN PRINT KTG LGN KOMB GNSW04:CHARCOAL:13-14:GRAPHIC:SS T-SHIRT | M14: 139900 | N14: =N13 -> 0.9 | O14: =M14-((90*M14)/100) -> 13990 | P14: =P13 -> PERCENTAGE
... A2059: =A2058 -> 2023 ALL D90 | B2059: =B2058 -> 46099 | C2059: =C2058 -> 46113 | D2059: 3273 | E2059: 336 | F2059: 4 | G2059: 7 | H2059: 81574 | I2059: DISNEY | J2059: 84037663 | K2059: KKRT09 | L2059: 66060100OAV SS SHIRT AVG CAPT AMRIK C KKRT09:WHITE:15-16:TEXT:SS SHIRT | M2059: 249900 | N2059: =N2058 -> 0.9 | O2059: =M2059-((90*M2059)/100) -> 24990 | P2059: =P2058 -> PERCENTAGE

Sheet 2024 JAN-JUN D70
A1: ACARA | B1: FROM DATE | C1: TO DATE | D1: DEPT | E1: WORLD | F1: DIVISION | G1: CLASS | H1: SUPPLIER | I1: BRAND | J1: SKU | K1: ARTICLE | L1: DESCRIPTION | M1: HARGA NORMAL | N1: DISKON | O1: HARGA PROMO | P1: DISCOUNT TYPE
A2: 2024 JAN-JUN D70 | B2: ='2019 ALL D95'!B2 -> 46099 | C2: ='2019 ALL D95'!C2 -> 46113 | D2: 3273 | E2: 336 | F2: 4 | G2: 11 | H2: 81676 | I2: DISNEY | J2: 86003767 | K2: GNSW10 | L2: 66020100SWS TS STARWARS MARBLE FLOCKING STAR GNSW10:WHITE:3-4:TEXT:SS T-SHIRT | M2: 139900 | N2: 0.7 | O2: =M2*(1-N2) -> 41970 | P2: PERCENTAGE
A3: =A2 -> 2024 JAN-JUN D70 | B3: =B2 -> 46099 | C3: =C2 -> 46113 | D3: 3273 | E3: 336 | F3: 4 | G3: 11 | H3: 81676 | I3: DISNEY | J3: 86003776 | K3: GNSW10 | L3: 66020100SWS TS STARWARS MARBLE FLOCKING STAR GNSW10:WHITE:4-5:TEXT:SS T-SHIRT | M3: 139900 | N3: =N2 -> 0.7 | O3: =M3*(1-N3) -> 41970 | P3: =P2 -> PERCENTAGE
A4: =A3 -> 2024 JAN-JUN D70 | B4: =B3 -> 46099 | C4: =C3 -> 46113 | D4: 3273 | E4: 336 | F4: 4 | G4: 11 | H4: 81676 | I4: DISNEY | J4: 86003785 | K4: GNSW10 | L4: 66020100SWS TS STARWARS MARBLE FLOCKING STAR GNSW10:WHITE:5-6:TEXT:SS T-SHIRT | M4: 139900 | N4: =N3 -> 0.7 | O4: =M4*(1-N4) -> 41970 | P4: =P3 -> PERCENTAGE
A5: =A4 -> 2024 JAN-JUN D70 | B5: =B4 -> 46099 | C5: =C4 -> 46113 | D5: 3273 | E5: 336 | F5: 4 | G5: 11 | H5: 81676 | I5: DISNEY | J5: 86003794 | K5: GNSW10 | L5: 66040100SWS TS STARWARS MARBLE FLOCKING STAR GNSW10:WHITE:7-8:TEXT:SS T-SHIRT | M5: 139900 | N5: =N4 -> 0.7 | O5: =M5*(1-N5) -> 41970 | P5: =P4 -> PERCENTAGE
A6: =A5 -> 2024 JAN-JUN D70 | B6: =B5 -> 46099 | C6: =C5 -> 46113 | D6: 3273 | E6: 336 | F6: 4 | G6: 11 | H6: 81676 | I6: DISNEY | J6: 86003801 | K6: GNSW10 | L6: 66040100SWS TS STARWARS MARBLE FLOCKING STAR GNSW10:WHITE:9-10:TEXT:SS T-SHIRT | M6: 139900 | N6: =N5 -> 0.7 | O6: =M6*(1-N6) -> 41970 | P6: =P5 -> PERCENTAGE
A7: =A6 -> 2024 JAN-JUN D70 | B7: =B6 -> 46099 | C7: =C6 -> 46113 | D7: 3273 | E7: 336 | F7: 4 | G7: 11 | H7: 81676 | I7: DISNEY | J7: 86003810 | K7: GNSW10 | L7: 66040100SWS TS STARWARS MARBLE FLOCKING STAR GNSW10:WHITE:11-12:TEXT:SS T-SHIRT | M7: 139900 | N7: =N6 -> 0.7 | O7: =M7*(1-N7) -> 41970 | P7: =P6 -> PERCENTAGE
A8: =A7 -> 2024 JAN-JUN D70 | B8: =B7 -> 46099 | C8: =C7 -> 46113 | D8: 3273 | E8: 336 | F8: 4 | G8: 11 | H8: 81676 | I8: DISNEY | J8: 86003829 | K8: GNSW10 | L8: 66060100SWS TS STARWARS MARBLE FLOCKING STAR GNSW10:WHITE:13-14:TEXT:SS T-SHIRT | M8: 139900 | N8: =N7 -> 0.7 | O8: =M8*(1-N8) -> 41970 | P8: =P7 -> PERCENTAGE
A9: =A8 -> 2024 JAN-JUN D70 | B9: =B8 -> 46099 | C9: =C8 -> 46113 | D9: 3273 | E9: 336 | F9: 4 | G9: 11 | H9: 81676 | I9: DISNEY | J9: 86003838 | K9: GNSW10 | L9: 66060100SWS TS STARWARS MARBLE FLOCKING STAR GNSW10:WHITE:15-16:TEXT:SS T-SHIRT | M9: 139900 | N9: =N8 -> 0.7 | O9: =M9*(1-N9) -> 41970 | P9: =P8 -> PERCENTAGE
A10: =A9 -> 2024 JAN-JUN D70 | B10: =B9 -> 46099 | C10: =C9 -> 46113 | D10: 3273 | E10: 336 | F10: 4 | G10: 11 | H10: 81588 | I10: DISNEY | J10: 15638018 | K10: A132 | L10: 66040100SWS TS STARWARS VADER THE BOSS FP A132:WHITE:5-6:GRAPHIC:SS T-SHIRT | M10: 149900 | N10: =N9 -> 0.7 | O10: =M10*(1-N10) -> 44970 | P10: =P9 -> PERCENTAGE
A11: =A10 -> 2024 JAN-JUN D70 | B11: =B10 -> 46099 | C11: =C10 -> 46113 | D11: 3273 | E11: 336 | F11: 4 | G11: 11 | H11: 81588 | I11: DISNEY | J11: 15638027 | K11: A132 | L11: 66040100SWS TS STARWARS VADER THE BOSS FP A132:WHITE:7-8:GRAPHIC:SS T-SHIRT | M11: 149900 | N11: =N10 -> 0.7 | O11: =M11*(1-N11) -> 44970 | P11: =P10 -> PERCENTAGE
A12: =A11 -> 2024 JAN-JUN D70 | B12: =B11 -> 46099 | C12: =C11 -> 46113 | D12: 3273 | E12: 336 | F12: 4 | G12: 11 | H12: 81588 | I12: DISNEY | J12: 15638036 | K12: A132 | L12: 66040100SWS TS STARWARS VADER THE BOSS FP A132:WHITE:9-10:GRAPHIC:SS T-SHIRT | M12: 149900 | N12: =N11 -> 0.7 | O12: =M12*(1-N12) -> 44970 | P12: =P11 -> PERCENTAGE
A13: =A12 -> 2024 JAN-JUN D70 | B13: =B12 -> 46099 | C13: =C12 -> 46113 | D13: 3273 | E13: 336 | F13: 4 | G13: 11 | H13: 81588 | I13: DISNEY | J13: 15638045 | K13: A132 | L13: 66060100SWS TS STARWARS VADER THE BOSS FP A132:WHITE:11-12:GRAPHIC:SS T-SHIRT | M13: 149900 | N13: =N12 -> 0.7 | O13: =M13*(1-N13) -> 44970 | P13: =P12 -> PERCENTAGE
A14: =A13 -> 2024 JAN-JUN D70 | B14: =B13 -> 46099 | C14: =C13 -> 46113 | D14: 3273 | E14: 336 | F14: 4 | G14: 11 | H14: 81588 | I14: DISNEY | J14: 15638054 | K14: A132 | L14: 66060100SWS TS STARWARS VADER THE BOSS FP A132:WHITE:13-14:GRAPHIC:SS T-SHIRT | M14: 149900 | N14: =N13 -> 0.7 | O14: =M14*(1-N14) -> 44970 | P14: =P13 -> PERCENTAGE
... A1056: =A1055 -> 2024 JAN-JUN D70 | B1056: =B1055 -> 46099 | C1056: =C1055 -> 46113 | D1056: 3273 | E1056: 336 | F1056: 4 | G1056: 10 | H1056: 81574 | I1056: DISNEY | J1056: 18869219 | K1056: TPSPD29 | L1056: 68040202MCS TOPI SPD FACE SPLASH MESH TPSPD29:CLASSIC RED:F:GRAPHIC:SS T-SHIRT | M1056: 139900 | N1056: =N1055 -> 0.7 | O1056: =M1056*(1-N1056) -> 41970 | P1056: =P1055 -> PERCENTAGE

Sheet 2024 JUL-AUG B1G2
A1: ACARA | B1: FROM DATE | C1: TO DATE | D1: DEPT | E1: WORLD | F1: DIVISION | G1: CLASS | H1: SUPPLIER | I1: BRAND | J1: SKU | K1: ARTICLE | L1: DESCRIPTION | M1: HARGA NORMAL | N1: DISKON | O1: HARGA PROMO | P1: DISCOUNT TYPE
A2: 2024 JUL-AUG B1G2 | B2: ='2019 ALL D95'!B26 -> 46099 | C2: ='2019 ALL D95'!C26 -> 46113 | D2: 3273 | E2: 336 | F2: 4 | G2: 1 | H2: 81588 | I2: DISNEY | J2: 20672533 | K2: TSNT15 | L2: 66020100TS TS TOY STORY REX FACE SMILE TAIL TSNT15:OLIVE:3-4:GRAPHIC:SS T-SHIRT | M2: 139900 | N2: BXGY | O2: B1G2 | P2: BXGY
A3: =A2 -> 2024 JUL-AUG B1G2 | B3: =B2 -> 46099 | C3: =C2 -> 46113 | D3: 3273 | E3: 336 | F3: 4 | G3: 1 | H3: 81588 | I3: DISNEY | J3: 20672542 | K3: TSNT15 | L3: 66020100TS TS TOY STORY REX FACE SMILE TAIL TSNT15:OLIVE:4-5:GRAPHIC:SS T-SHIRT | M3: 139900 | N3: =N2 -> BXGY | O3: =O2 -> B1G2 | P3: =P2 -> BXGY
A4: =A3 -> 2024 JUL-AUG B1G2 | B4: =B3 -> 46099 | C4: =C3 -> 46113 | D4: 3273 | E4: 336 | F4: 4 | G4: 1 | H4: 81588 | I4: DISNEY | J4: 20672551 | K4: TSNT15 | L4: 66020100TS TS TOY STORY REX FACE SMILE TAIL TSNT15:OLIVE:5-6:GRAPHIC:SS T-SHIRT | M4: 139900 | N4: =N3 -> BXGY | O4: =O3 -> B1G2 | P4: =P3 -> BXGY
A5: =A4 -> 2024 JUL-AUG B1G2 | B5: =B4 -> 46099 | C5: =C4 -> 46113 | D5: 3273 | E5: 336 | F5: 4 | G5: 1 | H5: 81588 | I5: DISNEY | J5: 20672560 | K5: TSNT15 | L5: 66020100TS TS TOY STORY REX FACE SMILE TAIL TSNT15:OLIVE:7-8:GRAPHIC:SS T-SHIRT | M5: 139900 | N5: =N4 -> BXGY | O5: =O4 -> B1G2 | P5: =P4 -> BXGY
A6: =A5 -> 2024 JUL-AUG B1G2 | B6: =B5 -> 46099 | C6: =C5 -> 46113 | D6: 3273 | E6: 336 | F6: 4 | G6: 1 | H6: 81588 | I6: DISNEY | J6: 20672579 | K6: TSNT15 | L6: 66020100TS TS TOY STORY REX FACE SMILE TAIL TSNT15:OLIVE:9-10:GRAPHIC:SS T-SHIRT | M6: 139900 | N6: =N5 -> BXGY | O6: =O5 -> B1G2 | P6: =P5 -> BXGY
A7: =A6 -> 2024 JUL-AUG B1G2 | B7: =B6 -> 46099 | C7: =C6 -> 46113 | D7: 3273 | E7: 336 | F7: 4 | G7: 1 | H7: 81588 | I7: DISNEY | J7: 20672588 | K7: TSN026 | L7: 66020100TS TS TOY STORY REX FEAR ME PLEASE TSN026:MISTY LIGHT KHAKI:3-4:GRAPHIC:SS T-SHIRT | M7: 139900 | N7: =N6 -> BXGY | O7: =O6 -> B1G2 | P7: =P6 -> BXGY
A8: =A7 -> 2024 JUL-AUG B1G2 | B8: =B7 -> 46099 | C8: =C7 -> 46113 | D8: 3273 | E8: 336 | F8: 4 | G8: 1 | H8: 81588 | I8: DISNEY | J8: 20672597 | K8: TSN026 | L8: 66020100TS TS TOY STORY REX FEAR ME PLEASE TSN026:MISTY LIGHT KHAKI:4-5:GRAPHIC:SS T-SHIRT | M8: 139900 | N8: =N7 -> BXGY | O8: =O7 -> B1G2 | P8: =P7 -> BXGY
A9: =A8 -> 2024 JUL-AUG B1G2 | B9: =B8 -> 46099 | C9: =C8 -> 46113 | D9: 3273 | E9: 336 | F9: 4 | G9: 1 | H9: 81588 | I9: DISNEY | J9: 20672604 | K9: TSN026 | L9: 66020100TS TS TOY STORY REX FEAR ME PLEASE TSN026:MISTY LIGHT KHAKI:5-6:GRAPHIC:SS T-SHIRT | M9: 139900 | N9: =N8 -> BXGY | O9: =O8 -> B1G2 | P9: =P8 -> BXGY
A10: =A9 -> 2024 JUL-AUG B1G2 | B10: =B9 -> 46099 | C10: =C9 -> 46113 | D10: 3273 | E10: 336 | F10: 4 | G10: 1 | H10: 81588 | I10: DISNEY | J10: 20672613 | K10: TSN026 | L10: 66020100TS TS TOY STORY REX FEAR ME PLEASE TSN026:MISTY LIGHT KHAKI:7-8:GRAPHIC:SS T-SHIRT | M10: 139900 | N10: =N9 -> BXGY | O10: =O9 -> B1G2 | P10: =P9 -> BXGY
A11: =A10 -> 2024 JUL-AUG B1G2 | B11: =B10 -> 46099 | C11: =C10 -> 46113 | D11: 3273 | E11: 336 | F11: 4 | G11: 1 | H11: 81588 | I11: DISNEY | J11: 20672622 | K11: TSN026 | L11: 66020100TS TS TOY STORY REX FEAR ME PLEASE TSN026:MISTY LIGHT KHAKI:9-10:GRAPHIC:SS T-SHIRT | M11: 139900 | N11: =N10 -> BXGY | O11: =O10 -> B1G2 | P11: =P10 -> BXGY
A12: =A11 -> 2024 JUL-AUG B1G2 | B12: =B11 -> 46099 | C12: =C11 -> 46113 | D12: 3273 | E12: 336 | F12: 4 | G12: 11 | H12: 81588 | I12: DISNEY | J12: 19918208 | K12: HNT18 | L12: 66040100SWS TS STARWARS DARTH VADER DARK SIDE HNT18:BLACK:5-6:GRAPHIC:SS T-SHIRT | M12: 139900 | N12: =N11 -> BXGY | O12: =O11 -> B1G2 | P12: =P11 -> BXGY
A13: =A12 -> 2024 JUL-AUG B1G2 | B13: =B12 -> 46099 | C13: =C12 -> 46113 | D13: 3273 | E13: 336 | F13: 4 | G13: 11 | H13: 81588 | I13: DISNEY | J13: 19918217 | K13: HNT18 | L13: 66040100SWS TS STARWARS DARTH VADER DARK SIDE HNT18:BLACK:7-8:GRAPHIC:SS T-SHIRT | M13: 139900 | N13: =N12 -> BXGY | O13: =O12 -> B1G2 | P13: =P12 -> BXGY
A14: =A13 -> 2024 JUL-AUG B1G2 | B14: =B13 -> 46099 | C14: =C13 -> 46113 | D14: 3273 | E14: 336 | F14: 4 | G14: 11 | H14: 81588 | I14: DISNEY | J14: 19918226 | K14: HNT18 | L14: 66040100SWS TS STARWARS DARTH VADER DARK SIDE HNT18:BLACK:9-10:GRAPHIC:SS T-SHIRT | M14: 139900 | N14: =N13 -> BXGY | O14: =O13 -> B1G2 | P14: =P13 -> BXGY
... A243: =A242 -> 2024 JUL-AUG B1G2 | B243: =B242 -> 46099 | C243: =C242 -> 46113 | D243: 3273 | E243: 336 | F243: 4 | G243: 8 | H243: 81588 | I243: DISNEY | J243: 23128625 | K243: HR419 | L243: 66060100MCS SWEATSHIRT SPD WEB HEAD LGN ATAS KOMB HR419:NAVY BLUE:15-16:GRAPHIC:SWEATSHIRT | M243: 239900 | N243: =N242 -> BXGY | O243: =O242 -> B1G2 | P243: =P242 -> BXGY

Sheet 2024 OCT-DES B1G2
A1: ACARA | B1: FROM DATE | C1: TO DATE | D1: DEPT | E1: WORLD | F1: DIVISION | G1: CLASS | H1: SUPPLIER | I1: BRAND | J1: SKU | K1: ARTICLE | L1: DESCRIPTION | M1: HARGA NORMAL | N1: DISKON | O1: HARGA PROMO | P1: DISCOUNT TYPE
A2: 2024 OCT-DES B1G2 | B2: ='2024 JUL-AUG B1G2'!B243 -> 46099 | C2: ='2024 JUL-AUG B1G2'!C243 -> 46113 | D2: 3273 | E2: 336 | F2: 4 | G2: 7 | H2: 81574 | I2: DISNEY | J2: 45248286 | K2: KSPDCL72 | L2: 66020100MCS SS SHIRT SPD DENIM LASER PRNT KTG FACE KSPDCL72:DARK DENIM:3-4:GRAPHIC:SS SHIRT | M2: 259900 | N2: ='2024 JUL-AUG B1G2'!N243 -> BXGY | O2: B1G2 | P2: ='2024 JUL-AUG B1G2'!P243 -> BXGY
A3: =A2 -> 2024 OCT-DES B1G2 | B3: =B2 -> 46099 | C3: =C2 -> 46113 | D3: 3273 | E3: 336 | F3: 4 | G3: 7 | H3: 81574 | I3: DISNEY | J3: 45248295 | K3: KSPDCL72 | L3: 66020100MCS SS SHIRT SPD DENIM LASER PRNT KTG FACE KSPDCL72:DARK DENIM:4-5:GRAPHIC:SS SHIRT | M3: 259900 | N3: =N2 -> BXGY | O3: =O2 -> B1G2 | P3: =P2 -> BXGY
A4: =A3 -> 2024 OCT-DES B1G2 | B4: =B3 -> 46099 | C4: =C3 -> 46113 | D4: 3273 | E4: 336 | F4: 4 | G4: 7 | H4: 81574 | I4: DISNEY | J4: 45248302 | K4: KSPDCL72 | L4: 66020100MCS SS SHIRT SPD DENIM LASER PRNT KTG FACE KSPDCL72:DARK DENIM:5-6:GRAPHIC:SS SHIRT | M4: 259900 | N4: =N3 -> BXGY | O4: =O3 -> B1G2 | P4: =P3 -> BXGY
A5: =A4 -> 2024 OCT-DES B1G2 | B5: =B4 -> 46099 | C5: =C4 -> 46113 | D5: 3273 | E5: 336 | F5: 4 | G5: 7 | H5: 81574 | I5: DISNEY | J5: 45248311 | K5: KSPDCL72 | L5: 66020100MCS SS SHIRT SPD DENIM LASER PRNT KTG FACE KSPDCL72:DARK DENIM:7-8:GRAPHIC:SS SHIRT | M5: 259900 | N5: =N4 -> BXGY | O5: =O4 -> B1G2 | P5: =P4 -> BXGY
A6: =A5 -> 2024 OCT-DES B1G2 | B6: =B5 -> 46099 | C6: =C5 -> 46113 | D6: 3273 | E6: 336 | F6: 4 | G6: 7 | H6: 81574 | I6: DISNEY | J6: 45248320 | K6: KSPDCL72 | L6: 66020100MCS SS SHIRT SPD DENIM LASER PRNT KTG FACE KSPDCL72:DARK DENIM:9-10:GRAPHIC:SS SHIRT | M6: 259900 | N6: =N5 -> BXGY | O6: =O5 -> B1G2 | P6: =P5 -> BXGY
A7: =A6 -> 2024 OCT-DES B1G2 | B7: =B6 -> 46099 | C7: =C6 -> 46113 | D7: 3273 | E7: 336 | F7: 4 | G7: 7 | H7: 81574 | I7: DISNEY | J7: 45248339 | K7: KSPDCL72 | L7: 66020100MCS SS SHIRT SPD DENIM LASER PRNT KTG FACE KSPDCL72:DARK DENIM:11-12:GRAPHIC:SS SHIRT | M7: 259900 | N7: =N6 -> BXGY | O7: =O6 -> B1G2 | P7: =P6 -> BXGY
A8: =A7 -> 2024 OCT-DES B1G2 | B8: =B7 -> 46099 | C8: =C7 -> 46113 | D8: 3273 | E8: 336 | F8: 4 | G8: 7 | H8: 81574 | I8: DISNEY | J8: 45248348 | K8: KSPDCL72 | L8: 66020100MCS SS SHIRT SPD DENIM LASER PRNT KTG FACE KSPDCL72:DARK DENIM:13-14:GRAPHIC:SS SHIRT | M8: 259900 | N8: =N7 -> BXGY | O8: =O7 -> B1G2 | P8: =P7 -> BXGY
A9: =A8 -> 2024 OCT-DES B1G2 | B9: =B8 -> 46099 | C9: =C8 -> 46113 | D9: 3273 | E9: 336 | F9: 4 | G9: 7 | H9: 81574 | I9: DISNEY | J9: 45248357 | K9: KSPDCL72 | L9: 66020100MCS SS SHIRT SPD DENIM LASER PRNT KTG FACE KSPDCL72:DARK DENIM:15-16:GRAPHIC:SS SHIRT | M9: 259900 | N9: =N8 -> BXGY | O9: =O8 -> B1G2 | P9: =P8 -> BXGY
A10: =A9 -> 2024 OCT-DES B1G2 | B10: =B9 -> 46099 | C10: =C9 -> 46113 | D10: 3273 | E10: 336 | F10: 4 | G10: 7 | H10: 81574 | I10: DISNEY | J10: 45248366 | K10: KSPDCL150 | L10: 66020100MCS SS SHIRT SPD KOTAK KTG PARKA KSPDCL150:CLASSIC RED:3-4:CHECKS:SS SHIRT | M10: 249900 | N10: =N9 -> BXGY | O10: =O9 -> B1G2 | P10: =P9 -> BXGY
A11: =A10 -> 2024 OCT-DES B1G2 | B11: =B10 -> 46099 | C11: =C10 -> 46113 | D11: 3273 | E11: 336 | F11: 4 | G11: 7 | H11: 81574 | I11: DISNEY | J11: 45248375 | K11: KSPDCL150 | L11: 66020100MCS SS SHIRT SPD KOTAK KTG PARKA KSPDCL150:CLASSIC RED:4-5:CHECKS:SS SHIRT | M11: 249900 | N11: =N10 -> BXGY | O11: =O10 -> B1G2 | P11: =P10 -> BXGY
A12: =A11 -> 2024 OCT-DES B1G2 | B12: =B11 -> 46099 | C12: =C11 -> 46113 | D12: 3273 | E12: 336 | F12: 4 | G12: 7 | H12: 81574 | I12: DISNEY | J12: 45248384 | K12: KSPDCL150 | L12: 66020100MCS SS SHIRT SPD KOTAK KTG PARKA KSPDCL150:CLASSIC RED:5-6:CHECKS:SS SHIRT | M12: 249900 | N12: =N11 -> BXGY | O12: =O11 -> B1G2 | P12: =P11 -> BXGY
A13: =A12 -> 2024 OCT-DES B1G2 | B13: =B12 -> 46099 | C13: =C12 -> 46113 | D13: 3273 | E13: 336 | F13: 4 | G13: 7 | H13: 81574 | I13: DISNEY | J13: 45248393 | K13: KSPDCL150 | L13: 66020100MCS SS SHIRT SPD KOTAK KTG PARKA KSPDCL150:CLASSIC RED:7-8:CHECKS:SS SHIRT | M13: 249900 | N13: =N12 -> BXGY | O13: =O12 -> B1G2 | P13: =P12 -> BXGY
A14: =A13 -> 2024 OCT-DES B1G2 | B14: =B13 -> 46099 | C14: =C13 -> 46113 | D14: 3273 | E14: 336 | F14: 4 | G14: 7 | H14: 81574 | I14: DISNEY | J14: 45248400 | K14: KSPDCL150 | L14: 66020100MCS SS SHIRT SPD KOTAK KTG PARKA KSPDCL150:CLASSIC RED:9-10:CHECKS:SS SHIRT | M14: 249900 | N14: =N13 -> BXGY | O14: =O13 -> B1G2 | P14: =P13 -> BXGY
... A99: =A98 -> 2024 OCT-DES B1G2 | B99: =B98 -> 46099 | C99: =C98 -> 46113 | D99: 3273 | E99: 336 | F99: 4 | G99: 1 | H99: 81676 | I99: DISNEY | J99: 45247072 | K99: GNDN09 | L99: 66020100TS TS TOYS STORY BUZZ RESCUE PATCH GNDN09:PASTEL GREY:3-4:GRAPHIC:SS T-SHIRT | M99: 139900 | N99: =N98 -> BXGY | O99: =O98 -> B1G2 | P99: =P98 -> BXGY
A100: =A99 -> 2024 OCT-DES B1G2 | B100: =B99 -> 46099 | C100: =C99 -> 46113 | D100: 3273 | E100: 336 | F100: 4 | G100: 1 | H100: 81676 | I100: =I99 -> DISNEY | J100: 45247081 | K100: GNDN09 | L100: 66020100TS TS TOYS STORY BUZZ RESCUE PATCH GNDN09:PASTEL GREY:4-5:GRAPHIC:SS T-SHIRT | M100: 139900 | N100: =N99 -> BXGY | O100: =O99 -> B1G2 | P100: =P99 -> BXGY
A101: =A100 -> 2024 OCT-DES B1G2 | B101: =B100 -> 46099 | C101: =C100 -> 46113 | D101: 3273 | E101: 336 | F101: 4 | G101: 1 | H101: 81676 | I101: =I100 -> DISNEY | J101: 45247090 | K101: GNDN09 | L101: 66020100TS TS TOYS STORY BUZZ RESCUE PATCH GNDN09:PASTEL GREY:5-6:GRAPHIC:SS T-SHIRT | M101: 139900 | N101: =N100 -> BXGY | O101: =O100 -> B1G2 | P101: =P100 -> BXGY
A102: =A101 -> 2024 OCT-DES B1G2 | B102: =B101 -> 46099 | C102: =C101 -> 46113 | D102: 3273 | E102: 336 | F102: 4 | G102: 1 | H102: 81676 | I102: =I101 -> DISNEY | J102: 45247107 | K102: GNDN09 | L102: 66020100TS TS TOYS STORY BUZZ RESCUE PATCH GNDN09:PASTEL GREY:7-8:GRAPHIC:SS T-SHIRT | M102: 139900 | N102: =N101 -> BXGY | O102: =O101 -> B1G2 | P102: =P101 -> BXGY
A103: =A102 -> 2024 OCT-DES B1G2 | B103: =B102 -> 46099 | C103: =C102 -> 46113 | D103: 3273 | E103: 336 | F103: 4 | G103: 1 | H103: 81676 | I103: =I102 -> DISNEY | J103: 45247116 | K103: GNDN09 | L103: 66020100TS TS TOYS STORY BUZZ RESCUE PATCH GNDN09:PASTEL GREY:9-10:GRAPHIC:SS T-SHIRT | M103: 139900 | N103: =N102 -> BXGY | O103: =O102 -> B1G2 | P103: =P102 -> BXGY
A104: =A103 -> 2024 OCT-DES B1G2 | B104: =B103 -> 46099 | C104: =C103 -> 46113 | D104: 3273 | E104: 336 | F104: 4 | G104: 1 | H104: 81676 | I104: =I103 -> DISNEY | J104: 45247125 | K104: GNDN09 | L104: 66020100TS TS TOYS STORY BUZZ RESCUE PATCH GNDN09:PASTEL GREY:11-12:GRAPHIC:SS T-SHIRT | M104: 139900 | N104: =N103 -> BXGY | O104: =O103 -> B1G2 | P104: =P103 -> BXGY
A105: =A104 -> 2024 OCT-DES B1G2 | B105: =B104 -> 46099 | C105: =C104 -> 46113 | D105: 3273 | E105: 336 | F105: 4 | G105: 1 | H105: 81676 | I105: =I104 -> DISNEY | J105: 45247134 | K105: GNDN10 | L105: 66020100TS TS TOYS STORY BUZZ GALAXY FP GNDN10:CLASSIC BLUE:3-4:PRINT:SS T-SHIRT | M105: 139900 | N105: =N104 -> BXGY | O105: =O104 -> B1G2 | P105: =P104 -> BXGY
A106: =A105 -> 2024 OCT-DES B1G2 | B106: =B105 -> 46099 | C106: =C105 -> 46113 | D106: 3273 | E106: 336 | F106: 4 | G106: 1 | H106: 81676 | I106: =I105 -> DISNEY | J106: 45247143 | K106: GNDN10 | L106: 66020100TS TS TOYS STORY BUZZ GALAXY FP GNDN10:CLASSIC BLUE:4-5:PRINT:SS T-SHIRT | M106: 139900 | N106: =N105 -> BXGY | O106: =O105 -> B1G2 | P106: =P105 -> BXGY
A107: =A106 -> 2024 OCT-DES B1G2 | B107: =B106 -> 46099 | C107: =C106 -> 46113 | D107: 3273 | E107: 336 | F107: 4 | G107: 1 | H107: 81676 | I107: =I106 -> DISNEY | J107: 45247152 | K107: GNDN10 | L107: 66020100TS TS TOYS STORY BUZZ GALAXY FP GNDN10:CLASSIC BLUE:5-6:PRINT:SS T-SHIRT | M107: 139900 | N107: =N106 -> BXGY | O107: =O106 -> B1G2 | P107: =P106 -> BXGY
A108: =A107 -> 2024 OCT-DES B1G2 | B108: =B107 -> 46099 | C108: =C107 -> 46113 | D108: 3273 | E108: 336 | F108: 4 | G108: 1 | H108: 81676 | I108: =I107 -> DISNEY | J108: 45247161 | K108: GNDN10 | L108: 66020100TS TS TOYS STORY BUZZ GALAXY FP GNDN10:CLASSIC BLUE:7-8:PRINT:SS T-SHIRT | M108: 139900 | N108: =N107 -> BXGY | O108: =O107 -> B1G2 | P108: =P107 -> BXGY
A109: =A108 -> 2024 OCT-DES B1G2 | B109: =B108 -> 46099 | C109: =C108 -> 46113 | D109: 3273 | E109: 336 | F109: 4 | G109: 1 | H109: 81676 | I109: =I108 -> DISNEY | J109: 45247170 | K109: GNDN10 | L109: 66020100TS TS TOYS STORY BUZZ GALAXY FP GNDN10:CLASSIC BLUE:9-10:PRINT:SS T-SHIRT | M109: 139900 | N109: =N108 -> BXGY | O109: =O108 -> B1G2 | P109: =P108 -> BXGY
A110: =A109 -> 2024 OCT-DES B1G2 | B110: =B109 -> 46099 | C110: =C109 -> 46113 | D110: 3273 | E110: 336 | F110: 4 | G110: 1 | H110: 81676 | I110: =I109 -> DISNEY | J110: 45247189 | K110: GNDN10 | L110: 66020100TS TS TOYS STORY BUZZ GALAXY FP GNDN10:CLASSIC BLUE:11-12:PRINT:SS T-SHIRT | M110: 139900 | N110: =N109 -> BXGY | O110: =O109 -> B1G2 | P110: =P109 -> BXGY
A111: =A110 -> 2024 OCT-DES B1G2 | B111: =B110 -> 46099 | C111: =C110 -> 46113 | D111: 3273 | E111: 336 | F111: 4 | G111: 1 | H111: 81676 | I111: =I110 -> DISNEY | J111: 45247198 | K111: GNDN08 | L111: 66020100TS TS TOYS STORY REX TYRANNOSAURUS GNDN08:CLASSIC GREEN:3-4:GRAPHIC:SS T-SHIRT | M111: 129900 | N111: =N110 -> BXGY | O111: =O110 -> B1G2 | P111: =P110 -> BXGY
... A288: =A287 -> 2024 OCT-DES B1G2 | B288: =B287 -> 46099 | C288: =C287 -> 46113 | D288: 3273 | E288: 336 | F288: 4 | G288: 6 | H288: 81676 | I288: =I287 -> DISNEY | J288: 82609889 | K288: GNAVG38 | L288: 66020100OAV TS AVG MARVEL EMBOSS CHAR FP GNAVG38:NAVY BLUE:15-16:TEXT:SS T-SHIRT | M288: 139900 | N288: =N287 -> BXGY | O288: =O287 -> B1G2 | P288: =P287 -> BXGY
A289: =A288 -> 2024 OCT-DES B1G2 | B289: =B288 -> 46099 | C289: =C288 -> 46113 | D289: 3273 | E289: 336 | F289: 4 | G289: 10 | H289: 81574 | I289: DISNEY | J289: 45920503 | K289: TPAVGR28 | L289: 68040202OAV TOPI AVG LOGO CAPT AMRIK TIEDYE STRIPE TPAVGR28:WHITE:F:PRINT:CAPS | M289: 149900 | N289: =N288 -> BXGY | O289: =O288 -> B1G2 | P289: =P288 -> BXGY
A290: =A289 -> 2024 OCT-DES B1G2 | B290: =B289 -> 46099 | C290: =C289 -> 46113 | D290: =D289 -> 3273 | E290: =E289 -> 336 | F290: =F289 -> 4 | G290: 10 | H290: 81574 | I290: =I289 -> DISNEY | J290: 45920512 | K290: TPAVGR35 | L290: 68040202OAV TOPI AVG LOGO OMBRE FP COMIC TPAVGR35:WHITE:F:PRINT:CAPS | M290: 149900 | N290: =N289 -> BXGY | O290: =O289 -> B1G2 | P290: =P289 -> BXGY
A291: =A290 -> 2024 OCT-DES B1G2 | B291: =B290 -> 46099 | C291: =C290 -> 46113 | D291: =D290 -> 3273 | E291: =E290 -> 336 | F291: =F290 -> 4 | G291: 10 | H291: 81574 | I291: =I290 -> DISNEY | J291: 45921360 | K291: TPSPDR33 | L291: 68040202MCS TOPI SPIDERMAN FACE POLOS TPSPDR33:BLACK:F:PRINT:CAPS | M291: 139900 | N291: =N290 -> BXGY | O291: =O290 -> B1G2 | P291: =P290 -> BXGY
A292: =A291 -> 2024 OCT-DES B1G2 | B292: =B291 -> 46099 | C292: =C291 -> 46113 | D292: =D291 -> 3273 | E292: =E291 -> 336 | F292: =F291 -> 4 | G292: 10 | H292: 81574 | I292: =I291 -> DISNEY | J292: 48258359 | K292: TPAVG27 | L292: 68040202OAV TOPI AVG CAPT FIRST AVG TIEDYE TPAVG27:NAVY BLUE:F:PRINT:CAPS | M292: 149900 | N292: =N291 -> BXGY | O292: =O291 -> B1G2 | P292: =P291 -> BXGY
A293: =A292 -> 2024 OCT-DES B1G2 | B293: =B292 -> 46099 | C293: =C292 -> 46113 | D293: =D292 -> 3273 | E293: =E292 -> 336 | F293: =F292 -> 4 | G293: 10 | H293: 81574 | I293: =I292 -> DISNEY | J293: 48258368 | K293: TPSPD30A | L293: 68040202MCS TOPI SPD AMAZING FACE SPLASH TPSPD30A:BLACK:F:GRAPHIC:CAPS | M293: 139900 | N293: =N292 -> BXGY | O293: =O292 -> B1G2 | P293: =P292 -> BXGY
A294: =A293 -> 2024 OCT-DES B1G2 | B294: =B293 -> 46099 | C294: =C293 -> 46113 | D294: =D293 -> 3273 | E294: =E293 -> 336 | F294: =F293 -> 4 | G294: 9 | H294: 81588 | I294: =I293 -> DISNEY | J294: 45920683 | K294: N062 | L294: 66020100MCS LP KNIT SPD FACE DOUBLE KTG TAPE N062:NAVY BLUE:3-4:GRAPHIC:LONG PANTS | M294: 239900 | N294: =N293 -> BXGY | O294: =O293 -> B1G2 | P294: =P293 -> BXGY
A295: =A294 -> 2024 OCT-DES B1G2 | B295: =B294 -> 46099 | C295: =C294 -> 46113 | D295: =D294 -> 3273 | E295: =E294 -> 336 | F295: =F294 -> 4 | G295: 9 | H295: 81588 | I295: =I294 -> DISNEY | J295: 45920692 | K295: N062 | L295: 66020100MCS LP KNIT SPD FACE DOUBLE KTG TAPE N062:NAVY BLUE:4-5:GRAPHIC:LONG PANTS | M295: 239900 | N295: =N294 -> BXGY | O295: =O294 -> B1G2 | P295: =P294 -> BXGY
A296: =A295 -> 2024 OCT-DES B1G2 | B296: =B295 -> 46099 | C296: =C295 -> 46113 | D296: =D295 -> 3273 | E296: =E295 -> 336 | F296: =F295 -> 4 | G296: 9 | H296: 81588 | I296: =I295 -> DISNEY | J296: 45920709 | K296: N062 | L296: 66020100MCS LP KNIT SPD FACE DOUBLE KTG TAPE N062:NAVY BLUE:5-6:GRAPHIC:LONG PANTS | M296: 239900 | N296: =N295 -> BXGY | O296: =O295 -> B1G2 | P296: =P295 -> BXGY
A297: =A296 -> 2024 OCT-DES B1G2 | B297: =B296 -> 46099 | C297: =C296 -> 46113 | D297: =D296 -> 3273 | E297: =E296 -> 336 | F297: =F296 -> 4 | G297: 9 | H297: 81588 | I297: =I296 -> DISNEY | J297: 45920718 | K297: N062 | L297: 66040100MCS LP KNIT SPD FACE DOUBLE KTG TAPE N062:NAVY BLUE:7-8:GRAPHIC:LONG PANTS | M297: 239900 | N297: =N296 -> BXGY | O297: =O296 -> B1G2 | P297: =P296 -> BXGY
A298: =A297 -> 2024 OCT-DES B1G2 | B298: =B297 -> 46099 | C298: =C297 -> 46113 | D298: =D297 -> 3273 | E298: =E297 -> 336 | F298: =F297 -> 4 | G298: 9 | H298: 81588 | I298: =I297 -> DISNEY | J298: 45920727 | K298: N062 | L298: 66040100MCS LP KNIT SPD FACE DOUBLE KTG TAPE N062:NAVY BLUE:9-10:GRAPHIC:LONG PANTS | M298: 239900 | N298: =N297 -> BXGY | O298: =O297 -> B1G2 | P298: =P297 -> BXGY
A299: =A298 -> 2024 OCT-DES B1G2 | B299: =B298 -> 46099 | C299: =C298 -> 46113 | D299: =D298 -> 3273 | E299: =E298 -> 336 | F299: =F298 -> 4 | G299: 9 | H299: 81588 | I299: =I298 -> DISNEY | J299: 45920736 | K299: N062 | L299: 66040100MCS LP KNIT SPD FACE DOUBLE KTG TAPE N062:NAVY BLUE:11-12:GRAPHIC:LONG PANTS | M299: 239900 | N299: =N298 -> BXGY | O299: =O298 -> B1G2 | P299: =P298 -> BXGY
A300: =A299 -> 2024 OCT-DES B1G2 | B300: =B299 -> 46099 | C300: =C299 -> 46113 | D300: =D299 -> 3273 | E300: =E299 -> 336 | F300: =F299 -> 4 | G300: 9 | H300: 81588 | I300: =I299 -> DISNEY | J300: 45920745 | K300: N062 | L300: 66060100MCS LP KNIT SPD FACE DOUBLE KTG TAPE N062:NAVY BLUE:13-14:GRAPHIC:LONG PANTS | M300: 239900 | N300: =N299 -> BXGY | O300: =O299 -> B1G2 | P300: =P299 -> BXGY
A301: =A300 -> 2024 OCT-DES B1G2 | B301: =B300 -> 46099 | C301: =C300 -> 46113 | D301: =D300 -> 3273 | E301: =E300 -> 336 | F301: =F300 -> 4 | G301: 9 | H301: 81588 | I301: =I300 -> DISNEY | J301: 45920754 | K301: N062 | L301: 66060100MCS LP KNIT SPD FACE DOUBLE KTG TAPE N062:NAVY BLUE:15-16:GRAPHIC:LONG PANTS | M301: 239900 | N301: =N300 -> BXGY | O301: =O300 -> B1G2 | P301: =P300 -> BXGY
... A499: =A498 -> 2024 OCT-DES B1G2 | B499: =B498 -> 46099 | C499: =C498 -> 46113 | D499: =D498 -> 3273 | E499: =E498 -> 336 | F499: =F498 -> 4 | G499: 6 | H499: 81588 | I499: =I498 -> DISNEY | J499: 45921271 | K499: HRT486 | L499: 66040100MCS TS SPD WEB SLINGER CUTSEWN KTG HRT486:CLASSIC RED:11-12:GRAPHIC:SS T-SHIRT | M499: 139900 | N499: =N498 -> BXGY | O499: =O498 -> B1G2 | P499: =P498 -> BXGY

Sheet KOSTUM D80
A1: ACARA | B1: FROM DATE | C1: TO DATE | D1: DEPT | E1: WORLD | F1: DIVISION | G1: CLASS | H1: SUPPLIER | I1: BRAND | J1: SKU | K1: ARTICLE | L1: DESCRIPTION | M1: HARGA NORMAL | N1: DISKON | O1: HARGA PROMO | P1: DISCOUNT TYPE
A2: KOSTUM D80 | B2: ='2019 ALL D95'!B26 -> 46099 | C2: ='2019 ALL D95'!C26 -> 46113 | D2: 3273 | E2: 336 | F2: 4 | G2: 1 | H2: 81588 | I2: DISNEY | J2: 18633553 | K2: TOYSA01 | L2: 66020100TS KOSTUM TOYSTORY WOODY:GOLDEN BROWN:3-4:GRAPHIC:LS T-SHIRT | M2: 279900 | N2: 0.8 | O2: =M2-((80*M2)/100) -> 55980 | P2: PERCENTAGE
A3: =A2 -> KOSTUM D80 | B3: =B2 -> 46099 | C3: =C2 -> 46113 | D3: 3273 | E3: 336 | F3: 4 | G3: 1 | H3: 81588 | I3: DISNEY | J3: 18633562 | K3: TOYSA01 | L3: 66020100TS KOSTUM TOYSTORY WOODY:GOLDEN BROWN:4-5:GRAPHIC:LS T-SHIRT | M3: 279900 | N3: =N2 -> 0.8 | O3: =M3-((80*M3)/100) -> 55980 | P3: =P2 -> PERCENTAGE
A4: =A3 -> KOSTUM D80 | B4: =B3 -> 46099 | C4: =C3 -> 46113 | D4: 3273 | E4: 336 | F4: 4 | G4: 1 | H4: 81588 | I4: DISNEY | J4: 18633571 | K4: TOYSA01 | L4: 66020100TS KOSTUM TOYSTORY WOODY:GOLDEN BROWN:5-6:GRAPHIC:LS T-SHIRT | M4: 279900 | N4: =N3 -> 0.8 | P4: =P3 -> PERCENTAGE
A5: =A4 -> KOSTUM D80 | B5: =B4 -> 46099 | C5: =C4 -> 46113 | D5: 3273 | E5: 336 | F5: 4 | G5: 1 | H5: 81588 | I5: DISNEY | J5: 18633580 | K5: TOYSA01 | L5: 66020100TS KOSTUM TOYSTORY WOODY:GOLDEN BROWN:7-8:GRAPHIC:LS T-SHIRT | M5: 279900 | N5: =N4 -> 0.8 | O5: =M5-((80*M5)/100) -> 55980 | P5: =P4 -> PERCENTAGE
A6: =A5 -> KOSTUM D80 | B6: =B5 -> 46099 | C6: =C5 -> 46113 | D6: 3273 | E6: 336 | F6: 4 | G6: 1 | H6: 81588 | I6: DISNEY | J6: 18633599 | K6: TOYSA01 | L6: 66020100TS KOSTUM TOYSTORY WOODY:GOLDEN BROWN:9-10:GRAPHIC:LS T-SHIRT | M6: 279900 | N6: =N5 -> 0.8 | O6: =M6-((80*M6)/100) -> 55980 | P6: =P5 -> PERCENTAGE
A7: =A6 -> KOSTUM D80 | B7: =B6 -> 46099 | C7: =C6 -> 46113 | D7: 3273 | E7: 336 | F7: 4 | G7: 1 | H7: 81588 | I7: DISNEY | J7: 18633606 | K7: TOYSA02 | L7: 66020100TS KOSTUM TOYSTORY BUZZ LIGHTYEAR:WHITE:3-4:GRAPHIC:LS T-SHIRT | M7: 279900 | N7: =N6 -> 0.8 | O7: =M7-((80*M7)/100) -> 55980 | P7: =P6 -> PERCENTAGE
A8: =A7 -> KOSTUM D80 | B8: =B7 -> 46099 | C8: =C7 -> 46113 | D8: 3273 | E8: 336 | F8: 4 | G8: 1 | H8: 81588 | I8: DISNEY | J8: 18633633 | K8: TOYSA02 | L8: 66020100TS KOSTUM TOYSTORY BUZZ LIGHTYEAR:WHITE:4-5:GRAPHIC:LS T-SHIRT | M8: 279900 | N8: =N7 -> 0.8 | O8: =M8-((80*M8)/100) -> 55980 | P8: =P7 -> PERCENTAGE
A9: =A8 -> KOSTUM D80 | B9: =B8 -> 46099 | C9: =C8 -> 46113 | D9: 3273 | E9: 336 | F9: 4 | G9: 1 | H9: 81588 | I9: DISNEY | J9: 18633642 | K9: TOYSA02 | L9: 66020100TS KOSTUM TOYSTORY BUZZ LIGHTYEAR:WHITE:5-6:GRAPHIC:LS T-SHIRT | M9: 279900 | N9: =N8 -> 0.8 | O9: =M9-((80*M9)/100) -> 55980 | P9: =P8 -> PERCENTAGE
A10: =A9 -> KOSTUM D80 | B10: =B9 -> 46099 | C10: =C9 -> 46113 | D10: 3273 | E10: 336 | F10: 4 | G10: 1 | H10: 81588 | I10: DISNEY | J10: 18633651 | K10: TOYSA02 | L10: 66020100TS KOSTUM TOYSTORY BUZZ LIGHTYEAR:WHITE:7-8:GRAPHIC:LS T-SHIRT | M10: 279900 | N10: =N9 -> 0.8 | O10: =M10-((80*M10)/100) -> 55980 | P10: =P9 -> PERCENTAGE
A11: =A10 -> KOSTUM D80 | B11: =B10 -> 46099 | C11: =C10 -> 46113 | D11: 3273 | E11: 336 | F11: 4 | G11: 1 | H11: 81588 | I11: DISNEY | J11: 18633679 | K11: TOYSA02 | L11: 66020100TS KOSTUM TOYSTORY BUZZ LIGHTYEAR:WHITE:9-10:GRAPHIC:LS T-SHIRT | M11: 279900 | N11: =N10 -> 0.8 | O11: =M11-((80*M11)/100) -> 55980 | P11: =P10 -> PERCENTAGE
A12: =A11 -> KOSTUM D80 | B12: =B11 -> 46099 | C12: =C11 -> 46113 | D12: 3273 | E12: 336 | F12: 4 | G12: 6 | H12: 81588 | I12: DISNEY | J12: 84318681 | K12: N820 | L12: 66020100MCS KOSTUM SPIDERMAN LOOK-A-LIKE N820:CLASSIC RED:3-4:PRINT:COSTUME | M12: 279900 | N12: =N11 -> 0.8 | O12: =M12-((80*M12)/100) -> 55980 | P12: =P11 -> PERCENTAGE
A13: =A12 -> KOSTUM D80 | B13: =B12 -> 46099 | C13: =C12 -> 46113 | D13: 3273 | E13: 336 | F13: 4 | G13: 6 | H13: 81588 | I13: DISNEY | J13: 84318690 | K13: N820 | L13: 66020100MCS KOSTUM SPIDERMAN LOOK-A-LIKE N820:CLASSIC RED:4-5:PRINT:COSTUME | M13: 279900 | N13: =N12 -> 0.8 | O13: =M13-((80*M13)/100) -> 55980 | P13: =P12 -> PERCENTAGE
A14: =A13 -> KOSTUM D80 | B14: =B13 -> 46099 | C14: =C13 -> 46113 | D14: 3273 | E14: 336 | F14: 4 | G14: 6 | H14: 81588 | I14: DISNEY | J14: 84318707 | K14: N820 | L14: 66020100MCS KOSTUM SPIDERMAN LOOK-A-LIKE N820:CLASSIC RED:5-6:PRINT:COSTUME | M14: 279900 | N14: =N13 -> 0.8 | O14: =M14-((80*M14)/100) -> 55980 | P14: =P13 -> PERCENTAGE
A15: =A14 -> KOSTUM D80 | B15: =B14 -> 46099 | C15: =C14 -> 46113 | D15: 3273 | E15: 336 | F15: 4 | G15: 6 | H15: 81588 | I15: DISNEY | J15: 84318716 | K15: N820 | L15: 66020100MCS KOSTUM SPIDERMAN LOOK-A-LIKE N820:CLASSIC RED:7-8:PRINT:COSTUME | M15: 279900 | N15: =N14 -> 0.8 | O15: =M15-((80*M15)/100) -> 55980 | P15: =P14 -> PERCENTAGE
A16: =A15 -> KOSTUM D80 | B16: =B15 -> 46099 | C16: =C15 -> 46113 | D16: 3273 | E16: 336 | F16: 4 | G16: 6 | H16: 81588 | I16: DISNEY | J16: 84318725 | K16: N820 | L16: 66020100MCS KOSTUM SPIDERMAN LOOK-A-LIKE N820:CLASSIC RED:9-10:PRINT:COSTUME | M16: 279900 | N16: =N15 -> 0.8 | O16: =M16-((80*M16)/100) -> 55980 | P16: =P15 -> PERCENTAGE
... A36: =A35 -> KOSTUM D80 | B36: =B35 -> 46099 | C36: =C35 -> 46113 | D36: 3273 | E36: 336 | F36: 4 | G36: 6 | H36: 81588 | I36: DISNEY | J36: 84318672 | K36: N800 | L36: 66020100OAV KOSTUM BLACK PANTHER LOOK-A-LIKE A N800:BLACK:9-10:PRINT:COSTUME | M36: 279900 | N36: =N35 -> 0.8 | O36: =M36-((80*M36)/100) -> 55980 | P36: =P35 -> PERCENTAGE

Sheet 2025 Q1 SEASONAL D80
A1: ACARA | B1: FROM DATE | C1: TO DATE | D1: DEPT | E1: WORLD | F1: DIVISION | G1: CLASS | H1: SUPPLIER | I1: BRAND | J1: SKU | K1: ARTICLE | L1: DESCRIPTION | M1: HARGA NORMAL | N1: DISKON | O1: HARGA PROMO | P1: DISCOUNT TYPE
A2: 2025 Q1 SEASONAL D80 | B2: ='2019 ALL D95'!B26 -> 46099 | C2: ='2019 ALL D95'!C26 -> 46113 | D2: 3273 | E2: 336 | F2: 4 | G2: 7 | H2: 81747 | I2: DISNEY | J2: 51102322 | K2: MKGBP1 | L2: 66040100OAV LS SHIRT KOKO BLACK PANTHER PATTERN MKGBP1:WHITE:5-6:GRAPHIC:LS SHIRT | M2: 269900 | N2: 0.8 | O2: =M2-((80*M2)/100) -> 53980 | P2: PERCENTAGE
A3: =A2 -> 2025 Q1 SEASONAL D80 | B3: =B2 -> 46099 | C3: =C2 -> 46113 | D3: 3273 | E3: 336 | F3: 4 | G3: 7 | H3: 81747 | I3: DISNEY | J3: 51102331 | K3: MKGBP1 | L3: 66040100OAV LS SHIRT KOKO BLACK PANTHER PATTERN MKGBP1:WHITE:7-8:GRAPHIC:LS SHIRT | M3: 269900 | N3: =N2 -> 0.8 | O3: =M3-((80*M3)/100) -> 53980 | P3: =P2 -> PERCENTAGE
A4: =A3 -> 2025 Q1 SEASONAL D80 | B4: =B3 -> 46099 | C4: =C3 -> 46113 | D4: 3273 | E4: 336 | F4: 4 | G4: 7 | H4: 81747 | I4: DISNEY | J4: 51102340 | K4: MKGBP1 | L4: 66040100OAV LS SHIRT KOKO BLACK PANTHER PATTERN MKGBP1:WHITE:9-10:GRAPHIC:LS SHIRT | M4: 269900 | N4: =N3 -> 0.8 | O4: =M4-((80*M4)/100) -> 53980 | P4: =P3 -> PERCENTAGE
A5: =A4 -> 2025 Q1 SEASONAL D80 | B5: =B4 -> 46099 | C5: =C4 -> 46113 | D5: 3273 | E5: 336 | F5: 4 | G5: 7 | H5: 81747 | I5: DISNEY | J5: 51102359 | K5: MKGBP1 | L5: 66060100OAV LS SHIRT KOKO BLACK PANTHER PATTERN MKGBP1:WHITE:11-12:GRAPHIC:LS SHIRT | M5: 269900 | N5: =N4 -> 0.8 | O5: =M5-((80*M5)/100) -> 53980 | P5: =P4 -> PERCENTAGE
A6: =A5 -> 2025 Q1 SEASONAL D80 | B6: =B5 -> 46099 | C6: =C5 -> 46113 | D6: 3273 | E6: 336 | F6: 4 | G6: 7 | H6: 81747 | I6: DISNEY | J6: 51102368 | K6: MKGBP1 | L6: 66060100OAV LS SHIRT KOKO BLACK PANTHER PATTERN MKGBP1:WHITE:13-14:GRAPHIC:LS SHIRT | M6: 269900 | N6: =N5 -> 0.8 | O6: =M6-((80*M6)/100) -> 53980 | P6: =P5 -> PERCENTAGE
A7: =A6 -> 2025 Q1 SEASONAL D80 | B7: =B6 -> 46099 | C7: =C6 -> 46113 | D7: 3273 | E7: 336 | F7: 4 | G7: 7 | H7: 81747 | I7: DISNEY | J7: 51102377 | K7: MKGBP1 | L7: 66060100OAV LS SHIRT KOKO BLACK PANTHER PATTERN MKGBP1:WHITE:15-16:GRAPHIC:LS SHIRT | M7: 269900 | N7: =N6 -> 0.8 | O7: =M7-((80*M7)/100) -> 53980 | P7: =P6 -> PERCENTAGE
A8: =A7 -> 2025 Q1 SEASONAL D80 | B8: =B7 -> 46099 | C8: =C7 -> 46113 | D8: 3273 | E8: 336 | F8: 4 | G8: 7 | H8: 81574 | I8: DISNEY | J8: 51601971 | K8: KAVCL119 | L8: 66020100MCS SS SHIRT KOKO SPD FACE WEB HEAD KAVCL119:MISTY LIGHT BROWN:3-4:GRAPHIC:SS KOKO | M8: 249900 | N8: =N7 -> 0.8 | O8: =M8-((80*M8)/100) -> 49980 | P8: =P7 -> PERCENTAGE
A9: =A8 -> 2025 Q1 SEASONAL D80 | B9: =B8 -> 46099 | C9: =C8 -> 46113 | D9: 3273 | E9: 336 | F9: 4 | G9: 7 | H9: 81574 | I9: DISNEY | J9: 51601980 | K9: KAVCL119 | L9: 66020100MCS SS SHIRT KOKO SPD FACE WEB HEAD KAVCL119:MISTY LIGHT BROWN:4-5:GRAPHIC:SS KOKO | M9: 249900 | N9: =N8 -> 0.8 | O9: =M9-((80*M9)/100) -> 49980 | P9: =P8 -> PERCENTAGE
A10: =A9 -> 2025 Q1 SEASONAL D80 | B10: =B9 -> 46099 | C10: =C9 -> 46113 | D10: 3273 | E10: 336 | F10: 4 | G10: 7 | H10: 81574 | I10: DISNEY | J10: 51601999 | K10: KAVCL119 | L10: 66020100MCS SS SHIRT KOKO SPD FACE WEB HEAD KAVCL119:MISTY LIGHT BROWN:5-6:GRAPHIC:SS KOKO | M10: 249900 | N10: =N9 -> 0.8 | O10: =M10-((80*M10)/100) -> 49980 | P10: =P9 -> PERCENTAGE
A11: =A10 -> 2025 Q1 SEASONAL D80 | B11: =B10 -> 46099 | C11: =C10 -> 46113 | D11: 3273 | E11: 336 | F11: 4 | G11: 7 | H11: 81574 | I11: DISNEY | J11: 51602005 | K11: KAVCL119 | L11: 66040100MCS SS SHIRT KOKO SPD FACE WEB HEAD KAVCL119:MISTY LIGHT BROWN:7-8:GRAPHIC:SS KOKO | M11: 249900 | N11: =N10 -> 0.8 | O11: =M11-((80*M11)/100) -> 49980 | P11: =P10 -> PERCENTAGE
A12: =A11 -> 2025 Q1 SEASONAL D80 | B12: =B11 -> 46099 | C12: =C11 -> 46113 | D12: 3273 | E12: 336 | F12: 4 | G12: 7 | H12: 81574 | I12: DISNEY | J12: 51602014 | K12: KAVCL119 | L12: 66040100MCS SS SHIRT KOKO SPD FACE WEB HEAD KAVCL119:MISTY LIGHT BROWN:9-10:GRAPHIC:SS KOKO | M12: 249900 | N12: =N11 -> 0.8 | O12: =M12-((80*M12)/100) -> 49980 | P12: =P11 -> PERCENTAGE
A13: =A12 -> 2025 Q1 SEASONAL D80 | B13: =B12 -> 46099 | C13: =C12 -> 46113 | D13: 3273 | E13: 336 | F13: 4 | G13: 7 | H13: 81574 | I13: DISNEY | J13: 51602023 | K13: KAVCL119 | L13: 66040100MCS SS SHIRT KOKO SPD FACE WEB HEAD KAVCL119:MISTY LIGHT BROWN:11-12:GRAPHIC:SS KOKO | M13: 249900 | N13: =N12 -> 0.8 | O13: =M13-((80*M13)/100) -> 49980 | P13: =P12 -> PERCENTAGE
A14: =A13 -> 2025 Q1 SEASONAL D80 | B14: =B13 -> 46099 | C14: =C13 -> 46113 | D14: 3273 | E14: 336 | F14: 4 | G14: 7 | H14: 81574 | I14: DISNEY | J14: 51602032 | K14: KAVCL119 | L14: 66060100MCS SS SHIRT KOKO SPD FACE WEB HEAD KAVCL119:MISTY LIGHT BROWN:13-14:GRAPHIC:SS KOKO | M14: 249900 | N14: =N13 -> 0.8 | O14: =M14-((80*M14)/100) -> 49980 | P14: =P13 -> PERCENTAGE
... A72: =A71 -> 2025 Q1 SEASONAL D80 | B72: =B71 -> 46099 | C72: =C71 -> 46113 | D72: 3273 | E72: 336 | F72: 4 | G72: 7 | H72: 81747 | I72: DISNEY | J72: 51105534 | K72: MKGSPD1 | L72: 66060100MCS SS SHIRT SPD FACE FP MKGSPD1:WHITE:15-16:PRINT:SS SHIRT | M72: 249900 | N72: =N71 -> 0.8 | O72: =M72-((80*M72)/100) -> 49980 | P72: =P71 -> PERCENTAGE
A73: =A72 -> 2025 Q1 SEASONAL D80 | B73: =B72 -> 46099 | C73: =C72 -> 46113 | D73: 3273 | E73: 336 | F73: 4 | G73: 12 | H73: 81574 | I73: =I72 -> DISNEY | J73: 51101832 | K73: KAVCL157 | L73: 66020100OAV SS SHIRT AVG CAPT AMRIK STRIPE PATTERN KANTONG KAVCL157:MISTY LIGHT GREY:3-4:STRIPES:SS | M73: 249900 | N73: =N72 -> 0.8 | O73: =M73-((80*M73)/100) -> 49980 | P73: =P72 -> PERCENTAGE
A74: =A73 -> 2025 Q1 SEASONAL D80 | B74: =B73 -> 46099 | C74: =C73 -> 46113 | D74: 3273 | E74: 336 | F74: 4 | G74: 12 | H74: 81574 | I74: =I73 -> DISNEY | J74: 51101841 | K74: KAVCL157 | L74: 66020100OAV SS SHIRT AVG CAPT AMRIK STRIPE PATTERN KANTONG KAVCL157:MISTY LIGHT GREY:4-5:STRIPES:SS | M74: 249900 | N74: =N73 -> 0.8 | O74: =M74-((80*M74)/100) -> 49980 | P74: =P73 -> PERCENTAGE
A75: =A74 -> 2025 Q1 SEASONAL D80 | B75: =B74 -> 46099 | C75: =C74 -> 46113 | D75: 3273 | E75: 336 | F75: 4 | G75: 12 | H75: 81574 | I75: =I74 -> DISNEY | J75: 51101850 | K75: KAVCL157 | L75: 66020100OAV SS SHIRT AVG CAPT AMRIK STRIPE PATTERN KANTONG KAVCL157:MISTY LIGHT GREY:5-6:STRIPES:SS | M75: 249900 | N75: =N74 -> 0.8 | O75: =M75-((80*M75)/100) -> 49980 | P75: =P74 -> PERCENTAGE
A76: =A75 -> 2025 Q1 SEASONAL D80 | B76: =B75 -> 46099 | C76: =C75 -> 46113 | D76: 3273 | E76: 336 | F76: 4 | G76: 12 | H76: 81574 | I76: =I75 -> DISNEY | J76: 51101869 | K76: KAVCL157 | L76: 66040100OAV SS SHIRT AVG CAPT AMRIK STRIPE PATTERN KANTONG KAVCL157:MISTY LIGHT GREY:7-8:STRIPES:SS | M76: 249900 | N76: =N75 -> 0.8 | O76: =M76-((80*M76)/100) -> 49980 | P76: =P75 -> PERCENTAGE
A77: =A76 -> 2025 Q1 SEASONAL D80 | B77: =B76 -> 46099 | C77: =C76 -> 46113 | D77: 3273 | E77: 336 | F77: 4 | G77: 12 | H77: 81574 | I77: =I76 -> DISNEY | J77: 51101878 | K77: KAVCL157 | L77: 66040100OAV SS SHIRT AVG CAPT AMRIK STRIPE PATTERN KANTONG KAVCL157:MISTY LIGHT GREY:9-10:STRIPES:SS | M77: 249900 | N77: =N76 -> 0.8 | O77: =M77-((80*M77)/100) -> 49980 | P77: =P76 -> PERCENTAGE
A78: =A77 -> 2025 Q1 SEASONAL D80 | B78: =B77 -> 46099 | C78: =C77 -> 46113 | D78: 3273 | E78: 336 | F78: 4 | G78: 12 | H78: 81574 | I78: =I77 -> DISNEY | J78: 51101887 | K78: KAVCL157 | L78: 66040100OAV SS SHIRT AVG CAPT AMRIK STRIPE PATTERN KANTONG KAVCL157:MISTY LIGHT GREY:11-12:STRIPES:S | M78: 249900 | N78: =N77 -> 0.8 | O78: =M78-((80*M78)/100) -> 49980 | P78: =P77 -> PERCENTAGE
A79: =A78 -> 2025 Q1 SEASONAL D80 | B79: =B78 -> 46099 | C79: =C78 -> 46113 | D79: 3273 | E79: 336 | F79: 4 | G79: 12 | H79: 81574 | I79: =I78 -> DISNEY | J79: 51101896 | K79: KAVCL157 | L79: 66060100OAV SS SHIRT AVG CAPT AMRIK STRIPE PATTERN KANTONG KAVCL157:MISTY LIGHT GREY:13-14:STRIPES:S | M79: 249900 | N79: =N78 -> 0.8 | O79: =M79-((80*M79)/100) -> 49980 | P79: =P78 -> PERCENTAGE
A80: =A79 -> 2025 Q1 SEASONAL D80 | B80: =B79 -> 46099 | C80: =C79 -> 46113 | D80: 3273 | E80: 336 | F80: 4 | G80: 12 | H80: 81574 | I80: =I79 -> DISNEY | J80: 51101903 | K80: KAVCL157 | L80: 66060100OAV SS SHIRT AVG CAPT AMRIK STRIPE PATTERN KANTONG KAVCL157:MISTY LIGHT GREY:15-16:STRIPES:S | M80: 249900 | N80: =N79 -> 0.8 | O80: =M80-((80*M80)/100) -> 49980 | P80: =P79 -> PERCENTAGE
A81: =A80 -> 2025 Q1 SEASONAL D80 | B81: =B80 -> 46099 | C81: =C80 -> 46113 | D81: 3273 | E81: 336 | F81: 4 | G81: 12 | H81: 81574 | I81: DISNEY | J81: 51710791 | K81: KAVCL104 | L81: 66020100OAV SS POLO AVG LOGO KTG 3D LGN LIPAT KAVCL104:WHITE:3-4:GRAPHIC:SS POLO SHIRT | M81: 189900 | N81: =N80 -> 0.8 | O81: =M81-((80*M81)/100) -> 37980 | P81: =P80 -> PERCENTAGE
A82: =A81 -> 2025 Q1 SEASONAL D80 | B82: =B81 -> 46099 | C82: =C81 -> 46113 | D82: 3273 | E82: 336 | F82: 4 | G82: 12 | H82: 81574 | I82: DISNEY | J82: 51710808 | K82: KAVCL104 | L82: 66020100OAV SS POLO AVG LOGO KTG 3D LGN LIPAT KAVCL104:WHITE:4-5:GRAPHIC:SS POLO SHIRT | M82: 189900 | N82: =N81 -> 0.8 | O82: =M82-((80*M82)/100) -> 37980 | P82: =P81 -> PERCENTAGE
A83: =A82 -> 2025 Q1 SEASONAL D80 | B83: =B82 -> 46099 | C83: =C82 -> 46113 | D83: 3273 | E83: 336 | F83: 4 | G83: 12 | H83: 81574 | I83: DISNEY | J83: 51710817 | K83: KAVCL104 | L83: 66020100OAV SS POLO AVG LOGO KTG 3D LGN LIPAT KAVCL104:WHITE:5-6:GRAPHIC:SS POLO SHIRT | M83: 189900 | N83: =N82 -> 0.8 | O83: =M83-((80*M83)/100) -> 37980 | P83: =P82 -> PERCENTAGE
A84: =A83 -> 2025 Q1 SEASONAL D80 | B84: =B83 -> 46099 | C84: =C83 -> 46113 | D84: 3273 | E84: 336 | F84: 4 | G84: 12 | H84: 81574 | I84: DISNEY | J84: 51710826 | K84: KAVCL104 | L84: 66040100OAV SS POLO AVG LOGO KTG 3D LGN LIPAT KAVCL104:WHITE:7-8:GRAPHIC:SS POLO SHIRT | M84: 189900 | N84: =N83 -> 0.8 | O84: =M84-((80*M84)/100) -> 37980 | P84: =P83 -> PERCENTAGE
A85: =A84 -> 2025 Q1 SEASONAL D80 | B85: =B84 -> 46099 | C85: =C84 -> 46113 | D85: 3273 | E85: 336 | F85: 4 | G85: 12 | H85: 81574 | I85: DISNEY | J85: 51710835 | K85: KAVCL104 | L85: 66040100OAV SS POLO AVG LOGO KTG 3D LGN LIPAT KAVCL104:WHITE:9-10:GRAPHIC:SS POLO SHIRT | M85: 189900 | N85: =N84 -> 0.8 | O85: =M85-((80*M85)/100) -> 37980 | P85: =P84 -> PERCENTAGE
A86: =A85 -> 2025 Q1 SEASONAL D80 | B86: =B85 -> 46099 | C86: =C85 -> 46113 | D86: 3273 | E86: 336 | F86: 4 | G86: 12 | H86: 81574 | I86: DISNEY | J86: 51710844 | K86: KAVCL104 | L86: 66040100OAV SS POLO AVG LOGO KTG 3D LGN LIPAT KAVCL104:WHITE:11-12:GRAPHIC:SS POLO SHIRT | M86: 189900 | N86: =N85 -> 0.8 | O86: =M86-((80*M86)/100) -> 37980 | P86: =P85 -> PERCENTAGE
A87: =A86 -> 2025 Q1 SEASONAL D80 | B87: =B86 -> 46099 | C87: =C86 -> 46113 | D87: 3273 | E87: 336 | F87: 4 | G87: 12 | H87: 81574 | I87: DISNEY | J87: 51710853 | K87: KAVCL104 | L87: 66060100OAV SS POLO AVG LOGO KTG 3D LGN LIPAT KAVCL104:WHITE:13-14:GRAPHIC:SS POLO SHIRT | M87: 189900 | N87: =N86 -> 0.8 | O87: =M87-((80*M87)/100) -> 37980 | P87: =P86 -> PERCENTAGE
A88: =A87 -> 2025 Q1 SEASONAL D80 | B88: =B87 -> 46099 | C88: =C87 -> 46113 | D88: 3273 | E88: 336 | F88: 4 | G88: 12 | H88: 81574 | I88: DISNEY | J88: 51710862 | K88: KAVCL104 | L88: 66060100OAV SS POLO AVG LOGO KTG 3D LGN LIPAT KAVCL104:WHITE:15-16:GRAPHIC:SS POLO SHIRT | M88: 189900 | N88: =N87 -> 0.8 | O88: =M88-((80*M88)/100) -> 37980 | P88: =P87 -> PERCENTAGE
A89: =A88 -> 2025 Q1 SEASONAL D80 | B89: =B88 -> 46099 | C89: =C88 -> 46113 | D89: 3273 | E89: 336 | F89: 4 | G89: 6 | H89: 81574 | I89: DISNEY | J89: 51710951 | K89: KSPDCL104 | L89: 66020100MCS SS POLO SPD FACE KOMB KTG LEHER PARACHUTE KSPDCL104:NAVY BLUE:3-4:GRAPHIC:SS POLO SHIRT | M89: 189900 | N89: =N88 -> 0.8 | O89: =M89-((80*M89)/100) -> 37980 | P89: =P88 -> PERCENTAGE
A90: =A89 -> 2025 Q1 SEASONAL D80 | B90: =B89 -> 46099 | C90: =C89 -> 46113 | D90: 3273 | E90: 336 | F90: 4 | G90: 6 | H90: 81574 | I90: DISNEY | J90: 51710960 | K90: KSPDCL104 | L90: 66020100MCS SS POLO SPD FACE KOMB KTG LEHER PARACHUTE KSPDCL104:NAVY BLUE:4-5:GRAPHIC:SS POLO SHIRT | M90: 189900 | N90: =N89 -> 0.8 | O90: =M90-((80*M90)/100) -> 37980 | P90: =P89 -> PERCENTAGE
A91: =A90 -> 2025 Q1 SEASONAL D80 | B91: =B90 -> 46099 | C91: =C90 -> 46113 | D91: 3273 | E91: 336 | F91: 4 | G91: 6 | H91: 81574 | I91: DISNEY | J91: 51710979 | K91: KSPDCL104 | L91: 66020100MCS SS POLO SPD FACE KOMB KTG LEHER PARACHUTE KSPDCL104:NAVY BLUE:5-6:GRAPHIC:SS POLO SHIRT | M91: 189900 | N91: =N90 -> 0.8 | O91: =M91-((80*M91)/100) -> 37980 | P91: =P90 -> PERCENTAGE
A92: =A91 -> 2025 Q1 SEASONAL D80 | B92: =B91 -> 46099 | C92: =C91 -> 46113 | D92: 3273 | E92: 336 | F92: 4 | G92: 6 | H92: 81574 | I92: DISNEY | J92: 51710988 | K92: KSPDCL104 | L92: 66040100MCS SS POLO SPD FACE KOMB KTG LEHER PARACHUTE KSPDCL104:NAVY BLUE:7-8:GRAPHIC:SS POLO SHIRT | M92: 189900 | N92: =N91 -> 0.8 | O92: =M92-((80*M92)/100) -> 37980 | P92: =P91 -> PERCENTAGE
... A96: =A95 -> 2025 Q1 SEASONAL D80 | B96: =B95 -> 46099 | C96: =C95 -> 46113 | D96: 3273 | E96: 336 | F96: 4 | G96: 6 | H96: 81574 | I96: DISNEY | J96: 51711021 | K96: KSPDCL104 | L96: 66060100MCS SS POLO SPD FACE KOMB KTG LEHER PARACHUTE KSPDCL104:NAVY BLUE:15-16:GRAPHIC:SS POLO SHIR | M96: 189900 | N96: =N95 -> 0.8 | O96: =M96-((80*M96)/100) -> 37980 | P96: =P95 -> PERCENTAGE

Sheet 2025 JAN-APR B1G2
A1: ACARA | B1: FROM DATE | C1: TO DATE | D1: DEPT | E1: WORLD | F1: DIVISION | G1: CLASS | H1: SUPPLIER | I1: BRAND | J1: SKU | K1: ARTICLE | L1: DESCRIPTION | M1: HARGA NORMAL | N1: DISKON | O1: HARGA PROMO | P1: DISCOUNT TYPE
A2: 2025 JAN-APR B1G2 | B2: ='2019 ALL D95'!B26 -> 46099 | C2: ='2019 ALL D95'!C26 -> 46113 | D2: 3273 | E2: 336 | F2: 4 | G2: 9 | H2: 81588 | I2: DISNEY | J2: 51100057 | K2: N68 | L2: 660201000AV LP KNIT AVG CAPT AMRIK KTG DOUBLE N68:NAVY BLUE:3-4:GRAPHIC:LONG PANTS | M2: 249900 | N2: BXGY | O2: B1G2 | P2: BXGY
A3: =A2 -> 2025 JAN-APR B1G2 | B3: =B2 -> 46099 | C3: =C2 -> 46113 | D3: 3273 | E3: 336 | F3: 4 | G3: 9 | H3: 81588 | I3: DISNEY | J3: 51100066 | K3: N68 | L3: 660201000AV LP KNIT AVG CAPT AMRIK KTG DOUBLE N68:NAVY BLUE:4-5:GRAPHIC:LONG PANTS | M3: 249900 | N3: BXGY | O3: =O2 -> B1G2 | P3: BXGY
A4: =A3 -> 2025 JAN-APR B1G2 | B4: =B3 -> 46099 | C4: =C3 -> 46113 | D4: 3273 | E4: 336 | F4: 4 | G4: 9 | H4: 81588 | I4: DISNEY | J4: 51100075 | K4: N68 | L4: 660201000AV LP KNIT AVG CAPT AMRIK KTG DOUBLE N68:NAVY BLUE:5-6:GRAPHIC:LONG PANTS | M4: 249900 | N4: BXGY | O4: =O3 -> B1G2 | P4: BXGY
A5: =A4 -> 2025 JAN-APR B1G2 | B5: =B4 -> 46099 | C5: =C4 -> 46113 | D5: 3273 | E5: 336 | F5: 4 | G5: 9 | H5: 81588 | I5: DISNEY | J5: 51100084 | K5: N68 | L5: 660401000AV LP KNIT AVG CAPT AMRIK KTG DOUBLE N68:NAVY BLUE:7-8:GRAPHIC:LONG PANTS | M5: 249900 | N5: BXGY | O5: =O4 -> B1G2 | P5: BXGY
A6: =A5 -> 2025 JAN-APR B1G2 | B6: =B5 -> 46099 | C6: =C5 -> 46113 | D6: 3273 | E6: 336 | F6: 4 | G6: 9 | H6: 81588 | I6: DISNEY | J6: 51100093 | K6: N68 | L6: 660401000AV LP KNIT AVG CAPT AMRIK KTG DOUBLE N68:NAVY BLUE:9-10:GRAPHIC:LONG PANTS | M6: 249900 | N6: BXGY | O6: =O5 -> B1G2 | P6: BXGY
A7: =A6 -> 2025 JAN-APR B1G2 | B7: =B6 -> 46099 | C7: =C6 -> 46113 | D7: 3273 | E7: 336 | F7: 4 | G7: 9 | H7: 81588 | I7: DISNEY | J7: 51100100 | K7: N68 | L7: 660401000AV LP KNIT AVG CAPT AMRIK KTG DOUBLE N68:NAVY BLUE:11-12:GRAPHIC:LONG PANTS | M7: 249900 | N7: BXGY | O7: =O6 -> B1G2 | P7: BXGY
A8: =A7 -> 2025 JAN-APR B1G2 | B8: =B7 -> 46099 | C8: =C7 -> 46113 | D8: 3273 | E8: 336 | F8: 4 | G8: 9 | H8: 81588 | I8: DISNEY | J8: 51100119 | K8: N68 | L8: 660601000AV LP KNIT AVG CAPT AMRIK KTG DOUBLE N68:NAVY BLUE:13-14:GRAPHIC:LONG PANTS | M8: 249900 | N8: BXGY | O8: =O7 -> B1G2 | P8: BXGY
A9: =A8 -> 2025 JAN-APR B1G2 | B9: =B8 -> 46099 | C9: =C8 -> 46113 | D9: 3273 | E9: 336 | F9: 4 | G9: 9 | H9: 81588 | I9: DISNEY | J9: 51100128 | K9: N68 | L9: 660601000AV LP KNIT AVG CAPT AMRIK KTG DOUBLE N68:NAVY BLUE:15-16:GRAPHIC:LONG PANTS | M9: 249900 | N9: BXGY | O9: =O8 -> B1G2 | P9: BXGY
A10: =A9 -> 2025 JAN-APR B1G2 | B10: =B9 -> 46099 | C10: =C9 -> 46113 | D10: 3273 | E10: 336 | F10: 4 | G10: 9 | H10: 81676 | I10: DISNEY | J10: 51101627 | K10: GNAVG65 | L10: 66020100OAV CP KNIT AVG KTG KARGO DEPAN GNAVG65:MISTY MEDIUM GREY:3-4:SOLID:SHORT PANTS | M10: 169900 | N10: BXGY | O10: =O9 -> B1G2 | P10: BXGY
A11: =A10 -> 2025 JAN-APR B1G2 | B11: =B10 -> 46099 | C11: =C10 -> 46113 | D11: 3273 | E11: 336 | F11: 4 | G11: 9 | H11: 81676 | I11: DISNEY | J11: 51101636 | K11: GNAVG65 | L11: 66020100OAV CP KNIT AVG KTG KARGO DEPAN GNAVG65:MISTY MEDIUM GREY:4-5:SOLID:SHORT PANTS | M11: 169900 | N11: BXGY | O11: =O10 -> B1G2 | P11: BXGY
A12: =A11 -> 2025 JAN-APR B1G2 | B12: =B11 -> 46099 | C12: =C11 -> 46113 | D12: 3273 | E12: 336 | F12: 4 | G12: 9 | H12: 81676 | I12: DISNEY | J12: 51101645 | K12: GNAVG65 | L12: 66020100OAV CP KNIT AVG KTG KARGO DEPAN GNAVG65:MISTY MEDIUM GREY:5-6:SOLID:SHORT PANTS | M12: 169900 | N12: BXGY | O12: =O11 -> B1G2 | P12: BXGY
A13: =A12 -> 2025 JAN-APR B1G2 | B13: =B12 -> 46099 | C13: =C12 -> 46113 | D13: 3273 | E13: 336 | F13: 4 | G13: 9 | H13: 81676 | I13: DISNEY | J13: 51101654 | K13: GNAVG65 | L13: 66040100OAV CP KNIT AVG KTG KARGO DEPAN GNAVG65:MISTY MEDIUM GREY:7-8:SOLID:SHORT PANTS | M13: 169900 | N13: BXGY | O13: =O12 -> B1G2 | P13: BXGY
A14: =A13 -> 2025 JAN-APR B1G2 | B14: =B13 -> 46099 | C14: =C13 -> 46113 | D14: 3273 | E14: 336 | F14: 4 | G14: 9 | H14: 81676 | I14: DISNEY | J14: 51101663 | K14: GNAVG65 | L14: 66040100OAV CP KNIT AVG KTG KARGO DEPAN GNAVG65:MISTY MEDIUM GREY:9-10:SOLID:SHORT PANTS | M14: 169900 | N14: BXGY | O14: =O13 -> B1G2 | P14: BXGY
... A65: =A64 -> 2025 JAN-APR B1G2 | B65: =B64 -> 46099 | C65: =C64 -> 46113 | D65: 3273 | E65: 336 | F65: 4 | G65: 9 | H65: 81676 | I65: DISNEY | J65: 52291171 | K65: GNSPD230 | L65: 66060100MCS LP KNIT SPD FACE KTG PARASUT GNSPD230:MISTY MEDIUM GREY:15-16:GRAPHIC:JOGGER | M65: 249900 | N65: BXGY | O65: =O64 -> B1G2 | P65: BXGY
A66: =A65 -> 2025 JAN-APR B1G2 | B66: ='2019 ALL D95'!B66 -> 46099 | C66: ='2019 ALL D95'!C66 -> 46113 | D66: 3273 | E66: 336 | F66: 4 | G66: 9 | H66: 81574 | I66: DISNEY | J66: 51099971 | K66: KAVCL131 | L66: 66020100OAV CP DENIM AVG CAPT AMRIK KAVCL131:LIGHT DENIM:3-4:GRAPHIC:DENIM SHORT PANTS | M66: 279900 | N66: BXGY | O66: =O65 -> B1G2 | P66: BXGY
A67: =A66 -> 2025 JAN-APR B1G2 | B67: =B66 -> 46099 | C67: =C66 -> 46113 | D67: 3273 | E67: 336 | F67: 4 | G67: 9 | H67: 81574 | I67: DISNEY | J67: 51099980 | K67: KAVCL131 | L67: 66020100OAV CP DENIM AVG CAPT AMRIK KAVCL131:LIGHT DENIM:4-5:GRAPHIC:DENIM SHORT PANTS | M67: 279900 | N67: BXGY | O67: =O66 -> B1G2 | P67: BXGY
A68: =A67 -> 2025 JAN-APR B1G2 | B68: =B67 -> 46099 | C68: =C67 -> 46113 | D68: 3273 | E68: 336 | F68: 4 | G68: 9 | H68: 81574 | I68: DISNEY | J68: 51099999 | K68: KAVCL131 | L68: 66020100OAV CP DENIM AVG CAPT AMRIK KAVCL131:LIGHT DENIM:5-6:GRAPHIC:DENIM SHORT PANTS | M68: 279900 | N68: BXGY | O68: =O67 -> B1G2 | P68: BXGY
A69: =A68 -> 2025 JAN-APR B1G2 | B69: =B68 -> 46099 | C69: =C68 -> 46113 | D69: 3273 | E69: 336 | F69: 4 | G69: 9 | H69: 81574 | I69: DISNEY | J69: 51100002 | K69: KAVCL131 | L69: 66040100OAV CP DENIM AVG CAPT AMRIK KAVCL131:LIGHT DENIM:7-8:GRAPHIC:DENIM SHORT PANTS | M69: 279900 | N69: BXGY | O69: =O68 -> B1G2 | P69: BXGY
A70: =A69 -> 2025 JAN-APR B1G2 | B70: =B69 -> 46099 | C70: =C69 -> 46113 | D70: 3273 | E70: 336 | F70: 4 | G70: 9 | H70: 81574 | I70: DISNEY | J70: 51100011 | K70: KAVCL131 | L70: 66040100OAV CP DENIM AVG CAPT AMRIK KAVCL131:LIGHT DENIM:9-10:GRAPHIC:DENIM SHORT PANTS | M70: 279900 | N70: BXGY | O70: =O69 -> B1G2 | P70: BXGY
A71: =A70 -> 2025 JAN-APR B1G2 | B71: =B70 -> 46099 | C71: =C70 -> 46113 | D71: 3273 | E71: 336 | F71: 4 | G71: 9 | H71: 81574 | I71: DISNEY | J71: 51100020 | K71: KAVCL131 | L71: 66040100OAV CP DENIM AVG CAPT AMRIK KAVCL131:LIGHT DENIM:11-12:GRAPHIC:DENIM SHORT PANTS | M71: 279900 | N71: BXGY | O71: =O70 -> B1G2 | P71: BXGY
A72: =A71 -> 2025 JAN-APR B1G2 | B72: =B71 -> 46099 | C72: =C71 -> 46113 | D72: 3273 | E72: 336 | F72: 4 | G72: 9 | H72: 81574 | I72: DISNEY | J72: 51100039 | K72: KAVCL131 | L72: 66060100OAV CP DENIM AVG CAPT AMRIK KAVCL131:LIGHT DENIM:13-14:GRAPHIC:DENIM SHORT PANTS | M72: 279900 | N72: BXGY | O72: =O71 -> B1G2 | P72: BXGY
A73: =A72 -> 2025 JAN-APR B1G2 | B73: =B72 -> 46099 | C73: =C72 -> 46113 | D73: 3273 | E73: 336 | F73: 4 | G73: 9 | H73: 81574 | I73: DISNEY | J73: 51100048 | K73: KAVCL131 | L73: 66060100OAV CP DENIM AVG CAPT AMRIK KAVCL131:LIGHT DENIM:15-16:GRAPHIC:DENIM SHORT PANTS | M73: 279900 | N73: BXGY | O73: =O72 -> B1G2 | P73: BXGY
A74: =A73 -> 2025 JAN-APR B1G2 | B74: =B73 -> 46099 | C74: =C73 -> 46113 | D74: 3273 | E74: 336 | F74: 4 | G74: 9 | H74: 81574 | I74: DISNEY | J74: 51102135 | K74: KMRVL113 | L74: 66020100OAV LP KNIT MARVEL KTG ZIPPER KMRVL113:CLASSIC BLUE:3-4:GRAPHIC:LONG PANTS | M74: 319900 | N74: BXGY | O74: =O73 -> B1G2 | P74: BXGY
A75: =A74 -> 2025 JAN-APR B1G2 | B75: =B74 -> 46099 | C75: =C74 -> 46113 | D75: 3273 | E75: 336 | F75: 4 | G75: 9 | H75: 81574 | I75: DISNEY | J75: 51102144 | K75: KMRVL113 | L75: 66020100OAV LP KNIT MARVEL KTG ZIPPER KMRVL113:CLASSIC BLUE:4-5:GRAPHIC:LONG PANTS | M75: 319900 | N75: BXGY | O75: =O74 -> B1G2 | P75: BXGY
A76: =A75 -> 2025 JAN-APR B1G2 | B76: =B75 -> 46099 | C76: =C75 -> 46113 | D76: 3273 | E76: 336 | F76: 4 | G76: 9 | H76: 81574 | I76: DISNEY | J76: 51102153 | K76: KMRVL113 | L76: 66020100OAV LP KNIT MARVEL KTG ZIPPER KMRVL113:CLASSIC BLUE:5-6:GRAPHIC:LONG PANTS | M76: 319900 | N76: BXGY | O76: =O75 -> B1G2 | P76: BXGY
A77: =A76 -> 2025 JAN-APR B1G2 | B77: =B76 -> 46099 | C77: =C76 -> 46113 | D77: 3273 | E77: 336 | F77: 4 | G77: 9 | H77: 81574 | I77: DISNEY | J77: 51102162 | K77: KMRVL113 | L77: 66040100OAV LP KNIT MARVEL KTG ZIPPER KMRVL113:CLASSIC BLUE:7-8:GRAPHIC:LONG PANTS | M77: 319900 | N77: BXGY | O77: =O76 -> B1G2 | P77: BXGY
A78: =A77 -> 2025 JAN-APR B1G2 | B78: =B77 -> 46099 | C78: =C77 -> 46113 | D78: 3273 | E78: 336 | F78: 4 | G78: 9 | H78: 81574 | I78: DISNEY | J78: 51102171 | K78: KMRVL113 | L78: 66040100OAV LP KNIT MARVEL KTG ZIPPER KMRVL113:CLASSIC BLUE:9-10:GRAPHIC:LONG PANTS | M78: 319900 | N78: BXGY | O78: =O77 -> B1G2 | P78: BXGY
... A89: =A88 -> 2025 JAN-APR B1G2 | B89: =B88 -> 46099 | C89: =C88 -> 46113 | D89: 3273 | E89: 336 | F89: 4 | G89: 9 | H89: 81574 | I89: DISNEY | J89: 51102288 | K89: KAVCL38 | L89: 66060100OAV LP DENIM AVG KTG KARGO TAPE KAVCL38:BLACK:15-16:PRINT:DENIM LONG PANTS | M89: 329900 | N89: BXGY | O89: =O88 -> B1G2 | P89: BXGY
A90: =A89 -> 2025 JAN-APR B1G2 | B90: =B89 -> 46099 | C90: =C89 -> 46113 | D90: 3273 | E90: 336 | F90: 4 | G90: 9 | H90: 81574 | I90: =I89 -> DISNEY | J90: 51105221 | K90: KSPDCL132 | L90: 66020100MCS CP DENIM SPD FACE KTG PATCH KOTAK KSPDCL132:LIGHT DENIM:3-4:GRAPHIC:DENIM SHORT PANTS | M90: 279900 | N90: BXGY | O90: =O89 -> B1G2 | P90: BXGY
A91: =A90 -> 2025 JAN-APR B1G2 | B91: =B90 -> 46099 | C91: =C90 -> 46113 | D91: 3273 | E91: 336 | F91: 4 | G91: 9 | H91: 81574 | I91: =I90 -> DISNEY | J91: 51105230 | K91: KSPDCL132 | L91: 66020100MCS CP DENIM SPD FACE KTG PATCH KOTAK KSPDCL132:LIGHT DENIM:4-5:GRAPHIC:DENIM SHORT PANTS | M91: 279900 | N91: BXGY | O91: =O90 -> B1G2 | P91: BXGY
A92: =A91 -> 2025 JAN-APR B1G2 | B92: =B91 -> 46099 | C92: =C91 -> 46113 | D92: 3273 | E92: 336 | F92: 4 | G92: 9 | H92: 81574 | I92: =I91 -> DISNEY | J92: 51105249 | K92: KSPDCL132 | L92: 66020100MCS CP DENIM SPD FACE KTG PATCH KOTAK KSPDCL132:LIGHT DENIM:5-6:GRAPHIC:DENIM SHORT PANTS | M92: 279900 | N92: BXGY | O92: =O91 -> B1G2 | P92: BXGY
A93: =A92 -> 2025 JAN-APR B1G2 | B93: =B92 -> 46099 | C93: =C92 -> 46113 | D93: 3273 | E93: 336 | F93: 4 | G93: 9 | H93: 81574 | I93: =I92 -> DISNEY | J93: 51105258 | K93: KSPDCL132 | L93: 66040100MCS CP DENIM SPD FACE KTG PATCH KOTAK KSPDCL132:LIGHT DENIM:7-8:GRAPHIC:DENIM SHORT PANTS | M93: 279900 | N93: BXGY | O93: =O92 -> B1G2 | P93: BXGY
A94: =A93 -> 2025 JAN-APR B1G2 | B94: =B93 -> 46099 | C94: =C93 -> 46113 | D94: 3273 | E94: 336 | F94: 4 | G94: 9 | H94: 81574 | I94: =I93 -> DISNEY | J94: 51105267 | K94: KSPDCL132 | L94: 66040100MCS CP DENIM SPD FACE KTG PATCH KOTAK KSPDCL132:LIGHT DENIM:9-10:GRAPHIC:DENIM SHORT PANTS | M94: 279900 | N94: BXGY | O94: =O93 -> B1G2 | P94: BXGY
A95: =A94 -> 2025 JAN-APR B1G2 | B95: =B94 -> 46099 | C95: =C94 -> 46113 | D95: 3273 | E95: 336 | F95: 4 | G95: 9 | H95: 81574 | I95: =I94 -> DISNEY | J95: 51105276 | K95: KSPDCL132 | L95: 66040100MCS CP DENIM SPD FACE KTG PATCH KOTAK KSPDCL132:LIGHT DENIM:11-12:GRAPHIC:DENIM SHORT PANTS | M95: 279900 | N95: BXGY | O95: =O94 -> B1G2 | P95: BXGY
A96: =A95 -> 2025 JAN-APR B1G2 | B96: =B95 -> 46099 | C96: =C95 -> 46113 | D96: 3273 | E96: 336 | F96: 4 | G96: 9 | H96: 81574 | I96: =I95 -> DISNEY | J96: 51105285 | K96: KSPDCL132 | L96: 66060100MCS CP DENIM SPD FACE KTG PATCH KOTAK KSPDCL132:LIGHT DENIM:13-14:GRAPHIC:DENIM SHORT PANTS | M96: 279900 | N96: BXGY | O96: =O95 -> B1G2 | P96: BXGY
A97: =A96 -> 2025 JAN-APR B1G2 | B97: =B96 -> 46099 | C97: =C96 -> 46113 | D97: 3273 | E97: 336 | F97: 4 | G97: 9 | H97: 81574 | I97: =I96 -> DISNEY | J97: 51105294 | K97: KSPDCL132 | L97: 66060100MCS CP DENIM SPD FACE KTG PATCH KOTAK KSPDCL132:LIGHT DENIM:15-16:GRAPHIC:DENIM SHORT PANTS | M97: 279900 | N97: BXGY | O97: =O96 -> B1G2 | P97: BXGY
A98: =A97 -> 2025 JAN-APR B1G2 | B98: =B97 -> 46099 | C98: =C97 -> 46113 | D98: 3273 | E98: 336 | F98: 4 | G98: 9 | H98: 81574 | I98: =I97 -> DISNEY | J98: 51105301 | K98: KAVCL130 | L98: 66020100MCS LP DENIM SPD KTG DEPAN SAMPING BESAR KAVCL130:DARK DENIM:3-4:PRINT:DENIM LONG PANTS | M98: 329900 | N98: BXGY | O98: =O97 -> B1G2 | P98: BXGY
A99: =A98 -> 2025 JAN-APR B1G2 | B99: =B98 -> 46099 | C99: =C98 -> 46113 | D99: 3273 | E99: 336 | F99: 4 | G99: 9 | H99: 81574 | I99: =I98 -> DISNEY | J99: 51105310 | K99: KAVCL130 | L99: 66020100MCS LP DENIM SPD KTG DEPAN SAMPING BESAR KAVCL130:DARK DENIM:4-5:PRINT:DENIM LONG PANTS | M99: 329900 | N99: BXGY | O99: =O98 -> B1G2 | P99: BXGY
A100: =A99 -> 2025 JAN-APR B1G2 | B100: =B99 -> 46099 | C100: =C99 -> 46113 | D100: 3273 | E100: 336 | F100: 4 | G100: 9 | H100: 81574 | I100: =I99 -> DISNEY | J100: 51105329 | K100: KAVCL130 | L100: 66020100MCS LP DENIM SPD KTG DEPAN SAMPING BESAR KAVCL130:DARK DENIM:5-6:PRINT:DENIM LONG PANTS | M100: 329900 | N100: BXGY | O100: =O99 -> B1G2 | P100: BXGY
A101: =A100 -> 2025 JAN-APR B1G2 | B101: =B100 -> 46099 | C101: =C100 -> 46113 | D101: 3273 | E101: 336 | F101: 4 | G101: 9 | H101: 81574 | I101: =I100 -> DISNEY | J101: 51105338 | K101: KAVCL130 | L101: 66040100MCS LP DENIM SPD KTG DEPAN SAMPING BESAR KAVCL130:DARK DENIM:7-8:PRINT:DENIM LONG PANTS | M101: 329900 | N101: BXGY | O101: =O100 -> B1G2 | P101: BXGY
... A113: =A112 -> 2025 JAN-APR B1G2 | B113: =B112 -> 46099 | C113: =C112 -> 46113 | D113: 3273 | E113: 336 | F113: 4 | G113: 9 | H113: 81574 | I113: =I112 -> DISNEY | J113: 51105454 | K113: KSPDCL101 | L113: 66060100MCS LP DENIM SPD KTG KARGO 3D KSPDCL101:MEDIUM DENIM:15-16:PRINT:DENIM LONG PANTS | M113: 329900 | N113: BXGY | O113: =O112 -> B1G2 | P113: BXGY
A114: =A113 -> 2025 JAN-APR B1G2 | B114: ='2019 ALL D95'!B114 -> 46099 | C114: ='2019 ALL D95'!C114 -> 46113 | D114: 3273 | E114: 336 | F114: 4 | G114: 1 | H114: 81676 | I114: DISNEY | J114: 45247750 | K114: GNDN12 | L114: 66020100CAR TS CARS LIGHTNING PISTON CUP GNDN12:CLASSIC RED:3-4:GRAPHIC:SS T-SHIRT | M114: 139900 | N114: BXGY | O114: =O113 -> B1G2 | P114: BXGY
A115: =A114 -> 2025 JAN-APR B1G2 | B115: =B114 -> 46099 | C115: =C114 -> 46113 | D115: 3273 | E115: 336 | F115: 4 | G115: 1 | H115: 81676 | I115: DISNEY | J115: 45247769 | K115: GNDN12 | L115: 66020100CAR TS CARS LIGHTNING PISTON CUP GNDN12:CLASSIC RED:4-5:GRAPHIC:SS T-SHIRT | M115: 139900 | N115: BXGY | O115: =O114 -> B1G2 | P115: BXGY
A116: =A115 -> 2025 JAN-APR B1G2 | B116: =B115 -> 46099 | C116: =C115 -> 46113 | D116: 3273 | E116: 336 | F116: 4 | G116: 1 | H116: 81676 | I116: DISNEY | J116: 45247778 | K116: GNDN12 | L116: 66020100CAR TS CARS LIGHTNING PISTON CUP GNDN12:CLASSIC RED:5-6:GRAPHIC:SS T-SHIRT | M116: 139900 | N116: BXGY | O116: =O115 -> B1G2 | P116: BXGY
A117: =A116 -> 2025 JAN-APR B1G2 | B117: =B116 -> 46099 | C117: =C116 -> 46113 | D117: 3273 | E117: 336 | F117: 4 | G117: 1 | H117: 81676 | I117: DISNEY | J117: 45247787 | K117: GNDN12 | L117: 66020100CAR TS CARS LIGHTNING PISTON CUP GNDN12:CLASSIC RED:7-8:GRAPHIC:SS T-SHIRT | M117: 139900 | N117: BXGY | O117: =O116 -> B1G2 | P117: BXGY
A118: =A117 -> 2025 JAN-APR B1G2 | B118: =B117 -> 46099 | C118: =C117 -> 46113 | D118: 3273 | E118: 336 | F118: 4 | G118: 1 | H118: 81676 | I118: DISNEY | J118: 45247796 | K118: GNDN12 | L118: 66020100CAR TS CARS LIGHTNING PISTON CUP GNDN12:CLASSIC RED:9-10:GRAPHIC:SS T-SHIRT | M118: 139900 | N118: BXGY | O118: =O117 -> B1G2 | P118: BXGY
A119: =A118 -> 2025 JAN-APR B1G2 | B119: =B118 -> 46099 | C119: =C118 -> 46113 | D119: 3273 | E119: 336 | F119: 4 | G119: 1 | H119: 81588 | I119: DISNEY | J119: 51099355 | K119: CARTA29 | L119: 66020100CAR TS CARS MC QUEEN SPLASH KTG CARTA29:NAVY BLUE:3-4:GRAPHIC:SS T-SHIRT | M119: 149900 | N119: BXGY | O119: =O118 -> B1G2 | P119: BXGY
A120: =A119 -> 2025 JAN-APR B1G2 | B120: =B119 -> 46099 | C120: =C119 -> 46113 | D120: 3273 | E120: 336 | F120: 4 | G120: 1 | H120: 81588 | I120: DISNEY | J120: 51099364 | K120: CARTA29 | L120: 66020100CAR TS CARS MC QUEEN SPLASH KTG CARTA29:NAVY BLUE:4-5:GRAPHIC:SS T-SHIRT | M120: 149900 | N120: BXGY | O120: =O119 -> B1G2 | P120: BXGY
A121: =A120 -> 2025 JAN-APR B1G2 | B121: =B120 -> 46099 | C121: =C120 -> 46113 | D121: 3273 | E121: 336 | F121: 4 | G121: 1 | H121: 81588 | I121: DISNEY | J121: 51099373 | K121: CARTA29 | L121: 66020100CAR TS CARS MC QUEEN SPLASH KTG CARTA29:NAVY BLUE:5-6:GRAPHIC:SS T-SHIRT | M121: 149900 | N121: BXGY | O121: =O120 -> B1G2 | P121: BXGY
A122: =A121 -> 2025 JAN-APR B1G2 | B122: =B121 -> 46099 | C122: =C121 -> 46113 | D122: 3273 | E122: 336 | F122: 4 | G122: 1 | H122: 81588 | I122: DISNEY | J122: 51099382 | K122: CARTA29 | L122: 66020100CAR TS CARS MC QUEEN SPLASH KTG CARTA29:NAVY BLUE:7-8:GRAPHIC:SS T-SHIRT | M122: 149900 | N122: BXGY | O122: =O121 -> B1G2 | P122: BXGY
A123: =A122 -> 2025 JAN-APR B1G2 | B123: =B122 -> 46099 | C123: =C122 -> 46113 | D123: 3273 | E123: 336 | F123: 4 | G123: 1 | H123: 81588 | I123: DISNEY | J123: 51099391 | K123: CARTA29 | L123: 66020100CAR TS CARS MC QUEEN SPLASH KTG CARTA29:NAVY BLUE:9-10:GRAPHIC:SS T-SHIRT | M123: 149900 | N123: BXGY | O123: =O122 -> B1G2 | P123: BXGY
A124: =A123 -> 2025 JAN-APR B1G2 | B124: =B123 -> 46099 | C124: =C123 -> 46113 | D124: 3273 | E124: 336 | F124: 4 | G124: 1 | H124: 81588 | I124: DISNEY | J124: 51099408 | K124: CARA28 | L124: 66020100CAR TS CARS MC QUEEN CHAMP CHECK KTG CARA28:WHITE:3-4:GRAPHIC:SS T-SHIRT | M124: 149900 | N124: BXGY | O124: =O123 -> B1G2 | P124: BXGY
A125: =A124 -> 2025 JAN-APR B1G2 | B125: =B124 -> 46099 | C125: =C124 -> 46113 | D125: 3273 | E125: 336 | F125: 4 | G125: 1 | H125: 81588 | I125: DISNEY | J125: 51099417 | K125: CARA28 | L125: 66020100CAR TS CARS MC QUEEN CHAMP CHECK KTG CARA28:WHITE:4-5:GRAPHIC:SS T-SHIRT | M125: 149900 | N125: BXGY | O125: =O124 -> B1G2 | P125: BXGY
A126: =A125 -> 2025 JAN-APR B1G2 | B126: =B125 -> 46099 | C126: =C125 -> 46113 | D126: 3273 | E126: 336 | F126: 4 | G126: 1 | H126: 81588 | I126: DISNEY | J126: 51099426 | K126: CARA28 | L126: 66020100CAR TS CARS MC QUEEN CHAMP CHECK KTG CARA28:WHITE:5-6:GRAPHIC:SS T-SHIRT | M126: 149900 | N126: BXGY | O126: =O125 -> B1G2 | P126: BXGY
... A856: =A855 -> 2025 JAN-APR B1G2 | B856: =B855 -> 46099 | C856: =C855 -> 46113 | D856: 3273 | E856: 336 | F856: 4 | G856: 9 | H856: 81588 | I856: DISNEY | J856: 53263351 | K856: N939 | L856: 66060100MCS CP KNIT SPD AMAZING CUTSEWN JARING KTG SAMPING N939:MISTY MEDIUM GREY:15-16:GRAPHIC:SHOR | M856: 169900 | N856: BXGY | O856: =O855 -> B1G2 | P856: BXGY
A857: =A856 -> 2025 JAN-APR B1G2 | B857: ='2019 ALL D95'!B857 -> 46099 | C857: ='2019 ALL D95'!C857 -> 46113 | D857: 3273 | E857: 336 | F857: 4 | G857: 1 | H857: 81676 | I857: DISNEY | J857: 53560137 | K857: GNDN17 | L857: 66040100STC TS STITCH OUTLINE FULL BODY GNDN17:WHITE:5-6:GRAPHIC:SS T-SHIRT | M857: 139900 | N857: BXGY | O857: =O856 -> B1G2 | P857: BXGY
A858: =A857 -> 2025 JAN-APR B1G2 | B858: =B857 -> 46099 | C858: =C857 -> 46113 | D858: 3273 | E858: 336 | F858: 4 | G858: 1 | H858: 81676 | I858: DISNEY | J858: 53560146 | K858: GNDN17 | L858: 66040100STC TS STITCH OUTLINE FULL BODY GNDN17:WHITE:7-8:GRAPHIC:SS T-SHIRT | M858: 139900 | N858: BXGY | O858: =O857 -> B1G2 | P858: BXGY
A859: =A858 -> 2025 JAN-APR B1G2 | B859: =B858 -> 46099 | C859: =C858 -> 46113 | D859: 3273 | E859: 336 | F859: 4 | G859: 1 | H859: 81676 | I859: DISNEY | J859: 53560155 | K859: GNDN17 | L859: 66040100STC TS STITCH OUTLINE FULL BODY GNDN17:WHITE:9-10:GRAPHIC:SS T-SHIRT | M859: 139900 | N859: BXGY | O859: =O858 -> B1G2 | P859: BXGY
A860: =A859 -> 2025 JAN-APR B1G2 | B860: =B859 -> 46099 | C860: =C859 -> 46113 | D860: 3273 | E860: 336 | F860: 4 | G860: 1 | H860: 81676 | I860: DISNEY | J860: 53560164 | K860: GNDN17 | L860: 66060100STC TS STITCH OUTLINE FULL BODY GNDN17:WHITE:11-12:GRAPHIC:SS T-SHIRT | M860: 139900 | N860: BXGY | O860: =O859 -> B1G2 | P860: BXGY
A861: =A860 -> 2025 JAN-APR B1G2 | B861: =B860 -> 46099 | C861: =C860 -> 46113 | D861: 3273 | E861: 336 | F861: 4 | G861: 1 | H861: 81676 | I861: DISNEY | J861: 53560173 | K861: GNDN17 | L861: 66060100STC TS STITCH OUTLINE FULL BODY GNDN17:WHITE:13-14:GRAPHIC:SS T-SHIRT | M861: 139900 | N861: BXGY | O861: =O860 -> B1G2 | P861: BXGY
A862: =A861 -> 2025 JAN-APR B1G2 | B862: =B861 -> 46099 | C862: =C861 -> 46113 | D862: 3273 | E862: 336 | F862: 4 | G862: 1 | H862: 81676 | I862: DISNEY | J862: 53560182 | K862: GNDN17 | L862: 66060100STC TS STITCH OUTLINE FULL BODY GNDN17:WHITE:15-16:GRAPHIC:SS T-SHIRT | M862: 139900 | N862: BXGY | O862: =O861 -> B1G2 | P862: BXGY
A863: =A862 -> 2025 JAN-APR B1G2 | B863: =B862 -> 46099 | C863: =C862 -> 46113 | D863: 3273 | E863: 336 | F863: 4 | G863: 1 | H863: 81676 | I863: DISNEY | J863: 53560191 | K863: GNDN18 | L863: 66040100STC TS STITCH HIT THE WAVES BACK GNDN18:LIGHT BLUE:5-6:GRAPHIC:SS T-SHIRT | M863: 149900 | N863: BXGY | O863: =O862 -> B1G2 | P863: BXGY
A864: =A863 -> 2025 JAN-APR B1G2 | B864: =B863 -> 46099 | C864: =C863 -> 46113 | D864: 3273 | E864: 336 | F864: 4 | G864: 1 | H864: 81676 | I864: DISNEY | J864: 53560208 | K864: GNDN18 | L864: 66040100STC TS STITCH HIT THE WAVES BACK GNDN18:LIGHT BLUE:7-8:GRAPHIC:SS T-SHIRT | M864: 149900 | N864: BXGY | O864: =O863 -> B1G2 | P864: BXGY
A865: =A864 -> 2025 JAN-APR B1G2 | B865: =B864 -> 46099 | C865: =C864 -> 46113 | D865: 3273 | E865: 336 | F865: 4 | G865: 1 | H865: 81676 | I865: DISNEY | J865: 53560217 | K865: GNDN18 | L865: 66040100STC TS STITCH HIT THE WAVES BACK GNDN18:LIGHT BLUE:9-10:GRAPHIC:SS T-SHIRT | M865: 149900 | N865: BXGY | O865: =O864 -> B1G2 | P865: BXGY
A866: =A865 -> 2025 JAN-APR B1G2 | B866: =B865 -> 46099 | C866: =C865 -> 46113 | D866: 3273 | E866: 336 | F866: 4 | G866: 1 | H866: 81676 | I866: DISNEY | J866: 53560226 | K866: GNDN18 | L866: 66060100STC TS STITCH HIT THE WAVES BACK GNDN18:LIGHT BLUE:11-12:GRAPHIC:SS T-SHIRT | M866: 149900 | N866: BXGY | O866: =O865 -> B1G2 | P866: BXGY
A867: =A866 -> 2025 JAN-APR B1G2 | B867: =B866 -> 46099 | C867: =C866 -> 46113 | D867: 3273 | E867: 336 | F867: 4 | G867: 1 | H867: 81676 | I867: DISNEY | J867: 53560235 | K867: GNDN18 | L867: 66060100STC TS STITCH HIT THE WAVES BACK GNDN18:LIGHT BLUE:13-14:GRAPHIC:SS T-SHIRT | M867: 149900 | N867: BXGY | O867: =O866 -> B1G2 | P867: BXGY
A868: =A867 -> 2025 JAN-APR B1G2 | B868: =B867 -> 46099 | C868: =C867 -> 46113 | D868: 3273 | E868: 336 | F868: 4 | G868: 1 | H868: 81676 | I868: DISNEY | J868: 53560244 | K868: GNDN18 | L868: 66060100STC TS STITCH HIT THE WAVES BACK GNDN18:LIGHT BLUE:15-16:GRAPHIC:SS T-SHIRT | M868: 149900 | N868: BXGY | O868: =O867 -> B1G2 | P868: BXGY
A869: =A868 -> 2025 JAN-APR B1G2 | B869: =B868 -> 46099 | C869: =C868 -> 46113 | D869: 3273 | E869: 336 | F869: 4 | G869: 1 | H869: 81676 | I869: DISNEY | J869: 53560315 | K869: GNDN20 | L869: 66040100STC TS STITCH OUTLINE FP GNDN20:WHITE:5-6:PRINT:SS T-SHIRT | M869: 149900 | N869: BXGY | O869: =O868 -> B1G2 | P869: BXGY
... A912: =A911 -> 2025 JAN-APR B1G2 | B912: =B911 -> 46099 | C912: =C911 -> 46113 | D912: 3273 | E912: 336 | F912: 4 | G912: 6 | H912: 81588 | I912: DISNEY | J912: 52389996 | K912: HRT53 | L912: 66060100OAV TS AVG LOGO HALF EMBRO MARBLE EMBOSS HRT53:CLASSIC BLUE:15-16:GRAPHIC:SS T-SHIRT | M912: 149900 | N912: BXGY | O912: =O911 -> B1G2 | P912: BXGY

Sheet 2025 MEI B1G1
A1: ACARA | B1: FROM DATE | C1: TO DATE | D1: DEPT | E1: WORLD | F1: DIVISION | G1: CLASS | H1: SUPPLIER | I1: BRAND | J1: SKU | K1: ARTICLE | L1: DESCRIPTION | M1: HARGA NORMAL | N1: DISKON | O1: HARGA PROMO | P1: DISCOUNT TYPE
A2: 2025 MEI B1G1 | B2: ='2019 ALL D95'!B2 -> 46099 | C2: ='2019 ALL D95'!C2 -> 46113 | D2: 3273 | E2: 336 | F2: 4 | G2: 11 | H2: 81676 | I2: DISNEY | J2: 53559658 | K2: GNSW28 | L2: 66040100SWS TS STARWARS GROGU MEDITATE GNSW28:CHARCOAL:5-6:GRAPHIC:SS T-SHIRT | M2: 139900 | N2: BXGY | O2: B1G1 | P2: BXGY
A3: =A2 -> 2025 MEI B1G1 | B3: =B2 -> 46099 | C3: =C2 -> 46113 | D3: 3273 | E3: 336 | F3: 4 | G3: 11 | H3: 81676 | I3: DISNEY | J3: 53559667 | K3: GNSW28 | L3: 66040100SWS TS STARWARS GROGU MEDITATE GNSW28:CHARCOAL:7-8:GRAPHIC:SS T-SHIRT | M3: 139900 | N3: BXGY | O3: =O2 -> B1G1 | P3: BXGY
A4: =A3 -> 2025 MEI B1G1 | B4: =B3 -> 46099 | C4: =C3 -> 46113 | D4: 3273 | E4: 336 | F4: 4 | G4: 11 | H4: 81676 | I4: DISNEY | J4: 53559676 | K4: GNSW28 | L4: 66040100SWS TS STARWARS GROGU MEDITATE GNSW28:CHARCOAL:9-10:GRAPHIC:SS T-SHIRT | M4: 139900 | N4: BXGY | O4: =O3 -> B1G1 | P4: BXGY
A5: =A4 -> 2025 MEI B1G1 | B5: =B4 -> 46099 | C5: =C4 -> 46113 | D5: 3273 | E5: 336 | F5: 4 | G5: 11 | H5: 81676 | I5: DISNEY | J5: 53559685 | K5: GNSW28 | L5: 66060100SWS TS STARWARS GROGU MEDITATE GNSW28:CHARCOAL:11-12:GRAPHIC:SS T-SHIRT | M5: 139900 | N5: BXGY | O5: =O4 -> B1G1 | P5: BXGY
A6: =A5 -> 2025 MEI B1G1 | B6: =B5 -> 46099 | C6: =C5 -> 46113 | D6: 3273 | E6: 336 | F6: 4 | G6: 11 | H6: 81676 | I6: DISNEY | J6: 53559694 | K6: GNSW28 | L6: 66060100SWS TS STARWARS GROGU MEDITATE GNSW28:CHARCOAL:13-14:GRAPHIC:SS T-SHIRT | M6: 139900 | N6: BXGY | O6: =O5 -> B1G1 | P6: BXGY
A7: =A6 -> 2025 MEI B1G1 | B7: =B6 -> 46099 | C7: =C6 -> 46113 | D7: 3273 | E7: 336 | F7: 4 | G7: 11 | H7: 81676 | I7: DISNEY | J7: 53559701 | K7: GNSW28 | L7: 66060100SWS TS STARWARS GROGU MEDITATE GNSW28:CHARCOAL:15-16:GRAPHIC:SS T-SHIRT | M7: 139900 | N7: BXGY | O7: =O6 -> B1G1 | P7: BXGY
A8: =A7 -> 2025 MEI B1G1 | B8: =B7 -> 46099 | C8: =C7 -> 46113 | D8: 3273 | E8: 336 | F8: 4 | G8: 6 | H8: 81588 | I8: DISNEY | J8: 51710719 | K8: N114 | L8: 66020100OAV TS AVG LOGO ASSEMBLE N114:NAVY BLUE:3-4:GRAPHIC:SS T-SHIRT | M8: 169900 | N8: BXGY | O8: =O7 -> B1G1 | P8: BXGY
A9: =A8 -> 2025 MEI B1G1 | B9: =B8 -> 46099 | C9: =C8 -> 46113 | D9: 3273 | E9: 336 | F9: 4 | G9: 6 | H9: 81588 | I9: DISNEY | J9: 51710728 | K9: N114 | L9: 66020100OAV TS AVG LOGO ASSEMBLE N114:NAVY BLUE:4-5:GRAPHIC:SS T-SHIRT | M9: 169900 | N9: BXGY | O9: =O8 -> B1G1 | P9: BXGY
A10: =A9 -> 2025 MEI B1G1 | B10: =B9 -> 46099 | C10: =C9 -> 46113 | D10: 3273 | E10: 336 | F10: 4 | G10: 6 | H10: 81588 | I10: DISNEY | J10: 51710737 | K10: N114 | L10: 66020100OAV TS AVG LOGO ASSEMBLE N114:NAVY BLUE:5-6:GRAPHIC:SS T-SHIRT | M10: 169900 | N10: BXGY | O10: =O9 -> B1G1 | P10: BXGY
A11: =A10 -> 2025 MEI B1G1 | B11: =B10 -> 46099 | C11: =C10 -> 46113 | D11: 3273 | E11: 336 | F11: 4 | G11: 6 | H11: 81588 | I11: DISNEY | J11: 51710746 | K11: N114 | L11: 66040100OAV TS AVG LOGO ASSEMBLE N114:NAVY BLUE:7-8:GRAPHIC:SS T-SHIRT | M11: 169900 | N11: BXGY | O11: =O10 -> B1G1 | P11: BXGY
A12: =A11 -> 2025 MEI B1G1 | B12: =B11 -> 46099 | C12: =C11 -> 46113 | D12: 3273 | E12: 336 | F12: 4 | G12: 6 | H12: 81588 | I12: DISNEY | J12: 51710755 | K12: N114 | L12: 66040100OAV TS AVG LOGO ASSEMBLE N114:NAVY BLUE:9-10:GRAPHIC:SS T-SHIRT | M12: 169900 | N12: BXGY | O12: =O11 -> B1G1 | P12: BXGY
A13: =A12 -> 2025 MEI B1G1 | B13: =B12 -> 46099 | C13: =C12 -> 46113 | D13: 3273 | E13: 336 | F13: 4 | G13: 6 | H13: 81588 | I13: DISNEY | J13: 51710764 | K13: N114 | L13: 66040100OAV TS AVG LOGO ASSEMBLE N114:NAVY BLUE:11-12:GRAPHIC:SS T-SHIRT | M13: 169900 | N13: BXGY | O13: =O12 -> B1G1 | P13: BXGY
A14: =A13 -> 2025 MEI B1G1 | B14: =B13 -> 46099 | C14: =C13 -> 46113 | D14: 3273 | E14: 336 | F14: 4 | G14: 6 | H14: 81588 | I14: DISNEY | J14: 51710773 | K14: N114 | L14: 66060100OAV TS AVG LOGO ASSEMBLE N114:NAVY BLUE:13-14:GRAPHIC:SS T-SHIRT | M14: 169900 | N14: BXGY | O14: =O13 -> B1G1 | P14: BXGY
... A57: =A56 -> 2025 MEI B1G1 | B57: =B56 -> 46099 | C57: =C56 -> 46113 | D57: 3273 | E57: 336 | F57: 4 | G57: 13 | H57: 81676 | I57: DISNEY | J57: 53559890 | K57: GNSW32 | L57: 66040100SWS JACKET STARWARS PRINT HOODIE GNSW32:BLACK:5-6:GRAPHIC:JACKET | M57: 289900 | N57: BXGY | O57: =O56 -> B1G1 | P57: BXGY
A58: 2025 MEI B1G1 | B58: =B57 -> 46099 | C58: =C57 -> 46113 | D58: 3273 | E58: 336 | F58: 4 | G58: 13 | H58: 81676 | I58: DISNEY | J58: 53559907 | K58: GNSW32 | L58: 66040100SWS JACKET STARWARS PRINT HOODIE GNSW32:BLACK:7-8:GRAPHIC:JACKET | M58: 289900 | N58: BXGY | O58: =O57 -> B1G1 | P58: BXGY
A59: 2025 MEI B1G1 | B59: =B58 -> 46099 | C59: =C58 -> 46113 | D59: 3273 | E59: 336 | F59: 4 | G59: 13 | H59: 81676 | I59: DISNEY | J59: 53559916 | K59: GNSW32 | L59: 66040100SWS JACKET STARWARS PRINT HOODIE GNSW32:BLACK:9-10:GRAPHIC:JACKET | M59: 289900 | N59: BXGY | O59: =O58 -> B1G1 | P59: BXGY
A60: =A58 -> 2025 MEI B1G1 | B60: =B59 -> 46099 | C60: =C59 -> 46113 | D60: 3273 | E60: 336 | F60: 4 | G60: 13 | H60: 81676 | I60: DISNEY | J60: 53559925 | K60: GNSW32 | L60: 66060100SWS JACKET STARWARS PRINT HOODIE GNSW32:BLACK:11-12:GRAPHIC:JACKET | M60: 289900 | N60: BXGY | O60: =O59 -> B1G1 | P60: BXGY
A61: =A60 -> 2025 MEI B1G1 | B61: =B60 -> 46099 | C61: =C60 -> 46113 | D61: 3273 | E61: 336 | F61: 4 | G61: 13 | H61: 81676 | I61: DISNEY | J61: 53559934 | K61: GNSW32 | L61: 66060100SWS JACKET STARWARS PRINT HOODIE GNSW32:BLACK:13-14:GRAPHIC:JACKET | M61: 289900 | N61: BXGY | O61: =O60 -> B1G1 | P61: BXGY
A62: =A61 -> 2025 MEI B1G1 | B62: =B61 -> 46099 | C62: =C61 -> 46113 | D62: 3273 | E62: 336 | F62: 4 | G62: 13 | H62: 81676 | I62: DISNEY | J62: 53559943 | K62: GNSW32 | L62: 66060100SWS JACKET STARWARS PRINT HOODIE GNSW32:BLACK:15-16:GRAPHIC:JACKET | M62: 289900 | N62: BXGY | O62: =O61 -> B1G1 | P62: BXGY
A63: =A62 -> 2025 MEI B1G1 | B63: =B62 -> 46099 | C63: =C62 -> 46113 | D63: 3273 | E63: 336 | F63: 4 | G63: 6 | H63: 81588 | I63: DISNEY | J63: 54209640 | K63: SPD-N202 | L63: 66020100MCS TS SPD ACTION SPD-N202:FROST GREY:3-4:GRAPHIC:SS T-SHIRT | M63: 149900 | N63: BXGY | O63: =O62 -> B1G1 | P63: BXGY
A64: =A63 -> 2025 MEI B1G1 | B64: =B63 -> 46099 | C64: =C63 -> 46113 | D64: 3273 | E64: 336 | F64: 4 | G64: 6 | H64: 81588 | I64: DISNEY | J64: 54209659 | K64: SPD-N202 | L64: 66020100MCS TS SPD ACTION SPD-N202:FROST GREY:4-5:GRAPHIC:SS T-SHIRT | M64: 149900 | N64: BXGY | O64: =O63 -> B1G1 | P64: BXGY
A65: =A64 -> 2025 MEI B1G1 | B65: =B64 -> 46099 | C65: =C64 -> 46113 | D65: 3273 | E65: 336 | F65: 4 | G65: 6 | H65: 81588 | I65: DISNEY | J65: 54209668 | K65: SPD-N202 | L65: 66020100MCS TS SPD ACTION SPD-N202:FROST GREY:5-6:GRAPHIC:SS T-SHIRT | M65: 149900 | N65: BXGY | O65: =O64 -> B1G1 | P65: BXGY
A66: =A65 -> 2025 MEI B1G1 | B66: =B65 -> 46099 | C66: =C65 -> 46113 | D66: 3273 | E66: 336 | F66: 4 | G66: 6 | H66: 81588 | I66: DISNEY | J66: 54209677 | K66: SPD-N202 | L66: 66020100MCS TS SPD ACTION SPD-N202:FROST GREY:7-8:GRAPHIC:SS T-SHIRT | M66: 149900 | N66: BXGY | O66: =O65 -> B1G1 | P66: BXGY
A67: =A66 -> 2025 MEI B1G1 | B67: =B66 -> 46099 | C67: =C66 -> 46113 | D67: 3273 | E67: 336 | F67: 4 | G67: 6 | H67: 81588 | I67: DISNEY | J67: 54209686 | K67: SPD-N202 | L67: 66020100MCS TS SPD ACTION SPD-N202:FROST GREY:9-10:GRAPHIC:SS T-SHIRT | M67: 149900 | N67: BXGY | O67: =O66 -> B1G1 | P67: BXGY
A68: =A67 -> 2025 MEI B1G1 | B68: =B67 -> 46099 | C68: =C67 -> 46113 | D68: 3273 | E68: 336 | F68: 4 | G68: 6 | H68: 81588 | I68: DISNEY | J68: 54209695 | K68: SPD-N202 | L68: 66020100MCS TS SPD ACTION SPD-N202:FROST GREY:11-12:GRAPHIC:SS T-SHIRT | M68: 149900 | N68: BXGY | O68: =O67 -> B1G1 | P68: BXGY
A69: =A68 -> 2025 MEI B1G1 | B69: =B68 -> 46099 | C69: =C68 -> 46113 | D69: 3273 | E69: 336 | F69: 4 | G69: 6 | H69: 81588 | I69: DISNEY | J69: 54209702 | K69: SPD-N202 | L69: 66020100MCS TS SPD ACTION SPD-N202:FROST GREY:13-14:GRAPHIC:SS T-SHIRT | M69: 149900 | N69: BXGY | O69: =O68 -> B1G1 | P69: BXGY
A70: =A69 -> 2025 MEI B1G1 | B70: =B69 -> 46099 | C70: =C69 -> 46113 | D70: 3273 | E70: 336 | F70: 4 | G70: 6 | H70: 81588 | I70: DISNEY | J70: 54209711 | K70: SPD-W01 | L70: 66020100MCS TS SPD LIS TENGAH SPD-W01:NAVY BLUE:3-4:GRAPHIC:SS T-SHIRT | M70: 149900 | N70: BXGY | O70: =O69 -> B1G1 | P70: BXGY
A71: =A70 -> 2025 MEI B1G1 | B71: =B70 -> 46099 | C71: =C70 -> 46113 | D71: 3273 | E71: 336 | F71: 4 | G71: 6 | H71: 81588 | I71: DISNEY | J71: 54209720 | K71: SPD-W01 | L71: 66020100MCS TS SPD LIS TENGAH SPD-W01:NAVY BLUE:4-5:GRAPHIC:SS T-SHIRT | M71: 149900 | N71: BXGY | O71: =O70 -> B1G1 | P71: BXGY
A72: =A71 -> 2025 MEI B1G1 | B72: =B71 -> 46099 | C72: =C71 -> 46113 | D72: 3273 | E72: 336 | F72: 4 | G72: 6 | H72: 81588 | I72: DISNEY | J72: 54209739 | K72: SPD-W01 | L72: 66020100MCS TS SPD LIS TENGAH SPD-W01:NAVY BLUE:5-6:GRAPHIC:SS T-SHIRT | M72: 149900 | N72: BXGY | O72: =O71 -> B1G1 | P72: BXGY
... A76: =A75 -> 2025 MEI B1G1 | B76: =B75 -> 46099 | C76: =C75 -> 46113 | D76: 3273 | E76: 336 | F76: 4 | G76: 6 | H76: 81588 | I76: DISNEY | J76: 54209775 | K76: SPD-W01 | L76: 66020100MCS TS SPD LIS TENGAH SPD-W01:NAVY BLUE:13-14:GRAPHIC:SS T-SHIRT | M76: 149900 | N76: BXGY | O76: =O75 -> B1G1 | P76: BXGY
A77: 2025 MEI B1G1 | B77: =B76 -> 46099 | C77: =C76 -> 46113 | D77: 3273 | E77: 336 | F77: 4 | G77: 10 | H77: 81574 | I77: DISNEY | J77: 54209631 | K77: TPAVGR41 | L77: 68040202OAV TOPI AVG CAPT AMRIK FP CORAK TPAVGR41:NAVY BLUE:F:PRINT:CAPS | M77: 149900 | N77: BXGY | O77: =O76 -> B1G1 | P77: BXGY
A78: =A77 -> 2025 MEI B1G1 | B78: =B77 -> 46099 | C78: =C77 -> 46113 | D78: 3273 | E78: 336 | F78: 4 | G78: 14 | H78: 81676 | I78: DISNEY | J78: 53560011 | K78: GNSW33 | L78: 66040100SWS CP KNIT STARWARS KTG KARGO GNSW33:BLACK:5-6:GRAPHIC:SHORT PANTS | M78: 169900 | N78: BXGY | O78: =O77 -> B1G1 | P78: BXGY
A79: =A78 -> 2025 MEI B1G1 | B79: =B78 -> 46099 | C79: =C78 -> 46113 | D79: 3273 | E79: 336 | F79: 4 | G79: 14 | H79: 81676 | I79: DISNEY | J79: 53560020 | K79: GNSW33 | L79: 66040100SWS CP KNIT STARWARS KTG KARGO GNSW33:BLACK:7-8:GRAPHIC:SHORT PANTS | M79: 169900 | N79: BXGY | O79: =O78 -> B1G1 | P79: BXGY
A80: =A79 -> 2025 MEI B1G1 | B80: =B79 -> 46099 | C80: =C79 -> 46113 | D80: 3273 | E80: 336 | F80: 4 | G80: 14 | H80: 81676 | I80: DISNEY | J80: 53560039 | K80: GNSW33 | L80: 66040100SWS CP KNIT STARWARS KTG KARGO GNSW33:BLACK:9-10:GRAPHIC:SHORT PANTS | M80: 169900 | N80: BXGY | O80: =O79 -> B1G1 | P80: BXGY
A81: =A80 -> 2025 MEI B1G1 | B81: =B80 -> 46099 | C81: =C80 -> 46113 | D81: 3273 | E81: 336 | F81: 4 | G81: 14 | H81: 81676 | I81: DISNEY | J81: 53560048 | K81: GNSW33 | L81: 66060100SWS CP KNIT STARWARS KTG KARGO GNSW33:BLACK:11-12:GRAPHIC:SHORT PANTS | M81: 169900 | N81: BXGY | O81: =O80 -> B1G1 | P81: BXGY
A82: =A81 -> 2025 MEI B1G1 | B82: =B81 -> 46099 | C82: =C81 -> 46113 | D82: 3273 | E82: 336 | F82: 4 | G82: 14 | H82: 81676 | I82: DISNEY | J82: 53560057 | K82: GNSW33 | L82: 66060100SWS CP KNIT STARWARS KTG KARGO GNSW33:BLACK:13-14:GRAPHIC:SHORT PANTS | M82: 169900 | N82: BXGY | O82: =O81 -> B1G1 | P82: BXGY
A83: =A82 -> 2025 MEI B1G1 | B83: =B82 -> 46099 | C83: =C82 -> 46113 | D83: 3273 | E83: 336 | F83: 4 | G83: 14 | H83: 81676 | I83: DISNEY | J83: 53560066 | K83: GNSW33 | L83: 66060100SWS CP KNIT STARWARS KTG KARGO GNSW33:BLACK:15-16:GRAPHIC:SHORT PANTS | M83: 169900 | N83: BXGY | O83: =O82 -> B1G1 | P83: BXGY

Sheet 2025 JUN B1G1
A1: ACARA | B1: FROM DATE | C1: TO DATE | D1: DEPT | E1: WORLD | F1: DIVISION | G1: CLASS | H1: SUPPLIER | I1: BRAND | J1: SKU | K1: ARTICLE | L1: DESCRIPTION | M1: HARGA NORMAL | N1: DISKON | O1: HARGA PROMO | P1: DISCOUNT TYPE
A2: 2025 JUN B1G1 | B2: ='2019 ALL D95'!B2 -> 46099 | C2: ='2019 ALL D95'!C2 -> 46113 | D2: 3273 | E2: 336 | F2: 4 | G2: 6 | H2: 81588 | I2: DISNEY | J2: 54209784 | K2: SPD-W02 | L2: 66020100MCS TS SALUR SPD LOGO HEAD SPD-W02:MISTY LIGHT GREY:3-4:STRIPES:SS T-SHIRT | M2: 149900 | N2: BXGY | O2: B1G1 | P2: BXGY
A3: =A2 -> 2025 JUN B1G1 | B3: =B2 -> 46099 | C3: =C2 -> 46113 | D3: 3273 | E3: 336 | F3: 4 | G3: 6 | H3: 81588 | I3: DISNEY | J3: 54209793 | K3: SPD-W02 | L3: 66020100MCS TS SALUR SPD LOGO HEAD SPD-W02:MISTY LIGHT GREY:4-5:STRIPES:SS T-SHIRT | M3: 149900 | N3: BXGY | O3: =O2 -> B1G1 | P3: BXGY
A4: =A3 -> 2025 JUN B1G1 | B4: =B3 -> 46099 | C4: =C3 -> 46113 | D4: 3273 | E4: 336 | F4: 4 | G4: 6 | H4: 81588 | I4: DISNEY | J4: 54209800 | K4: SPD-W02 | L4: 66020100MCS TS SALUR SPD LOGO HEAD SPD-W02:MISTY LIGHT GREY:5-6:STRIPES:SS T-SHIRT | M4: 149900 | N4: BXGY | O4: =O3 -> B1G1 | P4: BXGY
A5: =A4 -> 2025 JUN B1G1 | B5: =B4 -> 46099 | C5: =C4 -> 46113 | D5: 3273 | E5: 336 | F5: 4 | G5: 6 | H5: 81588 | I5: DISNEY | J5: 54209819 | K5: SPD-W02 | L5: 66020100MCS TS SALUR SPD LOGO HEAD SPD-W02:MISTY LIGHT GREY:7-8:STRIPES:SS T-SHIRT | M5: 149900 | N5: BXGY | O5: =O4 -> B1G1 | P5: BXGY
A6: =A5 -> 2025 JUN B1G1 | B6: =B5 -> 46099 | C6: =C5 -> 46113 | D6: 3273 | E6: 336 | F6: 4 | G6: 6 | H6: 81588 | I6: DISNEY | J6: 54209828 | K6: SPD-W02 | L6: 66020100MCS TS SALUR SPD LOGO HEAD SPD-W02:MISTY LIGHT GREY:9-10:STRIPES:SS T-SHIRT | M6: 149900 | N6: BXGY | O6: =O5 -> B1G1 | P6: BXGY
A7: =A6 -> 2025 JUN B1G1 | B7: =B6 -> 46099 | C7: =C6 -> 46113 | D7: 3273 | E7: 336 | F7: 4 | G7: 6 | H7: 81588 | I7: DISNEY | J7: 54209837 | K7: SPD-W02 | L7: 66020100MCS TS SALUR SPD LOGO HEAD SPD-W02:MISTY LIGHT GREY:11-12:STRIPES:SS T-SHIRT | M7: 149900 | N7: BXGY | O7: =O6 -> B1G1 | P7: BXGY
A8: =A7 -> 2025 JUN B1G1 | B8: =B7 -> 46099 | C8: =C7 -> 46113 | D8: 3273 | E8: 336 | F8: 4 | G8: 6 | H8: 81588 | I8: DISNEY | J8: 54209846 | K8: SPD-W02 | L8: 66020100MCS TS SALUR SPD LOGO HEAD SPD-W02:MISTY LIGHT GREY:13-14:STRIPES:SS T-SHIRT | M8: 149900 | N8: BXGY | O8: =O7 -> B1G1 | P8: BXGY
A9: =A8 -> 2025 JUN B1G1 | B9: =B8 -> 46099 | C9: =C8 -> 46113 | D9: 3273 | E9: 336 | F9: 4 | G9: 6 | H9: 81588 | I9: DISNEY | J9: 54608647 | K9: HRT54 | L9: 66020100OAV TS AVG CAPT AMRIK LOGO HALF TIE DYE HRT54:BLACK:3-4:GRAPHIC:SS T-SHIRT | M9: 149900 | N9: BXGY | O9: =O8 -> B1G1 | P9: BXGY
A10: =A9 -> 2025 JUN B1G1 | B10: =B9 -> 46099 | C10: =C9 -> 46113 | D10: 3273 | E10: 336 | F10: 4 | G10: 6 | H10: 81588 | I10: DISNEY | J10: 54608656 | K10: HRT54 | L10: 66020100OAV TS AVG CAPT AMRIK LOGO HALF TIE DYE HRT54:BLACK:4-5:GRAPHIC:SS T-SHIRT | M10: 149900 | N10: BXGY | O10: =O9 -> B1G1 | P10: BXGY
A11: =A10 -> 2025 JUN B1G1 | B11: =B10 -> 46099 | C11: =C10 -> 46113 | D11: 3273 | E11: 336 | F11: 4 | G11: 6 | H11: 81588 | I11: DISNEY | J11: 54608665 | K11: HRT54 | L11: 66020100OAV TS AVG CAPT AMRIK LOGO HALF TIE DYE HRT54:BLACK:5-6:GRAPHIC:SS T-SHIRT | M11: 149900 | N11: BXGY | O11: =O10 -> B1G1 | P11: BXGY
A12: =A11 -> 2025 JUN B1G1 | B12: =B11 -> 46099 | C12: =C11 -> 46113 | D12: 3273 | E12: 336 | F12: 4 | G12: 6 | H12: 81588 | I12: DISNEY | J12: 54608674 | K12: HRT54 | L12: 66040100OAV TS AVG CAPT AMRIK LOGO HALF TIE DYE HRT54:BLACK:7-8:GRAPHIC:SS T-SHIRT | M12: 149900 | N12: BXGY | O12: =O11 -> B1G1 | P12: BXGY
A13: =A12 -> 2025 JUN B1G1 | B13: =B12 -> 46099 | C13: =C12 -> 46113 | D13: 3273 | E13: 336 | F13: 4 | G13: 6 | H13: 81588 | I13: DISNEY | J13: 54608683 | K13: HRT54 | L13: 66040100OAV TS AVG CAPT AMRIK LOGO HALF TIE DYE HRT54:BLACK:9-10:GRAPHIC:SS T-SHIRT | M13: 149900 | N13: BXGY | O13: =O12 -> B1G1 | P13: BXGY
A14: =A13 -> 2025 JUN B1G1 | B14: =B13 -> 46099 | C14: =C13 -> 46113 | D14: 3273 | E14: 336 | F14: 4 | G14: 6 | H14: 81588 | I14: DISNEY | J14: 54608692 | K14: HRT54 | L14: 66040100OAV TS AVG CAPT AMRIK LOGO HALF TIE DYE HRT54:BLACK:11-12:GRAPHIC:SS T-SHIRT | M14: 149900 | N14: BXGY | O14: =O13 -> B1G1 | P14: BXGY
... A86: =A85 -> 2025 JUN B1G1 | B86: =B85 -> 46099 | C86: =C85 -> 46113 | D86: 3273 | E86: 336 | F86: 4 | G86: 4 | H86: 81676 | I86: DISNEY | J86: 53560600 | K86: GNDN24 | L86: 66060100STC LP KNIT STITCH FACE GNDN24:NAVY BLUE:15-16:GRAPHIC:JOGGER | M86: 249900 | N86: BXGY | O86: =O85 -> B1G1 | P86: BXGY

Sheet 2025 JUL B1G1
A1: ACARA | B1: FROM DATE | C1: TO DATE | D1: DEPT | E1: WORLD | F1: DIVISION | G1: CLASS | H1: SUPPLIER | I1: BRAND | J1: SKU | K1: ARTICLE | L1: DESCRIPTION | M1: HARGA NORMAL | N1: DISKON | O1: HARGA PROMO | P1: DISCOUNT TYPE
A2: 2025 JUL B1G1 | B2: ='2019 ALL D95'!B2 -> 46099 | C2: ='2019 ALL D95'!C2 -> 46113 | D2: 3273 | E2: 336 | F2: 4 | G2: 10 | H2: 81574 | I2: DISNEY | J2: 54718591 | K2: TPMV06 | L2: 68040202OAV TOPI MARVEL BORDIR TIMBUL FP TPMV06:BLACK:F:EMBOS:CAPS | M2: 99900 | N2: BXGY | O2: B1G1 | P2: BXGY
A3: =A2 -> 2025 JUL B1G1 | B3: =B2 -> 46099 | C3: =C2 -> 46113 | D3: 3273 | E3: 336 | F3: 4 | G3: 4 | H3: 81676 | I3: DISNEY | J3: 54718448 | K3: GGMC-5 | L3: 66020100MIC SHORT KNIT MICKEY HEAD KTG GGMC-5:KHAKI:4:GRAPHIC:SHORT PANTS | M3: 129900 | N3: =N2 -> BXGY | O3: =O2 -> B1G1 | P3: =P2 -> BXGY
A4: =A3 -> 2025 JUL B1G1 | B4: =B3 -> 46099 | C4: =C3 -> 46113 | D4: 3273 | E4: 336 | F4: 4 | G4: 4 | H4: 81676 | I4: DISNEY | J4: 54718457 | K4: GGMC-5 | L4: 66020100MIC SHORT KNIT MICKEY HEAD KTG GGMC-5:KHAKI:5:GRAPHIC:SHORT PANTS | M4: 129900 | N4: =N3 -> BXGY | O4: =O3 -> B1G1 | P4: =P3 -> BXGY
A5: =A4 -> 2025 JUL B1G1 | B5: =B4 -> 46099 | C5: =C4 -> 46113 | D5: 3273 | E5: 336 | F5: 4 | G5: 4 | H5: 81676 | I5: DISNEY | J5: 54718466 | K5: GGMC-5 | L5: 66020100MIC SHORT KNIT MICKEY HEAD KTG GGMC-5:KHAKI:6:GRAPHIC:SHORT PANTS | M5: 129900 | N5: =N4 -> BXGY | O5: =O4 -> B1G1 | P5: =P4 -> BXGY
A6: =A5 -> 2025 JUL B1G1 | B6: =B5 -> 46099 | C6: =C5 -> 46113 | D6: 3273 | E6: 336 | F6: 4 | G6: 4 | H6: 81676 | I6: DISNEY | J6: 54718475 | K6: GGMC-5 | L6: 66040100MIC SHORT KNIT MICKEY HEAD KTG GGMC-5:KHAKI:7-8:GRAPHIC:SHORT PANTS | M6: 129900 | N6: =N5 -> BXGY | O6: =O5 -> B1G1 | P6: =P5 -> BXGY
A7: =A6 -> 2025 JUL B1G1 | B7: =B6 -> 46099 | C7: =C6 -> 46113 | D7: 3273 | E7: 336 | F7: 4 | G7: 4 | H7: 81676 | I7: DISNEY | J7: 54718484 | K7: GGMC-5 | L7: 66040100MIC SHORT KNIT MICKEY HEAD KTG GGMC-5:KHAKI:9-10:GRAPHIC:SHORT PANTS | M7: 129900 | N7: =N6 -> BXGY | O7: =O6 -> B1G1 | P7: =P6 -> BXGY
A8: =A7 -> 2025 JUL B1G1 | B8: =B7 -> 46099 | C8: =C7 -> 46113 | D8: 3273 | E8: 336 | F8: 4 | G8: 4 | H8: 81676 | I8: DISNEY | J8: 54718493 | K8: GGMC-5 | L8: 66040100MIC SHORT KNIT MICKEY HEAD KTG GGMC-5:KHAKI:11-12:GRAPHIC:SHORT PANTS | M8: 129900 | N8: =N7 -> BXGY | O8: =O7 -> B1G1 | P8: =P7 -> BXGY
A9: =A8 -> 2025 JUL B1G1 | B9: =B8 -> 46099 | C9: =C8 -> 46113 | D9: 3273 | E9: 336 | F9: 4 | G9: 4 | H9: 81676 | I9: DISNEY | J9: 54718500 | K9: GGMC-5 | L9: 66060100MIC SHORT KNIT MICKEY HEAD KTG GGMC-5:KHAKI:13-14:GRAPHIC:SHORT PANTS | M9: 129900 | N9: =N8 -> BXGY | O9: =O8 -> B1G1 | P9: =P8 -> BXGY
A10: =A9 -> 2025 JUL B1G1 | B10: =B9 -> 46099 | C10: =C9 -> 46113 | D10: 3273 | E10: 336 | F10: 4 | G10: 9 | H10: 81588 | I10: DISNEY | J10: 54718886 | K10: SPDR-N194 | L10: 66020100MCS JOGGER SPD CUT SEW ZIPPER SPDR-N194:KHAKI:4:EMBRO:JOGGER | M10: 149900 | N10: =N9 -> BXGY | O10: =O9 -> B1G1 | P10: =P9 -> BXGY
A11: =A10 -> 2025 JUL B1G1 | B11: =B10 -> 46099 | C11: =C10 -> 46113 | D11: 3273 | E11: 336 | F11: 4 | G11: 9 | H11: 81588 | I11: DISNEY | J11: 54718895 | K11: SPDR-N194 | L11: 66020100MCS JOGGER SPD CUT SEW ZIPPER SPDR-N194:KHAKI:5:EMBRO:JOGGER | M11: 149900 | N11: =N10 -> BXGY | O11: =O10 -> B1G1 | P11: =P10 -> BXGY
A12: =A11 -> 2025 JUL B1G1 | B12: =B11 -> 46099 | C12: =C11 -> 46113 | D12: 3273 | E12: 336 | F12: 4 | G12: 9 | H12: 81588 | I12: DISNEY | J12: 54718902 | K12: SPDR-N194 | L12: 66020100MCS JOGGER SPD CUT SEW ZIPPER SPDR-N194:KHAKI:6:EMBRO:JOGGER | M12: 149900 | N12: =N11 -> BXGY | O12: =O11 -> B1G1 | P12: =P11 -> BXGY
A13: =A12 -> 2025 JUL B1G1 | B13: =B12 -> 46099 | C13: =C12 -> 46113 | D13: 3273 | E13: 336 | F13: 4 | G13: 9 | H13: 81588 | I13: DISNEY | J13: 54718911 | K13: SPDR-N194 | L13: 66040100MCS JOGGER SPD CUT SEW ZIPPER SPDR-N194:KHAKI:7-8:EMBRO:JOGGER | M13: 149900 | N13: =N12 -> BXGY | O13: =O12 -> B1G1 | P13: =P12 -> BXGY
A14: =A13 -> 2025 JUL B1G1 | B14: =B13 -> 46099 | C14: =C13 -> 46113 | D14: 3273 | E14: 336 | F14: 4 | G14: 9 | H14: 81588 | I14: DISNEY | J14: 54718920 | K14: SPDR-N194 | L14: 66040100MCS JOGGER SPD CUT SEW ZIPPER SPDR-N194:KHAKI:9-10:EMBRO:JOGGER | M14: 149900 | N14: =N13 -> BXGY | O14: =O13 -> B1G1 | P14: =P13 -> BXGY
... A17: =A16 -> 2025 JUL B1G1 | B17: =B16 -> 46099 | C17: =C16 -> 46113 | D17: 3273 | E17: 336 | F17: 4 | G17: 6 | H17: 81588 | I17: DISNEY | J17: 54209855 | K17: SPD-N198 | L17: 66020100MCS TS SPD LOGO HEAD EMBOSS SPD-N198:MISTY LIGHT BROWN:4:EMBOS:SS T-SHIRT | M17: 99900 | N17: =N16 -> BXGY | O17: =O16 -> B1G1 | P17: =P16 -> BXGY
A18: =A17 -> 2025 JUL B1G1 | B18: =B17 -> 46099 | C18: =C17 -> 46113 | D18: =D17 -> 3273 | E18: =E17 -> 336 | F18: =F17 -> 4 | G18: 6 | H18: 81588 | I18: =I17 -> DISNEY | J18: 54209864 | K18: SPD-N198 | L18: 66020100MCS TS SPD LOGO HEAD EMBOSS SPD-N198:MISTY LIGHT BROWN:5:EMBOS:SS T-SHIRT | M18: 99900 | N18: =N17 -> BXGY | O18: =O17 -> B1G1 | P18: =P17 -> BXGY
A19: =A18 -> 2025 JUL B1G1 | B19: =B18 -> 46099 | C19: =C18 -> 46113 | D19: =D18 -> 3273 | E19: =E18 -> 336 | F19: =F18 -> 4 | G19: 6 | H19: 81588 | I19: =I18 -> DISNEY | J19: 54209873 | K19: SPD-N198 | L19: 66020100MCS TS SPD LOGO HEAD EMBOSS SPD-N198:MISTY LIGHT BROWN:6:EMBOS:SS T-SHIRT | M19: 99900 | N19: =N18 -> BXGY | O19: =O18 -> B1G1 | P19: =P18 -> BXGY
A20: =A19 -> 2025 JUL B1G1 | B20: =B19 -> 46099 | C20: =C19 -> 46113 | D20: =D19 -> 3273 | E20: =E19 -> 336 | F20: =F19 -> 4 | G20: 6 | H20: 81588 | I20: =I19 -> DISNEY | J20: 54209882 | K20: SPD-N198 | L20: 66020100MCS TS SPD LOGO HEAD EMBOSS SPD-N198:MISTY LIGHT BROWN:7-8:EMBOS:SS T-SHIRT | M20: 99900 | N20: =N19 -> BXGY | O20: =O19 -> B1G1 | P20: =P19 -> BXGY
A21: =A20 -> 2025 JUL B1G1 | B21: =B20 -> 46099 | C21: =C20 -> 46113 | D21: =D20 -> 3273 | E21: =E20 -> 336 | F21: =F20 -> 4 | G21: 6 | H21: 81588 | I21: =I20 -> DISNEY | J21: 54209891 | K21: SPD-N198 | L21: 66020100MCS TS SPD LOGO HEAD EMBOSS SPD-N198:MISTY LIGHT BROWN:9-10:EMBOS:SS T-SHIRT | M21: 99900 | N21: =N20 -> BXGY | O21: =O20 -> B1G1 | P21: =P20 -> BXGY
A22: =A21 -> 2025 JUL B1G1 | B22: =B21 -> 46099 | C22: =C21 -> 46113 | D22: =D21 -> 3273 | E22: =E21 -> 336 | F22: =F21 -> 4 | G22: 6 | H22: 81588 | I22: =I21 -> DISNEY | J22: 54209908 | K22: SPD-N198 | L22: 66020100MCS TS SPD LOGO HEAD EMBOSS SPD-N198:MISTY LIGHT BROWN:11-12:EMBOS:SS T-SHIRT | M22: 99900 | N22: =N21 -> BXGY | O22: =O21 -> B1G1 | P22: =P21 -> BXGY
A23: =A22 -> 2025 JUL B1G1 | B23: =B22 -> 46099 | C23: =C22 -> 46113 | D23: =D22 -> 3273 | E23: =E22 -> 336 | F23: =F22 -> 4 | G23: 6 | H23: 81588 | I23: =I22 -> DISNEY | J23: 54209917 | K23: SPD-N198 | L23: 66020100MCS TS SPD LOGO HEAD EMBOSS SPD-N198:MISTY LIGHT BROWN:13-14:EMBOS:SS T-SHIRT | M23: 99900 | N23: =N22 -> BXGY | O23: =O22 -> B1G1 | P23: =P22 -> BXGY
A24: =A23 -> 2025 JUL B1G1 | B24: =B23 -> 46099 | C24: =C23 -> 46113 | D24: =D23 -> 3273 | E24: =E23 -> 336 | F24: =F23 -> 4 | G24: 6 | H24: 81676 | I24: =I23 -> DISNEY | J24: 54718233 | K24: GGMC-1 | L24: 66020100MIC TS MICKEY N FRIENDS CREW GGMC-1:PASTEL GREEN:4:GRAPHIC:SS T-SHIRT | M24: 99900 | N24: =N23 -> BXGY | O24: =O23 -> B1G1 | P24: =P23 -> BXGY
A25: =A24 -> 2025 JUL B1G1 | B25: =B24 -> 46099 | C25: =C24 -> 46113 | D25: =D24 -> 3273 | E25: =E24 -> 336 | F25: =F24 -> 4 | G25: 6 | H25: 81676 | I25: =I24 -> DISNEY | J25: 54718242 | K25: GGMC-1 | L25: 66020100MIC TS MICKEY N FRIENDS CREW GGMC-1:PASTEL GREEN:5:GRAPHIC:SS T-SHIRT | M25: 99900 | N25: =N24 -> BXGY | O25: =O24 -> B1G1 | P25: =P24 -> BXGY
A26: =A25 -> 2025 JUL B1G1 | B26: =B25 -> 46099 | C26: =C25 -> 46113 | D26: =D25 -> 3273 | E26: =E25 -> 336 | F26: =F25 -> 4 | G26: 6 | H26: 81676 | I26: =I25 -> DISNEY | J26: 54718251 | K26: GGMC-1 | L26: 66020100MIC TS MICKEY N FRIENDS CREW GGMC-1:PASTEL GREEN:6:GRAPHIC:SS T-SHIRT | M26: 99900 | N26: =N25 -> BXGY | O26: =O25 -> B1G1 | P26: =P25 -> BXGY
A27: =A26 -> 2025 JUL B1G1 | B27: =B26 -> 46099 | C27: =C26 -> 46113 | D27: =D26 -> 3273 | E27: =E26 -> 336 | F27: =F26 -> 4 | G27: 6 | H27: 81676 | I27: =I26 -> DISNEY | J27: 54718260 | K27: GGMC-1 | L27: 66040100MIC TS MICKEY N FRIENDS CREW GGMC-1:PASTEL GREEN:7-8:GRAPHIC:SS T-SHIRT | M27: 99900 | N27: =N26 -> BXGY | O27: =O26 -> B1G1 | P27: =P26 -> BXGY
A28: =A27 -> 2025 JUL B1G1 | B28: =B27 -> 46099 | C28: =C27 -> 46113 | D28: =D27 -> 3273 | E28: =E27 -> 336 | F28: =F27 -> 4 | G28: 6 | H28: 81676 | I28: =I27 -> DISNEY | J28: 54718279 | K28: GGMC-1 | L28: 66040100MIC TS MICKEY N FRIENDS CREW GGMC-1:PASTEL GREEN:9-10:GRAPHIC:SS T-SHIRT | M28: 99900 | N28: =N27 -> BXGY | O28: =O27 -> B1G1 | P28: =P27 -> BXGY
A29: =A28 -> 2025 JUL B1G1 | B29: =B28 -> 46099 | C29: =C28 -> 46113 | D29: =D28 -> 3273 | E29: =E28 -> 336 | F29: =F28 -> 4 | G29: 6 | H29: 81676 | I29: =I28 -> DISNEY | J29: 54718288 | K29: GGMC-1 | L29: 66040100MIC TS MICKEY N FRIENDS CREW GGMC-1:PASTEL GREEN:11-12:GRAPHIC:SS T-SHIRT | M29: 99900 | N29: =N28 -> BXGY | O29: =O28 -> B1G1 | P29: =P28 -> BXGY
... A72: =A71 -> 2025 JUL B1G1 | B72: =B71 -> 46099 | C72: =C71 -> 46113 | D72: =D71 -> 3273 | E72: =E71 -> 336 | F72: =F71 -> 4 | G72: 6 | H72: 81588 | I72: =I71 -> DISNEY | J72: 54718877 | K72: SPDR-N204 | L72: 66060100MCS TS SPD SALUR LOGO SPD SPDR-N204:WHITE:13-14:STRIPES:SS T-SHIRT | M72: 99900 | N72: =N71 -> BXGY | O72: =O71 -> B1G1 | P72: =P71 -> BXGY

Sheet 2025 AUG B1G1
A1: ACARA | B1: FROM DATE | C1: TO DATE | D1: DEPT | E1: WORLD | F1: DIVISION | G1: CLASS | H1: SUPPLIER | I1: BRAND | J1: SKU | K1: ARTICLE | L1: DESCRIPTION | M1: HARGA NORMAL | N1: DISKON | O1: HARGA PROMO | P1: DISCOUNT TYPE
A2: 2025 AUG B1G1 | B2: ='2019 ALL D95'!B2 -> 46099 | C2: ='2019 ALL D95'!C2 -> 46113 | D2: 3273 | E2: 336 | F2: 4 | G2: 6 | H2: 81676 | I2: DISNEY | J2: 55347329 | K2: GNAVG78 | L2: 66020100OAV TS AVG HULK CAPT AMRIK LOGO FLOCKING GNAVG78:WHITE:4:PRINT:SS T-SHIRT | M2: 99900 | N2: BXGY | O2: B1G1 | P2: BXGY
A3: =A2 -> 2025 AUG B1G1 | B3: =B2 -> 46099 | C3: =C2 -> 46113 | D3: =D2 -> 3273 | E3: =E2 -> 336 | F3: =F2 -> 4 | G3: 6 | H3: 81676 | I3: =I2 -> DISNEY | J3: 55347338 | K3: GNAVG78 | L3: 66020100OAV TS AVG HULK CAPT AMRIK LOGO FLOCKING GNAVG78:WHITE:5:PRINT:SS T-SHIRT | M3: 99900 | N3: =N2 -> BXGY | O3: =O2 -> B1G1 | P3: =P2 -> BXGY
A4: =A3 -> 2025 AUG B1G1 | B4: =B3 -> 46099 | C4: =C3 -> 46113 | D4: =D3 -> 3273 | E4: =E3 -> 336 | F4: =F3 -> 4 | G4: 6 | H4: 81676 | I4: =I3 -> DISNEY | J4: 55347347 | K4: GNAVG78 | L4: 66020100OAV TS AVG HULK CAPT AMRIK LOGO FLOCKING GNAVG78:WHITE:6:PRINT:SS T-SHIRT | M4: 99900 | N4: =N3 -> BXGY | O4: =O3 -> B1G1 | P4: =P3 -> BXGY
A5: =A4 -> 2025 AUG B1G1 | B5: =B4 -> 46099 | C5: =C4 -> 46113 | D5: =D4 -> 3273 | E5: =E4 -> 336 | F5: =F4 -> 4 | G5: 6 | H5: 81676 | I5: =I4 -> DISNEY | J5: 55347356 | K5: GNAVG78 | L5: 66040100OAV TS AVG HULK CAPT AMRIK LOGO FLOCKING GNAVG78:WHITE:7-8:PRINT:SS T-SHIRT | M5: 99900 | N5: =N4 -> BXGY | O5: =O4 -> B1G1 | P5: =P4 -> BXGY
A6: =A5 -> 2025 AUG B1G1 | B6: =B5 -> 46099 | C6: =C5 -> 46113 | D6: =D5 -> 3273 | E6: =E5 -> 336 | F6: =F5 -> 4 | G6: 6 | H6: 81676 | I6: =I5 -> DISNEY | J6: 55347365 | K6: GNAVG78 | L6: 66040100OAV TS AVG HULK CAPT AMRIK LOGO FLOCKING GNAVG78:WHITE:9-10:PRINT:SS T-SHIRT | M6: 99900 | N6: =N5 -> BXGY | O6: =O5 -> B1G1 | P6: =P5 -> BXGY
A7: =A6 -> 2025 AUG B1G1 | B7: =B6 -> 46099 | C7: =C6 -> 46113 | D7: =D6 -> 3273 | E7: =E6 -> 336 | F7: =F6 -> 4 | G7: 6 | H7: 81676 | I7: =I6 -> DISNEY | J7: 55347374 | K7: GNAVG78 | L7: 66040100OAV TS AVG HULK CAPT AMRIK LOGO FLOCKING GNAVG78:WHITE:11-12:PRINT:SS T-SHIRT | M7: 99900 | N7: =N6 -> BXGY | O7: =O6 -> B1G1 | P7: =P6 -> BXGY
A8: =A7 -> 2025 AUG B1G1 | B8: =B7 -> 46099 | C8: =C7 -> 46113 | D8: =D7 -> 3273 | E8: =E7 -> 336 | F8: =F7 -> 4 | G8: 6 | H8: 81588 | I8: =I7 -> DISNEY | J8: 55347383 | K8: AVG-HR071 | L8: 66020100OAV TS AVG KTG LOGO EMBOSS AVG-HR071:PASTEL BLUE:4:EMBOS:SS T-SHIRT | M8: 99900 | N8: =N7 -> BXGY | O8: =O7 -> B1G1 | P8: =P7 -> BXGY
A9: =A8 -> 2025 AUG B1G1 | B9: =B8 -> 46099 | C9: =C8 -> 46113 | D9: =D8 -> 3273 | E9: =E8 -> 336 | F9: =F8 -> 4 | G9: 6 | H9: 81588 | I9: =I8 -> DISNEY | J9: 55347392 | K9: AVG-HR071 | L9: 66020100OAV TS AVG KTG LOGO EMBOSS AVG-HR071:PASTEL BLUE:5:EMBOS:SS T-SHIRT | M9: 99900 | N9: =N8 -> BXGY | O9: =O8 -> B1G1 | P9: =P8 -> BXGY
A10: =A9 -> 2025 AUG B1G1 | B10: =B9 -> 46099 | C10: =C9 -> 46113 | D10: =D9 -> 3273 | E10: =E9 -> 336 | F10: =F9 -> 4 | G10: 6 | H10: 81588 | I10: =I9 -> DISNEY | J10: 55347409 | K10: AVG-HR071 | L10: 66020100OAV TS AVG KTG LOGO EMBOSS AVG-HR071:PASTEL BLUE:6:EMBOS:SS T-SHIRT | M10: 99900 | N10: =N9 -> BXGY | O10: =O9 -> B1G1 | P10: =P9 -> BXGY
A11: =A10 -> 2025 AUG B1G1 | B11: =B10 -> 46099 | C11: =C10 -> 46113 | D11: =D10 -> 3273 | E11: =E10 -> 336 | F11: =F10 -> 4 | G11: 6 | H11: 81588 | I11: =I10 -> DISNEY | J11: 55347418 | K11: AVG-HR071 | L11: 66040100OAV TS AVG KTG LOGO EMBOSS AVG-HR071:PASTEL BLUE:7-8:EMBOS:SS T-SHIRT | M11: 99900 | N11: =N10 -> BXGY | O11: =O10 -> B1G1 | P11: =P10 -> BXGY
A12: =A11 -> 2025 AUG B1G1 | B12: =B11 -> 46099 | C12: =C11 -> 46113 | D12: =D11 -> 3273 | E12: =E11 -> 336 | F12: =F11 -> 4 | G12: 6 | H12: 81588 | I12: =I11 -> DISNEY | J12: 55347427 | K12: AVG-HR071 | L12: 66040100OAV TS AVG KTG LOGO EMBOSS AVG-HR071:PASTEL BLUE:9-10:EMBOS:SS T-SHIRT | M12: 99900 | N12: =N11 -> BXGY | O12: =O11 -> B1G1 | P12: =P11 -> BXGY
A13: =A12 -> 2025 AUG B1G1 | B13: =B12 -> 46099 | C13: =C12 -> 46113 | D13: =D12 -> 3273 | E13: =E12 -> 336 | F13: =F12 -> 4 | G13: 6 | H13: 81588 | I13: =I12 -> DISNEY | J13: 55347436 | K13: AVG-HR071 | L13: 66040100OAV TS AVG KTG LOGO EMBOSS AVG-HR071:PASTEL BLUE:11-12:EMBOS:SS T-SHIRT | M13: 99900 | N13: =N12 -> BXGY | O13: =O12 -> B1G1 | P13: =P12 -> BXGY
A14: =A13 -> 2025 AUG B1G1 | B14: =B13 -> 46099 | C14: =C13 -> 46113 | D14: =D13 -> 3273 | E14: =E13 -> 336 | F14: =F13 -> 4 | G14: 6 | H14: 81588 | I14: =I13 -> DISNEY | J14: 55347445 | K14: AVG-HR071 | L14: 66060100OAV TS AVG KTG LOGO EMBOSS AVG-HR071:PASTEL BLUE:13-14:EMBOS:SS T-SHIRT | M14: 99900 | N14: =N13 -> BXGY | O14: =O13 -> B1G1 | P14: =P13 -> BXGY
... A63: =A62 -> 2025 AUG B1G1 | B63: =B62 -> 46099 | C63: =C62 -> 46113 | D63: =D62 -> 3273 | E63: =E62 -> 336 | F63: =F62 -> 4 | G63: 1 | H63: 81676 | I63: =I62 -> DISNEY | J63: 55586508 | K63: GGDH-6 | L63: 66060100MIC TS MICKEY HEAD EMBOSS GGDH-6:FROST GREY:13-14:GRAPHIC:SS T-SHIRT | M63: 99900 | N63: =N62 -> BXGY | O63: =O62 -> B1G1 | P63: =P62 -> BXGY
A64: =A63 -> 2025 AUG B1G1 | B64: =B63 -> 46099 | C64: =C63 -> 46113 | D64: =D63 -> 3273 | E64: =E63 -> 336 | F64: =F63 -> 4 | G64: 10 | H64: 81574 | I64: DISNEY | J64: 55347945 | K64: TPSPDR42 | L64: 68040202MCS TOPI SPD NAME TUMPUK SINTONG TIEDYE TPSPDR42:BLACK:F:GRAPHIC:CAPS | M64: 99900 | N64: =N63 -> BXGY | O64: =O63 -> B1G1 | P64: =P63 -> BXGY

Sheet 2025 SEPT B1 D30
A1: ACARA | B1: FROM DATE | C1: TO DATE | D1: DEPT | E1: WORLD | F1: DIVISION | G1: CLASS | H1: SUPPLIER | I1: BRAND | J1: SKU | K1: ARTICLE | L1: DESCRIPTION | M1: HARGA NORMAL | N1: DISKON | O1: HARGA PROMO | P1: DISCOUNT TYPE
A2: 2025 SEPT B1 D30 | B2: ='2025 AUG B1G1'!B64 -> 46099 | C2: ='2025 AUG B1G1'!C64 -> 46113 | D2: ='2025 AUG B1G1'!D64 -> 3273 | E2: ='2025 AUG B1G1'!E64 -> 336 | F2: ='2025 AUG B1G1'!F64 -> 4 | G2: 8 | H2: 81588 | I2: ='2025 AUG B1G1'!I64 -> DISNEY | J2: 55347874 | K2: SPDR-A77 | L2: 66020100MCS SWEATER SPD LOGO BDR SPDR-A77:KHAKI:4:GRAPHIC:SWEATER | M2: 199900 | N2: 0.3 | O2: =M2-((30*M2))/100 -> 139930 | P2: PERCENTAGE
A3: =A2 -> 2025 SEPT B1 D30 | B3: =B2 -> 46099 | C3: =C2 -> 46113 | D3: =D2 -> 3273 | E3: =E2 -> 336 | F3: =F2 -> 4 | G3: 8 | H3: 81588 | I3: =I2 -> DISNEY | J3: 55347883 | K3: SPDR-A77 | L3: 66020100MCS SWEATER SPD LOGO BDR SPDR-A77:KHAKI:5:GRAPHIC:SWEATER | M3: 199900 | N3: =N2 -> 0.3 | O3: =O2 -> 139930 | P3: =P2 -> PERCENTAGE
A4: =A3 -> 2025 SEPT B1 D30 | B4: =B3 -> 46099 | C4: =C3 -> 46113 | D4: =D3 -> 3273 | E4: =E3 -> 336 | F4: =F3 -> 4 | G4: 8 | H4: 81588 | I4: =I3 -> DISNEY | J4: 55347892 | K4: SPDR-A77 | L4: 66020100MCS SWEATER SPD LOGO BDR SPDR-A77:KHAKI:6:GRAPHIC:SWEATER | M4: 199900 | N4: =N3 -> 0.3 | O4: =O3 -> 139930 | P4: =P3 -> PERCENTAGE
A5: =A4 -> 2025 SEPT B1 D30 | B5: =B4 -> 46099 | C5: =C4 -> 46113 | D5: =D4 -> 3273 | E5: =E4 -> 336 | F5: =F4 -> 4 | G5: 8 | H5: 81588 | I5: =I4 -> DISNEY | J5: 55347909 | K5: SPDR-A77 | L5: 66040100MCS SWEATER SPD LOGO BDR SPDR-A77:KHAKI:7-8:GRAPHIC:SWEATER | M5: 199900 | N5: =N4 -> 0.3 | O5: =O4 -> 139930 | P5: =P4 -> PERCENTAGE
A6: =A5 -> 2025 SEPT B1 D30 | B6: =B5 -> 46099 | C6: =C5 -> 46113 | D6: =D5 -> 3273 | E6: =E5 -> 336 | F6: =F5 -> 4 | G6: 8 | H6: 81588 | I6: =I5 -> DISNEY | J6: 55347918 | K6: SPDR-A77 | L6: 66040100MCS SWEATER SPD LOGO BDR SPDR-A77:KHAKI:9-10:GRAPHIC:SWEATER | M6: 199900 | N6: =N5 -> 0.3 | O6: =O5 -> 139930 | P6: =P5 -> PERCENTAGE
A7: =A6 -> 2025 SEPT B1 D30 | B7: =B6 -> 46099 | C7: =C6 -> 46113 | D7: =D6 -> 3273 | E7: =E6 -> 336 | F7: =F6 -> 4 | G7: 8 | H7: 81588 | I7: =I6 -> DISNEY | J7: 55347927 | K7: SPDR-A77 | L7: 66040100MCS SWEATER SPD LOGO BDR SPDR-A77:KHAKI:11-12:GRAPHIC:SWEATER | M7: 199900 | N7: =N6 -> 0.3 | O7: =O6 -> 139930 | P7: =P6 -> PERCENTAGE
A8: =A7 -> 2025 SEPT B1 D30 | B8: =B7 -> 46099 | C8: =C7 -> 46113 | D8: =D7 -> 3273 | E8: =E7 -> 336 | F8: =F7 -> 4 | G8: 8 | H8: 81588 | I8: =I7 -> DISNEY | J8: 55347936 | K8: SPDR-A77 | L8: 66060100MCS SWEATER SPD LOGO BDR SPDR-A77:KHAKI:13-14:GRAPHIC:SWEATER | M8: 199900 | N8: =N7 -> 0.3 | O8: =O7 -> 139930 | P8: =P7 -> PERCENTAGE

Sheet 2025 Q4 B3D10
A1: ACARA | B1: FROM DATE | C1: TO DATE | D1: DEPT | E1: WORLD | F1: DIVISION | G1: CLASS | H1: SUPPLIER | I1: BRAND | J1: SKU | K1: ARTICLE | L1: DESCRIPTION | M1: HARGA NORMAL | N1: DISKON | O1: HARGA PROMO | P1: DISCOUNT TYPE
A2: 2025 OCT - DEC B3D10 | B2: ='2019 ALL D95'!B26 -> 46099 | C2: ='2019 ALL D95'!C26 -> 46113 | D2: 3273 | E2: 336 | F2: 4 | G2: 8 | H2: 81588 | I2: DISNEY | J2: 55586517 | K2: AVG-A77 | L2: 66020100OAV SWEATER AVG LOGO EMBOSS HD AVG-A77:NAVY BLUE:4:EMBOS:SWEATER | M2: 199900 | N2: BXGY | O2: B3 DISC 10% | P2: BXGY
A3: =A2 -> 2025 OCT - DEC B3D10 | B3: =B2 -> 46099 | C3: =C2 -> 46113 | D3: 3273 | E3: =E2 -> 336 | F3: =F2 -> 4 | G3: 8 | H3: 81588 | I3: DISNEY | J3: 55586526 | K3: AVG-A77 | L3: 66020100OAV SWEATER AVG LOGO EMBOSS HD AVG-A77:NAVY BLUE:5:EMBOS:SWEATER | M3: 199900 | N3: =N2 -> BXGY | O3: =O2 -> B3 DISC 10% | P3: =P2 -> BXGY
A4: =A3 -> 2025 OCT - DEC B3D10 | B4: =B3 -> 46099 | C4: =C3 -> 46113 | D4: =D3 -> 3273 | E4: =E3 -> 336 | F4: =F3 -> 4 | G4: 8 | H4: 81588 | I4: DISNEY | J4: 55586535 | K4: AVG-A77 | L4: 66020100OAV SWEATER AVG LOGO EMBOSS HD AVG-A77:NAVY BLUE:6:EMBOS:SWEATER | M4: 199900 | N4: =N3 -> BXGY | O4: =O3 -> B3 DISC 10% | P4: =P3 -> BXGY
A5: =A4 -> 2025 OCT - DEC B3D10 | B5: =B4 -> 46099 | C5: =C4 -> 46113 | D5: =D4 -> 3273 | E5: =E4 -> 336 | F5: =F4 -> 4 | G5: 8 | H5: 81588 | I5: DISNEY | J5: 55586544 | K5: AVG-A77 | L5: 66040100OAV SWEATER AVG LOGO EMBOSS HD AVG-A77:NAVY BLUE:7-8:EMBOS:SWEATER | M5: 199900 | N5: =N4 -> BXGY | O5: =O4 -> B3 DISC 10% | P5: =P4 -> BXGY
A6: =A5 -> 2025 OCT - DEC B3D10 | B6: =B5 -> 46099 | C6: =C5 -> 46113 | D6: =D5 -> 3273 | E6: =E5 -> 336 | F6: =F5 -> 4 | G6: 8 | H6: 81588 | I6: DISNEY | J6: 55586553 | K6: AVG-A77 | L6: 66040100OAV SWEATER AVG LOGO EMBOSS HD AVG-A77:NAVY BLUE:9-10:EMBOS:SWEATER | M6: 199900 | N6: =N5 -> BXGY | O6: =O5 -> B3 DISC 10% | P6: =P5 -> BXGY
A7: =A6 -> 2025 OCT - DEC B3D10 | B7: =B6 -> 46099 | C7: =C6 -> 46113 | D7: =D6 -> 3273 | E7: =E6 -> 336 | F7: =F6 -> 4 | G7: 8 | H7: 81588 | I7: DISNEY | J7: 55586562 | K7: AVG-A77 | L7: 66040100OAV SWEATER AVG LOGO EMBOSS HD AVG-A77:NAVY BLUE:11-12:EMBOS:SWEATER | M7: 199900 | N7: =N6 -> BXGY | O7: =O6 -> B3 DISC 10% | P7: =P6 -> BXGY
A8: =A7 -> 2025 OCT - DEC B3D10 | B8: =B7 -> 46099 | C8: =C7 -> 46113 | D8: =D7 -> 3273 | E8: =E7 -> 336 | F8: =F7 -> 4 | G8: 8 | H8: 81588 | I8: DISNEY | J8: 55586571 | K8: AVG-A77 | L8: 66060100OAV SWEATER AVG LOGO EMBOSS HD AVG-A77:NAVY BLUE:13-14:EMBOS:SWEATER | M8: 199900 | N8: =N7 -> BXGY | O8: =O7 -> B3 DISC 10% | P8: =P7 -> BXGY
A9: =A8 -> 2025 OCT - DEC B3D10 | B9: =B8 -> 46099 | C9: =C8 -> 46113 | D9: =D8 -> 3273 | E9: =E8 -> 336 | F9: =F8 -> 4 | G9: 9 | H9: 81588 | I9: DISNEY | J9: 55586580 | K9: AVG-A78 | L9: 66020100OAV JOGGER AVG LOGO EMBOSS HD AVG-A78:NAVY BLUE:4:EMBOS:JOGGER | M9: 149900 | N9: =N8 -> BXGY | O9: =O8 -> B3 DISC 10% | P9: =P8 -> BXGY
A10: =A9 -> 2025 OCT - DEC B3D10 | B10: =B9 -> 46099 | C10: =C9 -> 46113 | D10: =D9 -> 3273 | E10: =E9 -> 336 | F10: =F9 -> 4 | G10: 9 | H10: 81588 | I10: DISNEY | J10: 55586599 | K10: AVG-A78 | L10: 66020100OAV JOGGER AVG LOGO EMBOSS HD AVG-A78:NAVY BLUE:5:EMBOS:JOGGER | M10: 149900 | N10: =N9 -> BXGY | O10: =O9 -> B3 DISC 10% | P10: =P9 -> BXGY
A11: =A10 -> 2025 OCT - DEC B3D10 | B11: =B10 -> 46099 | C11: =C10 -> 46113 | D11: =D10 -> 3273 | E11: =E10 -> 336 | F11: =F10 -> 4 | G11: 9 | H11: 81588 | I11: DISNEY | J11: 55586606 | K11: AVG-A78 | L11: 66020100OAV JOGGER AVG LOGO EMBOSS HD AVG-A78:NAVY BLUE:6:EMBOS:JOGGER | M11: 149900 | N11: =N10 -> BXGY | O11: =O10 -> B3 DISC 10% | P11: =P10 -> BXGY
A12: =A11 -> 2025 OCT - DEC B3D10 | B12: =B11 -> 46099 | C12: =C11 -> 46113 | D12: =D11 -> 3273 | E12: =E11 -> 336 | F12: =F11 -> 4 | G12: 9 | H12: 81588 | I12: DISNEY | J12: 55586615 | K12: AVG-A78 | L12: 66040100OAV JOGGER AVG LOGO EMBOSS HD AVG-A78:NAVY BLUE:7-8:EMBOS:JOGGER | M12: 149900 | N12: =N11 -> BXGY | O12: =O11 -> B3 DISC 10% | P12: =P11 -> BXGY
A13: =A12 -> 2025 OCT - DEC B3D10 | B13: =B12 -> 46099 | C13: =C12 -> 46113 | D13: =D12 -> 3273 | E13: =E12 -> 336 | F13: =F12 -> 4 | G13: 9 | H13: 81588 | I13: DISNEY | J13: 55586624 | K13: AVG-A78 | L13: 66040100OAV JOGGER AVG LOGO EMBOSS HD AVG-A78:NAVY BLUE:9-10:EMBOS:JOGGER | M13: 149900 | N13: =N12 -> BXGY | O13: =O12 -> B3 DISC 10% | P13: =P12 -> BXGY
A14: =A13 -> 2025 OCT - DEC B3D10 | B14: =B13 -> 46099 | C14: =C13 -> 46113 | D14: =D13 -> 3273 | E14: =E13 -> 336 | F14: =F13 -> 4 | G14: 9 | H14: 81588 | I14: DISNEY | J14: 55586633 | K14: AVG-A78 | L14: 66040100OAV JOGGER AVG LOGO EMBOSS HD AVG-A78:NAVY BLUE:11-12:EMBOS:JOGGER | M14: 149900 | N14: =N13 -> BXGY | O14: =O13 -> B3 DISC 10% | P14: =P13 -> BXGY
A15: =A14 -> 2025 OCT - DEC B3D10 | B15: =B14 -> 46099 | C15: =C14 -> 46113 | D15: =D14 -> 3273 | E15: =E14 -> 336 | F15: =F14 -> 4 | G15: 9 | H15: 81588 | I15: DISNEY | J15: 55586642 | K15: AVG-A78 | L15: 66060100OAV JOGGER AVG LOGO EMBOSS HD AVG-A78:NAVY BLUE:13-14:EMBOS:JOGGER | M15: 149900 | N15: =N14 -> BXGY | O15: =O14 -> B3 DISC 10% | P15: =P14 -> BXGY
... A45: =A44 -> 2025 OCT - DEC B3D10 | B45: =B44 -> 46099 | C45: =C44 -> 46113 | D45: =D44 -> 3273 | E45: =E44 -> 336 | F45: =F44 -> 4 | G45: 10 | H45: 81574 | I45: DISNEY | J45: 61619961 | K45: TPMV07 | L45: 68040202OAV TOPI MARVEL FP BATIK TPMV07:NAVY BLUE:F:PRINT:CAPS | M45: 99900 | N45: =N44 -> BXGY | O45: =O44 -> B3 DISC 10% | P45: =P44 -> BXGY
A46: =A45 -> 2025 OCT - DEC B3D10 | B46: =B2 -> 46099 | C46: =C2 -> 46113 | D46: =D45 -> 3273 | E46: =E45 -> 336 | F46: =F45 -> 4 | G46: 4 | H46: 81588 | I46: DISNEY | J46: 68565186 | K46: N054 | L46: JOGGER KNIT AVENGER LOGO EMBOSS N054:MISTY MEDIUM GREY:4:EMBOS:JOGGER | M46: 149900 | N46: =N45 -> BXGY | O46: =O45 -> B3 DISC 10% | P46: =P45 -> BXGY
A47: =A46 -> 2025 OCT - DEC B3D10 | B47: =B46 -> 46099 | C47: =C46 -> 46113 | D47: =D46 -> 3273 | E47: =E46 -> 336 | F47: =F46 -> 4 | G47: 4 | H47: 81588 | I47: DISNEY | J47: 68565195 | K47: N054 | L47: JOGGER KNIT AVENGER LOGO EMBOSS N054:MISTY MEDIUM GREY:5:EMBOS:JOGGER | M47: 149900 | N47: =N46 -> BXGY | O47: =O46 -> B3 DISC 10% | P47: =P46 -> BXGY
A48: =A47 -> 2025 OCT - DEC B3D10 | B48: =B47 -> 46099 | C48: =C47 -> 46113 | D48: =D47 -> 3273 | E48: =E47 -> 336 | F48: =F47 -> 4 | G48: 4 | H48: 81588 | I48: DISNEY | J48: 68565202 | K48: N054 | L48: JOGGER KNIT AVENGER LOGO EMBOSS N054:MISTY MEDIUM GREY:6:EMBOS:JOGGER | M48: 149900 | N48: =N47 -> BXGY | O48: =O47 -> B3 DISC 10% | P48: =P47 -> BXGY
A49: =A48 -> 2025 OCT - DEC B3D10 | B49: =B48 -> 46099 | C49: =C48 -> 46113 | D49: =D48 -> 3273 | E49: =E48 -> 336 | F49: =F48 -> 4 | G49: 4 | H49: 81588 | I49: DISNEY | J49: 68565211 | K49: N054 | L49: JOGGER KNIT AVENGER LOGO EMBOSS N054:MISTY MEDIUM GREY:7-8:EMBOS:JOGGER | M49: 149900 | N49: =N48 -> BXGY | O49: =O48 -> B3 DISC 10% | P49: =P48 -> BXGY
A50: =A49 -> 2025 OCT - DEC B3D10 | B50: =B49 -> 46099 | C50: =C49 -> 46113 | D50: =D49 -> 3273 | E50: =E49 -> 336 | F50: =F49 -> 4 | G50: 4 | H50: 81588 | I50: DISNEY | J50: 68565220 | K50: N054 | L50: JOGGER KNIT AVENGER LOGO EMBOSS N054:MISTY MEDIUM GREY:9-10:EMBOS:JOGGER | M50: 149900 | N50: =N49 -> BXGY | O50: =O49 -> B3 DISC 10% | P50: =P49 -> BXGY
A51: =A50 -> 2025 OCT - DEC B3D10 | B51: =B50 -> 46099 | C51: =C50 -> 46113 | D51: =D50 -> 3273 | E51: =E50 -> 336 | F51: =F50 -> 4 | G51: 4 | H51: 81588 | I51: DISNEY | J51: 68565239 | K51: N054 | L51: JOGGER KNIT AVENGER LOGO EMBOSS N054:MISTY MEDIUM GREY:11-12:EMBOS:JOGGER | M51: 149900 | N51: =N50 -> BXGY | O51: =O50 -> B3 DISC 10% | P51: =P50 -> BXGY
A52: =A51 -> 2025 OCT - DEC B3D10 | B52: =B51 -> 46099 | C52: =C51 -> 46113 | D52: =D51 -> 3273 | E52: =E51 -> 336 | F52: =F51 -> 4 | G52: 4 | H52: 81588 | I52: DISNEY | J52: 68565248 | K52: N054 | L52: JOGGER KNIT AVENGER LOGO EMBOSS N054:MISTY MEDIUM GREY:13-14:EMBOS:JOGGER | M52: 149900 | N52: =N51 -> BXGY | O52: =O51 -> B3 DISC 10% | P52: =P51 -> BXGY
A53: =A52 -> 2025 OCT - DEC B3D10 | B53: =B52 -> 46099 | C53: =C52 -> 46113 | D53: =D52 -> 3273 | E53: =E52 -> 336 | F53: =F52 -> 4 | G53: 4 | H53: 81588 | I53: DISNEY | J53: 68565257 | K53: N054 | L53: JOGGER KNIT AVENGER LOGO EMBOSS N054:MISTY MEDIUM GREY:15-16:EMBOS:JOGGER | M53: 149900 | N53: =N52 -> BXGY | O53: =O52 -> B3 DISC 10% | P53: =P52 -> BXGY
A54: =A53 -> 2025 OCT - DEC B3D10 | B54: =B53 -> 46099 | C54: =C53 -> 46113 | D54: =D53 -> 3273 | E54: =E53 -> 336 | F54: =F53 -> 4 | G54: 8 | H54: 81588 | I54: DISNEY | J54: 68566863 | K54: SPDHN006 | L54: SWEATER HODDY SPIDERMAN ACTION SPDHN006:CHARCOAL:4:GRAPHIC:SWEATER | M54: 199900 | N54: =N53 -> BXGY | O54: =O53 -> B3 DISC 10% | P54: =P53 -> BXGY
A55: =A54 -> 2025 OCT - DEC B3D10 | B55: =B54 -> 46099 | C55: =C54 -> 46113 | D55: =D54 -> 3273 | E55: =E54 -> 336 | F55: =F54 -> 4 | G55: 8 | H55: 81588 | I55: DISNEY | J55: 68566872 | K55: SPDHN006 | L55: SWEATER HODDY SPIDERMAN ACTION SPDHN006:CHARCOAL:5:GRAPHIC:SWEATER | M55: 199900 | N55: =N54 -> BXGY | O55: =O54 -> B3 DISC 10% | P55: =P54 -> BXGY
A56: =A55 -> 2025 OCT - DEC B3D10 | B56: =B55 -> 46099 | C56: =C55 -> 46113 | D56: =D55 -> 3273 | E56: =E55 -> 336 | F56: =F55 -> 4 | G56: 8 | H56: 81588 | I56: DISNEY | J56: 68566881 | K56: SPDHN006 | L56: SWEATER HODDY SPIDERMAN ACTION SPDHN006:CHARCOAL:6:GRAPHIC:SWEATER | M56: 199900 | N56: =N55 -> BXGY | O56: =O55 -> B3 DISC 10% | P56: =P55 -> BXGY
A57: =A56 -> 2025 OCT - DEC B3D10 | B57: =B56 -> 46099 | C57: =C56 -> 46113 | D57: =D56 -> 3273 | E57: =E56 -> 336 | F57: =F56 -> 4 | G57: 8 | H57: 81588 | I57: DISNEY | J57: 68566890 | K57: SPDHN006 | L57: SWEATER HODDY SPIDERMAN ACTION SPDHN006:CHARCOAL:7-8:GRAPHIC:SWEATER | M57: 199900 | N57: =N56 -> BXGY | O57: =O56 -> B3 DISC 10% | P57: =P56 -> BXGY
A58: =A57 -> 2025 OCT - DEC B3D10 | B58: =B57 -> 46099 | C58: =C57 -> 46113 | D58: =D57 -> 3273 | E58: =E57 -> 336 | F58: =F57 -> 4 | G58: 8 | H58: 81588 | I58: DISNEY | J58: 68566907 | K58: SPDHN006 | L58: SWEATER HODDY SPIDERMAN ACTION SPDHN006:CHARCOAL:9-10:GRAPHIC:SWEATER | M58: 199900 | N58: =N57 -> BXGY | O58: =O57 -> B3 DISC 10% | P58: =P57 -> BXGY
... A333: =A332 -> 2025 OCT - DEC B3D10 | B333: =B332 -> 46099 | C333: =C332 -> 46113 | D333: =D332 -> 3273 | E333: =E332 -> 336 | F333: =F332 -> 4 | G333: 6 | H333: 81588 | I333: DISNEY | J333: 68563357 | K333: HR-125 | L333: SS T-SHIRT IRONMAN LOGO BLKG PRINT HR-125:VANILLA:15-16:GRAPHIC:SS T-SHIRT | M333: 99900 | N333: =N332 -> BXGY | O333: =O332 -> B3 DISC 10% | P333: =P332 -> BXGY
A334: =A333 -> 2025 OCT - DEC B3D10 | B334: =B333 -> 46099 | C334: =C333 -> 46113 | D334: =D333 -> 3273 | E334: =E333 -> 336 | F334: =F333 -> 4 | G334: 1 | H334: 81588 | I334: DISNEY | J334: S | K334: HR-088 | L334: 66020100TS TS TOY STORY TEAMS HR-088:WHITE:4:GRAPHIC:SS T-SHIRT | M334: 99900 | N334: =N333 -> BXGY | O334: =O333 -> B3 DISC 10% | P334: =P333 -> BXGY
A335: =A334 -> 2025 OCT - DEC B3D10 | B335: =B334 -> 46099 | C335: =C334 -> 46113 | D335: =D334 -> 3273 | E335: =E334 -> 336 | F335: =F334 -> 4 | G335: 1 | H335: 81588 | I335: DISNEY | J335: 61092440 | K335: HR-088 | L335: 66020100TS TS TOY STORY TEAMS HR-088:WHITE:5:GRAPHIC:SS T-SHIRT | M335: 99900 | N335: =N334 -> BXGY | O335: =O334 -> B3 DISC 10% | P335: =P334 -> BXGY
A336: =A335 -> 2025 OCT - DEC B3D10 | B336: =B335 -> 46099 | C336: =C335 -> 46113 | D336: =D335 -> 3273 | E336: =E335 -> 336 | F336: =F335 -> 4 | G336: 1 | H336: 81588 | I336: DISNEY | J336: 61092459 | K336: HR-088 | L336: 66020100TS TS TOY STORY TEAMS HR-088:WHITE:6:GRAPHIC:SS T-SHIRT | M336: 99900 | N336: =N335 -> BXGY | O336: =O335 -> B3 DISC 10% | P336: =P335 -> BXGY
A337: =A336 -> 2025 OCT - DEC B3D10 | B337: =B336 -> 46099 | C337: =C336 -> 46113 | D337: =D336 -> 3273 | E337: =E336 -> 336 | F337: =F336 -> 4 | G337: 1 | H337: 81588 | I337: DISNEY | J337: 61092468 | K337: HR-088 | L337: 66020100TS TS TOY STORY TEAMS HR-088:WHITE:7-8:GRAPHIC:SS T-SHIRT | M337: 99900 | N337: =N336 -> BXGY | O337: =O336 -> B3 DISC 10% | P337: =P336 -> BXGY
A338: =A337 -> 2025 OCT - DEC B3D10 | B338: =B337 -> 46099 | C338: =C337 -> 46113 | D338: =D337 -> 3273 | E338: =E337 -> 336 | F338: =F337 -> 4 | G338: 1 | H338: 81588 | I338: DISNEY | J338: 61092477 | K338: HR-085 | L338: 66020100TS TS TOY STORY BUDDY HR-085:MISTY LIGHT YELLOW:4:GRAPHIC:SS T-SHIRT | M338: 99900 | N338: =N337 -> BXGY | O338: =O337 -> B3 DISC 10% | P338: =P337 -> BXGY
A339: =A338 -> 2025 OCT - DEC B3D10 | B339: =B338 -> 46099 | C339: =C338 -> 46113 | D339: =D338 -> 3273 | E339: =E338 -> 336 | F339: =F338 -> 4 | G339: 1 | H339: 81588 | I339: DISNEY | J339: 61092486 | K339: HR-085 | L339: 66020100TS TS TOY STORY BUDDY HR-085:MISTY LIGHT YELLOW:5:GRAPHIC:SS T-SHIRT | M339: 99900 | N339: =N338 -> BXGY | O339: =O338 -> B3 DISC 10% | P339: =P338 -> BXGY
A340: =A339 -> 2025 OCT - DEC B3D10 | B340: =B339 -> 46099 | C340: =C339 -> 46113 | D340: =D339 -> 3273 | E340: =E339 -> 336 | F340: =F339 -> 4 | G340: 1 | H340: 81588 | I340: DISNEY | J340: 61092495 | K340: HR-085 | L340: 66020100TS TS TOY STORY BUDDY HR-085:MISTY LIGHT YELLOW:6:GRAPHIC:SS T-SHIRT | M340: 99900 | N340: =N339 -> BXGY | O340: =O339 -> B3 DISC 10% | P340: =P339 -> BXGY
A341: =A340 -> 2025 OCT - DEC B3D10 | B341: =B340 -> 46099 | C341: =C340 -> 46113 | D341: =D340 -> 3273 | E341: =E340 -> 336 | F341: =F340 -> 4 | G341: 1 | H341: 81588 | I341: DISNEY | J341: 61092502 | K341: HR-085 | L341: 66020100TS TS TOY STORY BUDDY HR-085:MISTY LIGHT YELLOW:7-8:GRAPHIC:SS T-SHIRT | M341: 99900 | N341: =N340 -> BXGY | O341: =O340 -> B3 DISC 10% | P341: =P340 -> BXGY
A342: =A341 -> 2025 OCT - DEC B3D10 | B342: =B341 -> 46099 | C342: =C341 -> 46113 | D342: =D341 -> 3273 | E342: =E341 -> 336 | F342: =F341 -> 4 | G342: 1 | H342: 81588 | I342: DISNEY | J342: 61092511 | K342: TS-N016 | L342: 66020100TS TS TOY STORY REX TS-N016:WHITE:4:GRAPHIC:SS T-SHIRT | M342: 99900 | N342: =N341 -> BXGY | O342: =O341 -> B3 DISC 10% | P342: =P341 -> BXGY
A343: =A342 -> 2025 OCT - DEC B3D10 | B343: =B342 -> 46099 | C343: =C342 -> 46113 | D343: =D342 -> 3273 | E343: =E342 -> 336 | F343: =F342 -> 4 | G343: 1 | H343: 81588 | I343: DISNEY | J343: 61092520 | K343: TS-N016 | L343: 66020100TS TS TOY STORY REX TS-N016:WHITE:5:GRAPHIC:SS T-SHIRT | M343: 99900 | N343: =N342 -> BXGY | O343: =O342 -> B3 DISC 10% | P343: =P342 -> BXGY
A344: =A343 -> 2025 OCT - DEC B3D10 | B344: =B343 -> 46099 | C344: =C343 -> 46113 | D344: =D343 -> 3273 | E344: =E343 -> 336 | F344: =F343 -> 4 | G344: 1 | H344: 81588 | I344: DISNEY | J344: 61092539 | K344: TS-N016 | L344: 66020100TS TS TOY STORY REX TS-N016:WHITE:6:GRAPHIC:SS T-SHIRT | M344: 99900 | N344: =N343 -> BXGY | O344: =O343 -> B3 DISC 10% | P344: =P343 -> BXGY
A345: =A344 -> 2025 OCT - DEC B3D10 | B345: =B344 -> 46099 | C345: =C344 -> 46113 | D345: =D344 -> 3273 | E345: =E344 -> 336 | F345: =F344 -> 4 | G345: 1 | H345: 81588 | I345: DISNEY | J345: 61092548 | K345: TS-N016 | L345: 66020100TS TS TOY STORY REX TS-N016:WHITE:7-8:GRAPHIC:SS T-SHIRT | M345: 99900 | N345: =N344 -> BXGY | O345: =O344 -> B3 DISC 10% | P345: =P344 -> BXGY
A346: =A345 -> 2025 OCT - DEC B3D10 | B346: =B345 -> 46099 | C346: =C345 -> 46113 | D346: =D345 -> 3273 | E346: =E345 -> 336 | F346: =F345 -> 4 | G346: 1 | H346: 81588 | I346: DISNEY | J346: 61092557 | K346: HR-017 | L346: 66020100TS TS TOY STORY BUZZ HR-017:NAVY BLUE:4:GRAPHIC:SS T-SHIRT | M346: 99900 | N346: =N345 -> BXGY | O346: =O345 -> B3 DISC 10% | P346: =P345 -> BXGY
... A436: =A435 -> 2025 OCT - DEC B3D10 | B436: =B435 -> 46099 | C436: =C435 -> 46113 | D436: =D435 -> 3273 | E436: =E435 -> 336 | F436: =F435 -> 4 | G436: 10 | H436: 81574 | I436: DISNEY | J436: 61094260 | K436: TPSPDR49 | L436: 68040202MCS TOPI SPD JARING FP EYE PLASTIC TPSPDR49:CLASSIC RED:F:PRINT:CAPS | M436: 99900 | N436: =N435 -> BXGY | O436: =O435 -> B3 DISC 10% | P436: =P435 -> BXGY

Sheet 2026 JAN FEB B3D10
A1: ACARA | B1: FROM DATE | C1: TO DATE | D1: DEPT | E1: WORLD | F1: DIVISION | G1: CLASS | H1: SUPPLIER | I1: BRAND | J1: SKU | K1: ARTICLE | L1: DESCRIPTION | M1: HARGA NORMAL | N1: DISKON | O1: HARGA PROMO | P1: DISCOUNT TYPE
A2: 2026 JAN - FEB B3D10 | B2: ='2019 ALL D95'!B26 -> 46099 | C2: ='2019 ALL D95'!C26 -> 46113 | D2: 3273 | E2: 336 | F2: 4 | G2: 6 | H2: 81588 | I2: DISNEY | J2: 61093663 | K2: AVG-N058 | L2: TS IRONMAN HEAD FLOCKING GOLD AVG-N058:BLACK:4:GRAPHIC:SS T-SHIRT | M2: 99900 | N2: BXGY | O2: B3 DISC 10% | P2: BXGY
A3: =A2 -> 2026 JAN - FEB B3D10 | B3: =B2 -> 46099 | C3: =C2 -> 46113 | D3: 3273 | E3: 336 | F3: 4 | G3: 6 | H3: 81588 | I3: DISNEY | J3: 61093672 | K3: AVG-N058 | L3: TS IRONMAN HEAD FLOCKING GOLD AVG-N058:BLACK:5:GRAPHIC:SS T-SHIRT | M3: 99900 | N3: BXGY | O3: B3 DISC 10% | P3: BXGY
A4: =A3 -> 2026 JAN - FEB B3D10 | B4: =B3 -> 46099 | C4: =C3 -> 46113 | D4: 3273 | E4: 336 | F4: 4 | G4: 6 | H4: 81588 | I4: DISNEY | J4: 61093681 | K4: AVG-N058 | L4: TS IRONMAN HEAD FLOCKING GOLD AVG-N058:BLACK:6:GRAPHIC:SS T-SHIRT | M4: 99900 | N4: BXGY | O4: B3 DISC 10% | P4: BXGY
A5: =A4 -> 2026 JAN - FEB B3D10 | B5: =B4 -> 46099 | C5: =C4 -> 46113 | D5: 3273 | E5: 336 | F5: 4 | G5: 6 | H5: 81588 | I5: DISNEY | J5: 61093690 | K5: AVG-N058 | L5: TS IRONMAN HEAD FLOCKING GOLD AVG-N058:BLACK:7-8:GRAPHIC:SS T-SHIRT | M5: 99900 | N5: BXGY | O5: B3 DISC 10% | P5: BXGY
A6: =A5 -> 2026 JAN - FEB B3D10 | B6: =B5 -> 46099 | C6: =C5 -> 46113 | D6: 3273 | E6: 336 | F6: 4 | G6: 6 | H6: 81588 | I6: DISNEY | J6: 61093707 | K6: AVG-N058 | L6: TS IRONMAN HEAD FLOCKING GOLD AVG-N058:BLACK:9-10:GRAPHIC:SS T-SHIRT | M6: 99900 | N6: BXGY | O6: B3 DISC 10% | P6: BXGY
A7: =A6 -> 2026 JAN - FEB B3D10 | B7: =B6 -> 46099 | C7: =C6 -> 46113 | D7: 3273 | E7: 336 | F7: 4 | G7: 6 | H7: 81588 | I7: DISNEY | J7: 61093716 | K7: AVG-N058 | L7: TS IRONMAN HEAD FLOCKING GOLD AVG-N058:BLACK:11-12:GRAPHIC:SS T-SHIRT | M7: 99900 | N7: BXGY | O7: B3 DISC 10% | P7: BXGY
A8: =A7 -> 2026 JAN - FEB B3D10 | B8: =B7 -> 46099 | C8: =C7 -> 46113 | D8: 3273 | E8: 336 | F8: 4 | G8: 6 | H8: 81588 | I8: DISNEY | J8: 61093725 | K8: AVG-N058 | L8: TS IRONMAN HEAD FLOCKING GOLD AVG-N058:BLACK:13-14:GRAPHIC:SS T-SHIRT | M8: 99900 | N8: BXGY | O8: B3 DISC 10% | P8: BXGY
A9: =A8 -> 2026 JAN - FEB B3D10 | B9: =B8 -> 46099 | C9: =C8 -> 46113 | D9: 3273 | E9: 336 | F9: 4 | G9: 6 | H9: 81588 | I9: DISNEY | J9: 61619078 | K9: N095 | L9: SS T-SHIRT MARVEL COMICS TEAMS ALL N095:BLACK:4:GRAPHIC:SS T-SHIRT | M9: 99900 | N9: BXGY | O9: B3 DISC 10% | P9: BXGY
A10: =A9 -> 2026 JAN - FEB B3D10 | B10: =B9 -> 46099 | C10: =C9 -> 46113 | D10: 3273 | E10: 336 | F10: 4 | G10: 6 | H10: 81588 | I10: DISNEY | J10: 61619087 | K10: N095 | L10: SS T-SHIRT MARVEL COMICS TEAMS ALL N095:BLACK:5:GRAPHIC:SS T-SHIRT | M10: 99900 | N10: BXGY | O10: B3 DISC 10% | P10: BXGY
A11: =A10 -> 2026 JAN - FEB B3D10 | B11: =B10 -> 46099 | C11: =C10 -> 46113 | D11: 3273 | E11: 336 | F11: 4 | G11: 6 | H11: 81588 | I11: DISNEY | J11: 61619096 | K11: N095 | L11: SS T-SHIRT MARVEL COMICS TEAMS ALL N095:BLACK:6:GRAPHIC:SS T-SHIRT | M11: 99900 | N11: BXGY | O11: B3 DISC 10% | P11: BXGY
A12: =A11 -> 2026 JAN - FEB B3D10 | B12: =B11 -> 46099 | C12: =C11 -> 46113 | D12: 3273 | E12: 336 | F12: 4 | G12: 6 | H12: 81588 | I12: DISNEY | J12: 61619103 | K12: N095 | L12: SS T-SHIRT MARVEL COMICS TEAMS ALL N095:BLACK:7-8:GRAPHIC:SS T-SHIRT | M12: 99900 | N12: BXGY | O12: B3 DISC 10% | P12: BXGY
A13: =A12 -> 2026 JAN - FEB B3D10 | B13: =B12 -> 46099 | C13: =C12 -> 46113 | D13: 3273 | E13: 336 | F13: 4 | G13: 6 | H13: 81588 | I13: DISNEY | J13: 61619112 | K13: N095 | L13: SS T-SHIRT MARVEL COMICS TEAMS ALL N095:BLACK:9-10:GRAPHIC:SS T-SHIRT | M13: 99900 | N13: BXGY | O13: B3 DISC 10% | P13: BXGY
A14: =A13 -> 2026 JAN - FEB B3D10 | B14: =B13 -> 46099 | C14: =C13 -> 46113 | D14: 3273 | E14: 336 | F14: 4 | G14: 6 | H14: 81588 | I14: DISNEY | J14: 61619121 | K14: N095 | L14: SS T-SHIRT MARVEL COMICS TEAMS ALL N095:BLACK:11-12:GRAPHIC:SS T-SHIRT | M14: 99900 | N14: BXGY | O14: B3 DISC 10% | P14: BXGY
... A82: =A81 -> 2026 JAN - FEB B3D10 | B82: =B81 -> 46099 | C82: =C81 -> 46113 | D82: 3273 | E82: 336 | F82: 4 | G82: 6 | H82: 81676 | I82: DISNEY | J82: 61620539 | K82: GSPD18 | L82: SS T-SHIRT AMAZING SPIDERMAN GSPD18:CHARCOAL:13-14:GRAPHIC:SS T-SHIRT | M82: 99900 | N82: BXGY | O82: B3 DISC 10% | P82: BXGY
A83: =A82 -> 2026 JAN - FEB B3D10 | B83: ='2019 ALL D95'!B26 -> 46099 | C83: ='2019 ALL D95'!C26 -> 46113 | D83: 3273 | E83: 336 | F83: 4 | G83: 11 | H83: 81588 | I83: DISNEY | J83: 68560896 | K83: HR-168 | L83: SS T-SHIRT STARWARS DARTH HR-168:FOREST GREEN:4:GRAPHIC:SS T-SHIRT | M83: 99900 | N83: BXGY | O83: B3 DISC 10% | P83: BXGY
A84: =A83 -> 2026 JAN - FEB B3D10 | B84: ='2019 ALL D95'!B27 -> 46099 | C84: ='2019 ALL D95'!C27 -> 46113 | D84: 3273 | E84: 336 | F84: 4 | G84: 11 | H84: 81588 | I84: DISNEY | J84: 68560903 | K84: HR-168 | L84: SS T-SHIRT STARWARS DARTH HR-168:FOREST GREEN:5:GRAPHIC:SS T-SHIRT | M84: 99900 | N84: BXGY | O84: B3 DISC 10% | P84: BXGY
A85: =A84 -> 2026 JAN - FEB B3D10 | B85: ='2019 ALL D95'!B28 -> 46099 | C85: ='2019 ALL D95'!C28 -> 46113 | D85: 3273 | E85: 336 | F85: 4 | G85: 11 | H85: 81588 | I85: DISNEY | J85: 68560912 | K85: HR-168 | L85: SS T-SHIRT STARWARS DARTH HR-168:FOREST GREEN:6:GRAPHIC:SS T-SHIRT | M85: 99900 | N85: BXGY | O85: B3 DISC 10% | P85: BXGY
A86: =A85 -> 2026 JAN - FEB B3D10 | B86: ='2019 ALL D95'!B29 -> 46099 | C86: ='2019 ALL D95'!C29 -> 46113 | D86: 3273 | E86: 336 | F86: 4 | G86: 11 | H86: 81588 | I86: DISNEY | J86: 68560921 | K86: HR-168 | L86: SS T-SHIRT STARWARS DARTH HR-168:FOREST GREEN:7-8:GRAPHIC:SS T-SHIRT | M86: 99900 | N86: BXGY | O86: B3 DISC 10% | P86: BXGY
A87: =A86 -> 2026 JAN - FEB B3D10 | B87: ='2019 ALL D95'!B30 -> 46099 | C87: ='2019 ALL D95'!C30 -> 46113 | D87: 3273 | E87: 336 | F87: 4 | G87: 11 | H87: 81588 | I87: DISNEY | J87: 68560930 | K87: HR-168 | L87: SS T-SHIRT STARWARS DARTH HR-168:FOREST GREEN:9-10:GRAPHIC:SS T-SHIRT | M87: 99900 | N87: BXGY | O87: B3 DISC 10% | P87: BXGY
A88: =A87 -> 2026 JAN - FEB B3D10 | B88: ='2019 ALL D95'!B31 -> 46099 | C88: ='2019 ALL D95'!C31 -> 46113 | D88: 3273 | E88: 336 | F88: 4 | G88: 11 | H88: 81588 | I88: DISNEY | J88: 68560949 | K88: HR-168 | L88: SS T-SHIRT STARWARS DARTH HR-168:FOREST GREEN:11-12:GRAPHIC:SS T-SHIRT | M88: 99900 | N88: BXGY | O88: B3 DISC 10% | P88: BXGY
A89: =A88 -> 2026 JAN - FEB B3D10 | B89: ='2019 ALL D95'!B32 -> 46099 | C89: ='2019 ALL D95'!C32 -> 46113 | D89: 3273 | E89: 336 | F89: 4 | G89: 11 | H89: 81588 | I89: DISNEY | J89: 68560958 | K89: HR-168 | L89: SS T-SHIRT STARWARS DARTH HR-168:FOREST GREEN:13-14:GRAPHIC:SS T-SHIRT | M89: 99900 | N89: BXGY | O89: B3 DISC 10% | P89: BXGY
A90: =A89 -> 2026 JAN - FEB B3D10 | B90: ='2019 ALL D95'!B33 -> 46099 | C90: ='2019 ALL D95'!C33 -> 46113 | D90: 3273 | E90: 336 | F90: 4 | G90: 11 | H90: 81588 | I90: DISNEY | J90: 68560967 | K90: HR-168 | L90: SS T-SHIRT STARWARS DARTH HR-168:FOREST GREEN:15-16:GRAPHIC:SS T-SHIRT | M90: 99900 | N90: BXGY | O90: B3 DISC 10% | P90: BXGY
A91: =A90 -> 2026 JAN - FEB B3D10 | B91: ='2019 ALL D95'!B34 -> 46099 | C91: ='2019 ALL D95'!C34 -> 46113 | D91: 3273 | E91: 336 | F91: 4 | G91: 11 | H91: 81588 | I91: DISNEY | J91: 68560976 | K91: SW-HN029 | L91: SS T-SHIRT STARWARS FACES TROOPS SW-HN029:PASTEL GREY:4:GRAPHIC:SS T-SHIRT | M91: 99900 | N91: BXGY | O91: B3 DISC 10% | P91: BXGY
A92: =A91 -> 2026 JAN - FEB B3D10 | B92: ='2019 ALL D95'!B35 -> 46099 | C92: ='2019 ALL D95'!C35 -> 46113 | D92: 3273 | E92: 336 | F92: 4 | G92: 11 | H92: 81588 | I92: DISNEY | J92: 68560985 | K92: SW-HN029 | L92: SS T-SHIRT STARWARS FACES TROOPS SW-HN029:PASTEL GREY:5:GRAPHIC:SS T-SHIRT | M92: 99900 | N92: BXGY | O92: B3 DISC 10% | P92: BXGY
A93: =A92 -> 2026 JAN - FEB B3D10 | B93: ='2019 ALL D95'!B36 -> 46099 | C93: ='2019 ALL D95'!C36 -> 46113 | D93: 3273 | E93: 336 | F93: 4 | G93: 11 | H93: 81588 | I93: DISNEY | J93: 68560994 | K93: SW-HN029 | L93: SS T-SHIRT STARWARS FACES TROOPS SW-HN029:PASTEL GREY:6:GRAPHIC:SS T-SHIRT | M93: 99900 | N93: BXGY | O93: B3 DISC 10% | P93: BXGY
A94: =A93 -> 2026 JAN - FEB B3D10 | B94: ='2019 ALL D95'!B37 -> 46099 | C94: ='2019 ALL D95'!C37 -> 46113 | D94: 3273 | E94: 336 | F94: 4 | G94: 11 | H94: 81588 | I94: DISNEY | J94: 68561000 | K94: SW-HN029 | L94: SS T-SHIRT STARWARS FACES TROOPS SW-HN029:PASTEL GREY:7-8:GRAPHIC:SS T-SHIRT | M94: 99900 | N94: BXGY | O94: B3 DISC 10% | P94: BXGY
... A483: =A482 -> 2026 JAN - FEB B3D10 | B483: ='2019 ALL D95'!B426 -> 46099 | C483: ='2019 ALL D95'!C426 -> 46113 | D483: 3273 | E483: 336 | F483: 4 | G483: 6 | H483: 81588 | I483: DISNEY | J483: 68977900 | K483: HR-06 | L483: SS T-SHIRT THWIP SPD JUMP - OVERSIZE HR-06:BLACK:15-16:GRAPHIC:SS T-SHIRT | M483: 99900 | N483: BXGY | O483: B3 DISC 10% | P483: BXGY

Sheet 2026 HILITE B1 D20 B2G1
A1: ACARA | B1: FROM DATE | C1: TO DATE | D1: DEPT | E1: WORLD | F1: DIVISION | G1: CLASS | H1: SUPPLIER | I1: BRAND | J1: SKU | K1: ARTICLE | L1: DESCRIPTION | M1: HARGA NORMAL | N1: DISKON | O1: HARGA PROMO | P1: DISCOUNT TYPE
A2: 2026 HILITE B1 D20 B2G1 | B2: ='2019 ALL D95'!B2 -> 46099 | C2: ='2019 ALL D95'!C2 -> 46113 | D2: 3273 | E2: 336 | F2: 4 | G2: 7 | H2: 81574 | I2: DISNEY | J2: 68219649 | K2: FKMB-21 | L2: SS KOKO DENIM CAPT AMERICA FKMB-21:LIGHT BLUE:4:EMBRO:SS KOKO | M2: 199900 | N2: BXGY | O2: B1 DISC 20% B2G1 | P2: BXGY
A3: =A2 -> 2026 HILITE B1 D20 B2G1 | B3: =B2 -> 46099 | C3: =C2 -> 46113 | D3: 3273 | E3: 336 | F3: 4 | G3: 7 | H3: 81574 | I3: DISNEY | J3: 68219658 | K3: FKMB-21 | L3: SS KOKO DENIM CAPT AMERICA FKMB-21:LIGHT BLUE:5:EMBRO:SS KOKO | M3: =M2 -> 199900 | N3: BXGY | O3: =O2 -> B1 DISC 20% B2G1 | P3: BXGY
A4: =A3 -> 2026 HILITE B1 D20 B2G1 | B4: =B3 -> 46099 | C4: =C3 -> 46113 | D4: 3273 | E4: 336 | F4: 4 | G4: 7 | H4: 81574 | I4: DISNEY | J4: 68219667 | K4: FKMB-21 | L4: SS KOKO DENIM CAPT AMERICA FKMB-21:LIGHT BLUE:6:EMBRO:SS KOKO | M4: =M3 -> 199900 | N4: BXGY | O4: =O3 -> B1 DISC 20% B2G1 | P4: BXGY
A5: =A4 -> 2026 HILITE B1 D20 B2G1 | B5: =B4 -> 46099 | C5: =C4 -> 46113 | D5: 3273 | E5: 336 | F5: 4 | G5: 7 | H5: 81574 | I5: DISNEY | J5: 68219676 | K5: FKMB-21 | L5: SS KOKO DENIM CAPT AMERICA FKMB-21:LIGHT BLUE:7-8:EMBRO:SS KOKO | M5: =M4 -> 199900 | N5: BXGY | O5: =O4 -> B1 DISC 20% B2G1 | P5: BXGY
A6: =A5 -> 2026 HILITE B1 D20 B2G1 | B6: =B5 -> 46099 | C6: =C5 -> 46113 | D6: 3273 | E6: 336 | F6: 4 | G6: 7 | H6: 81574 | I6: DISNEY | J6: 68219685 | K6: FKMB-21 | L6: SS KOKO DENIM CAPT AMERICA FKMB-21:LIGHT BLUE:9-10:EMBRO:SS KOKO | M6: =M5 -> 199900 | N6: BXGY | O6: =O5 -> B1 DISC 20% B2G1 | P6: BXGY
A7: =A6 -> 2026 HILITE B1 D20 B2G1 | B7: =B6 -> 46099 | C7: =C6 -> 46113 | D7: 3273 | E7: 336 | F7: 4 | G7: 7 | H7: 81574 | I7: DISNEY | J7: 68219694 | K7: FKMB-21 | L7: SS KOKO DENIM CAPT AMERICA FKMB-21:LIGHT BLUE:11-12:EMBRO:SS KOKO | M7: =M6 -> 199900 | N7: BXGY | O7: =O6 -> B1 DISC 20% B2G1 | P7: BXGY
A8: =A7 -> 2026 HILITE B1 D20 B2G1 | B8: =B7 -> 46099 | C8: =C7 -> 46113 | D8: 3273 | E8: 336 | F8: 4 | G8: 7 | H8: 81574 | I8: DISNEY | J8: 68219701 | K8: FKMB-21 | L8: SS KOKO DENIM CAPT AMERICA FKMB-21:LIGHT BLUE:13-14:EMBRO:SS KOKO | M8: =M7 -> 199900 | N8: BXGY | O8: =O7 -> B1 DISC 20% B2G1 | P8: BXGY
A9: =A8 -> 2026 HILITE B1 D20 B2G1 | B9: =B8 -> 46099 | C9: =C8 -> 46113 | D9: 3273 | E9: 336 | F9: 4 | G9: 7 | H9: 81574 | I9: DISNEY | J9: 68219710 | K9: FKMB-21 | L9: SS KOKO DENIM CAPT AMERICA FKMB-21:LIGHT BLUE:15-16:EMBRO:SS KOKO | M9: =M8 -> 199900 | N9: BXGY | O9: =O8 -> B1 DISC 20% B2G1 | P9: BXGY
A10: =A9 -> 2026 HILITE B1 D20 B2G1 | B10: =B9 -> 46099 | C10: =C9 -> 46113 | D10: 3273 | E10: 336 | F10: 4 | G10: 7 | H10: 81574 | I10: DISNEY | J10: 68219489 | K10: FKMB-22 | L10: SS KOKO HULK PATCH FKMB-22:WHITE:4:EMBRO:SS KOKO | M10: 179900 | N10: BXGY | O10: =O9 -> B1 DISC 20% B2G1 | P10: BXGY
A11: =A10 -> 2026 HILITE B1 D20 B2G1 | B11: =B10 -> 46099 | C11: =C10 -> 46113 | D11: 3273 | E11: 336 | F11: 4 | G11: 7 | H11: 81574 | I11: DISNEY | J11: 68219498 | K11: FKMB-22 | L11: SS KOKO HULK PATCH FKMB-22:WHITE:5:EMBRO:SS KOKO | M11: =M10 -> 179900 | N11: BXGY | O11: =O10 -> B1 DISC 20% B2G1 | P11: BXGY
A12: =A11 -> 2026 HILITE B1 D20 B2G1 | B12: =B11 -> 46099 | C12: =C11 -> 46113 | D12: 3273 | E12: 336 | F12: 4 | G12: 7 | H12: 81574 | I12: DISNEY | J12: 68219505 | K12: FKMB-22 | L12: SS KOKO HULK PATCH FKMB-22:WHITE:6:EMBRO:SS KOKO | M12: =M11 -> 179900 | N12: BXGY | O12: =O11 -> B1 DISC 20% B2G1 | P12: BXGY
A13: =A12 -> 2026 HILITE B1 D20 B2G1 | B13: =B12 -> 46099 | C13: =C12 -> 46113 | D13: 3273 | E13: 336 | F13: 4 | G13: 7 | H13: 81574 | I13: DISNEY | J13: 68219514 | K13: FKMB-22 | L13: SS KOKO HULK PATCH FKMB-22:WHITE:7-8:EMBRO:SS KOKO | M13: =M12 -> 179900 | N13: BXGY | O13: =O12 -> B1 DISC 20% B2G1 | P13: BXGY
A14: =A13 -> 2026 HILITE B1 D20 B2G1 | B14: =B13 -> 46099 | C14: =C13 -> 46113 | D14: 3273 | E14: 336 | F14: 4 | G14: 7 | H14: 81574 | I14: DISNEY | J14: 68219523 | K14: FKMB-22 | L14: SS KOKO HULK PATCH FKMB-22:WHITE:9-10:EMBRO:SS KOKO | M14: =M13 -> 179900 | N14: BXGY | O14: =O13 -> B1 DISC 20% B2G1 | P14: BXGY
A15: =A14 -> 2026 HILITE B1 D20 B2G1 | B15: =B14 -> 46099 | C15: =C14 -> 46113 | D15: 3273 | E15: 336 | F15: 4 | G15: 7 | H15: 81574 | I15: DISNEY | J15: 68219532 | K15: FKMB-22 | L15: SS KOKO HULK PATCH FKMB-22:WHITE:11-12:EMBRO:SS KOKO | M15: =M14 -> 179900 | N15: BXGY | O15: =O14 -> B1 DISC 20% B2G1 | P15: BXGY
A16: =A15 -> 2026 HILITE B1 D20 B2G1 | B16: =B15 -> 46099 | C16: =C15 -> 46113 | D16: 3273 | E16: 336 | F16: 4 | G16: 7 | H16: 81574 | I16: DISNEY | J16: 68219541 | K16: FKMB-22 | L16: SS KOKO HULK PATCH FKMB-22:WHITE:13-14:EMBRO:SS KOKO | M16: =M15 -> 179900 | N16: BXGY | O16: =O15 -> B1 DISC 20% B2G1 | P16: BXGY
A17: =A16 -> 2026 HILITE B1 D20 B2G1 | B17: =B16 -> 46099 | C17: =C16 -> 46113 | D17: 3273 | E17: 336 | F17: 4 | G17: 7 | H17: 81574 | I17: DISNEY | J17: 68219550 | K17: FKMB-22 | L17: SS KOKO HULK PATCH FKMB-22:WHITE:15-16:EMBRO:SS KOKO | M17: =M16 -> 179900 | N17: BXGY | O17: =O16 -> B1 DISC 20% B2G1 | P17: BXGY
A18: =A17 -> 2026 HILITE B1 D20 B2G1 | B18: =B17 -> 46099 | C18: =C17 -> 46113 | D18: 3273 | E18: 336 | F18: 4 | G18: 7 | H18: 81574 | I18: DISNEY | J18: 68219569 | K18: FKMB-23 | L18: LS KOKO THOR PATCH FKMB-23:DARK GREY:4:EMBRO:LS KOKO | M18: =M2 -> 199900 | N18: BXGY | O18: =O17 -> B1 DISC 20% B2G1 | P18: BXGY
A19: =A18 -> 2026 HILITE B1 D20 B2G1 | B19: =B18 -> 46099 | C19: =C18 -> 46113 | D19: 3273 | E19: 336 | F19: 4 | G19: 7 | H19: 81574 | I19: DISNEY | J19: 68219578 | K19: FKMB-23 | L19: LS KOKO THOR PATCH FKMB-23:DARK GREY:5:EMBRO:LS KOKO | M19: =M3 -> 199900 | N19: BXGY | O19: =O18 -> B1 DISC 20% B2G1 | P19: BXGY
A20: =A19 -> 2026 HILITE B1 D20 B2G1 | B20: =B19 -> 46099 | C20: =C19 -> 46113 | D20: 3273 | E20: 336 | F20: 4 | G20: 7 | H20: 81574 | I20: DISNEY | J20: 68219587 | K20: FKMB-23 | L20: LS KOKO THOR PATCH FKMB-23:DARK GREY:6:EMBRO:LS KOKO | M20: =M4 -> 199900 | N20: BXGY | O20: =O19 -> B1 DISC 20% B2G1 | P20: BXGY
A21: =A20 -> 2026 HILITE B1 D20 B2G1 | B21: =B20 -> 46099 | C21: =C20 -> 46113 | D21: 3273 | E21: 336 | F21: 4 | G21: 7 | H21: 81574 | I21: DISNEY | J21: 68219596 | K21: FKMB-23 | L21: LS KOKO THOR PATCH FKMB-23:DARK GREY:7-8:EMBRO:LS KOKO | M21: =M5 -> 199900 | N21: BXGY | O21: =O20 -> B1 DISC 20% B2G1 | P21: BXGY
A22: =A21 -> 2026 HILITE B1 D20 B2G1 | B22: =B21 -> 46099 | C22: =C21 -> 46113 | D22: 3273 | E22: 336 | F22: 4 | G22: 7 | H22: 81574 | I22: DISNEY | J22: 68219603 | K22: FKMB-23 | L22: LS KOKO THOR PATCH FKMB-23:DARK GREY:9-10:EMBRO:LS KOKO | M22: =M6 -> 199900 | N22: BXGY | O22: =O21 -> B1 DISC 20% B2G1 | P22: BXGY
A23: =A22 -> 2026 HILITE B1 D20 B2G1 | B23: =B22 -> 46099 | C23: =C22 -> 46113 | D23: 3273 | E23: 336 | F23: 4 | G23: 7 | H23: 81574 | I23: DISNEY | J23: 68219612 | K23: FKMB-23 | L23: LS KOKO THOR PATCH FKMB-23:DARK GREY:11-12:EMBRO:LS KOKO | M23: =M7 -> 199900 | N23: BXGY | O23: =O22 -> B1 DISC 20% B2G1 | P23: BXGY
A24: =A23 -> 2026 HILITE B1 D20 B2G1 | B24: =B23 -> 46099 | C24: =C23 -> 46113 | D24: 3273 | E24: 336 | F24: 4 | G24: 7 | H24: 81574 | I24: DISNEY | J24: 68219621 | K24: FKMB-23 | L24: LS KOKO THOR PATCH FKMB-23:DARK GREY:13-14:EMBRO:LS KOKO | M24: =M8 -> 199900 | N24: BXGY | O24: =O23 -> B1 DISC 20% B2G1 | P24: BXGY
A25: =A24 -> 2026 HILITE B1 D20 B2G1 | B25: =B24 -> 46099 | C25: =C24 -> 46113 | D25: 3273 | E25: 336 | F25: 4 | G25: 7 | H25: 81574 | I25: DISNEY | J25: 68219630 | K25: FKMB-23 | L25: LS KOKO THOR PATCH FKMB-23:DARK GREY:15-16:EMBRO:LS KOKO | M25: =M9 -> 199900 | N25: BXGY | O25: =O24 -> B1 DISC 20% B2G1 | P25: BXGY
A26: =A25 -> 2026 HILITE B1 D20 B2G1 | B26: =B25 -> 46099 | C26: =C25 -> 46113 | D26: 3273 | E26: 336 | F26: 4 | G26: 7 | H26: 81574 | I26: DISNEY | J26: 68219872 | K26: KAVG-131 | L26: SS SHIRT FULLPRINT CAPT AMERICA KAVG-131:PASTEL BLUE:4:PRINT:SS SHIRT | M26: 149900 | N26: BXGY | O26: =O25 -> B1 DISC 20% B2G1 | P26: BXGY
A27: =A26 -> 2026 HILITE B1 D20 B2G1 | B27: =B26 -> 46099 | C27: =C26 -> 46113 | D27: 3273 | E27: 336 | F27: 4 | G27: 7 | H27: 81574 | I27: DISNEY | J27: 68219881 | K27: KAVG-131 | L27: SS SHIRT FULLPRINT CAPT AMERICA KAVG-131:PASTEL BLUE:5:PRINT:SS SHIRT | M27: 149900 | N27: BXGY | O27: =O26 -> B1 DISC 20% B2G1 | P27: BXGY
A28: =A27 -> 2026 HILITE B1 D20 B2G1 | B28: =B27 -> 46099 | C28: =C27 -> 46113 | D28: 3273 | E28: 336 | F28: 4 | G28: 7 | H28: 81574 | I28: DISNEY | J28: 68219890 | K28: KAVG-131 | L28: SS SHIRT FULLPRINT CAPT AMERICA KAVG-131:PASTEL BLUE:6:PRINT:SS SHIRT | M28: 149900 | N28: BXGY | O28: =O27 -> B1 DISC 20% B2G1 | P28: BXGY
A29: =A28 -> 2026 HILITE B1 D20 B2G1 | B29: =B28 -> 46099 | C29: =C28 -> 46113 | D29: 3273 | E29: 336 | F29: 4 | G29: 7 | H29: 81574 | I29: DISNEY | J29: 68219907 | K29: KAVG-131 | L29: SS SHIRT FULLPRINT CAPT AMERICA KAVG-131:PASTEL BLUE:7-8:PRINT:SS SHIRT | M29: 149900 | N29: BXGY | O29: =O28 -> B1 DISC 20% B2G1 | P29: BXGY
A30: =A29 -> 2026 HILITE B1 D20 B2G1 | B30: =B29 -> 46099 | C30: =C29 -> 46113 | D30: 3273 | E30: 336 | F30: 4 | G30: 7 | H30: 81574 | I30: DISNEY | J30: 68219916 | K30: KAVG-131 | L30: SS SHIRT FULLPRINT CAPT AMERICA KAVG-131:PASTEL BLUE:9-10:PRINT:SS SHIRT | M30: 149900 | N30: BXGY | O30: =O29 -> B1 DISC 20% B2G1 | P30: BXGY
A31: =A30 -> 2026 HILITE B1 D20 B2G1 | B31: =B30 -> 46099 | C31: =C30 -> 46113 | D31: 3273 | E31: 336 | F31: 4 | G31: 7 | H31: 81574 | I31: DISNEY | J31: 68219729 | K31: KBAVG-05 | L31: SS SHIRT FULLPRINT CAPT AMERICA KBAVG-05:WHITE:7-8:PRINT:SS SHIRT | M31: 149900 | N31: BXGY | O31: =O30 -> B1 DISC 20% B2G1 | P31: BXGY
A32: =A31 -> 2026 HILITE B1 D20 B2G1 | B32: =B31 -> 46099 | C32: =C31 -> 46113 | D32: 3273 | E32: 336 | F32: 4 | G32: 7 | H32: 81574 | I32: DISNEY | J32: 68219738 | K32: KBAVG-05 | L32: SS SHIRT FULLPRINT CAPT AMERICA KBAVG-05:WHITE:9-10:PRINT:SS SHIRT | M32: 149900 | N32: BXGY | O32: =O31 -> B1 DISC 20% B2G1 | P32: BXGY
A33: =A32 -> 2026 HILITE B1 D20 B2G1 | B33: =B32 -> 46099 | C33: =C32 -> 46113 | D33: 3273 | E33: 336 | F33: 4 | G33: 7 | H33: 81574 | I33: DISNEY | J33: 68219747 | K33: KBAVG-05 | L33: SS SHIRT FULLPRINT CAPT AMERICA KBAVG-05:WHITE:11-12:PRINT:SS SHIRT | M33: 149900 | N33: BXGY | O33: =O32 -> B1 DISC 20% B2G1 | P33: BXGY
A34: =A33 -> 2026 HILITE B1 D20 B2G1 | B34: =B33 -> 46099 | C34: =C33 -> 46113 | D34: 3273 | E34: 336 | F34: 4 | G34: 7 | H34: 81574 | I34: DISNEY | J34: 68219756 | K34: KBAVG-05 | L34: SS SHIRT FULLPRINT CAPT AMERICA KBAVG-05:WHITE:13-14:PRINT:SS SHIRT | M34: 149900 | N34: BXGY | O34: =O33 -> B1 DISC 20% B2G1 | P34: BXGY
A35: =A34 -> 2026 HILITE B1 D20 B2G1 | B35: =B34 -> 46099 | C35: =C34 -> 46113 | D35: 3273 | E35: 336 | F35: 4 | G35: 7 | H35: 81574 | I35: DISNEY | J35: 68219765 | K35: KBAVG-05 | L35: SS SHIRT FULLPRINT CAPT AMERICA KBAVG-05:WHITE:15-16:PRINT:SS SHIRT | M35: 149900 | N35: BXGY | O35: =O34 -> B1 DISC 20% B2G1 | P35: BXGY
A36: =A35 -> 2026 HILITE B1 D20 B2G1 | B36: =B35 -> 46099 | C36: =C35 -> 46113 | D36: 3273 | E36: 336 | F36: 4 | G36: 7 | H36: 81574 | I36: DISNEY | J36: 68219774 | K36: KBAVG-06 | L36: SS SHIRT CUBAN CAPTAIN AMERICA KBAVG-06:KHAKI:7-8:GRAPHIC:SS SHIRT | M36: 149900 | N36: BXGY | O36: =O35 -> B1 DISC 20% B2G1 | P36: BXGY
A37: =A36 -> 2026 HILITE B1 D20 B2G1 | B37: =B36 -> 46099 | C37: =C36 -> 46113 | D37: 3273 | E37: 336 | F37: 4 | G37: 7 | H37: 81574 | I37: DISNEY | J37: 68219783 | K37: KBAVG-06 | L37: SS SHIRT CUBAN CAPTAIN AMERICA KBAVG-06:KHAKI:9-10:GRAPHIC:SS SHIRT | M37: 149900 | N37: BXGY | O37: =O36 -> B1 DISC 20% B2G1 | P37: BXGY
... A59: =A58 -> 2026 HILITE B1 D20 B2G1 | B59: =B58 -> 46099 | C59: =C58 -> 46113 | D59: 3273 | E59: 336 | F59: 4 | G59: 9 | H59: 81574 | I59: DISNEY | J59: 68220217 | K59: KBAVG-1 | L59: JOGGER DENIM CARGO SPIDERMAN KBAVG-1:MISTY MEDIUM BLUE:4:EMBRO:JOGGER | M59: 179900 | N59: BXGY | O59: =O58 -> B1 DISC 20% B2G1 | P59: BXGY
A60: =A59 -> 2026 HILITE B1 D20 B2G1 | B60: =B59 -> 46099 | C60: =C59 -> 46113 | D60: 3273 | E60: 336 | F60: 4 | G60: 9 | H60: 81574 | I60: DISNEY | J60: 68220226 | K60: KBAVG-1 | L60: JOGGER DENIM CARGO SPIDERMAN KBAVG-1:MISTY MEDIUM BLUE:5:EMBRO:JOGGER | M60: =M59 -> 179900 | N60: BXGY | O60: =O59 -> B1 DISC 20% B2G1 | P60: BXGY
A61: =A60 -> 2026 HILITE B1 D20 B2G1 | B61: =B60 -> 46099 | C61: =C60 -> 46113 | D61: 3273 | E61: 336 | F61: 4 | G61: 9 | H61: 81574 | I61: DISNEY | J61: 68220235 | K61: KBAVG-1 | L61: JOGGER DENIM CARGO SPIDERMAN KBAVG-1:MISTY MEDIUM BLUE:6:EMBRO:JOGGER | M61: =M60 -> 179900 | N61: BXGY | O61: =O60 -> B1 DISC 20% B2G1 | P61: BXGY
A62: =A61 -> 2026 HILITE B1 D20 B2G1 | B62: =B61 -> 46099 | C62: =C61 -> 46113 | D62: 3273 | E62: 336 | F62: 4 | G62: 9 | H62: 81574 | I62: DISNEY | J62: 68220244 | K62: KBAVG-1 | L62: JOGGER DENIM CARGO SPIDERMAN KBAVG-1:MISTY MEDIUM BLUE:7-8:EMBRO:JOGGER | M62: =M61 -> 179900 | N62: BXGY | O62: =O61 -> B1 DISC 20% B2G1 | P62: BXGY
A63: =A62 -> 2026 HILITE B1 D20 B2G1 | B63: =B62 -> 46099 | C63: =C62 -> 46113 | D63: 3273 | E63: 336 | F63: 4 | G63: 9 | H63: 81574 | I63: DISNEY | J63: 68220253 | K63: KBAVG-1 | L63: JOGGER DENIM CARGO SPIDERMAN KBAVG-1:MISTY MEDIUM BLUE:9-10:EMBRO:JOGGER | M63: =M62 -> 179900 | N63: BXGY | O63: =O62 -> B1 DISC 20% B2G1 | P63: BXGY
A64: =A63 -> 2026 HILITE B1 D20 B2G1 | B64: =B63 -> 46099 | C64: =C63 -> 46113 | D64: 3273 | E64: 336 | F64: 4 | G64: 9 | H64: 81574 | I64: DISNEY | J64: 68220262 | K64: KBAVG-1 | L64: JOGGER DENIM CARGO SPIDERMAN KBAVG-1:MISTY MEDIUM BLUE:11-12:EMBRO:JOGGER | M64: =M63 -> 179900 | N64: BXGY | O64: =O63 -> B1 DISC 20% B2G1 | P64: BXGY
A65: =A64 -> 2026 HILITE B1 D20 B2G1 | B65: =B64 -> 46099 | C65: =C64 -> 46113 | D65: 3273 | E65: 336 | F65: 4 | G65: 9 | H65: 81574 | I65: DISNEY | J65: 68220271 | K65: KBAVG-1 | L65: JOGGER DENIM CARGO SPIDERMAN KBAVG-1:MISTY MEDIUM BLUE:13-14:EMBRO:JOGGER | M65: =M64 -> 179900 | N65: BXGY | O65: =O64 -> B1 DISC 20% B2G1 | P65: BXGY
A66: =A65 -> 2026 HILITE B1 D20 B2G1 | B66: =B65 -> 46099 | C66: =C65 -> 46113 | D66: 3273 | E66: 336 | F66: 4 | G66: 9 | H66: 81574 | I66: DISNEY | J66: 68220280 | K66: KBAVG-1 | L66: JOGGER DENIM CARGO SPIDERMAN KBAVG-1:MISTY MEDIUM BLUE:15-16:EMBRO:JOGGER | M66: =M65 -> 179900 | N66: BXGY | O66: =O65 -> B1 DISC 20% B2G1 | P66: BXGY

Sheet 2026 BAMUS D60
A1: ACARA | B1: FROM DATE | C1: TO DATE | D1: DEPT | E1: WORLD | F1: DIVISION | G1: CLASS | H1: SUPPLIER | I1: BRAND | J1: SKU | K1: ARTICLE | L1: DESCRIPTION | M1: HARGA NORMAL | N1: DISKON | O1: HARGA PROMO | P1: DISCOUNT TYPE
A2: 2026 BAMUS D60 | B2: 46099 | C2: 46113 | D2: 3273 | E2: 336 | F2: 4 | G2: 7 | H2: 81574 | I2: DISNEY | J2: 68219327 | K2: FKMB-19 | L2: SS KOKO MOTIF CAPT FKMB-19:PASTEL GREEN:4:GRAPHIC:SS KOKO | M2: 179900 | N2: 0.6 | O2: =M2-((60*M2)/100) -> 71960 | P2: PERCENTAGE
A3: =A2 -> 2026 BAMUS D60 | B3: =B2 -> 46099 | C3: =C2 -> 46113 | D3: =D2 -> 3273 | E3: 336 | F3: 4 | G3: 7 | H3: 81574 | I3: DISNEY | J3: 68219336 | K3: =K2 -> FKMB-19 | L3: SS KOKO MOTIF CAPT FKMB-19:PASTEL GREEN:4:GRAPHIC:SS KOKO | M3: =M2 -> 179900 | N3: 0.6 | O3: =O2 -> 71960 | P3: PERCENTAGE
A4: =A3 -> 2026 BAMUS D60 | B4: =B3 -> 46099 | C4: =C3 -> 46113 | D4: =D3 -> 3273 | E4: 336 | F4: 4 | G4: 7 | H4: 81574 | I4: DISNEY | J4: 68219345 | K4: =K3 -> FKMB-19 | L4: SS KOKO MOTIF CAPT FKMB-19:PASTEL GREEN:4:GRAPHIC:SS KOKO | M4: =M3 -> 179900 | N4: 0.6 | O4: =O3 -> 71960 | P4: PERCENTAGE
A5: =A4 -> 2026 BAMUS D60 | B5: =B4 -> 46099 | C5: =C4 -> 46113 | D5: =D4 -> 3273 | E5: 336 | F5: 4 | G5: 7 | H5: 81574 | I5: DISNEY | J5: 68219354 | K5: =K4 -> FKMB-19 | L5: SS KOKO MOTIF CAPT FKMB-19:PASTEL GREEN:4:GRAPHIC:SS KOKO | M5: =M4 -> 179900 | N5: 0.6 | O5: =O4 -> 71960 | P5: PERCENTAGE
A6: =A5 -> 2026 BAMUS D60 | B6: =B5 -> 46099 | C6: =C5 -> 46113 | D6: =D5 -> 3273 | E6: 336 | F6: 4 | G6: 7 | H6: 81574 | I6: DISNEY | J6: 68219363 | K6: =K5 -> FKMB-19 | L6: SS KOKO MOTIF CAPT FKMB-19:PASTEL GREEN:4:GRAPHIC:SS KOKO | M6: =M5 -> 179900 | N6: 0.6 | O6: =O5 -> 71960 | P6: PERCENTAGE
A7: =A6 -> 2026 BAMUS D60 | B7: =B6 -> 46099 | C7: =C6 -> 46113 | D7: =D6 -> 3273 | E7: 336 | F7: 4 | G7: 7 | H7: 81574 | I7: DISNEY | J7: 68219372 | K7: =K6 -> FKMB-19 | L7: SS KOKO MOTIF CAPT FKMB-19:PASTEL GREEN:4:GRAPHIC:SS KOKO | M7: =M6 -> 179900 | N7: 0.6 | O7: =O6 -> 71960 | P7: PERCENTAGE
A8: =A7 -> 2026 BAMUS D60 | B8: =B7 -> 46099 | C8: =C7 -> 46113 | D8: =D7 -> 3273 | E8: 336 | F8: 4 | G8: 7 | H8: 81574 | I8: DISNEY | J8: 68219381 | K8: =K7 -> FKMB-19 | L8: SS KOKO MOTIF CAPT FKMB-19:PASTEL GREEN:4:GRAPHIC:SS KOKO | M8: =M7 -> 179900 | N8: 0.6 | O8: =O7 -> 71960 | P8: PERCENTAGE
A9: =A8 -> 2026 BAMUS D60 | B9: =B8 -> 46099 | C9: =C8 -> 46113 | D9: =D8 -> 3273 | E9: 336 | F9: 4 | G9: 7 | H9: 81574 | I9: DISNEY | J9: 68219390 | K9: =K8 -> FKMB-19 | L9: SS KOKO MOTIF CAPT FKMB-19:PASTEL GREEN:4:GRAPHIC:SS KOKO | M9: =M8 -> 179900 | N9: 0.6 | O9: =O8 -> 71960 | P9: PERCENTAGE
A10: =A9 -> 2026 BAMUS D60 | B10: =B9 -> 46099 | C10: =C9 -> 46113 | D10: =D9 -> 3273 | E10: 336 | F10: 4 | G10: 7 | H10: 81574 | I10: DISNEY | J10: 68219407 | K10: FKMB-20 | L10: SS KOKO MOTIF IRONMAN FKMB-20:KHAKI:4:GRAPHIC:SS KOKO | M10: =M9 -> 179900 | N10: 0.6 | O10: =O9 -> 71960 | P10: PERCENTAGE
A11: =A10 -> 2026 BAMUS D60 | B11: =B10 -> 46099 | C11: =C10 -> 46113 | D11: =D10 -> 3273 | E11: 336 | F11: 4 | G11: 7 | H11: 81574 | I11: DISNEY | J11: 68219416 | K11: =K10 -> FKMB-20 | L11: SS KOKO MOTIF IRONMAN FKMB-20:KHAKI:5:GRAPHIC:SS KOKO | M11: =M10 -> 179900 | N11: 0.6 | O11: =O10 -> 71960 | P11: PERCENTAGE
A12: =A11 -> 2026 BAMUS D60 | B12: =B11 -> 46099 | C12: =C11 -> 46113 | D12: =D11 -> 3273 | E12: 336 | F12: 4 | G12: 7 | H12: 81574 | I12: DISNEY | J12: 68219425 | K12: =K11 -> FKMB-20 | L12: SS KOKO MOTIF IRONMAN FKMB-20:KHAKI:6:GRAPHIC:SS KOKO | M12: =M11 -> 179900 | N12: 0.6 | O12: =O11 -> 71960 | P12: PERCENTAGE
A13: =A12 -> 2026 BAMUS D60 | B13: =B12 -> 46099 | C13: =C12 -> 46113 | D13: =D12 -> 3273 | E13: 336 | F13: 4 | G13: 7 | H13: 81574 | I13: DISNEY | J13: 68219434 | K13: =K12 -> FKMB-20 | L13: SS KOKO MOTIF IRONMAN FKMB-20:KHAKI:7-8:GRAPHIC:SS KOKO | M13: =M12 -> 179900 | N13: 0.6 | O13: =O12 -> 71960 | P13: PERCENTAGE
A14: =A13 -> 2026 BAMUS D60 | B14: =B13 -> 46099 | C14: =C13 -> 46113 | D14: =D13 -> 3273 | E14: 336 | F14: 4 | G14: 7 | H14: 81574 | I14: DISNEY | J14: 68219443 | K14: =K13 -> FKMB-20 | L14: SS KOKO MOTIF IRONMAN FKMB-20:KHAKI:9-10:GRAPHIC:SS KOKO | M14: =M13 -> 179900 | N14: 0.6 | O14: =O13 -> 71960 | P14: PERCENTAGE
A15: =A14 -> 2026 BAMUS D60 | B15: =B14 -> 46099 | C15: =C14 -> 46113 | D15: =D14 -> 3273 | E15: 336 | F15: 4 | G15: 7 | H15: 81574 | I15: DISNEY | J15: 68219452 | K15: =K14 -> FKMB-20 | L15: SS KOKO MOTIF IRONMAN FKMB-20:KHAKI:11-12:GRAPHIC:SS KOKO | M15: =M14 -> 179900 | N15: 0.6 | O15: =O14 -> 71960 | P15: PERCENTAGE
A16: =A15 -> 2026 BAMUS D60 | B16: =B15 -> 46099 | C16: =C15 -> 46113 | D16: =D15 -> 3273 | E16: 336 | F16: 4 | G16: 7 | H16: 81574 | I16: DISNEY | J16: 68219461 | K16: =K15 -> FKMB-20 | L16: SS KOKO MOTIF IRONMAN FKMB-20:KHAKI:13-14:GRAPHIC:SS KOKO | M16: =M15 -> 179900 | N16: 0.6 | O16: =O15 -> 71960 | P16: PERCENTAGE
A17: =A16 -> 2026 BAMUS D60 | B17: =B16 -> 46099 | C17: =C16 -> 46113 | D17: =D16 -> 3273 | E17: 336 | F17: 4 | G17: 7 | H17: 81574 | I17: DISNEY | J17: 68219470 | K17: =K16 -> FKMB-20 | L17: SS KOKO MOTIF IRONMAN FKMB-20:KHAKI:15-16:GRAPHIC:SS KOKO | M17: =M16 -> 179900 | N17: 0.6 | O17: =O16 -> 71960 | P17: PERCENTAGE
A18: =A17 -> 2026 BAMUS D60 | B18: =B17 -> 46099 | C18: =C17 -> 46113 | D18: =D17 -> 3273 | E18: 336 | F18: 4 | G18: 7 | H18: 81574 | I18: DISNEY | J18: 68220002 | K18: FKSMB-3 | L18: SS KOKO MOTIF SPIDERMAN FKSMB-3:WHITE:4:GRAPHIC:SS KOKO | M18: =M17 -> 179900 | N18: 0.6 | O18: =O17 -> 71960 | P18: PERCENTAGE
A19: =A18 -> 2026 BAMUS D60 | B19: =B18 -> 46099 | C19: =C18 -> 46113 | D19: =D18 -> 3273 | E19: 336 | F19: 4 | G19: 7 | H19: 81574 | I19: DISNEY | J19: 68220011 | K19: =K18 -> FKSMB-3 | L19: SS KOKO MOTIF SPIDERMAN FKSMB-3:WHITE:4:GRAPHIC:SS KOKO | M19: =M18 -> 179900 | N19: 0.6 | O19: =O18 -> 71960 | P19: PERCENTAGE
A20: =A19 -> 2026 BAMUS D60 | B20: =B19 -> 46099 | C20: =C19 -> 46113 | D20: =D19 -> 3273 | E20: 336 | F20: 4 | G20: 7 | H20: 81574 | I20: DISNEY | J20: 68220020 | K20: =K19 -> FKSMB-3 | L20: SS KOKO MOTIF SPIDERMAN FKSMB-3:WHITE:4:GRAPHIC:SS KOKO | M20: =M19 -> 179900 | N20: 0.6 | O20: =O19 -> 71960 | P20: PERCENTAGE
A21: =A20 -> 2026 BAMUS D60 | B21: =B20 -> 46099 | C21: =C20 -> 46113 | D21: =D20 -> 3273 | E21: 336 | F21: 4 | G21: 7 | H21: 81574 | I21: DISNEY | J21: 68220039 | K21: =K20 -> FKSMB-3 | L21: SS KOKO MOTIF SPIDERMAN FKSMB-3:WHITE:4:GRAPHIC:SS KOKO | M21: =M20 -> 179900 | N21: 0.6 | O21: =O20 -> 71960 | P21: PERCENTAGE
A22: =A21 -> 2026 BAMUS D60 | B22: =B21 -> 46099 | C22: =C21 -> 46113 | D22: =D21 -> 3273 | E22: 336 | F22: 4 | G22: 7 | H22: 81574 | I22: DISNEY | J22: 68220048 | K22: =K21 -> FKSMB-3 | L22: SS KOKO MOTIF SPIDERMAN FKSMB-3:WHITE:4:GRAPHIC:SS KOKO | M22: =M21 -> 179900 | N22: 0.6 | O22: =O21 -> 71960 | P22: PERCENTAGE
A23: =A22 -> 2026 BAMUS D60 | B23: =B22 -> 46099 | C23: =C22 -> 46113 | D23: =D22 -> 3273 | E23: 336 | F23: 4 | G23: 7 | H23: 81574 | I23: DISNEY | J23: 68220057 | K23: =K22 -> FKSMB-3 | L23: SS KOKO MOTIF SPIDERMAN FKSMB-3:WHITE:4:GRAPHIC:SS KOKO | M23: =M22 -> 179900 | N23: 0.6 | O23: =O22 -> 71960 | P23: PERCENTAGE
A24: =A23 -> 2026 BAMUS D60 | B24: =B23 -> 46099 | C24: =C23 -> 46113 | D24: =D23 -> 3273 | E24: 336 | F24: 4 | G24: 7 | H24: 81574 | I24: DISNEY | J24: 68220066 | K24: =K23 -> FKSMB-3 | L24: SS KOKO MOTIF SPIDERMAN FKSMB-3:WHITE:4:GRAPHIC:SS KOKO | M24: =M23 -> 179900 | N24: 0.6 | O24: =O23 -> 71960 | P24: PERCENTAGE
A25: =A24 -> 2026 BAMUS D60 | B25: =B24 -> 46099 | C25: =C24 -> 46113 | D25: =D24 -> 3273 | E25: 336 | F25: 4 | G25: 7 | H25: 81574 | I25: DISNEY | J25: 68220075 | K25: =K24 -> FKSMB-3 | L25: SS KOKO MOTIF SPIDERMAN FKSMB-3:WHITE:4:GRAPHIC:SS KOKO | M25: =M24 -> 179900 | N25: 0.6 | O25: =O24 -> 71960 | P25: PERCENTAGE
A26: =A25 -> 2026 BAMUS D60 | B26: =B25 -> 46099 | C26: =C25 -> 46113 | D26: =D25 -> 3273 | E26: 336 | F26: 4 | G26: 1 | H26: 81588 | I26: DISNEY | J26: 68561340 | K26: HN004 | L26: SS T-SHIRT MICKEY RAYA FOODS HN004:WHITE:4:GRAPHIC:SS T-SHIRT | M26: 99900 | N26: 0.6 | O26: =O25 -> 71960 | P26: PERCENTAGE
A27: =A26 -> 2026 BAMUS D60 | B27: =B26 -> 46099 | C27: =C26 -> 46113 | D27: =D26 -> 3273 | E27: 336 | F27: 4 | G27: =G26 -> 1 | H27: 81588 | I27: DISNEY | J27: 68561359 | K27: =K26 -> HN004 | L27: SS T-SHIRT MICKEY RAYA FOODS HN004:WHITE:4:GRAPHIC:SS T-SHIRT | M27: 99900 | N27: 0.6 | O27: =O26 -> 71960 | P27: PERCENTAGE
A28: =A27 -> 2026 BAMUS D60 | B28: =B27 -> 46099 | C28: =C27 -> 46113 | D28: =D27 -> 3273 | E28: 336 | F28: 4 | G28: =G27 -> 1 | H28: 81588 | I28: DISNEY | J28: 68561368 | K28: =K27 -> HN004 | L28: SS T-SHIRT MICKEY RAYA FOODS HN004:WHITE:4:GRAPHIC:SS T-SHIRT | M28: 99900 | N28: 0.6 | O28: =O27 -> 71960 | P28: PERCENTAGE
A29: =A28 -> 2026 BAMUS D60 | B29: =B28 -> 46099 | C29: =C28 -> 46113 | D29: =D28 -> 3273 | E29: 336 | F29: 4 | G29: =G28 -> 1 | H29: 81588 | I29: DISNEY | J29: 68561377 | K29: =K28 -> HN004 | L29: SS T-SHIRT MICKEY RAYA FOODS HN004:WHITE:4:GRAPHIC:SS T-SHIRT | M29: 99900 | N29: 0.6 | O29: =O28 -> 71960 | P29: PERCENTAGE
A30: =A29 -> 2026 BAMUS D60 | B30: =B29 -> 46099 | C30: =C29 -> 46113 | D30: =D29 -> 3273 | E30: 336 | F30: 4 | G30: =G29 -> 1 | H30: 81588 | I30: DISNEY | J30: 68561386 | K30: =K29 -> HN004 | L30: SS T-SHIRT MICKEY RAYA FOODS HN004:WHITE:4:GRAPHIC:SS T-SHIRT | M30: 99900 | N30: 0.6 | O30: =O29 -> 71960 | P30: PERCENTAGE
A31: =A30 -> 2026 BAMUS D60 | B31: =B30 -> 46099 | C31: =C30 -> 46113 | D31: =D30 -> 3273 | E31: 336 | F31: 4 | G31: =G30 -> 1 | H31: 81588 | I31: DISNEY | J31: 68561395 | K31: HN005 | L31: SS T-SHIRT MICKEY RAYA FRIENDS HN005:PASTEL YELLOW:4:GRAPHIC:SS T-SHIRT | M31: 99900 | N31: 0.6 | O31: =O30 -> 71960 | P31: PERCENTAGE
A32: =A31 -> 2026 BAMUS D60 | B32: =B31 -> 46099 | C32: =C31 -> 46113 | D32: =D31 -> 3273 | E32: 336 | F32: 4 | G32: =G31 -> 1 | H32: 81588 | I32: DISNEY | J32: 68561402 | K32: =K31 -> HN005 | L32: SS T-SHIRT MICKEY RAYA FRIENDS HN005:PASTEL YELLOW:5:GRAPHIC:SS T-SHIRT | M32: 99900 | N32: 0.6 | O32: =O31 -> 71960 | P32: PERCENTAGE
A33: =A32 -> 2026 BAMUS D60 | B33: =B32 -> 46099 | C33: =C32 -> 46113 | D33: =D32 -> 3273 | E33: 336 | F33: 4 | G33: =G32 -> 1 | H33: 81588 | I33: DISNEY | J33: 68561411 | K33: =K32 -> HN005 | L33: SS T-SHIRT MICKEY RAYA FRIENDS HN005:PASTEL YELLOW:6:GRAPHIC:SS T-SHIRT | M33: 99900 | N33: 0.6 | O33: =O32 -> 71960 | P33: PERCENTAGE
A34: =A33 -> 2026 BAMUS D60 | B34: =B33 -> 46099 | C34: =C33 -> 46113 | D34: =D33 -> 3273 | E34: 336 | F34: 4 | G34: =G33 -> 1 | H34: 81588 | I34: DISNEY | J34: 68561420 | K34: =K33 -> HN005 | L34: SS T-SHIRT MICKEY RAYA FRIENDS HN005:PASTEL YELLOW:7-8:GRAPHIC:SS T-SHIRT | M34: 99900 | N34: 0.6 | O34: =O33 -> 71960 | P34: PERCENTAGE
A35: =A34 -> 2026 BAMUS D60 | B35: =B34 -> 46099 | C35: =C34 -> 46113 | D35: =D34 -> 3273 | E35: 336 | F35: 4 | G35: =G34 -> 1 | H35: 81588 | I35: DISNEY | J35: 68561439 | K35: =K34 -> HN005 | L35: SS T-SHIRT MICKEY RAYA FRIENDS HN005:PASTEL YELLOW:9-10:GRAPHIC:SS T-SHIRT | M35: 99900 | N35: 0.6 | O35: =O34 -> 71960 | P35: PERCENTAGE
A36: =A35 -> 2026 BAMUS D60 | B36: =B35 -> 46099 | C36: =C35 -> 46113 | D36: =D35 -> 3273 | E36: 336 | F36: 4 | G36: =G35 -> 1 | H36: 81588 | I36: DISNEY | J36: 68561297 | K36: HN006 | L36: SS T-SHIRT MICKEY RAYA RANTANG HN006:PASTEL GREY:4:GRAPHIC:SS T-SHIRT | M36: 99900 | N36: 0.6 | O36: =O35 -> 71960 | P36: PERCENTAGE
A37: =A36 -> 2026 BAMUS D60 | B37: =B36 -> 46099 | C37: =C36 -> 46113 | D37: =D36 -> 3273 | E37: 336 | F37: 4 | G37: =G36 -> 1 | H37: 81588 | I37: DISNEY | J37: 68561304 | K37: =K36 -> HN006 | L37: SS T-SHIRT MICKEY RAYA RANTANG HN006:PASTEL GREY:4:GRAPHIC:SS T-SHIRT | M37: 99900 | N37: 0.6 | O37: =O36 -> 71960 | P37: PERCENTAGE
A38: =A37 -> 2026 BAMUS D60 | B38: =B37 -> 46099 | C38: =C37 -> 46113 | D38: =D37 -> 3273 | E38: 336 | F38: 4 | G38: =G37 -> 1 | H38: 81588 | I38: DISNEY | J38: 68561313 | K38: =K37 -> HN006 | L38: SS T-SHIRT MICKEY RAYA RANTANG HN006:PASTEL GREY:4:GRAPHIC:SS T-SHIRT | M38: 99900 | N38: 0.6 | O38: =O37 -> 71960 | P38: PERCENTAGE
A39: =A38 -> 2026 BAMUS D60 | B39: =B38 -> 46099 | C39: =C38 -> 46113 | D39: =D38 -> 3273 | E39: 336 | F39: 4 | G39: =G38 -> 1 | H39: 81588 | I39: DISNEY | J39: 68561322 | K39: =K38 -> HN006 | L39: SS T-SHIRT MICKEY RAYA RANTANG HN006:PASTEL GREY:4:GRAPHIC:SS T-SHIRT | M39: 99900 | N39: 0.6 | O39: =O38 -> 71960 | P39: PERCENTAGE
A40: =A39 -> 2026 BAMUS D60 | B40: =B39 -> 46099 | C40: =C39 -> 46113 | D40: =D39 -> 3273 | E40: 336 | F40: 4 | G40: =G39 -> 1 | H40: 81588 | I40: DISNEY | J40: 68561331 | K40: =K39 -> HN006 | L40: SS T-SHIRT MICKEY RAYA RANTANG HN006:PASTEL GREY:4:GRAPHIC:SS T-SHIRT | M40: 99900 | N40: 0.6 | O40: =O39 -> 71960 | P40: PERCENTAGE
