Workbook

Sheet ALL 2024 H2 D80
A1: ACARA | B1: FROM DATE | C1: TO DATE | D1: DEPT | E1: WORLD | F1: DIVISION | G1: CLASS | H1: SUPPLIER | I1: BRAND | J1: SKU | K1: ARTICLE | L1: DESCRIPTION | M1: HARGA NORMAL | N1: DISKON | O1: HARGA PROMO | P1: DISCOUNT TYPE
A2: ALL 2024 H2 D80 | B2: 46114 | C2: 46120 | D2: 3208 | E2: 320 | F2: 1 | G2: 5 | H2: 81406 | I2: DETAILS | J2: 70172944 | K2: PRDDWB07 | L2: LONG PANTS WITH PAPER BAG WAIST AND DIAGONAL BELT LO:PASTEL GREY:S:SOLID:LONG PANTS | M2: 299900 | N2: 0.8 | O2: =M2-(M2*N2) -> 59980 | P2: PERCENTAGE
A3: ALL 2024 H2 D80 | B3: =$B$2 -> 46114 | C3: =$C$2 -> 46120 | D3: 3208 | E3: 320 | F3: 1 | G3: 5 | H3: 81406 | I3: DETAILS | J3: 70172953 | K3: PRDDWB07 | L3: LONG PANTS WITH PAPER BAG WAIST AND DIAGONAL BELT LO:PASTEL GREY:M:SOLID:LONG PANTS | M3: 299900 | N3: 0.8 | O3: =M3-(M3*N3) -> 59980 | P3: PERCENTAGE
A4: ALL 2024 H2 D80 | B4: =$B$2 -> 46114 | C4: =$C$2 -> 46120 | D4: 3208 | E4: 320 | F4: 1 | G4: 5 | H4: 81406 | I4: DETAILS | J4: 70172962 | K4: PRDDWB07 | L4: LONG PANTS WITH PAPER BAG WAIST AND DIAGONAL BELT LO:PASTEL GREY:L:SOLID:LONG PANTS | M4: 299900 | N4: 0.8 | O4: =M4-(M4*N4) -> 59980 | P4: PERCENTAGE
A5: ALL 2024 H2 D80 | B5: =$B$2 -> 46114 | C5: =$C$2 -> 46120 | D5: 3208 | E5: 320 | F5: 1 | G5: 5 | H5: 81406 | I5: DETAILS | J5: 70172971 | K5: PRDDWB07 | L5: LONG PANTS WITH PAPER BAG WAIST AND DIAGONAL BELT LO:PASTEL GREY:XL:SOLID:LONG PANTS | M5: 299900 | N5: 0.8 | O5: =M5-(M5*N5) -> 59980 | P5: PERCENTAGE
A6: ALL 2024 H2 D80 | B6: =$B$2 -> 46114 | C6: =$C$2 -> 46120 | D6: 3208 | E6: 320 | F6: 1 | G6: 5 | H6: 81406 | I6: DETAILS | J6: 70172980 | K6: PRDDWB07 | L6: LONG PANTS WITH PAPER BAG WAIST AND DIAGONAL BELT LO:PASTEL GREE:S:SOLID:LONG PANTS | M6: 299900 | N6: 0.8 | O6: =M6-(M6*N6) -> 59980 | P6: PERCENTAGE
A7: ALL 2024 H2 D80 | B7: =$B$2 -> 46114 | C7: =$C$2 -> 46120 | D7: 3208 | E7: 320 | F7: 1 | G7: 5 | H7: 81406 | I7: DETAILS | J7: 70172999 | K7: PRDDWB07 | L7: LONG PANTS WITH PAPER BAG WAIST AND DIAGONAL BELT LO:PASTEL GREE:M:SOLID:LONG PANTS | M7: 299900 | N7: 0.8 | O7: =M7-(M7*N7) -> 59980 | P7: PERCENTAGE
A8: ALL 2024 H2 D80 | B8: =$B$2 -> 46114 | C8: =$C$2 -> 46120 | D8: 3208 | E8: 320 | F8: 1 | G8: 5 | H8: 81406 | I8: DETAILS | J8: 70173005 | K8: PRDDWB07 | L8: LONG PANTS WITH PAPER BAG WAIST AND DIAGONAL BELT LO:PASTEL GREE:L:SOLID:LONG PANTS | M8: 299900 | N8: 0.8 | O8: =M8-(M8*N8) -> 59980 | P8: PERCENTAGE
A9: ALL 2024 H2 D80 | B9: =$B$2 -> 46114 | C9: =$C$2 -> 46120 | D9: 3208 | E9: 320 | F9: 1 | G9: 5 | H9: 81406 | I9: DETAILS | J9: 70173014 | K9: PRDDWB07 | L9: LONG PANTS WITH PAPER BAG WAIST AND DIAGONAL BELT LO:PASTEL GREE:XL:SOLID:LONG PANTS | M9: 299900 | N9: 0.8 | O9: =M9-(M9*N9) -> 59980 | P9: PERCENTAGE
A10: ALL 2024 H2 D80 | B10: =$B$2 -> 46114 | C10: =$C$2 -> 46120 | D10: 3208 | E10: 320 | F10: 1 | G10: 5 | H10: 81406 | I10: DETAILS | J10: 79666001 | K10: PRDDWB07 | L10: LONG PANTS PAPER BAG PANTS WITH TAPPERED FIT PRDDWB07:KHAKI:S:SOLID:LONG PANTS | M10: 299900 | N10: 0.8 | O10: =M10-(M10*N10) -> 59980 | P10: PERCENTAGE
A11: ALL 2024 H2 D80 | B11: =$B$2 -> 46114 | C11: =$C$2 -> 46120 | D11: 3208 | E11: 320 | F11: 1 | G11: 5 | H11: 81406 | I11: DETAILS | J11: 79666010 | K11: PRDDWB07 | L11: LONG PANTS PAPER BAG PANTS WITH TAPPERED FIT PRDDWB07:KHAKI:M:SOLID:LONG PANTS | M11: 299900 | N11: 0.8 | O11: =M11-(M11*N11) -> 59980 | P11: PERCENTAGE
A12: ALL 2024 H2 D80 | B12: =$B$2 -> 46114 | C12: =$C$2 -> 46120 | D12: 3208 | E12: 320 | F12: 1 | G12: 5 | H12: 81406 | I12: DETAILS | J12: 79666029 | K12: PRDDWB07 | L12: LONG PANTS PAPER BAG PANTS WITH TAPPERED FIT PRDDWB07:KHAKI:L:SOLID:LONG PANTS | M12: 299900 | N12: 0.8 | O12: =M12-(M12*N12) -> 59980 | P12: PERCENTAGE
A13: ALL 2024 H2 D80 | B13: =$B$2 -> 46114 | C13: =$C$2 -> 46120 | D13: 3208 | E13: 320 | F13: 1 | G13: 5 | H13: 81406 | I13: DETAILS | J13: 79666038 | K13: PRDDWB07 | L13: LONG PANTS PAPER BAG PANTS WITH TAPPERED FIT PRDDWB07:KHAKI:XL:SOLID:LONG PANTS | M13: 299900 | N13: 0.8 | O13: =M13-(M13*N13) -> 59980 | P13: PERCENTAGE
A14: ALL 2024 H2 D80 | B14: =$B$2 -> 46114 | C14: =$C$2 -> 46120 | D14: 3208 | E14: 320 | F14: 1 | G14: 5 | H14: 81406 | I14: DETAILS | J14: 85485534 | K14: PRDDWB07 | L14: LONG PANTS PAPER BAG WITH TAPERED FIT PRDDWB07:BLACK:S:SOLID:LONG PANTS | M14: 299900 | N14: 0.8 | O14: =M14-(M14*N14) -> 59980 | P14: PERCENTAGE
... A141: ALL 2024 H2 D80 | B141: =$B$2 -> 46114 | C141: =$C$2 -> 46120 | D141: 3208 | E141: 320 | F141: 1 | G141: 7 | H141: 81495 | I141: DETAILS | J141: 20607256 | K141: KIWVNLB | L141: KI KEMEJA RIVET SEPTEMBER AQUAMARINE:PASTEL BLUE:XL | M141: 199900 | N141: 0.8 | O141: =M141-(M141*N141) -> 39980 | P141: PERCENTAGE

Sheet 2024 H1 D90
A1: ACARA | B1: FROM DATE | C1: TO DATE | D1: DEPT | E1: WORLD | F1: DIVISION | G1: CLASS | H1: SUPPLIER | I1: BRAND | J1: SKU | K1: ARTICLE | L1: DESCRIPTION | M1: HARGA NORMAL | N1: DISKON | O1: HARGA PROMO | P1: DISCOUNT TYPE
A2: ALL 2024 H1 D90 | B2: ='ALL 2024 H2 D80'!$B$2 -> 46114 | C2: ='ALL 2024 H2 D80'!$C$2 -> 46120 | D2: 3208 | E2: 320 | F2: 1 | G2: 5 | H2: 81495 | I2: DETAILS | J2: 18736586 | K2: MASWB053 | L2: MINI SKIRT TENNIS PLEATS MASWB053:BLACK:S:SOLID:MINI SKIRT | M2: 199900 | N2: 0.9 | O2: =M2-(M2*N2) -> 19990 | P2: PERCENTAGE
A3: =$A$2 -> ALL 2024 H1 D90 | B3: ='ALL 2024 H2 D80'!$B$2 -> 46114 | C3: ='ALL 2024 H2 D80'!$C$2 -> 46120 | D3: 3208 | E3: 320 | F3: 1 | G3: 5 | H3: 81495 | I3: DETAILS | J3: 18736595 | K3: MASWB053 | L3: MINI SKIRT TENNIS PLEATS MASWB053:BLACK:M:SOLID:MINI SKIRT | M3: 199900 | N3: 0.9 | O3: =M3-(M3*N3) -> 19990 | P3: PERCENTAGE
A4: =$A$2 -> ALL 2024 H1 D90 | B4: ='ALL 2024 H2 D80'!$B$2 -> 46114 | C4: ='ALL 2024 H2 D80'!$C$2 -> 46120 | D4: 3208 | E4: 320 | F4: 1 | G4: 5 | H4: 81495 | I4: DETAILS | J4: 18736602 | K4: MASWB053 | L4: MINI SKIRT TENNIS PLEATS MASWB053:BLACK:L:SOLID:MINI SKIRT | M4: 199900 | N4: 0.9 | O4: =M4-(M4*N4) -> 19990 | P4: PERCENTAGE
A5: =$A$2 -> ALL 2024 H1 D90 | B5: ='ALL 2024 H2 D80'!$B$2 -> 46114 | C5: ='ALL 2024 H2 D80'!$C$2 -> 46120 | D5: 3208 | E5: 320 | F5: 1 | G5: 5 | H5: 81495 | I5: DETAILS | J5: 18736611 | K5: MASWB053 | L5: MINI SKIRT TENNIS PLEATS MASWB053:BLACK:XL:SOLID:MINI SKIRT | M5: 199900 | N5: 0.9 | O5: =M5-(M5*N5) -> 19990 | P5: PERCENTAGE
A6: =$A$2 -> ALL 2024 H1 D90 | B6: ='ALL 2024 H2 D80'!$B$2 -> 46114 | C6: ='ALL 2024 H2 D80'!$C$2 -> 46120 | D6: 3208 | E6: 320 | F6: 1 | G6: 5 | H6: 81495 | I6: DETAILS | J6: 18961190 | K6: MASWB054 | L6: LONG PANTS DOUBLE LOOK LEG OPENING MASWB054:KHAKI:S:SOLID:LONG PANTS | M6: 279900 | N6: 0.9 | O6: =M6-(M6*N6) -> 27990 | P6: PERCENTAGE
A7: =$A$2 -> ALL 2024 H1 D90 | B7: ='ALL 2024 H2 D80'!$B$2 -> 46114 | C7: ='ALL 2024 H2 D80'!$C$2 -> 46120 | D7: 3208 | E7: 320 | F7: 1 | G7: 5 | H7: 81495 | I7: DETAILS | J7: 18961207 | K7: MASWB054 | L7: LONG PANTS DOUBLE LOOK LEG OPENING MASWB054:KHAKI:M:SOLID:LONG PANTS | M7: 279900 | N7: 0.9 | O7: =M7-(M7*N7) -> 27990 | P7: PERCENTAGE
A8: =$A$2 -> ALL 2024 H1 D90 | B8: ='ALL 2024 H2 D80'!$B$2 -> 46114 | C8: ='ALL 2024 H2 D80'!$C$2 -> 46120 | D8: 3208 | E8: 320 | F8: 1 | G8: 5 | H8: 81495 | I8: DETAILS | J8: 18961216 | K8: MASWB054 | L8: LONG PANTS DOUBLE LOOK LEG OPENING MASWB054:KHAKI:L:SOLID:LONG PANTS | M8: 279900 | N8: 0.9 | O8: =M8-(M8*N8) -> 27990 | P8: PERCENTAGE
A9: =$A$2 -> ALL 2024 H1 D90 | B9: ='ALL 2024 H2 D80'!$B$2 -> 46114 | C9: ='ALL 2024 H2 D80'!$C$2 -> 46120 | D9: 3208 | E9: 320 | F9: 1 | G9: 5 | H9: 81495 | I9: DETAILS | J9: 18961225 | K9: MASWB054 | L9: LONG PANTS DOUBLE LOOK LEG OPENING MASWB054:KHAKI:XL:SOLID:LONG PANTS | M9: 279900 | N9: 0.9 | O9: =M9-(M9*N9) -> 27990 | P9: PERCENTAGE
A10: =$A$2 -> ALL 2024 H1 D90 | B10: ='ALL 2024 H2 D80'!$B$2 -> 46114 | C10: ='ALL 2024 H2 D80'!$C$2 -> 46120 | D10: 3208 | E10: 320 | F10: 1 | G10: 5 | H10: 81045 | I10: DETAILS | J10: 18737441 | K10: MELWB06 | L10: MIDI SKIRT BALOON MELWB06:WHITE:S:SOLID:MIDI SKIRT | M10: 299900 | N10: 0.9 | O10: =M10-(M10*N10) -> 29990 | P10: PERCENTAGE
A11: =$A$2 -> ALL 2024 H1 D90 | B11: ='ALL 2024 H2 D80'!$B$2 -> 46114 | C11: ='ALL 2024 H2 D80'!$C$2 -> 46120 | D11: 3208 | E11: 320 | F11: 1 | G11: 5 | H11: 81045 | I11: DETAILS | J11: 18737450 | K11: MELWB06 | L11: MIDI SKIRT BALOON MELWB06:WHITE:M:SOLID:MIDI SKIRT | M11: 299900 | N11: 0.9 | O11: =M11-(M11*N11) -> 29990 | P11: PERCENTAGE
A12: =$A$2 -> ALL 2024 H1 D90 | B12: ='ALL 2024 H2 D80'!$B$2 -> 46114 | C12: ='ALL 2024 H2 D80'!$C$2 -> 46120 | D12: 3208 | E12: 320 | F12: 1 | G12: 5 | H12: 81045 | I12: DETAILS | J12: 18737469 | K12: MELWB06 | L12: MIDI SKIRT BALOON MELWB06:WHITE:L:SOLID:MIDI SKIRT | M12: 299900 | N12: 0.9 | O12: =M12-(M12*N12) -> 29990 | P12: PERCENTAGE
A13: =$A$2 -> ALL 2024 H1 D90 | B13: ='ALL 2024 H2 D80'!$B$2 -> 46114 | C13: ='ALL 2024 H2 D80'!$C$2 -> 46120 | D13: 3208 | E13: 320 | F13: 1 | G13: 5 | H13: 81045 | I13: DETAILS | J13: 18737478 | K13: MELWB06 | L13: MIDI SKIRT BALOON MELWB06:WHITE:XL:SOLID:MIDI SKIRT | M13: 299900 | N13: 0.9 | O13: =M13-(M13*N13) -> 29990 | P13: PERCENTAGE
A14: =$A$2 -> ALL 2024 H1 D90 | B14: ='ALL 2024 H2 D80'!$B$2 -> 46114 | C14: ='ALL 2024 H2 D80'!$C$2 -> 46120 | D14: 3208 | E14: 320 | F14: 1 | G14: 5 | H14: 81809 | I14: DETAILS | J14: 18736924 | K14: SGWB054 | L14: LONG PANTS WITH OVERLAP FRONT OPENING SGWB054:KHAKI:S:SOLID:LONG PANTS | M14: 279900 | N14: 0.9 | O14: =M14-(M14*N14) -> 27990 | P14: PERCENTAGE
... A506: =$A$2 -> ALL 2024 H1 D90 | B506: ='ALL 2024 H2 D80'!$B$2 -> 46114 | C506: ='ALL 2024 H2 D80'!$C$2 -> 46120 | D506: 3208 | E506: 320 | F506: 1 | G506: 6 | H506: 81736 | I506: DETAILS | J506: 15952035 | K506: BAEKB045 | L506: LONG PANTS KNIT WITH OUR TIED PATCH POCKET BAEKB045:KHAKI:XL:SOLID:LONG PANTS | M506: 149000 | N506: 0.9 | O506: =M506-(M506*N506) -> 14900 | P506: PERCENTAGE

Sheet 2024 LEB24 D90
A1: ACARA | B1: FROM DATE | C1: TO DATE | D1: DEPT | E1: WORLD | F1: DIVISION | G1: CLASS | H1: SUPPLIER | I1: BRAND | J1: SKU | K1: ARTICLE | L1: DESCRIPTION | M1: HARGA NORMAL | N1: DISKON | O1: HARGA PROMO | P1: DISCOUNT TYPE
A2: 2024 All Lebaran D90 | B2: ='ALL 2024 H2 D80'!$B$2 -> 46114 | C2: ='ALL 2024 H2 D80'!$C$2 -> 46120 | D2: 3208 | E2: 320 | F2: 1 | G2: 5 | H2: 81495 | I2: DETAILS | J2: 16255108 | K2: L4MAWB01 | L2: LONG PANTS WITH WITH CULLOTE STYLE AND ALL OVER PRINT L4MAWB01:PASTEL GREEN:S:PRINT:LONG PANTS | M2: 249900 | N2: 0.9 | O2: =M2-(M2*N2) -> 24990 | P2: PERCENTAGE
A3: =$A$2 -> 2024 All Lebaran D90 | B3: ='ALL 2024 H2 D80'!$B$2 -> 46114 | C3: ='ALL 2024 H2 D80'!$C$2 -> 46120 | D3: 3208 | E3: 320 | F3: 1 | G3: 5 | H3: 81495 | I3: DETAILS | J3: 16255117 | K3: L4MAWB01 | L3: LONG PANTS WITH WITH CULLOTE STYLE AND ALL OVER PRINT L4MAWB01:PASTEL GREEN:M:PRINT:LONG PANTS | M3: 249900 | N3: 0.9 | O3: =M3-(M3*N3) -> 24990 | P3: PERCENTAGE
A4: =$A$2 -> 2024 All Lebaran D90 | B4: ='ALL 2024 H2 D80'!$B$2 -> 46114 | C4: ='ALL 2024 H2 D80'!$C$2 -> 46120 | D4: 3208 | E4: 320 | F4: 1 | G4: 5 | H4: 81495 | I4: DETAILS | J4: 16255126 | K4: L4MAWB01 | L4: LONG PANTS WITH WITH CULLOTE STYLE AND ALL OVER PRINT L4MAWB01:PASTEL GREEN:L:PRINT:LONG PANTS | M4: 249900 | N4: 0.9 | O4: =M4-(M4*N4) -> 24990 | P4: PERCENTAGE
A5: =$A$2 -> 2024 All Lebaran D90 | B5: ='ALL 2024 H2 D80'!$B$2 -> 46114 | C5: ='ALL 2024 H2 D80'!$C$2 -> 46120 | D5: 3208 | E5: 320 | F5: 1 | G5: 5 | H5: 81495 | I5: DETAILS | J5: 16255135 | K5: L4MAWB01 | L5: LONG PANTS WITH WITH CULLOTE STYLE AND ALL OVER PRINT L4MAWB01:PASTEL GREEN:XL:PRINT:LONG PANTS | M5: 249900 | N5: 0.9 | O5: =M5-(M5*N5) -> 24990 | P5: PERCENTAGE
A6: =$A$2 -> 2024 All Lebaran D90 | B6: ='ALL 2024 H2 D80'!$B$2 -> 46114 | C6: ='ALL 2024 H2 D80'!$C$2 -> 46120 | D6: 3208 | E6: 320 | F6: 1 | G6: 5 | H6: 81495 | I6: DETAILS | J6: 16255144 | K6: L4MAWB01 | L6: LONG PANTS WITH WITH CULLOTE STYLE AND ALL OVER PRINT L4MAWB01:KHAKI:S:PRINT:LONG PANTS | M6: 249900 | N6: 0.9 | O6: =M6-(M6*N6) -> 24990 | P6: PERCENTAGE
A7: =$A$2 -> 2024 All Lebaran D90 | B7: ='ALL 2024 H2 D80'!$B$2 -> 46114 | C7: ='ALL 2024 H2 D80'!$C$2 -> 46120 | D7: 3208 | E7: 320 | F7: 1 | G7: 5 | H7: 81495 | I7: DETAILS | J7: 16255153 | K7: L4MAWB01 | L7: LONG PANTS WITH WITH CULLOTE STYLE AND ALL OVER PRINT L4MAWB01:KHAKI:M:PRINT:LONG PANTS | M7: 249900 | N7: 0.9 | O7: =M7-(M7*N7) -> 24990 | P7: PERCENTAGE
A8: =$A$2 -> 2024 All Lebaran D90 | B8: ='ALL 2024 H2 D80'!$B$2 -> 46114 | C8: ='ALL 2024 H2 D80'!$C$2 -> 46120 | D8: 3208 | E8: 320 | F8: 1 | G8: 5 | H8: 81495 | I8: DETAILS | J8: 16255162 | K8: L4MAWB01 | L8: LONG PANTS WITH WITH CULLOTE STYLE AND ALL OVER PRINT L4MAWB01:KHAKI:L:PRINT:LONG PANTS | M8: 249900 | N8: 0.9 | O8: =M8-(M8*N8) -> 24990 | P8: PERCENTAGE
A9: =$A$2 -> 2024 All Lebaran D90 | B9: ='ALL 2024 H2 D80'!$B$2 -> 46114 | C9: ='ALL 2024 H2 D80'!$C$2 -> 46120 | D9: 3208 | E9: 320 | F9: 1 | G9: 5 | H9: 81495 | I9: DETAILS | J9: 16255171 | K9: L4MAWB01 | L9: LONG PANTS WITH WITH CULLOTE STYLE AND ALL OVER PRINT L4MAWB01:KHAKI:XL:PRINT:LONG PANTS | M9: 249900 | N9: 0.9 | O9: =M9-(M9*N9) -> 24990 | P9: PERCENTAGE
A10: =$A$2 -> 2024 All Lebaran D90 | B10: ='ALL 2024 H2 D80'!$B$2 -> 46114 | C10: ='ALL 2024 H2 D80'!$C$2 -> 46120 | D10: 3208 | E10: 320 | F10: 1 | G10: 3 | H10: 81495 | I10: DETAILS | J10: 16255028 | K10: L4MAOT01 | L10: BLAZER WITH LIGHT FABRIC AND ALL OVER PRINT L4MAOT01:PASTEL GREEN:S:PRINT:BLAZER | M10: 299900 | N10: 0.9 | O10: =M10-(M10*N10) -> 29990 | P10: PERCENTAGE
A11: =$A$2 -> 2024 All Lebaran D90 | B11: ='ALL 2024 H2 D80'!$B$2 -> 46114 | C11: ='ALL 2024 H2 D80'!$C$2 -> 46120 | D11: 3208 | E11: 320 | F11: 1 | G11: 3 | H11: 81495 | I11: DETAILS | J11: 16255037 | K11: L4MAOT01 | L11: BLAZER WITH LIGHT FABRIC AND ALL OVER PRINT L4MAOT01:PASTEL GREEN:M:PRINT:BLAZER | M11: 299900 | N11: 0.9 | O11: =M11-(M11*N11) -> 29990 | P11: PERCENTAGE
A12: =$A$2 -> 2024 All Lebaran D90 | B12: ='ALL 2024 H2 D80'!$B$2 -> 46114 | C12: ='ALL 2024 H2 D80'!$C$2 -> 46120 | D12: 3208 | E12: 320 | F12: 1 | G12: 3 | H12: 81495 | I12: DETAILS | J12: 16255046 | K12: L4MAOT01 | L12: BLAZER WITH LIGHT FABRIC AND ALL OVER PRINT L4MAOT01:PASTEL GREEN:L:PRINT:BLAZER | M12: 299900 | N12: 0.9 | O12: =M12-(M12*N12) -> 29990 | P12: PERCENTAGE
A13: =$A$2 -> 2024 All Lebaran D90 | B13: ='ALL 2024 H2 D80'!$B$2 -> 46114 | C13: ='ALL 2024 H2 D80'!$C$2 -> 46120 | D13: 3208 | E13: 320 | F13: 1 | G13: 3 | H13: 81495 | I13: DETAILS | J13: 16255055 | K13: L4MAOT01 | L13: BLAZER WITH LIGHT FABRIC AND ALL OVER PRINT L4MAOT01:PASTEL GREEN:XL:PRINT:BLAZER | M13: 299900 | N13: 0.9 | O13: =M13-(M13*N13) -> 29990 | P13: PERCENTAGE
A14: =$A$2 -> 2024 All Lebaran D90 | B14: ='ALL 2024 H2 D80'!$B$2 -> 46114 | C14: ='ALL 2024 H2 D80'!$C$2 -> 46120 | D14: 3208 | E14: 320 | F14: 1 | G14: 3 | H14: 81495 | I14: DETAILS | J14: 16255064 | K14: L4MAOT01 | L14: BLAZER WITH LIGHT FABRIC AND ALL OVER PRINT L4MAOT01:KHAKI:S:PRINT:BLAZER | M14: 299900 | N14: 0.9 | O14: =M14-(M14*N14) -> 29990 | P14: PERCENTAGE
... A17: =$A$2 -> 2024 All Lebaran D90 | B17: ='ALL 2024 H2 D80'!$B$2 -> 46114 | C17: ='ALL 2024 H2 D80'!$C$2 -> 46120 | D17: 3208 | E17: 320 | F17: 1 | G17: 3 | H17: 81495 | I17: DETAILS | J17: 16255091 | K17: L4MAOT01 | L17: BLAZER WITH LIGHT FABRIC AND ALL OVER PRINT L4MAOT01:KHAKI:XL:PRINT:BLAZER | M17: 299900 | N17: 0.9 | O17: =M17-(M17*N17) -> 29990 | P17: PERCENTAGE

Sheet 2023 H2 ALL D90
A1: ACARA | B1: FROM DATE | C1: TO DATE | D1: DEPT | E1: WORLD | F1: DIVISION | G1: CLASS | H1: SUPPLIER | I1: BRAND | J1: SKU | K1: ARTICLE | L1: DESCRIPTION | M1: HARGA NORMAL | N1: DISKON | O1: HARGA PROMO | P1: DISCOUNT TYPE
A2: 2023 H2 All Items D90 | B2: ='ALL 2024 H2 D80'!$B$2 -> 46114 | C2: ='ALL 2024 H2 D80'!$C$2 -> 46120 | D2: 3208 | E2: 320 | F2: 1 | G2: 1 | H2: 81044 | I2: DETAILS | J2: 82493843 | K2: SGWT051 | L2: SS SHIRT WITH CHUNKY BUTTON AND WIDE COLLAR SGWT051:PASTEL BLUE:S:SOLID:SS SHIRT | M2: 299900 | N2: 0.9 | O2: =M2-(M2*N2) -> 29990 | P2: PERCENTAGE
A3: =$A$2 -> 2023 H2 All Items D90 | B3: ='ALL 2024 H2 D80'!$B$2 -> 46114 | C3: ='ALL 2024 H2 D80'!$C$2 -> 46120 | D3: 3208 | E3: 320 | F3: 1 | G3: 1 | H3: 81044 | I3: DETAILS | J3: 82493852 | K3: SGWT051 | L3: SS SHIRT WITH CHUNKY BUTTON AND WIDE COLLAR SGWT051:PASTEL BLUE:M:SOLID:SS SHIRT | M3: 299900 | N3: 0.9 | O3: =M3-(M3*N3) -> 29990 | P3: PERCENTAGE
A4: =$A$2 -> 2023 H2 All Items D90 | B4: ='ALL 2024 H2 D80'!$B$2 -> 46114 | C4: ='ALL 2024 H2 D80'!$C$2 -> 46120 | D4: 3208 | E4: 320 | F4: 1 | G4: 1 | H4: 81044 | I4: DETAILS | J4: 82493861 | K4: SGWT051 | L4: SS SHIRT WITH CHUNKY BUTTON AND WIDE COLLAR SGWT051:PASTEL BLUE:L:SOLID:SS SHIRT | M4: 299900 | N4: 0.9 | O4: =M4-(M4*N4) -> 29990 | P4: PERCENTAGE
A5: =$A$2 -> 2023 H2 All Items D90 | B5: ='ALL 2024 H2 D80'!$B$2 -> 46114 | C5: ='ALL 2024 H2 D80'!$C$2 -> 46120 | D5: 3208 | E5: 320 | F5: 1 | G5: 1 | H5: 81044 | I5: DETAILS | J5: 82493870 | K5: SGWT051 | L5: SS SHIRT WITH CHUNKY BUTTON AND WIDE COLLAR SGWT051:PASTEL BLUE:XL:SOLID:SS SHIRT | M5: 299900 | N5: 0.9 | O5: =M5-(M5*N5) -> 29990 | P5: PERCENTAGE
A6: =$A$2 -> 2023 H2 All Items D90 | B6: ='ALL 2024 H2 D80'!$B$2 -> 46114 | C6: ='ALL 2024 H2 D80'!$C$2 -> 46120 | D6: 3208 | E6: 320 | F6: 1 | G6: 1 | H6: 81044 | I6: DETAILS | J6: 82895061 | K6: SGWT056 | L6: LS BLOUSE WITH ASSYMETRIC WAIST SGWT056:KHAKI:S:FLORAL:LS BLOUSE | M6: 269900 | N6: 0.9 | O6: =M6-(M6*N6) -> 26990 | P6: PERCENTAGE
A7: =$A$2 -> 2023 H2 All Items D90 | B7: ='ALL 2024 H2 D80'!$B$2 -> 46114 | C7: ='ALL 2024 H2 D80'!$C$2 -> 46120 | D7: 3208 | E7: 320 | F7: 1 | G7: 1 | H7: 81044 | I7: DETAILS | J7: 82895070 | K7: SGWT056 | L7: LS BLOUSE WITH ASSYMETRIC WAIST SGWT056:KHAKI:M:FLORAL:LS BLOUSE | M7: 269900 | N7: 0.9 | O7: =M7-(M7*N7) -> 26990 | P7: PERCENTAGE
A8: =$A$2 -> 2023 H2 All Items D90 | B8: ='ALL 2024 H2 D80'!$B$2 -> 46114 | C8: ='ALL 2024 H2 D80'!$C$2 -> 46120 | D8: 3208 | E8: 320 | F8: 1 | G8: 1 | H8: 81044 | I8: DETAILS | J8: 82895089 | K8: SGWT056 | L8: LS BLOUSE WITH ASSYMETRIC WAIST SGWT056:KHAKI:L:FLORAL:LS BLOUSE | M8: 269900 | N8: 0.9 | O8: =M8-(M8*N8) -> 26990 | P8: PERCENTAGE
A9: =$A$2 -> 2023 H2 All Items D90 | B9: ='ALL 2024 H2 D80'!$B$2 -> 46114 | C9: ='ALL 2024 H2 D80'!$C$2 -> 46120 | D9: 3208 | E9: 320 | F9: 1 | G9: 1 | H9: 81044 | I9: DETAILS | J9: 82895098 | K9: SGWT056 | L9: LS BLOUSE WITH ASSYMETRIC WAIST SGWT056:KHAKI:XL:FLORAL:LS BLOUSE | M9: 269900 | N9: 0.9 | O9: =M9-(M9*N9) -> 26990 | P9: PERCENTAGE
A10: =$A$2 -> 2023 H2 All Items D90 | B10: ='ALL 2024 H2 D80'!$B$2 -> 46114 | C10: ='ALL 2024 H2 D80'!$C$2 -> 46120 | D10: 3208 | E10: 320 | F10: 1 | G10: 1 | H10: 81044 | I10: DETAILS | J10: 82895105 | K10: SGWT057 | L10: LS BLOUSE WITH ASSYMETRIC WAIST SGWT057:KHAKI:S:SOLID:LS BLOUSE | M10: 269900 | N10: 0.9 | O10: =M10-(M10*N10) -> 26990 | P10: PERCENTAGE
A11: =$A$2 -> 2023 H2 All Items D90 | B11: ='ALL 2024 H2 D80'!$B$2 -> 46114 | C11: ='ALL 2024 H2 D80'!$C$2 -> 46120 | D11: 3208 | E11: 320 | F11: 1 | G11: 1 | H11: 81044 | I11: DETAILS | J11: 82895114 | K11: SGWT057 | L11: LS BLOUSE WITH ASSYMETRIC WAIST SGWT057:KHAKI:M:SOLID:LS BLOUSE | M11: 269900 | N11: 0.9 | O11: =M11-(M11*N11) -> 26990 | P11: PERCENTAGE
A12: =$A$2 -> 2023 H2 All Items D90 | B12: ='ALL 2024 H2 D80'!$B$2 -> 46114 | C12: ='ALL 2024 H2 D80'!$C$2 -> 46120 | D12: 3208 | E12: 320 | F12: 1 | G12: 1 | H12: 81044 | I12: DETAILS | J12: 82895123 | K12: SGWT057 | L12: LS BLOUSE WITH ASSYMETRIC WAIST SGWT057:KHAKI:L:SOLID:LS BLOUSE | M12: 269900 | N12: 0.9 | O12: =M12-(M12*N12) -> 26990 | P12: PERCENTAGE
A13: =$A$2 -> 2023 H2 All Items D90 | B13: ='ALL 2024 H2 D80'!$B$2 -> 46114 | C13: ='ALL 2024 H2 D80'!$C$2 -> 46120 | D13: 3208 | E13: 320 | F13: 1 | G13: 1 | H13: 81044 | I13: DETAILS | J13: 82895132 | K13: SGWT057 | L13: LS BLOUSE WITH ASSYMETRIC WAIST SGWT057:KHAKI:XL:SOLID:LS BLOUSE | M13: 269900 | N13: 0.9 | O13: =M13-(M13*N13) -> 26990 | P13: PERCENTAGE
A14: =$A$2 -> 2023 H2 All Items D90 | B14: ='ALL 2024 H2 D80'!$B$2 -> 46114 | C14: ='ALL 2024 H2 D80'!$C$2 -> 46120 | D14: 3208 | E14: 320 | F14: 1 | G14: 1 | H14: 81044 | I14: DETAILS | J14: 82895141 | K14: SGWT058 | L14: LS BLOUSE WITH SHANGHAI COLLAR SGWT058:OLIVE:S:SOLID:LS BLOUSE | M14: 269900 | N14: 0.9 | O14: =M14-(M14*N14) -> 26990 | P14: PERCENTAGE
... A378: =$A$2 -> 2023 H2 All Items D90 | B378: ='ALL 2024 H2 D80'!$B$2 -> 46114 | C378: ='ALL 2024 H2 D80'!$C$2 -> 46120 | D378: 3208 | E378: 320 | F378: 1 | G378: 5 | H378: 81045 | I378: DETAILS | J378: 87566498 | K378: MELWB04 | L378: MAXI SKIRT TULLE MELWB04:KHAKI:XL:SOLID:MAXI SKIRT | M378: 249900 | N378: 0.9 | O378: =M378-(M378*N378) -> 24990 | P378: PERCENTAGE

Sheet 2023 LEB23 D90
A1: ACARA | B1: FROM DATE | C1: TO DATE | D1: DEPT | E1: WORLD | F1: DIVISION | G1: CLASS | H1: SUPPLIER | I1: BRAND | J1: SKU | K1: ARTICLE | L1: DESCRIPTION | M1: HARGA NORMAL | N1: DISKON | O1: HARGA PROMO | P1: DISCOUNT TYPE
A2: 2023 All Lebaran D90 | B2: ='ALL 2024 H2 D80'!$B$2 -> 46114 | C2: ='ALL 2024 H2 D80'!$C$2 -> 46120 | D2: 3208 | E2: 320 | F2: 1 | G2: 1 | H2: 81495 | I2: DETAILS | J2: 14303121 | K2: L3MAWT53 | L2: LS BLOUSE WITH LACE AND NECK STRING L3MAWT53:KHAKI:S:SOLID:LS BLOUSE | M2: 269900 | N2: 0.9 | O2: =M2-(M2*N2) -> 26990 | P2: PERCENTAGE
A3: =$A$2 -> 2023 All Lebaran D90 | B3: ='ALL 2024 H2 D80'!$B$2 -> 46114 | C3: ='ALL 2024 H2 D80'!$C$2 -> 46120 | D3: 3208 | E3: 320 | F3: 1 | G3: 1 | H3: 81495 | I3: DETAILS | J3: 14303130 | K3: L3MAWT53 | L3: LS BLOUSE WITH LACE AND NECK STRING L3MAWT53:KHAKI:M:SOLID:LS BLOUSE | M3: 269900 | N3: 0.9 | O3: =M3-(M3*N3) -> 26990 | P3: PERCENTAGE
A4: =$A$2 -> 2023 All Lebaran D90 | B4: ='ALL 2024 H2 D80'!$B$2 -> 46114 | C4: ='ALL 2024 H2 D80'!$C$2 -> 46120 | D4: 3208 | E4: 320 | F4: 1 | G4: 1 | H4: 81495 | I4: DETAILS | J4: 14303149 | K4: L3MAWT53 | L4: LS BLOUSE WITH LACE AND NECK STRING L3MAWT53:KHAKI:L:SOLID:LS BLOUSE | M4: 269900 | N4: 0.9 | O4: =M4-(M4*N4) -> 26990 | P4: PERCENTAGE
A5: =$A$2 -> 2023 All Lebaran D90 | B5: ='ALL 2024 H2 D80'!$B$2 -> 46114 | C5: ='ALL 2024 H2 D80'!$C$2 -> 46120 | D5: 3208 | E5: 320 | F5: 1 | G5: 1 | H5: 81495 | I5: DETAILS | J5: 14303158 | K5: L3MAWT53 | L5: LS BLOUSE WITH LACE AND NECK STRING L3MAWT53:KHAKI:XL:SOLID:LS BLOUSE | M5: 269900 | N5: 0.9 | O5: =M5-(M5*N5) -> 26990 | P5: PERCENTAGE
A6: =$A$2 -> 2023 All Lebaran D90 | B6: ='ALL 2024 H2 D80'!$B$2 -> 46114 | C6: ='ALL 2024 H2 D80'!$C$2 -> 46120 | D6: 3208 | E6: 320 | F6: 1 | G6: 1 | H6: 81495 | I6: DETAILS | J6: 79674234 | K6: L3MAWT53 | L6: LS BLOUSE WITH LACE AND NECK STRING L3MAWT53:PASTEL GREEN:S:SOLID:LS BLOUSE | M6: 269900 | N6: 0.9 | O6: =M6-(M6*N6) -> 26990 | P6: PERCENTAGE
A7: =$A$2 -> 2023 All Lebaran D90 | B7: ='ALL 2024 H2 D80'!$B$2 -> 46114 | C7: ='ALL 2024 H2 D80'!$C$2 -> 46120 | D7: 3208 | E7: 320 | F7: 1 | G7: 1 | H7: 81495 | I7: DETAILS | J7: 79674243 | K7: L3MAWT53 | L7: LS BLOUSE WITH LACE AND NECK STRING L3MAWT53:PASTEL GREEN:M:SOLID:LS BLOUSE | M7: 269900 | N7: 0.9 | O7: =M7-(M7*N7) -> 26990 | P7: PERCENTAGE
A8: =$A$2 -> 2023 All Lebaran D90 | B8: ='ALL 2024 H2 D80'!$B$2 -> 46114 | C8: ='ALL 2024 H2 D80'!$C$2 -> 46120 | D8: 3208 | E8: 320 | F8: 1 | G8: 1 | H8: 81495 | I8: DETAILS | J8: 79674252 | K8: L3MAWT53 | L8: LS BLOUSE WITH LACE AND NECK STRING L3MAWT53:PASTEL GREEN:L:SOLID:LS BLOUSE | M8: 269900 | N8: 0.9 | O8: =M8-(M8*N8) -> 26990 | P8: PERCENTAGE
A9: =$A$2 -> 2023 All Lebaran D90 | B9: ='ALL 2024 H2 D80'!$B$2 -> 46114 | C9: ='ALL 2024 H2 D80'!$C$2 -> 46120 | D9: 3208 | E9: 320 | F9: 1 | G9: 1 | H9: 81495 | I9: DETAILS | J9: 79674261 | K9: L3MAWT53 | L9: LS BLOUSE WITH LACE AND NECK STRING L3MAWT53:PASTEL GREEN:XL:SOLID:LS BLOUSE | M9: 269900 | N9: 0.9 | O9: =M9-(M9*N9) -> 26990 | P9: PERCENTAGE
A10: =$A$2 -> 2023 All Lebaran D90 | B10: ='ALL 2024 H2 D80'!$B$2 -> 46114 | C10: ='ALL 2024 H2 D80'!$C$2 -> 46120 | D10: 3208 | E10: 320 | F10: 1 | G10: 1 | H10: 81495 | I10: DETAILS | J10: 79674270 | K10: L3MAWT53 | L10: LS BLOUSE WITH LACE AND NECK STRING L3MAWT53:PASTEL PINK:S:SOLID:LS BLOUSE | M10: 269900 | N10: 0.9 | O10: =M10-(M10*N10) -> 26990 | P10: PERCENTAGE
A11: =$A$2 -> 2023 All Lebaran D90 | B11: ='ALL 2024 H2 D80'!$B$2 -> 46114 | C11: ='ALL 2024 H2 D80'!$C$2 -> 46120 | D11: 3208 | E11: 320 | F11: 1 | G11: 1 | H11: 81495 | I11: DETAILS | J11: 79674289 | K11: L3MAWT53 | L11: LS BLOUSE WITH LACE AND NECK STRING L3MAWT53:PASTEL PINK:M:SOLID:LS BLOUSE | M11: 269900 | N11: 0.9 | O11: =M11-(M11*N11) -> 26990 | P11: PERCENTAGE
A12: =$A$2 -> 2023 All Lebaran D90 | B12: ='ALL 2024 H2 D80'!$B$2 -> 46114 | C12: ='ALL 2024 H2 D80'!$C$2 -> 46120 | D12: 3208 | E12: 320 | F12: 1 | G12: 1 | H12: 81495 | I12: DETAILS | J12: 79674298 | K12: L3MAWT53 | L12: LS BLOUSE WITH LACE AND NECK STRING L3MAWT53:PASTEL PINK:L:SOLID:LS BLOUSE | M12: 269900 | N12: 0.9 | O12: =M12-(M12*N12) -> 26990 | P12: PERCENTAGE
A13: =$A$2 -> 2023 All Lebaran D90 | B13: ='ALL 2024 H2 D80'!$B$2 -> 46114 | C13: ='ALL 2024 H2 D80'!$C$2 -> 46120 | D13: 3208 | E13: 320 | F13: 1 | G13: 1 | H13: 81495 | I13: DETAILS | J13: 79674305 | K13: L3MAWT53 | L13: LS BLOUSE WITH LACE AND NECK STRING L3MAWT53:PASTEL PINK:XL:SOLID:LS BLOUSE | M13: 269900 | N13: 0.9 | O13: =M13-(M13*N13) -> 26990 | P13: PERCENTAGE
A14: =$A$2 -> 2023 All Lebaran D90 | B14: ='ALL 2024 H2 D80'!$B$2 -> 46114 | C14: ='ALL 2024 H2 D80'!$C$2 -> 46120 | D14: 3208 | E14: 320 | F14: 1 | G14: 2 | H14: 80954 | I14: DETAILS | J14: 79674510 | K14: L3TZCA59 | L14: SS T-SHIRT REGULAR TEE-FLOWER OUTLINE PRINT L3TZCA59:WHITE:S:GRAPHIC:SS T-SHIRT | M14: 89900 | N14: 0.9 | O14: =M14-(M14*N14) -> 8990 | P14: PERCENTAGE
... A37: =$A$2 -> 2023 All Lebaran D90 | B37: ='ALL 2024 H2 D80'!$B$2 -> 46114 | C37: ='ALL 2024 H2 D80'!$C$2 -> 46120 | D37: 3208 | E37: 320 | F37: 1 | G37: 5 | H37: 81495 | I37: DETAILS | J37: 80952449 | K37: L3MAWB63 | L37: MAXI SKIRT TIERED L3MAWB63:PASTEL BLUE:XL:SOLID:MAXI SKIRT | M37: 329900 | N37: 0.9 | O37: =M37-(M37*N37) -> 32990 | P37: PERCENTAGE

Sheet 2023 H1 ALL D90
A1: ACARA | B1: FROM DATE | C1: TO DATE | D1: DEPT | E1: WORLD | F1: DIVISION | G1: CLASS | H1: SUPPLIER | I1: BRAND | J1: SKU | K1: ARTICLE | L1: DESCRIPTION | M1: HARGA NORMAL | N1: DISKON | O1: HARGA PROMO | P1: DISCOUNT TYPE
A2: 2023 H1 All Items D90 | B2: ='ALL 2024 H2 D80'!$B$2 -> 46114 | C2: ='ALL 2024 H2 D80'!$C$2 -> 46120 | D2: 3208 | E2: 320 | F2: 1 | G2: 1 | H2: 81044 | I2: DETAILS | J2: 79668330 | K2: SGWT25 | L2: 34 SHIRT WITH OVERSIZE POCKET SGWT25:WHITE:S:SOLID:3/4 SHIRT | M2: 269900 | N2: 0.9 | O2: =M2-(M2*N2) -> 26990 | P2: PERCENTAGE
A3: =$A$2 -> 2023 H1 All Items D90 | B3: ='ALL 2024 H2 D80'!$B$2 -> 46114 | C3: ='ALL 2024 H2 D80'!$C$2 -> 46120 | D3: 3208 | E3: 320 | F3: 1 | G3: 1 | H3: 81044 | I3: DETAILS | J3: 79668349 | K3: SGWT25 | L3: 34 SHIRT WITH OVERSIZE POCKET SGWT25:WHITE:M:SOLID:3/4 SHIRT | M3: 269900 | N3: 0.9 | O3: =M3-(M3*N3) -> 26990 | P3: PERCENTAGE
A4: =$A$2 -> 2023 H1 All Items D90 | B4: ='ALL 2024 H2 D80'!$B$2 -> 46114 | C4: ='ALL 2024 H2 D80'!$C$2 -> 46120 | D4: 3208 | E4: 320 | F4: 1 | G4: 1 | H4: 81044 | I4: DETAILS | J4: 79673897 | K4: SGWT26 | L4: LS BLOUSE WITH RUFFLE AT BACK SGWT26:WOOD BROWN:S:SOLID:LS BLOUSE | M4: 269900 | N4: 0.9 | O4: =M4-(M4*N4) -> 26990 | P4: PERCENTAGE
A5: =$A$2 -> 2023 H1 All Items D90 | B5: ='ALL 2024 H2 D80'!$B$2 -> 46114 | C5: ='ALL 2024 H2 D80'!$C$2 -> 46120 | D5: 3208 | E5: 320 | F5: 1 | G5: 1 | H5: 81044 | I5: DETAILS | J5: 79673904 | K5: SGWT26 | L5: LS BLOUSE WITH RUFFLE AT BACK SGWT26:WOOD BROWN:M:SOLID:LS BLOUSE | M5: 269900 | N5: 0.9 | O5: =M5-(M5*N5) -> 26990 | P5: PERCENTAGE
A6: =$A$2 -> 2023 H1 All Items D90 | B6: ='ALL 2024 H2 D80'!$B$2 -> 46114 | C6: ='ALL 2024 H2 D80'!$C$2 -> 46120 | D6: 3208 | E6: 320 | F6: 1 | G6: 1 | H6: 81044 | I6: DETAILS | J6: 79673913 | K6: SGWT26 | L6: LS BLOUSE WITH RUFFLE AT BACK SGWT26:WOOD BROWN:L:SOLID:LS BLOUSE | M6: 269900 | N6: 0.9 | O6: =M6-(M6*N6) -> 26990 | P6: PERCENTAGE
A7: =$A$2 -> 2023 H1 All Items D90 | B7: ='ALL 2024 H2 D80'!$B$2 -> 46114 | C7: ='ALL 2024 H2 D80'!$C$2 -> 46120 | D7: 3208 | E7: 320 | F7: 1 | G7: 1 | H7: 81044 | I7: DETAILS | J7: 79673922 | K7: SGWT26 | L7: LS BLOUSE WITH RUFFLE AT BACK SGWT26:WOOD BROWN:XL:SOLID:LS BLOUSE | M7: 269900 | N7: 0.9 | O7: =M7-(M7*N7) -> 26990 | P7: PERCENTAGE
A8: =$A$2 -> 2023 H1 All Items D90 | B8: ='ALL 2024 H2 D80'!$B$2 -> 46114 | C8: ='ALL 2024 H2 D80'!$C$2 -> 46120 | D8: 3208 | E8: 320 | F8: 1 | G8: 1 | H8: 81044 | I8: DETAILS | J8: 79673940 | K8: SGWT26 | L8: LS BLOUSE WITH RUFFLE AT BACK SGWT26:CLASSIC BLUE:S:SOLID:LS BLOUSE | M8: 269900 | N8: 0.9 | O8: =M8-(M8*N8) -> 26990 | P8: PERCENTAGE
A9: =$A$2 -> 2023 H1 All Items D90 | B9: ='ALL 2024 H2 D80'!$B$2 -> 46114 | C9: ='ALL 2024 H2 D80'!$C$2 -> 46120 | D9: 3208 | E9: 320 | F9: 1 | G9: 1 | H9: 81044 | I9: DETAILS | J9: 79673959 | K9: SGWT26 | L9: LS BLOUSE WITH RUFFLE AT BACK SGWT26:CLASSIC BLUE:M:SOLID:LS BLOUSE | M9: 269900 | N9: 0.9 | O9: =M9-(M9*N9) -> 26990 | P9: PERCENTAGE
A10: =$A$2 -> 2023 H1 All Items D90 | B10: ='ALL 2024 H2 D80'!$B$2 -> 46114 | C10: ='ALL 2024 H2 D80'!$C$2 -> 46120 | D10: 3208 | E10: 320 | F10: 1 | G10: 1 | H10: 81044 | I10: DETAILS | J10: 79673968 | K10: SGWT26 | L10: LS BLOUSE WITH RUFFLE AT BACK SGWT26:CLASSIC BLUE:L:SOLID:LS BLOUSE | M10: 269900 | N10: 0.9 | O10: =M10-(M10*N10) -> 26990 | P10: PERCENTAGE
A11: =$A$2 -> 2023 H1 All Items D90 | B11: ='ALL 2024 H2 D80'!$B$2 -> 46114 | C11: ='ALL 2024 H2 D80'!$C$2 -> 46120 | D11: 3208 | E11: 320 | F11: 1 | G11: 1 | H11: 81044 | I11: DETAILS | J11: 79673977 | K11: SGWT26 | L11: LS BLOUSE WITH RUFFLE AT BACK SGWT26:CLASSIC BLUE:XL:SOLID:LS BLOUSE | M11: 269900 | N11: 0.9 | O11: =M11-(M11*N11) -> 26990 | P11: PERCENTAGE
A12: =$A$2 -> 2023 H1 All Items D90 | B12: ='ALL 2024 H2 D80'!$B$2 -> 46114 | C12: ='ALL 2024 H2 D80'!$C$2 -> 46120 | D12: 3208 | E12: 320 | F12: 1 | G12: 1 | H12: 81044 | I12: DETAILS | J12: 79674190 | K12: SGWT31 | L12: SS BLOUSE WITH ABSTRACT PRINT SGWT31:CLASSIC RED:S:SOLID:SS BLOUSE | M12: 249900 | N12: 0.9 | O12: =M12-(M12*N12) -> 24990 | P12: PERCENTAGE
A13: =$A$2 -> 2023 H1 All Items D90 | B13: ='ALL 2024 H2 D80'!$B$2 -> 46114 | C13: ='ALL 2024 H2 D80'!$C$2 -> 46120 | D13: 3208 | E13: 320 | F13: 1 | G13: 1 | H13: 81044 | I13: DETAILS | J13: 79674207 | K13: SGWT31 | L13: SS BLOUSE WITH ABSTRACT PRINT SGWT31:CLASSIC RED:M:SOLID:SS BLOUSE | M13: 249900 | N13: 0.9 | O13: =M13-(M13*N13) -> 24990 | P13: PERCENTAGE
A14: =$A$2 -> 2023 H1 All Items D90 | B14: ='ALL 2024 H2 D80'!$B$2 -> 46114 | C14: ='ALL 2024 H2 D80'!$C$2 -> 46120 | D14: 3208 | E14: 320 | F14: 1 | G14: 1 | H14: 81044 | I14: DETAILS | J14: 79674216 | K14: SGWT31 | L14: SS BLOUSE WITH ABSTRACT PRINT SGWT31:CLASSIC RED:L:SOLID:SS BLOUSE | M14: 249900 | N14: 0.9 | O14: =M14-(M14*N14) -> 24990 | P14: PERCENTAGE
... A533: =$A$2 -> 2023 H1 All Items D90 | B533: ='ALL 2024 H2 D80'!$B$2 -> 46114 | C533: ='ALL 2024 H2 D80'!$C$2 -> 46120 | D533: 3208 | E533: 320 | F533: 1 | G533: 11 | H533: 81736 | I533: DETAILS | J533: 79673888 | K533: BAESWT58 | L533: SWEATSHIRT WITH SLEEVES DETAILINGS BAESWT58:PASTEL PINK:XL:SOLID:SWEATSHIRT | M533: 249900 | N533: 0.9 | O533: =M533-(M533*N533) -> 24990 | P533: PERCENTAGE

Sheet 2022 ALL D90
A1: ACARA | B1: FROM DATE | C1: TO DATE | D1: DEPT | E1: WORLD | F1: DIVISION | G1: CLASS | H1: SUPPLIER | I1: BRAND | J1: SKU | K1: ARTICLE | L1: DESCRIPTION | M1: HARGA NORMAL | N1: DISKON | O1: HARGA PROMO | P1: DISCOUNT TYPE
A2: 2022 All Items D90 | B2: ='ALL 2024 H2 D80'!$B$2 -> 46114 | C2: ='ALL 2024 H2 D80'!$C$2 -> 46120 | D2: 3208 | E2: 320 | F2: 1 | G2: 1 | H2: 81044 | I2: DETAILS | J2: 26940750 | K2: SG47 | L2: LS SHIRT TOP WOVEN SEERSUCKER SG47:OLD GOLD:S:TEXTURE:LS SHIRT | M2: 249900 | N2: 0.9 | O2: =M2-(M2*N2) -> 24990 | P2: PERCENTAGE
A3: =$A$2 -> 2022 All Items D90 | B3: ='ALL 2024 H2 D80'!$B$2 -> 46114 | C3: ='ALL 2024 H2 D80'!$C$2 -> 46120 | D3: 3208 | E3: 320 | F3: 1 | G3: 1 | H3: 81044 | I3: DETAILS | J3: 26940769 | K3: SG47 | L3: LS SHIRT TOP WOVEN SEERSUCKER SG47:OLD GOLD:M:TEXTURE:LS SHIRT | M3: 249900 | N3: 0.9 | O3: =M3-(M3*N3) -> 24990 | P3: PERCENTAGE
A4: =$A$2 -> 2022 All Items D90 | B4: ='ALL 2024 H2 D80'!$B$2 -> 46114 | C4: ='ALL 2024 H2 D80'!$C$2 -> 46120 | D4: 3208 | E4: 320 | F4: 1 | G4: 1 | H4: 81044 | I4: DETAILS | J4: 26940787 | K4: SG47 | L4: LS SHIRT TOP WOVEN SEERSUCKER SG47:OLD GOLD:XL:TEXTURE:LS SHIRT | M4: 249900 | N4: 0.9 | O4: =M4-(M4*N4) -> 24990 | P4: PERCENTAGE
A5: =$A$2 -> 2022 All Items D90 | B5: ='ALL 2024 H2 D80'!$B$2 -> 46114 | C5: ='ALL 2024 H2 D80'!$C$2 -> 46120 | D5: 3208 | E5: 320 | F5: 1 | G5: 1 | H5: 81044 | I5: DETAILS | J5: 26940910 | K5: SG48 | L5: LS BLOUSE TOP WOVEN MIX IMP SG48:GOLDEN BROWN:S:TEXTURE:LS BLOUSE | M5: 269900 | N5: 0.9 | O5: =M5-(M5*N5) -> 26990 | P5: PERCENTAGE
A6: =$A$2 -> 2022 All Items D90 | B6: ='ALL 2024 H2 D80'!$B$2 -> 46114 | C6: ='ALL 2024 H2 D80'!$C$2 -> 46120 | D6: 3208 | E6: 320 | F6: 1 | G6: 1 | H6: 81044 | I6: DETAILS | J6: 26940929 | K6: SG48 | L6: LS BLOUSE TOP WOVEN MIX IMP SG48:GOLDEN BROWN:M:TEXTURE:LS BLOUSE | M6: 269900 | N6: 0.9 | O6: =M6-(M6*N6) -> 26990 | P6: PERCENTAGE
A7: =$A$2 -> 2022 All Items D90 | B7: ='ALL 2024 H2 D80'!$B$2 -> 46114 | C7: ='ALL 2024 H2 D80'!$C$2 -> 46120 | D7: 3208 | E7: 320 | F7: 1 | G7: 1 | H7: 81044 | I7: DETAILS | J7: 26940938 | K7: SG48 | L7: LS BLOUSE TOP WOVEN MIX IMP SG48:GOLDEN BROWN:L:TEXTURE:LS BLOUSE | M7: 269900 | N7: 0.9 | O7: =M7-(M7*N7) -> 26990 | P7: PERCENTAGE
A8: =$A$2 -> 2022 All Items D90 | B8: ='ALL 2024 H2 D80'!$B$2 -> 46114 | C8: ='ALL 2024 H2 D80'!$C$2 -> 46120 | D8: 3208 | E8: 320 | F8: 1 | G8: 1 | H8: 81044 | I8: DETAILS | J8: 26940947 | K8: SG48 | L8: LS BLOUSE TOP WOVEN MIX IMP SG48:GOLDEN BROWN:XL:TEXTURE:LS BLOUSE | M8: 269900 | N8: 0.9 | O8: =M8-(M8*N8) -> 26990 | P8: PERCENTAGE
A9: =$A$2 -> 2022 All Items D90 | B9: ='ALL 2024 H2 D80'!$B$2 -> 46114 | C9: ='ALL 2024 H2 D80'!$C$2 -> 46120 | D9: 3208 | E9: 320 | F9: 1 | G9: 1 | H9: 81044 | I9: DETAILS | J9: 26940956 | K9: SG48 | L9: LS BLOUSE TOP WOVEN MIX IMP SG48:OLIVE:S:TEXTURE:LS BLOUSE | M9: 269900 | N9: 0.9 | O9: =M9-(M9*N9) -> 26990 | P9: PERCENTAGE
A10: =$A$2 -> 2022 All Items D90 | B10: ='ALL 2024 H2 D80'!$B$2 -> 46114 | C10: ='ALL 2024 H2 D80'!$C$2 -> 46120 | D10: 3208 | E10: 320 | F10: 1 | G10: 1 | H10: 81044 | I10: DETAILS | J10: 26940965 | K10: SG48 | L10: LS BLOUSE TOP WOVEN MIX IMP SG48:OLIVE:M:TEXTURE:LS BLOUSE | M10: 269900 | N10: 0.9 | O10: =M10-(M10*N10) -> 26990 | P10: PERCENTAGE
A11: =$A$2 -> 2022 All Items D90 | B11: ='ALL 2024 H2 D80'!$B$2 -> 46114 | C11: ='ALL 2024 H2 D80'!$C$2 -> 46120 | D11: 3208 | E11: 320 | F11: 1 | G11: 1 | H11: 81044 | I11: DETAILS | J11: 26940974 | K11: SG48 | L11: LS BLOUSE TOP WOVEN MIX IMP SG48:OLIVE:L:TEXTURE:LS BLOUSE | M11: 269900 | N11: 0.9 | O11: =M11-(M11*N11) -> 26990 | P11: PERCENTAGE
A12: =$A$2 -> 2022 All Items D90 | B12: ='ALL 2024 H2 D80'!$B$2 -> 46114 | C12: ='ALL 2024 H2 D80'!$C$2 -> 46120 | D12: 3208 | E12: 320 | F12: 1 | G12: 1 | H12: 81044 | I12: DETAILS | J12: 26940983 | K12: SG48 | L12: LS BLOUSE TOP WOVEN MIX IMP SG48:OLIVE:XL:TEXTURE:LS BLOUSE | M12: 269900 | N12: 0.9 | O12: =M12-(M12*N12) -> 26990 | P12: PERCENTAGE
A13: =$A$2 -> 2022 All Items D90 | B13: ='ALL 2024 H2 D80'!$B$2 -> 46114 | C13: ='ALL 2024 H2 D80'!$C$2 -> 46120 | D13: 3208 | E13: 320 | F13: 1 | G13: 1 | H13: 81044 | I13: DETAILS | J13: 26948690 | K13: SG45 | L13: LS SHIRT TOP WOVEN OVSZ BUTT KAYU SG45:OLIVE:M:SOLID:LS SHIRT | M13: 269900 | N13: 0.9 | O13: =M13-(M13*N13) -> 26990 | P13: PERCENTAGE
A14: =$A$2 -> 2022 All Items D90 | B14: ='ALL 2024 H2 D80'!$B$2 -> 46114 | C14: ='ALL 2024 H2 D80'!$C$2 -> 46120 | D14: 3208 | E14: 320 | F14: 1 | G14: 1 | H14: 81044 | I14: DETAILS | J14: 26948707 | K14: SG45 | L14: LS SHIRT TOP WOVEN OVSZ BUTT KAYU SG45:OLIVE:L:SOLID:LS SHIRT | M14: 269900 | N14: 0.9 | O14: =M14-(M14*N14) -> 26990 | P14: PERCENTAGE
... A777: =$A$2 -> 2022 All Items D90 | B777: ='ALL 2024 H2 D80'!$B$2 -> 46114 | C777: ='ALL 2024 H2 D80'!$C$2 -> 46120 | D777: 3208 | E777: 320 | F777: 1 | G777: 11 | H777: 81736 | I777: DETAILS | J777: 75661184 | K777: BAESWT067 | L777: SWEATSHIRT WITH WAIST STRING BAESWT067:MISTY MEDIUM G:XL:GRAPHIC:SWEATSHIRT | M777: 229900 | N777: 0.9 | O777: =M777-(M777*N777) -> 22990 | P777: PERCENTAGE

Sheet 2021 ALL D90
A1: ACARA | B1: FROM DATE | C1: TO DATE | D1: DEPT | E1: WORLD | F1: DIVISION | G1: CLASS | H1: SUPPLIER | I1: BRAND | J1: SKU | K1: ARTICLE | L1: DESCRIPTION | M1: HARGA NORMAL | N1: DISKON | O1: HARGA PROMO | P1: DISCOUNT TYPE
A2: 2021 ALL D90 | B2: ='ALL 2024 H2 D80'!$B$2 -> 46114 | C2: ='ALL 2024 H2 D80'!$C$2 -> 46120 | D2: 3208 | E2: 320 | F2: 1 | G2: 1 | H2: 81044 | I2: DETAILS | J2: 26321142 | K2: KHASG23 | L2: KHAKI TOP WVN SHIRT W/ TALI:OLIVE:M | M2: 219900 | N2: 0.9 | O2: =M2-(M2*N2) -> 21990 | P2: PERCENTAGE
A3: =$A$2 -> 2021 ALL D90 | B3: ='ALL 2024 H2 D80'!$B$2 -> 46114 | C3: ='ALL 2024 H2 D80'!$C$2 -> 46120 | D3: 3208 | E3: 320 | F3: 1 | G3: 1 | H3: 81044 | I3: DETAILS | J3: 26321160 | K3: KHASG23 | L3: KHAKI TOP WVN SHIRT W/ TALI:OLIVE:XL | M3: 219900 | N3: 0.9 | O3: =M3-(M3*N3) -> 21990 | P3: PERCENTAGE
A4: =$A$2 -> 2021 ALL D90 | B4: ='ALL 2024 H2 D80'!$B$2 -> 46114 | C4: ='ALL 2024 H2 D80'!$C$2 -> 46120 | D4: 3208 | E4: 320 | F4: 1 | G4: 1 | H4: 81044 | I4: DETAILS | J4: 26488482 | K4: CORSG40 | L4: CRN TOP WVN LS DOBBY STR:CORAL:S | M4: 259900 | N4: 0.9 | O4: =M4-(M4*N4) -> 25990 | P4: PERCENTAGE
A5: =$A$2 -> 2021 ALL D90 | B5: ='ALL 2024 H2 D80'!$B$2 -> 46114 | C5: ='ALL 2024 H2 D80'!$C$2 -> 46120 | D5: 3208 | E5: 320 | F5: 1 | G5: 1 | H5: 81044 | I5: DETAILS | J5: 26488491 | K5: CORSG40 | L5: CRN TOP WVN LS DOBBY STR:CORAL:M | M5: 259900 | N5: 0.9 | O5: =M5-(M5*N5) -> 25990 | P5: PERCENTAGE
A6: =$A$2 -> 2021 ALL D90 | B6: ='ALL 2024 H2 D80'!$B$2 -> 46114 | C6: ='ALL 2024 H2 D80'!$C$2 -> 46120 | D6: 3208 | E6: 320 | F6: 1 | G6: 1 | H6: 81044 | I6: DETAILS | J6: 26488508 | K6: CORSG40 | L6: CRN TOP WVN LS DOBBY STR:CORAL:L | M6: 259900 | N6: 0.9 | O6: =M6-(M6*N6) -> 25990 | P6: PERCENTAGE
A7: =$A$2 -> 2021 ALL D90 | B7: ='ALL 2024 H2 D80'!$B$2 -> 46114 | C7: ='ALL 2024 H2 D80'!$C$2 -> 46120 | D7: 3208 | E7: 320 | F7: 1 | G7: 1 | H7: 81044 | I7: DETAILS | J7: 26488517 | K7: CORSG40 | L7: CRN TOP WVN LS DOBBY STR:CORAL:XL | M7: 259900 | N7: 0.9 | O7: =M7-(M7*N7) -> 25990 | P7: PERCENTAGE
A8: =$A$2 -> 2021 ALL D90 | B8: ='ALL 2024 H2 D80'!$B$2 -> 46114 | C8: ='ALL 2024 H2 D80'!$C$2 -> 46120 | D8: 3208 | E8: 320 | F8: 1 | G8: 1 | H8: 81044 | I8: DETAILS | J8: 26670579 | K8: OGSG58 | L8: LS SHIRT SILUET STRIPE KHK OG OGSG58:OFF WHITE:L:TEXTURE:LS SHIRT | M8: 219900 | N8: 0.9 | O8: =M8-(M8*N8) -> 21990 | P8: PERCENTAGE
A9: =$A$2 -> 2021 ALL D90 | B9: ='ALL 2024 H2 D80'!$B$2 -> 46114 | C9: ='ALL 2024 H2 D80'!$C$2 -> 46120 | D9: 3208 | E9: 320 | F9: 1 | G9: 1 | H9: 81044 | I9: DETAILS | J9: 26941633 | K9: SG57 | L9: LS BLOUSE TOP WOVEN MIX IMP SG57:PASTEL GREEN:S:TEXTURE:LS BLOUSE | M9: 249900 | N9: 0.9 | O9: =M9-(M9*N9) -> 24990 | P9: PERCENTAGE
A10: =$A$2 -> 2021 ALL D90 | B10: ='ALL 2024 H2 D80'!$B$2 -> 46114 | C10: ='ALL 2024 H2 D80'!$C$2 -> 46120 | D10: 3208 | E10: 320 | F10: 1 | G10: 1 | H10: 81044 | I10: DETAILS | J10: 26941642 | K10: SG57 | L10: LS BLOUSE TOP WOVEN MIX IMP SG57:PASTEL GREEN:M:TEXTURE:LS BLOUSE | M10: 249900 | N10: 0.9 | O10: =M10-(M10*N10) -> 24990 | P10: PERCENTAGE
A11: =$A$2 -> 2021 ALL D90 | B11: ='ALL 2024 H2 D80'!$B$2 -> 46114 | C11: ='ALL 2024 H2 D80'!$C$2 -> 46120 | D11: 3208 | E11: 320 | F11: 1 | G11: 1 | H11: 81044 | I11: DETAILS | J11: 26941651 | K11: SG57 | L11: LS BLOUSE TOP WOVEN MIX IMP SG57:PASTEL GREEN:L:TEXTURE:LS BLOUSE | M11: 249900 | N11: 0.9 | O11: =M11-(M11*N11) -> 24990 | P11: PERCENTAGE
A12: =$A$2 -> 2021 ALL D90 | B12: ='ALL 2024 H2 D80'!$B$2 -> 46114 | C12: ='ALL 2024 H2 D80'!$C$2 -> 46120 | D12: 3208 | E12: 320 | F12: 1 | G12: 1 | H12: 81044 | I12: DETAILS | J12: 26941660 | K12: SG57 | L12: LS BLOUSE TOP WOVEN MIX IMP SG57:PASTEL GREEN:XL:TEXTURE:LS BLOUSE | M12: 249900 | N12: 0.9 | O12: =M12-(M12*N12) -> 24990 | P12: PERCENTAGE
A13: =$A$2 -> 2021 ALL D90 | B13: ='ALL 2024 H2 D80'!$B$2 -> 46114 | C13: ='ALL 2024 H2 D80'!$C$2 -> 46120 | D13: 3208 | E13: 320 | F13: 1 | G13: 1 | H13: 81044 | I13: DETAILS | J13: 26948654 | K13: SG61 | L13: SS SHIRT TOP WOVEN KUPNAT SG61:OLD GOLD:M:SOLID:SS SHIRT | M13: 189900 | N13: 0.9 | O13: =M13-(M13*N13) -> 18990 | P13: PERCENTAGE
A14: =$A$2 -> 2021 ALL D90 | B14: ='ALL 2024 H2 D80'!$B$2 -> 46114 | C14: ='ALL 2024 H2 D80'!$C$2 -> 46120 | D14: 3208 | E14: 320 | F14: 1 | G14: 1 | H14: 81044 | I14: DETAILS | J14: 26948663 | K14: SG61 | L14: SS SHIRT TOP WOVEN KUPNAT SG61:OLD GOLD:L:SOLID:SS SHIRT | M14: 189900 | N14: 0.9 | O14: =M14-(M14*N14) -> 18990 | P14: PERCENTAGE
... A368: =$A$2 -> 2021 ALL D90 | B368: ='ALL 2024 H2 D80'!$B$2 -> 46114 | C368: ='ALL 2024 H2 D80'!$C$2 -> 46120 | D368: 3208 | E368: 320 | F368: 1 | G368: 7 | H368: 81044 | I368: DETAILS | J368: 32574439 | K368: KIWVN | L368: LS SHIRT KI KEMEJA RIVET PASTEL GREEN KIWVN:JADE:L:SOLID:LS SHIRT | M368: 199900 | N368: 0.9 | O368: =M368-(M368*N368) -> 19990 | P368: PERCENTAGE

Sheet 2020 ALL D90
A1: ACARA | B1: FROM DATE | C1: TO DATE | D1: DEPT | E1: WORLD | F1: DIVISION | G1: CLASS | H1: SUPPLIER | I1: BRAND | J1: SKU | K1: ARTICLE | L1: DESCRIPTION | M1: HARGA NORMAL | N1: DISKON | O1: HARGA PROMO | P1: DISCOUNT TYPE
A2: 2020 ALL D90 | B2: ='ALL 2024 H2 D80'!$B$2 -> 46114 | C2: ='ALL 2024 H2 D80'!$C$2 -> 46120 | D2: 3208 | E2: 320 | F2: 1 | G2: 1 | H2: 81044 | I2: DETAILS | J2: 26112038 | K2: TWSG11OL | L2: TOP WVN LS W/ TAPE ROLL UP:OLIVE:S | M2: 219900 | N2: 0.9 | O2: =M2-(M2*N2) -> 21990 | P2: PERCENTAGE
A3: =$A$2 -> 2020 ALL D90 | B3: ='ALL 2024 H2 D80'!$B$2 -> 46114 | C3: ='ALL 2024 H2 D80'!$C$2 -> 46120 | D3: 3208 | E3: 320 | F3: 1 | G3: 1 | H3: 81044 | I3: DETAILS | J3: 26112056 | K3: TWSG11OL | L3: TOP WVN LS W/ TAPE ROLL UP:OLIVE:L | M3: 219900 | N3: 0.9 | O3: =M3-(M3*N3) -> 21990 | P3: PERCENTAGE
A4: =$A$2 -> 2020 ALL D90 | B4: ='ALL 2024 H2 D80'!$B$2 -> 46114 | C4: ='ALL 2024 H2 D80'!$C$2 -> 46120 | D4: 3208 | E4: 320 | F4: 1 | G4: 1 | H4: 81044 | I4: DETAILS | J4: 26321802 | K4: PINKSG25 | L4: PINK TOP WVN KOMB EYELET:DUSTY PINK:M | M4: 259900 | N4: 0.9 | O4: =M4-(M4*N4) -> 25990 | P4: PERCENTAGE
A5: =$A$2 -> 2020 ALL D90 | B5: ='ALL 2024 H2 D80'!$B$2 -> 46114 | C5: ='ALL 2024 H2 D80'!$C$2 -> 46120 | D5: 3208 | E5: 320 | F5: 1 | G5: 1 | H5: 81044 | I5: DETAILS | J5: 26490513 | K5: OGSG49 | L5: OLD GOLD TOP WVN MIX IMP:OLD GOLD:S | M5: 259900 | N5: 0.9 | O5: =M5-(M5*N5) -> 25990 | P5: PERCENTAGE
A6: =$A$2 -> 2020 ALL D90 | B6: ='ALL 2024 H2 D80'!$B$2 -> 46114 | C6: ='ALL 2024 H2 D80'!$C$2 -> 46120 | D6: 3208 | E6: 320 | F6: 1 | G6: 1 | H6: 81044 | I6: DETAILS | J6: 26490522 | K6: OGSG49 | L6: OLD GOLD TOP WVN MIX IMP:OLD GOLD:M | M6: 259900 | N6: 0.9 | O6: =M6-(M6*N6) -> 25990 | P6: PERCENTAGE
A7: =$A$2 -> 2020 ALL D90 | B7: ='ALL 2024 H2 D80'!$B$2 -> 46114 | C7: ='ALL 2024 H2 D80'!$C$2 -> 46120 | D7: 3208 | E7: 320 | F7: 1 | G7: 1 | H7: 81044 | I7: DETAILS | J7: 26490531 | K7: OGSG49 | L7: OLD GOLD TOP WVN MIX IMP:OLD GOLD:L | M7: 259900 | N7: 0.9 | O7: =M7-(M7*N7) -> 25990 | P7: PERCENTAGE
A8: =$A$2 -> 2020 ALL D90 | B8: ='ALL 2024 H2 D80'!$B$2 -> 46114 | C8: ='ALL 2024 H2 D80'!$C$2 -> 46120 | D8: 3208 | E8: 320 | F8: 1 | G8: 1 | H8: 81044 | I8: DETAILS | J8: 26513006 | K8: TRGSG1 | L8: TRG TOP WVN EMG FLW TURT:OFF WHITE:S | M8: 249900 | N8: 0.9 | O8: =M8-(M8*N8) -> 24990 | P8: PERCENTAGE
A9: =$A$2 -> 2020 ALL D90 | B9: ='ALL 2024 H2 D80'!$B$2 -> 46114 | C9: ='ALL 2024 H2 D80'!$C$2 -> 46120 | D9: 3208 | E9: 320 | F9: 1 | G9: 1 | H9: 81044 | I9: DETAILS | J9: 27035165 | K9: SG36 | L9: 3/4 BLOUSE TOP WOVEN IKAT BAWAH MIX IMP SG36:CORAL:S:STRIPE:3/4 BLOUSE | M9: 259900 | N9: 0.9 | O9: =M9-(M9*N9) -> 25990 | P9: PERCENTAGE
A10: =$A$2 -> 2020 ALL D90 | B10: ='ALL 2024 H2 D80'!$B$2 -> 46114 | C10: ='ALL 2024 H2 D80'!$C$2 -> 46120 | D10: 3208 | E10: 320 | F10: 1 | G10: 1 | H10: 81044 | I10: DETAILS | J10: 27035174 | K10: SG36 | L10: 3/4 BLOUSE TOP WOVEN IKAT BAWAH MIX IMP SG36:CORAL:M:STRIPE:3/4 BLOUSE | M10: 259900 | N10: 0.9 | O10: =M10-(M10*N10) -> 25990 | P10: PERCENTAGE
A11: =$A$2 -> 2020 ALL D90 | B11: ='ALL 2024 H2 D80'!$B$2 -> 46114 | C11: ='ALL 2024 H2 D80'!$C$2 -> 46120 | D11: 3208 | E11: 320 | F11: 1 | G11: 1 | H11: 81044 | I11: DETAILS | J11: 27035183 | K11: SG36 | L11: 3/4 BLOUSE TOP WOVEN IKAT BAWAH MIX IMP SG36:CORAL:L:STRIPE:3/4 BLOUSE | M11: 259900 | N11: 0.9 | O11: =M11-(M11*N11) -> 25990 | P11: PERCENTAGE
A12: =$A$2 -> 2020 ALL D90 | B12: ='ALL 2024 H2 D80'!$B$2 -> 46114 | C12: ='ALL 2024 H2 D80'!$C$2 -> 46120 | D12: 3208 | E12: 320 | F12: 1 | G12: 1 | H12: 81044 | I12: DETAILS | J12: 27035192 | K12: SG36 | L12: 3/4 BLOUSE TOP WOVEN IKAT BAWAH MIX IMP SG36:CORAL:XL:STRIPE:3/4 BLOUSE | M12: 259900 | N12: 0.9 | O12: =M12-(M12*N12) -> 25990 | P12: PERCENTAGE
A13: =$A$2 -> 2020 ALL D90 | B13: ='ALL 2024 H2 D80'!$B$2 -> 46114 | C13: ='ALL 2024 H2 D80'!$C$2 -> 46120 | D13: 3208 | E13: 320 | F13: 1 | G13: 1 | H13: 81044 | I13: DETAILS | J13: 27061305 | K13: CMSG69 | L13: LS BLOUSE TURTLE RUFFLE CMSG69:OFF WHITE:S:SOLID:LS BLOUSE | M13: 219900 | N13: 0.9 | O13: =M13-(M13*N13) -> 21990 | P13: PERCENTAGE
A14: =$A$2 -> 2020 ALL D90 | B14: ='ALL 2024 H2 D80'!$B$2 -> 46114 | C14: ='ALL 2024 H2 D80'!$C$2 -> 46120 | D14: 3208 | E14: 320 | F14: 1 | G14: 1 | H14: 81044 | I14: DETAILS | J14: 27061314 | K14: CMSG69 | L14: LS BLOUSE TURTLE RUFFLE CMSG69:OFF WHITE:M:SOLID:LS BLOUSE | M14: 219900 | N14: 0.9 | O14: =M14-(M14*N14) -> 21990 | P14: PERCENTAGE
... A99: =$A$2 -> 2020 ALL D90 | B99: ='ALL 2024 H2 D80'!$B$2 -> 46114 | C99: ='ALL 2024 H2 D80'!$C$2 -> 46120 | D99: 3208 | E99: 320 | F99: 1 | G99: 6 | H99: 81736 | I99: DETAILS | J99: 26688917 | K99: LGTLB | L99: LEGGING BASIC SPX LGTLB:BLACK:S:SOLID:LEGGING | M99: 169900 | N99: 0.9 | O99: =M99-(M99*N99) -> 16990 | P99: PERCENTAGE

Sheet 2019-OLDER ALL D95
A1: ACARA | B1: FROM DATE | C1: TO DATE | D1: DEPT | E1: WORLD | F1: DIVISION | G1: CLASS | H1: SUPPLIER | I1: BRAND | J1: SKU | K1: ARTICLE | L1: DESCRIPTION | M1: HARGA NORMAL | N1: DISKON | O1: HARGA PROMO | P1: DISCOUNT TYPE
A2: 2019-OLDER ALL D95 | B2: ='ALL 2024 H2 D80'!$B$2 -> 46114 | C2: ='ALL 2024 H2 D80'!$C$2 -> 46120 | D2: 3208 | E2: 320 | F2: 1 | G2: 1 | H2: 81044 | I2: DETAILS | J2: 20689892 | K2: SP11186-SB | L2: 7/8 RAYON-WOVEN STRIPES RUFFLES STYLE SKY BLUE:PASTEL BLUE:XL | M2: 159900 | N2: 0.95 | O2: =M2-(M2*N2) -> 7995 | P2: PERCENTAGE
A3: 2019-OLDER ALL D95 | B3: ='ALL 2024 H2 D80'!$B$2 -> 46114 | C3: ='ALL 2024 H2 D80'!$C$2 -> 46120 | D3: 3208 | E3: 320 | F3: 1 | G3: 1 | H3: 81044 | I3: DETAILS | J3: 20760090 | K3: SP12345-AQ | L3: SABRINA BORDIR BUNGA AQUARIUS:BRILLIANT BLUE:S | M3: 169900 | N3: 0.95 | O3: =M3-(M3*N3) -> 8495 | P3: PERCENTAGE
A4: 2019-OLDER ALL D95 | B4: ='ALL 2024 H2 D80'!$B$2 -> 46114 | C4: ='ALL 2024 H2 D80'!$C$2 -> 46120 | D4: 3208 | E4: 320 | F4: 1 | G4: 1 | H4: 81044 | I4: DETAILS | J4: 20816824 | K4: SP11194-PA | L4: LS RU ROUND ZIPPER DETAIL:LIGHT CORAL:S | M4: 159900 | N4: 0.95 | O4: =M4-(M4*N4) -> 7995 | P4: PERCENTAGE
A5: 2019-OLDER ALL D95 | B5: ='ALL 2024 H2 D80'!$B$2 -> 46114 | C5: ='ALL 2024 H2 D80'!$C$2 -> 46120 | D5: 3208 | E5: 320 | F5: 1 | G5: 1 | H5: 81044 | I5: DETAILS | J5: 20824100 | K5: SP11261 | L5: 7/8 OVERSIZED STYLE WITH CHOKER:PEPPERMINT:M | M5: 199900 | N5: 0.95 | O5: =M5-(M5*N5) -> 9995 | P5: PERCENTAGE
A6: 2019-OLDER ALL D95 | B6: ='ALL 2024 H2 D80'!$B$2 -> 46114 | C6: ='ALL 2024 H2 D80'!$C$2 -> 46120 | D6: 3208 | E6: 320 | F6: 1 | G6: 1 | H6: 81044 | I6: DETAILS | J6: 20999646 | K6: SP11211 | L6: SABRINA BATIK:CLASSIC BLUE:XL | M6: 159900 | N6: 0.95 | O6: =M6-(M6*N6) -> 7995 | P6: PERCENTAGE
A7: 2019-OLDER ALL D95 | B7: ='ALL 2024 H2 D80'!$B$2 -> 46114 | C7: ='ALL 2024 H2 D80'!$C$2 -> 46120 | D7: 3208 | E7: 320 | F7: 1 | G7: 1 | H7: 81044 | I7: DETAILS | J7: 21297358 | K7: SP11453 | L7: 2 PCS LOOK LIKE GINGHAM STYLE WALET PATCH:WHITE:M | M7: 169900 | N7: 0.95 | O7: =M7-(M7*N7) -> 8495 | P7: PERCENTAGE
A8: 2019-OLDER ALL D95 | B8: ='ALL 2024 H2 D80'!$B$2 -> 46114 | C8: ='ALL 2024 H2 D80'!$C$2 -> 46120 | D8: 3208 | E8: 320 | F8: 1 | G8: 1 | H8: 81044 | I8: DETAILS | J8: 21468477 | K8: SP11183SC | L8: LS PETERPAN COLLAR WAIST TIE:MAROON:M | M8: 169900 | N8: 0.95 | O8: =M8-(M8*N8) -> 8495 | P8: PERCENTAGE
A9: 2019-OLDER ALL D95 | B9: ='ALL 2024 H2 D80'!$B$2 -> 46114 | C9: ='ALL 2024 H2 D80'!$C$2 -> 46120 | D9: 3208 | E9: 320 | F9: 1 | G9: 1 | H9: 81044 | I9: DETAILS | J9: 21859536 | K9: SP11451 | L9: 7/8 EMBRO TOP AT SHOULDER:OFF WHITE:M | M9: 179900 | N9: 0.95 | O9: =M9-(M9*N9) -> 8995 | P9: PERCENTAGE
A10: 2019-OLDER ALL D95 | B10: ='ALL 2024 H2 D80'!$B$2 -> 46114 | C10: ='ALL 2024 H2 D80'!$C$2 -> 46120 | D10: 3208 | E10: 320 | F10: 1 | G10: 1 | H10: 81044 | I10: DETAILS | J10: 22554283 | K10: SP11623 | L10: TOP WVN KOMB KNIT OVRSZ:WHITE:M | M10: 179900 | N10: 0.95 | O10: =M10-(M10*N10) -> 8995 | P10: PERCENTAGE
A11: 2019-OLDER ALL D95 | B11: ='ALL 2024 H2 D80'!$B$2 -> 46114 | C11: ='ALL 2024 H2 D80'!$C$2 -> 46120 | D11: 3208 | E11: 320 | F11: 1 | G11: 1 | H11: 81044 | I11: DETAILS | J11: 22554292 | K11: SP11623 | L11: TOP WVN KOMB KNIT OVRSZ:WHITE:L | M11: 189900 | N11: 0.95 | O11: =M11-(M11*N11) -> 9495 | P11: PERCENTAGE
A12: 2019-OLDER ALL D95 | B12: ='ALL 2024 H2 D80'!$B$2 -> 46114 | C12: ='ALL 2024 H2 D80'!$C$2 -> 46120 | D12: 3208 | E12: 320 | F12: 1 | G12: 1 | H12: 81044 | I12: DETAILS | J12: 22823885 | K12: SP11446 | L12: BATIK TOP PEPLUM ENCIM:WHITE:S | M12: 169900 | N12: 0.95 | O12: =M12-(M12*N12) -> 8495 | P12: PERCENTAGE
A13: 2019-OLDER ALL D95 | B13: ='ALL 2024 H2 D80'!$B$2 -> 46114 | C13: ='ALL 2024 H2 D80'!$C$2 -> 46120 | D13: 3208 | E13: 320 | F13: 1 | G13: 1 | H13: 81044 | I13: DETAILS | J13: 23353159 | K13: RM0023 | L13: TOP WVN SS KOMB RAY RUFF:BLACK:S | M13: 179900 | N13: 0.95 | O13: =M13-(M13*N13) -> 8995 | P13: PERCENTAGE
... A88: 2019-OLDER ALL D95 | B88: ='ALL 2024 H2 D80'!$B$2 -> 46114 | C88: ='ALL 2024 H2 D80'!$C$2 -> 46120 | D88: 3208 | E88: 320 | F88: 1 | G88: 8 | H88: 81456 | I88: DETAILS | J88: 18303507 | K88: KITX11BW | L88: KI NOV TEXTURE:OFF WHITE:M | M88: 199900 | N88: 0.95 | O88: =M88-(M88*N88) -> 9995 | P88: PERCENTAGE
