Workbook

Sheet 2019 ALL BOTTOM D95
A1: ACARA | B1: FROM DATE | C1: TO DATE | D1: DEPT | E1: WORLD | F1: DIVISION | G1: CLASS | H1: SUPPLIER | I1: BRAND | J1: SKU | K1: ARTICLE | L1: DESCRIPTION | M1: HARGA NORMAL | N1: DISKON | O1: HARGA PROMO | P1: DISCOUNT TYPE
A2: 2019 & Older All Bottom D95 | B2: 46086 | C2: 46092 | D2: 3259 | E2: 333 | F2: 3 | G2: 5 | I2: COLE | J2: 17125952 | K2: 23492LDM | L2: CL SHORT 23492 L DNM | M2: 139900 | N2: 0.95 | O2: =M2-(M2*N2) -> 6995 | P2: PERCENTAGE
A3: 2019 & Older All Bottom D95 | B3: =B2 -> 46086 | C3: =C2 -> 46092 | D3: 3259 | E3: 333 | F3: 3 | G3: 5 | I3: COLE | J3: 17028521 | K3: CDR-02BC | L3: CL SHORT 22939 BLACK | M3: 139900 | N3: 0.95 | O3: =M3-(M3*N3) -> 6995 | P3: PERCENTAGE
A4: 2019 & Older All Bottom D95 | B4: =B3 -> 46086 | C4: =C3 -> 46092 | D4: 3259 | E4: 333 | F4: 3 | G4: 5 | I4: COLE | J4: 15705114 | K4: CL-5PCBC | L4: CL 5 POCKET BLACK | M4: 279900 | N4: 0.95 | O4: =M4-(M4*N4) -> 13995 | P4: PERCENTAGE
A5: 2019 & Older All Bottom D95 | B5: =B4 -> 46086 | C5: =C4 -> 46092 | D5: 3259 | E5: 333 | F5: 3 | G5: 5 | I5: COLE | J5: 15705123 | K5: CL-5PCKH | L5: CL 5 POCKET KHAKI | M5: 279900 | N5: 0.95 | O5: =M5-(M5*N5) -> 13995 | P5: PERCENTAGE
A6: 2019 & Older All Bottom D95 | B6: =B5 -> 46086 | C6: =C5 -> 46092 | D6: 3259 | E6: 333 | F6: 3 | G6: 5 | I6: COLE | J6: 19192493 | K6: DRW57-BR | L6: DRW57-OL DRW S/P R57 W.BROWN:WOOD BROWN:L | M6: 129900 | N6: 0.95 | O6: =M6-(M6*N6) -> 6495 | P6: PERCENTAGE
A7: 2019 & Older All Bottom D95 | B7: =B6 -> 46086 | C7: =C6 -> 46092 | D7: 3259 | E7: 333 | F7: 3 | G7: 5 | I7: COLE | J7: 19190691 | K7: DRW57-OL | L7: DRW57-OL DRW S/P R57 OLIVE:OLIVE:M | M7: 129900 | N7: 0.95 | O7: =M7-(M7*N7) -> 6495 | P7: PERCENTAGE
A8: 2019 & Older All Bottom D95 | B8: =B7 -> 46086 | C8: =C7 -> 46092 | D8: 3259 | E8: 333 | F8: 3 | G8: 5 | I8: COLE | J8: 19190708 | K8: DRW57-OL | L8: DRW57-OL DRW S/P R57 OLIVE:OLIVE:L | M8: 129900 | N8: 0.95 | O8: =M8-(M8*N8) -> 6495 | P8: PERCENTAGE
A9: 2019 & Older All Bottom D95 | B9: =B8 -> 46086 | C9: =C8 -> 46092 | D9: 3259 | E9: 333 | F9: 3 | G9: 5 | I9: COLE | J9: 19190717 | K9: DRW57-OL | L9: DRW57-OL DRW S/P R57 OLIVE:OLIVE:XL | M9: 129900 | N9: 0.95 | O9: =M9-(M9*N9) -> 6495 | P9: PERCENTAGE
A10: 2019 & Older All Bottom D95 | B10: =B9 -> 46086 | C10: =C9 -> 46092 | D10: 3259 | E10: 333 | F10: 3 | G10: 5 | I10: COLE | J10: 19190726 | K10: DRW57-OL | L10: DRW57-OL DRW S/P R57 OLIVE:OLIVE:2XL | M10: 129900 | N10: 0.95 | O10: =M10-(M10*N10) -> 6495 | P10: PERCENTAGE
A11: 2019 & Older All Bottom D95 | B11: =B10 -> 46086 | C11: =C10 -> 46092 | D11: 3259 | E11: 333 | F11: 3 | G11: 5 | I11: COLE | J11: 19093671 | K11: DRWCBMDB | L11: DRW S/P CHAMBRAY MISTY DARK BLUE:MISTY DARK BLUE:2XL | M11: 139900 | N11: 0.95 | O11: =M11-(M11*N11) -> 6995 | P11: PERCENTAGE
A12: 2019 & Older All Bottom D95 | B12: =B11 -> 46086 | C12: =C11 -> 46092 | D12: 3259 | E12: 333 | F12: 3 | G12: 5 | I12: COLE | J12: 15329978 | K12: KI-02BE | L12: KI CHINOS BIEGE | M12: 189900 | N12: 0.95 | O12: =M12-(M12*N12) -> 9495 | P12: PERCENTAGE
A13: 2019 & Older All Bottom D95 | B13: =B12 -> 46086 | C13: =C12 -> 46092 | D13: 3259 | E13: 333 | F13: 3 | G13: 5 | I13: COLE | J13: 16830398 | K13: LPCSLBE | L13: L/P CHINOS LIGHT BIEGE | M13: 279900 | N13: 0.95 | O13: =M13-(M13*N13) -> 13995 | P13: PERCENTAGE
A14: 2019 & Older All Bottom D95 | B14: =B13 -> 46086 | C14: =C13 -> 46092 | D14: 3259 | E14: 333 | F14: 3 | G14: 5 | I14: COLE | J14: 15524079 | K14: SLCSGKH | L14: LP SLIM CHINOS KHAKI | M14: 279900 | N14: 0.95 | O14: =M14-(M14*N14) -> 13995 | P14: PERCENTAGE
... A290: 2019 & Older All Bottom D95 | B290: =B289 -> 46086 | C290: =C289 -> 46092 | D290: 3259 | E290: 333 | F290: 3 | G290: 12 | I290: COLE | J290: 22278224 | K290: ESS-TRNNV | L290: ESSENTIAL TRAINING TERRY:NAVY BLUE:XL | M290: 229900 | N290: 0.95 | O290: =M290-(M290*N290) -> 11495 | P290: PERCENTAGE

Sheet 2020 ALL BOTTOM D90
A1: ACARA | B1: FROM DATE | C1: TO DATE | D1: DEPT | E1: WORLD | F1: DIVISION | G1: CLASS | H1: SUPPLIER | I1: BRAND | J1: SKU | K1: ARTICLE | L1: DESCRIPTION | M1: HARGA NORMAL | N1: DISKON | O1: HARGA PROMO | P1: DISCOUNT TYPE
A2: 2020 All Bottom (Exclude KI) D90 | B2: ='2019 ALL BOTTOM D95'!B2 -> 46086 | C2: ='2019 ALL BOTTOM D95'!C2 -> 46092 | D2: 3259 | E2: 333 | F2: 3 | G2: 5 | H2: 80300 | I2: COLE | J2: 26607003 | K2: 51S008 | L2: DENIM SHORT PANTS PULL ON 51S008:INDIGO BLUE:S:SOLID:DENIM SHORT PANT | M2: 229900 | N2: 0.9 | O2: =M2-(M2*N2) -> 22990 | P2: PERCENTAGE
A3: 2020 All Bottom (Exclude KI) D90 | B3: =B2 -> 46086 | C3: =C2 -> 46092 | D3: 3259 | E3: 333 | F3: 3 | G3: 5 | H3: 80300 | I3: COLE | J3: 26607012 | K3: 51S008 | L3: DENIM SHORT PANTS PULL ON 51S008:INDIGO BLUE:M:SOLID:DENIM SHORT PANT | M3: 229900 | N3: 0.9 | O3: =M3-(M3*N3) -> 22990 | P3: PERCENTAGE
A4: 2020 All Bottom (Exclude KI) D90 | B4: =B3 -> 46086 | C4: =C3 -> 46092 | D4: 3259 | E4: 333 | F4: 3 | G4: 5 | H4: 80300 | I4: COLE | J4: 26607021 | K4: 51S008 | L4: DENIM SHORT PANTS PULL ON 51S008:INDIGO BLUE:L:SOLID:DENIM SHORT PANT | M4: 229900 | N4: 0.9 | O4: =M4-(M4*N4) -> 22990 | P4: PERCENTAGE
A5: 2020 All Bottom (Exclude KI) D90 | B5: =B4 -> 46086 | C5: =C4 -> 46092 | D5: 3259 | E5: 333 | F5: 3 | G5: 5 | H5: 80300 | I5: COLE | J5: 26607030 | K5: 51S008 | L5: DENIM SHORT PANTS PULL ON 51S008:INDIGO BLUE:XL:SOLID:DENIM SHORT PANT | M5: 229900 | N5: 0.9 | O5: =M5-(M5*N5) -> 22990 | P5: PERCENTAGE
A6: 2020 All Bottom (Exclude KI) D90 | B6: =B5 -> 46086 | C6: =C5 -> 46092 | D6: 3259 | E6: 333 | F6: 3 | G6: 5 | H6: 80300 | I6: COLE | J6: 26607049 | K6: 51S008 | L6: DENIM SHORT PANTS PULL ON 51S008:MEDIUM DENIM:S:SOLID:DENIM SHORT PANT | M6: 229900 | N6: 0.9 | O6: =M6-(M6*N6) -> 22990 | P6: PERCENTAGE
A7: 2020 All Bottom (Exclude KI) D90 | B7: =B6 -> 46086 | C7: =C6 -> 46092 | D7: 3259 | E7: 333 | F7: 3 | G7: 5 | H7: 80300 | I7: COLE | J7: 26607058 | K7: 51S008 | L7: DENIM SHORT PANTS PULL ON 51S008:MEDIUM DENIM:M:SOLID:DENIM SHORT PANT | M7: 229900 | N7: 0.9 | O7: =M7-(M7*N7) -> 22990 | P7: PERCENTAGE
A8: 2020 All Bottom (Exclude KI) D90 | B8: =B7 -> 46086 | C8: =C7 -> 46092 | D8: 3259 | E8: 333 | F8: 3 | G8: 5 | H8: 80300 | I8: COLE | J8: 26607067 | K8: 51S008 | L8: DENIM SHORT PANTS PULL ON 51S008:MEDIUM DENIM:L:SOLID:DENIM SHORT PANT | M8: 229900 | N8: 0.9 | O8: =M8-(M8*N8) -> 22990 | P8: PERCENTAGE
A9: 2020 All Bottom (Exclude KI) D90 | B9: =B8 -> 46086 | C9: =C8 -> 46092 | D9: 3259 | E9: 333 | F9: 3 | G9: 5 | H9: 80300 | I9: COLE | J9: 26607076 | K9: 51S008 | L9: DENIM SHORT PANTS PULL ON 51S008:MEDIUM DENIM:XL:SOLID:DENIM SHORT PANT | M9: 229900 | N9: 0.9 | O9: =M9-(M9*N9) -> 22990 | P9: PERCENTAGE
A10: 2020 All Bottom (Exclude KI) D90 | B10: =B9 -> 46086 | C10: =C9 -> 46092 | D10: 3259 | E10: 333 | F10: 3 | G10: 5 | H10: 81517 | I10: COLE | J10: 20097209 | K10: DFSN-BLC | L10: SHORT DENIM FASH:BLACK:29 | M10: 269900 | N10: 0.9 | O10: =M10-(M10*N10) -> 26990 | P10: PERCENTAGE
A11: 2020 All Bottom (Exclude KI) D90 | B11: =B10 -> 46086 | C11: =C10 -> 46092 | D11: 3259 | E11: 333 | F11: 3 | G11: 5 | H11: 81517 | I11: COLE | J11: 20097218 | K11: DFSN-BLC | L11: SHORT DENIM FASH:BLACK:30 | M11: 269900 | N11: 0.9 | O11: =M11-(M11*N11) -> 26990 | P11: PERCENTAGE
A12: 2020 All Bottom (Exclude KI) D90 | B12: =B11 -> 46086 | C12: =C11 -> 46092 | D12: 3259 | E12: 333 | F12: 3 | G12: 5 | H12: 81517 | I12: COLE | J12: 20097227 | K12: DFSN-BLC | L12: SHORT DENIM FASH:BLACK:32 | M12: 269900 | N12: 0.9 | O12: =M12-(M12*N12) -> 26990 | P12: PERCENTAGE
A13: 2020 All Bottom (Exclude KI) D90 | B13: =B12 -> 46086 | C13: =C12 -> 46092 | D13: 3259 | E13: 333 | F13: 3 | G13: 5 | H13: 81517 | I13: COLE | J13: 20097236 | K13: DFSN-BLC | L13: SHORT DENIM FASH:BLACK:34 | M13: 269900 | N13: 0.9 | O13: =M13-(M13*N13) -> 26990 | P13: PERCENTAGE
A14: 2020 All Bottom (Exclude KI) D90 | B14: =B13 -> 46086 | C14: =C13 -> 46092 | D14: 3259 | E14: 333 | F14: 3 | G14: 5 | H14: 81517 | I14: COLE | J14: 20097245 | K14: DFSN-BLC | L14: SHORT DENIM FASH:BLACK:36 | M14: 269900 | N14: 0.9 | O14: =M14-(M14*N14) -> 26990 | P14: PERCENTAGE
... A588: 2020 All Bottom (Exclude KI) D90 | B588: =B587 -> 46086 | C588: =C587 -> 46092 | D588: 3259 | E588: 333 | F588: 3 | G588: 12 | H588: 81679 | I588: COLE | J588: 26594054 | K588: ESS-TRN | L588: LONG PANTS TERRY ESS-TRN:OLIVE:XL:SOLID:LONG PANTS | M588: 199900 | N588: 0.9 | O588: =M588-(M588*N588) -> 19990 | P588: PERCENTAGE

Sheet 2021 ALL BOTTOM D90
A1: ACARA | B1: FROM DATE | C1: TO DATE | D1: DEPT | E1: WORLD | F1: DIVISION | G1: CLASS | H1: SUPPLIER | I1: BRAND | J1: SKU | K1: ARTICLE | L1: DESCRIPTION | M1: HARGA NORMAL | N1: DISKON | O1: HARGA PROMO | P1: DISCOUNT TYPE
A2: 2021 All Bottom (Exclude KI) D90 | B2: ='2019 ALL BOTTOM D95'!B2 -> 46086 | C2: ='2019 ALL BOTTOM D95'!C2 -> 46092 | D2: 3259 | E2: 333 | F2: 3 | G2: 7 | H2: 81515 | I2: COLE | J2: 33471575 | K2: JGPKOMB | L2: JOGGER KNIT KOMBINASI PRINT COLE JGPKOMB:COBALT BLUE:S:TEXT:JOGGER | M2: 229900 | N2: 0.9 | O2: =M2-(M2*N2) -> 22990 | P2: PERCENTAGE
A3: 2021 All Bottom (Exclude KI) D90 | B3: =B2 -> 46086 | C3: =C2 -> 46092 | D3: 3259 | E3: 333 | F3: 3 | G3: 7 | H3: 81515 | I3: COLE | J3: 33471584 | K3: JGPKOMB | L3: JOGGER KNIT KOMBINASI PRINT COLE JGPKOMB:COBALT BLUE:M:TEXT:JOGGER | M3: 229900 | N3: 0.9 | O3: =M3-(M3*N3) -> 22990 | P3: PERCENTAGE
A4: 2021 All Bottom (Exclude KI) D90 | B4: =B3 -> 46086 | C4: =C3 -> 46092 | D4: 3259 | E4: 333 | F4: 3 | G4: 7 | H4: 81515 | I4: COLE | J4: 33471593 | K4: JGPKOMB | L4: JOGGER KNIT KOMBINASI PRINT COLE JGPKOMB:COBALT BLUE:L:TEXT:JOGGER | M4: 229900 | N4: 0.9 | O4: =M4-(M4*N4) -> 22990 | P4: PERCENTAGE
A5: 2021 All Bottom (Exclude KI) D90 | B5: =B4 -> 46086 | C5: =C4 -> 46092 | D5: 3259 | E5: 333 | F5: 3 | G5: 7 | H5: 81515 | I5: COLE | J5: 33471600 | K5: JGPKOMB | L5: JOGGER KNIT KOMBINASI PRINT COLE JGPKOMB:COBALT BLUE:XL:TEXT:JOGGER | M5: 229900 | N5: 0.9 | O5: =M5-(M5*N5) -> 22990 | P5: PERCENTAGE
A6: 2021 All Bottom (Exclude KI) D90 | B6: =B5 -> 46086 | C6: =C5 -> 46092 | D6: 3259 | E6: 333 | F6: 3 | G6: 7 | H6: 81515 | I6: COLE | J6: 33471619 | K6: JGPKOMB | L6: JOGGER KNIT KOMBINASI PRINT COLE JGPKOMB:MISTY MEDIUM G:S:TEXT:JOGGER | M6: 229900 | N6: 0.9 | O6: =M6-(M6*N6) -> 22990 | P6: PERCENTAGE
A7: 2021 All Bottom (Exclude KI) D90 | B7: =B6 -> 46086 | C7: =C6 -> 46092 | D7: 3259 | E7: 333 | F7: 3 | G7: 7 | H7: 81515 | I7: COLE | J7: 33471628 | K7: JGPKOMB | L7: JOGGER KNIT KOMBINASI PRINT COLE JGPKOMB:MISTY MEDIUM G:M:TEXT:JOGGER | M7: 229900 | N7: 0.9 | O7: =M7-(M7*N7) -> 22990 | P7: PERCENTAGE
A8: 2021 All Bottom (Exclude KI) D90 | B8: =B7 -> 46086 | C8: =C7 -> 46092 | D8: 3259 | E8: 333 | F8: 3 | G8: 7 | H8: 81515 | I8: COLE | J8: 33471637 | K8: JGPKOMB | L8: JOGGER KNIT KOMBINASI PRINT COLE JGPKOMB:MISTY MEDIUM G:L:TEXT:JOGGER | M8: 229900 | N8: 0.9 | O8: =M8-(M8*N8) -> 22990 | P8: PERCENTAGE
A9: 2021 All Bottom (Exclude KI) D90 | B9: =B8 -> 46086 | C9: =C8 -> 46092 | D9: 3259 | E9: 333 | F9: 3 | G9: 7 | H9: 81515 | I9: COLE | J9: 33471646 | K9: JGPKOMB | L9: JOGGER KNIT KOMBINASI PRINT COLE JGPKOMB:MISTY MEDIUM G:XL:TEXT:JOGGER | M9: 229900 | N9: 0.9 | O9: =M9-(M9*N9) -> 22990 | P9: PERCENTAGE
A10: 2021 All Bottom (Exclude KI) D90 | B10: =B9 -> 46086 | C10: =C9 -> 46092 | D10: 3259 | E10: 333 | F10: 3 | G10: 7 | H10: 81679 | I10: COLE | J10: 43647616 | K10: SKJBASC | L10: SHORT PANTS KNIT JERSEY BASIC SOLID SKJBASC:BLACK:S:SOLID:SHORT PANTS | M10: 169900 | N10: 0.9 | O10: =M10-(M10*N10) -> 16990 | P10: PERCENTAGE
A11: 2021 All Bottom (Exclude KI) D90 | B11: =B10 -> 46086 | C11: =C10 -> 46092 | D11: 3259 | E11: 333 | F11: 3 | G11: 7 | H11: 81679 | I11: COLE | J11: 43647625 | K11: SKJBASC | L11: SHORT PANTS KNIT JERSEY BASIC SOLID SKJBASC:BLACK:M:SOLID:SHORT PANTS | M11: 169900 | N11: 0.9 | O11: =M11-(M11*N11) -> 16990 | P11: PERCENTAGE
A12: 2021 All Bottom (Exclude KI) D90 | B12: =B11 -> 46086 | C12: =C11 -> 46092 | D12: 3259 | E12: 333 | F12: 3 | G12: 7 | H12: 81679 | I12: COLE | J12: 43647634 | K12: SKJBASC | L12: SHORT PANTS KNIT JERSEY BASIC SOLID SKJBASC:BLACK:L:SOLID:SHORT PANTS | M12: 169900 | N12: 0.9 | O12: =M12-(M12*N12) -> 16990 | P12: PERCENTAGE
A13: 2021 All Bottom (Exclude KI) D90 | B13: =B12 -> 46086 | C13: =C12 -> 46092 | D13: 3259 | E13: 333 | F13: 3 | G13: 7 | H13: 81679 | I13: COLE | J13: 43647643 | K13: SKJBASC | L13: SHORT PANTS KNIT JERSEY BASIC SOLID SKJBASC:BLACK:XL:SOLID:SHORT PANTS | M13: 169900 | N13: 0.9 | O13: =M13-(M13*N13) -> 16990 | P13: PERCENTAGE
A14: 2021 All Bottom (Exclude KI) D90 | B14: =B13 -> 46086 | C14: =C13 -> 46092 | D14: 3259 | E14: 333 | F14: 3 | G14: 7 | H14: 81679 | I14: COLE | J14: 43647652 | K14: SKJBASC | L14: SHORT PANTS KNIT JERSEY BASIC SOLID SKJBASC:INDIGO BLUE:S:SOLID:SHORT PANTS | M14: 169900 | N14: 0.9 | O14: =M14-(M14*N14) -> 16990 | P14: PERCENTAGE
... A624: 2021 All Bottom (Exclude KI) D90 | B624: =B623 -> 46086 | C624: =C623 -> 46092 | D624: 3259 | E624: 333 | F624: 3 | G624: 6 | H624: 81517 | I624: COLE | J624: 32630305 | K624: SPPGEOS | L624: SHORT PANTS WOVEN PULL ON PRINT GEOMETRI SQR SPPGEOS:OLIVE:XL:PRINT:SHORT PANTS | M624: 229900 | N624: 0.9 | O624: =M624-(M624*N624) -> 22990 | P624: PERCENTAGE

Sheet 2022 ALL BOTTOM D90
A1: ACARA | B1: FROM DATE | C1: TO DATE | D1: DEPT | E1: WORLD | F1: DIVISION | G1: CLASS | H1: SUPPLIER | I1: BRAND | J1: SKU | K1: ARTICLE | L1: DESCRIPTION | M1: HARGA NORMAL | N1: DISKON | O1: HARGA PROMO | P1: DISCOUNT TYPE
A2: 2022 All Bottom (Exc KI/RO Continue) D90 | B2: ='2019 ALL BOTTOM D95'!B2 -> 46086 | C2: ='2019 ALL BOTTOM D95'!C2 -> 46092 | D2: 3259 | E2: 333 | F2: 3 | G2: 5 | I2: COLE | J2: 26643572 | K2: 52SOL | L2: DENIM LONG PANTS SOLAR 52SOL:INDIGO BLUE:29:SOLID:DENIM LONG PANTS | M2: 329900 | N2: 0.9 | O2: =M2-(M2*N2) -> 32990 | P2: PERCENTAGE
A3: 2022 All Bottom (Exc KI/RO Continue) D90 | B3: =B2 -> 46086 | C3: =C2 -> 46092 | D3: 3259 | E3: 333 | F3: 3 | G3: 5 | I3: COLE | J3: 26643581 | K3: 52SOL | L3: DENIM LONG PANTS SOLAR 52SOL:INDIGO BLUE:30:SOLID:DENIM LONG PANTS | M3: 329900 | N3: 0.9 | O3: =M3-(M3*N3) -> 32990 | P3: PERCENTAGE
A4: 2022 All Bottom (Exc KI/RO Continue) D90 | B4: =B3 -> 46086 | C4: =C3 -> 46092 | D4: 3259 | E4: 333 | F4: 3 | G4: 5 | I4: COLE | J4: 26643590 | K4: 52SOL | L4: DENIM LONG PANTS SOLAR 52SOL:INDIGO BLUE:32:SOLID:DENIM LONG PANTS | M4: 329900 | N4: 0.9 | O4: =M4-(M4*N4) -> 32990 | P4: PERCENTAGE
A5: 2022 All Bottom (Exc KI/RO Continue) D90 | B5: =B4 -> 46086 | C5: =C4 -> 46092 | D5: 3259 | E5: 333 | F5: 3 | G5: 5 | I5: COLE | J5: 26643607 | K5: 52SOL | L5: DENIM LONG PANTS SOLAR 52SOL:INDIGO BLUE:34:SOLID:DENIM LONG PANTS | M5: 329900 | N5: 0.9 | O5: =M5-(M5*N5) -> 32990 | P5: PERCENTAGE
A6: 2022 All Bottom (Exc KI/RO Continue) D90 | B6: =B5 -> 46086 | C6: =C5 -> 46092 | D6: 3259 | E6: 333 | F6: 3 | G6: 5 | I6: COLE | J6: 26643616 | K6: 52SOL | L6: DENIM LONG PANTS SOLAR 52SOL:INDIGO BLUE:36:SOLID:DENIM LONG PANTS | M6: 329900 | N6: 0.9 | O6: =M6-(M6*N6) -> 32990 | P6: PERCENTAGE
A7: 2022 All Bottom (Exc KI/RO Continue) D90 | B7: =B6 -> 46086 | C7: =C6 -> 46092 | D7: 3259 | E7: 333 | F7: 3 | G7: 5 | I7: COLE | J7: 26643625 | K7: 52SOL | L7: DENIM LONG PANTS SOLAR 52SOL:INDIGO BLUE:38:SOLID:DENIM LONG PANTS | M7: 329900 | N7: 0.9 | O7: =M7-(M7*N7) -> 32990 | P7: PERCENTAGE
A8: 2022 All Bottom (Exc KI/RO Continue) D90 | B8: =B7 -> 46086 | C8: =C7 -> 46092 | D8: 3259 | E8: 333 | F8: 3 | G8: 5 | I8: COLE | J8: 26643634 | K8: 52SOL | L8: DENIM LONG PANTS SOLAR 52SOL:INDIGO BLUE:40:SOLID:DENIM LONG PANTS | M8: 329900 | N8: 0.9 | O8: =M8-(M8*N8) -> 32990 | P8: PERCENTAGE
A9: 2022 All Bottom (Exc KI/RO Continue) D90 | B9: =B8 -> 46086 | C9: =C8 -> 46092 | D9: 3259 | E9: 333 | F9: 3 | G9: 5 | I9: COLE | J9: 26643643 | K9: 52SOL | L9: DENIM LONG PANTS SOLAR 52SOL:MEDIUM DENIM:29:SOLID:DENIM LONG PANTS | M9: 329900 | N9: 0.9 | O9: =M9-(M9*N9) -> 32990 | P9: PERCENTAGE
A10: 2022 All Bottom (Exc KI/RO Continue) D90 | B10: =B9 -> 46086 | C10: =C9 -> 46092 | D10: 3259 | E10: 333 | F10: 3 | G10: 5 | I10: COLE | J10: 26643652 | K10: 52SOL | L10: DENIM LONG PANTS SOLAR 52SOL:MEDIUM DENIM:30:SOLID:DENIM LONG PANTS | M10: 329900 | N10: 0.9 | O10: =M10-(M10*N10) -> 32990 | P10: PERCENTAGE
A11: 2022 All Bottom (Exc KI/RO Continue) D90 | B11: =B10 -> 46086 | C11: =C10 -> 46092 | D11: 3259 | E11: 333 | F11: 3 | G11: 5 | I11: COLE | J11: 26643661 | K11: 52SOL | L11: DENIM LONG PANTS SOLAR 52SOL:MEDIUM DENIM:32:SOLID:DENIM LONG PANTS | M11: 329900 | N11: 0.9 | O11: =M11-(M11*N11) -> 32990 | P11: PERCENTAGE
A12: 2022 All Bottom (Exc KI/RO Continue) D90 | B12: =B11 -> 46086 | C12: =C11 -> 46092 | D12: 3259 | E12: 333 | F12: 3 | G12: 5 | I12: COLE | J12: 26643670 | K12: 52SOL | L12: DENIM LONG PANTS SOLAR 52SOL:MEDIUM DENIM:34:SOLID:DENIM LONG PANTS | M12: 329900 | N12: 0.9 | O12: =M12-(M12*N12) -> 32990 | P12: PERCENTAGE
A13: 2022 All Bottom (Exc KI/RO Continue) D90 | B13: =B12 -> 46086 | C13: =C12 -> 46092 | D13: 3259 | E13: 333 | F13: 3 | G13: 5 | I13: COLE | J13: 26643689 | K13: 52SOL | L13: DENIM LONG PANTS SOLAR 52SOL:MEDIUM DENIM:36:SOLID:DENIM LONG PANTS | M13: 329900 | N13: 0.9 | O13: =M13-(M13*N13) -> 32990 | P13: PERCENTAGE
A14: 2022 All Bottom (Exc KI/RO Continue) D90 | B14: =B13 -> 46086 | C14: =C13 -> 46092 | D14: 3259 | E14: 333 | F14: 3 | G14: 5 | I14: COLE | J14: 26643698 | K14: 52SOL | L14: DENIM LONG PANTS SOLAR 52SOL:MEDIUM DENIM:38:SOLID:DENIM LONG PANTS | M14: 329900 | N14: 0.9 | O14: =M14-(M14*N14) -> 32990 | P14: PERCENTAGE
... A29: 2022 All Bottom (Exc KI/RO Continue) D90 | B29: =B28 -> 46086 | C29: =C28 -> 46092 | D29: 3259 | E29: 333 | F29: 3 | G29: 5 | I29: COLE | J29: 26893516 | K29: G2592 | L29: DENIM LONG PANTS LANCELOT G2592:DARK DENIM:40:SOLID:DENIM LONG PANTS | M29: 329900 | N29: 0.9 | O29: =M29-(M29*N29) -> 32990 | P29: PERCENTAGE
A30: 2022 All Bottom (Exc KI/RO Continue) D90 | B30: =B29 -> 46086 | C30: =C29 -> 46092 | D30: 3259 | E30: 333 | F30: 3 | G30: 5 | H30: 80300 | I30: COLE | J30: 28356290 | K30: G2728 | L30: DENIM LONG PANTS DARK DENIM G2728:DARK DENIM:29:OMBRE:DENIM LONG PANTS | M30: 329900 | N30: 0.9 | O30: =M30-(M30*N30) -> 32990 | P30: PERCENTAGE
A31: 2022 All Bottom (Exc KI/RO Continue) D90 | B31: =B30 -> 46086 | C31: =C30 -> 46092 | D31: 3259 | E31: 333 | F31: 3 | G31: 5 | H31: 80300 | I31: COLE | J31: 28356307 | K31: G2728 | L31: DENIM LONG PANTS DARK DENIM G2728:DARK DENIM:30:OMBRE:DENIM LONG PANTS | M31: 329900 | N31: 0.9 | O31: =M31-(M31*N31) -> 32990 | P31: PERCENTAGE
A32: 2022 All Bottom (Exc KI/RO Continue) D90 | B32: =B31 -> 46086 | C32: =C31 -> 46092 | D32: 3259 | E32: 333 | F32: 3 | G32: 5 | H32: 80300 | I32: COLE | J32: 28356316 | K32: G2728 | L32: DENIM LONG PANTS DARK DENIM G2728:DARK DENIM:32:OMBRE:DENIM LONG PANTS | M32: 329900 | N32: 0.9 | O32: =M32-(M32*N32) -> 32990 | P32: PERCENTAGE
A33: 2022 All Bottom (Exc KI/RO Continue) D90 | B33: =B32 -> 46086 | C33: =C32 -> 46092 | D33: 3259 | E33: 333 | F33: 3 | G33: 5 | H33: 80300 | I33: COLE | J33: 28356325 | K33: G2728 | L33: DENIM LONG PANTS DARK DENIM G2728:DARK DENIM:34:OMBRE:DENIM LONG PANTS | M33: 329900 | N33: 0.9 | O33: =M33-(M33*N33) -> 32990 | P33: PERCENTAGE
A34: 2022 All Bottom (Exc KI/RO Continue) D90 | B34: =B33 -> 46086 | C34: =C33 -> 46092 | D34: 3259 | E34: 333 | F34: 3 | G34: 5 | H34: 80300 | I34: COLE | J34: 28356334 | K34: G2728 | L34: DENIM LONG PANTS DARK DENIM G2728:DARK DENIM:36:OMBRE:DENIM LONG PANTS | M34: 329900 | N34: 0.9 | O34: =M34-(M34*N34) -> 32990 | P34: PERCENTAGE
A35: 2022 All Bottom (Exc KI/RO Continue) D90 | B35: =B34 -> 46086 | C35: =C34 -> 46092 | D35: 3259 | E35: 333 | F35: 3 | G35: 5 | H35: 80300 | I35: COLE | J35: 28356343 | K35: G2728 | L35: DENIM LONG PANTS DARK DENIM G2728:DARK DENIM:38:OMBRE:DENIM LONG PANTS | M35: 329900 | N35: 0.9 | O35: =M35-(M35*N35) -> 32990 | P35: PERCENTAGE
A36: 2022 All Bottom (Exc KI/RO Continue) D90 | B36: =B35 -> 46086 | C36: =C35 -> 46092 | D36: 3259 | E36: 333 | F36: 3 | G36: 5 | H36: 80300 | I36: COLE | J36: 28356352 | K36: G2728 | L36: DENIM LONG PANTS DARK DENIM G2728:DARK DENIM:40:OMBRE:DENIM LONG PANTS | M36: 329900 | N36: 0.9 | O36: =M36-(M36*N36) -> 32990 | P36: PERCENTAGE
A37: 2022 All Bottom (Exc KI/RO Continue) D90 | B37: =B36 -> 46086 | C37: =C36 -> 46092 | D37: 3259 | E37: 333 | F37: 3 | G37: 5 | H37: 80300 | I37: COLE | J37: 28356156 | K37: G2728 | L37: DENIM LONG PANTS INDIGO BLUE G2728:INDIGO BLUE:29:OMBRE:DENIM LONG PANTS | M37: 329900 | N37: 0.9 | O37: =M37-(M37*N37) -> 32990 | P37: PERCENTAGE
A38: 2022 All Bottom (Exc KI/RO Continue) D90 | B38: =B37 -> 46086 | C38: =C37 -> 46092 | D38: 3259 | E38: 333 | F38: 3 | G38: 5 | H38: 80300 | I38: COLE | J38: 28356165 | K38: G2728 | L38: DENIM LONG PANTS INDIGO BLUE G2728:INDIGO BLUE:30:OMBRE:DENIM LONG PANTS | M38: 329900 | N38: 0.9 | O38: =M38-(M38*N38) -> 32990 | P38: PERCENTAGE
A39: 2022 All Bottom (Exc KI/RO Continue) D90 | B39: =B38 -> 46086 | C39: =C38 -> 46092 | D39: 3259 | E39: 333 | F39: 3 | G39: 5 | H39: 80300 | I39: COLE | J39: 28356174 | K39: G2728 | L39: DENIM LONG PANTS INDIGO BLUE G2728:INDIGO BLUE:32:OMBRE:DENIM LONG PANTS | M39: 329900 | N39: 0.9 | O39: =M39-(M39*N39) -> 32990 | P39: PERCENTAGE
A40: 2022 All Bottom (Exc KI/RO Continue) D90 | B40: =B39 -> 46086 | C40: =C39 -> 46092 | D40: 3259 | E40: 333 | F40: 3 | G40: 5 | H40: 80300 | I40: COLE | J40: 28356183 | K40: G2728 | L40: DENIM LONG PANTS INDIGO BLUE G2728:INDIGO BLUE:34:OMBRE:DENIM LONG PANTS | M40: 329900 | N40: 0.9 | O40: =M40-(M40*N40) -> 32990 | P40: PERCENTAGE
A41: 2022 All Bottom (Exc KI/RO Continue) D90 | B41: =B40 -> 46086 | C41: =C40 -> 46092 | D41: 3259 | E41: 333 | F41: 3 | G41: 5 | H41: 80300 | I41: COLE | J41: 28356192 | K41: G2728 | L41: DENIM LONG PANTS INDIGO BLUE G2728:INDIGO BLUE:36:OMBRE:DENIM LONG PANTS | M41: 329900 | N41: 0.9 | O41: =M41-(M41*N41) -> 32990 | P41: PERCENTAGE
... A43: 2022 All Bottom (Exc KI/RO Continue) D90 | B43: =B42 -> 46086 | C43: =C42 -> 46092 | D43: 3259 | E43: 333 | F43: 3 | G43: 5 | H43: 80300 | I43: COLE | J43: 28356218 | K43: G2728 | L43: DENIM LONG PANTS INDIGO BLUEG2728:INDIGO BLUE:40:OMBRE:DENIM LONG PANTS | M43: 329900 | N43: 0.9 | O43: =M43-(M43*N43) -> 32990 | P43: PERCENTAGE
A44: 2022 All Bottom (Exc KI/RO Continue) D90 | B44: =B43 -> 46086 | C44: =C43 -> 46092 | D44: 3259 | E44: 333 | F44: 3 | G44: 5 | I44: COLE | J44: 29555368 | K44: LDRFW | L44: DENIM LONG PANTS REGULAR FASHION WHISKER PATT 1 LDRFW:DARK DENIM:29:SOLID:DENIM LONG | M44: 379900 | N44: 0.9 | O44: =M44-(M44*N44) -> 37990 | P44: PERCENTAGE
A45: 2022 All Bottom (Exc KI/RO Continue) D90 | B45: =B44 -> 46086 | C45: =C44 -> 46092 | D45: 3259 | E45: 333 | F45: 3 | G45: 5 | I45: COLE | J45: 29555377 | K45: LDRFW | L45: DENIM LONG PANTS REGULAR FASHION WHISKER PATT 1 LDRFW:DARK DENIM:30:SOLID:DENIM LONG | M45: 379900 | N45: 0.9 | O45: =M45-(M45*N45) -> 37990 | P45: PERCENTAGE
A46: 2022 All Bottom (Exc KI/RO Continue) D90 | B46: =B45 -> 46086 | C46: =C45 -> 46092 | D46: 3259 | E46: 333 | F46: 3 | G46: 5 | I46: COLE | J46: 29555386 | K46: LDRFW | L46: DENIM LONG PANTS REGULAR FASHION WHISKER PATT 1 LDRFW:DARK DENIM:32:SOLID:DENIM LONG | M46: 379900 | N46: 0.9 | O46: =M46-(M46*N46) -> 37990 | P46: PERCENTAGE
A47: 2022 All Bottom (Exc KI/RO Continue) D90 | B47: =B46 -> 46086 | C47: =C46 -> 46092 | D47: 3259 | E47: 333 | F47: 3 | G47: 5 | I47: COLE | J47: 29555395 | K47: LDRFW | L47: DENIM LONG PANTS REGULAR FASHION WHISKER PATT 1 LDRFW:DARK DENIM:34:SOLID:DENIM LONG | M47: 379900 | N47: 0.9 | O47: =M47-(M47*N47) -> 37990 | P47: PERCENTAGE
A48: 2022 All Bottom (Exc KI/RO Continue) D90 | B48: =B47 -> 46086 | C48: =C47 -> 46092 | D48: 3259 | E48: 333 | F48: 3 | G48: 5 | I48: COLE | J48: 29555402 | K48: LDRFW | L48: DENIM LONG PANTS REGULAR FASHION WHISKER PATT 1 LDRFW:DARK DENIM:36:SOLID:DENIM LONG | M48: 379900 | N48: 0.9 | O48: =M48-(M48*N48) -> 37990 | P48: PERCENTAGE
A49: 2022 All Bottom (Exc KI/RO Continue) D90 | B49: =B48 -> 46086 | C49: =C48 -> 46092 | D49: 3259 | E49: 333 | F49: 3 | G49: 5 | I49: COLE | J49: 29555411 | K49: LDRFW | L49: DENIM LONG PANTS REGULAR FASHION WHISKER PATT 1 LDRFW:DARK DENIM:38:SOLID:DENIM LONG | M49: 379900 | N49: 0.9 | O49: =M49-(M49*N49) -> 37990 | P49: PERCENTAGE
A50: 2022 All Bottom (Exc KI/RO Continue) D90 | B50: =B49 -> 46086 | C50: =C49 -> 46092 | D50: 3259 | E50: 333 | F50: 3 | G50: 5 | I50: COLE | J50: 29555420 | K50: LDRFW | L50: DENIM LONG PANTS REGULAR FASHION WHISKER PATT 1 LDRFW:DARK DENIM:40:SOLID:DENIM LONG | M50: 379900 | N50: 0.9 | O50: =M50-(M50*N50) -> 37990 | P50: PERCENTAGE
A51: 2022 All Bottom (Exc KI/RO Continue) D90 | B51: =B50 -> 46086 | C51: =C50 -> 46092 | D51: 3259 | E51: 333 | F51: 3 | G51: 5 | I51: COLE | J51: 60635534 | K51: LDRFW | L51: DENIM LONG PANTS REGULAR FASHION WHISKER PATT 1 LDRFW:BLACK:29:SOLID:DENIM LONG | M51: 379900 | N51: 0.9 | O51: =M51-(M51*N51) -> 37990 | P51: PERCENTAGE
A52: 2022 All Bottom (Exc KI/RO Continue) D90 | B52: =B51 -> 46086 | C52: =C51 -> 46092 | D52: 3259 | E52: 333 | F52: 3 | G52: 5 | I52: COLE | J52: 60635543 | K52: LDRFW | L52: DENIM LONG PANTS REGULAR FASHION WHISKER PATT 1 LDRFW:BLACK:30:SOLID:DENIM LONG | M52: 379900 | N52: 0.9 | O52: =M52-(M52*N52) -> 37990 | P52: PERCENTAGE
A53: 2022 All Bottom (Exc KI/RO Continue) D90 | B53: =B52 -> 46086 | C53: =C52 -> 46092 | D53: 3259 | E53: 333 | F53: 3 | G53: 5 | I53: COLE | J53: 60635552 | K53: LDRFW | L53: DENIM LONG PANTS REGULAR FASHION WHISKER PATT 1 LDRFW:BLACK:32:SOLID:DENIM LONG | M53: 379900 | N53: 0.9 | O53: =M53-(M53*N53) -> 37990 | P53: PERCENTAGE
A54: 2022 All Bottom (Exc KI/RO Continue) D90 | B54: =B53 -> 46086 | C54: =C53 -> 46092 | D54: 3259 | E54: 333 | F54: 3 | G54: 5 | I54: COLE | J54: 60635561 | K54: LDRFW | L54: DENIM LONG PANTS REGULAR FASHION WHISKER PATT 1 LDRFW:BLACK:34:SOLID:DENIM LONG | M54: 379900 | N54: 0.9 | O54: =M54-(M54*N54) -> 37990 | P54: PERCENTAGE
A55: 2022 All Bottom (Exc KI/RO Continue) D90 | B55: =B54 -> 46086 | C55: =C54 -> 46092 | D55: 3259 | E55: 333 | F55: 3 | G55: 5 | I55: COLE | J55: 60635570 | K55: LDRFW | L55: DENIM LONG PANTS REGULAR FASHION WHISKER PATT 1 LDRFW:BLACK:36:SOLID:DENIM LONG | M55: 379900 | N55: 0.9 | O55: =M55-(M55*N55) -> 37990 | P55: PERCENTAGE
... A366: 2022 All Bottom (Exc KI/RO Continue) D90 | B366: =B365 -> 46086 | C366: =C365 -> 46092 | D366: 3259 | E366: 333 | F366: 3 | G366: 7 | I366: COLE | J366: 66555057 | K366: SKBCSL | L366: SHORT PANTS KNIT JERSEY BASIC SOLID SKBCSL:NAVY BLUE:XL:SOLID:SHORT PANTS | M366: 169900 | N366: 0.9 | O366: =M366-(M366*N366) -> 16990 | P366: PERCENTAGE
A367: 2022 All Bottom (Exc KI/RO Continue) D90 | B367: =B366 -> 46086 | C367: =C366 -> 46092 | D367: 3259 | E367: 333 | F367: 3 | G367: 5 | H367: 81406 | I367: COLE | J367: 67271585 | K367: SDCAR | L367: DENIM SHORT PANTS CARGO POCKETS SDCAR:MEDIUM DENIM:30:SOLID:DENIM SHORT PA | M367: 299900 | N367: 0.9 | O367: =M367-(M367*N367) -> 29990 | P367: PERCENTAGE
A368: 2022 All Bottom (Exc KI/RO Continue) D90 | B368: =B367 -> 46086 | C368: =C367 -> 46092 | D368: 3259 | E368: 333 | F368: 3 | G368: 5 | H368: 81406 | I368: COLE | J368: 67271594 | K368: SDCAR | L368: DENIM SHORT PANTS CARGO POCKETS SDCAR:MEDIUM DENIM:32:SOLID:DENIM SHORT PA | M368: 299900 | N368: 0.9 | O368: =M368-(M368*N368) -> 29990 | P368: PERCENTAGE
A369: 2022 All Bottom (Exc KI/RO Continue) D90 | B369: =B368 -> 46086 | C369: =C368 -> 46092 | D369: 3259 | E369: 333 | F369: 3 | G369: 5 | H369: 81406 | I369: COLE | J369: 67271601 | K369: SDCAR | L369: DENIM SHORT PANTS CARGO POCKETS SDCAR:MEDIUM DENIM:34:SOLID:DENIM SHORT PA | M369: 299900 | N369: 0.9 | O369: =M369-(M369*N369) -> 29990 | P369: PERCENTAGE
A370: 2022 All Bottom (Exc KI/RO Continue) D90 | B370: =B369 -> 46086 | C370: =C369 -> 46092 | D370: 3259 | E370: 333 | F370: 3 | G370: 5 | H370: 81406 | I370: COLE | J370: 67271610 | K370: SDCAR | L370: DENIM SHORT PANTS CARGO POCKETS SDCAR:MEDIUM DENIM:36:SOLID:DENIM SHORT PA | M370: 299900 | N370: 0.9 | O370: =M370-(M370*N370) -> 29990 | P370: PERCENTAGE
A371: 2022 All Bottom (Exc KI/RO Continue) D90 | B371: =B370 -> 46086 | C371: =C370 -> 46092 | D371: 3259 | E371: 333 | F371: 3 | G371: 5 | H371: 81406 | I371: COLE | J371: 67271629 | K371: SDCAR | L371: DENIM SHORT PANTS CARGO POCKETS SDCAR:MEDIUM DENIM:38:SOLID:DENIM SHORT PA | M371: 299900 | N371: 0.9 | O371: =M371-(M371*N371) -> 29990 | P371: PERCENTAGE
A372: 2022 All Bottom (Exc KI/RO Continue) D90 | B372: =B371 -> 46086 | C372: =C371 -> 46092 | D372: 3259 | E372: 333 | F372: 3 | G372: 5 | H372: 81406 | I372: COLE | J372: 67271638 | K372: SDCAR | L372: DENIM SHORT PANTS CARGO POCKETS SDCAR:MEDIUM DENIM:40:SOLID:DENIM SHORT PA | M372: 299900 | N372: 0.9 | O372: =M372-(M372*N372) -> 29990 | P372: PERCENTAGE
A373: 2022 All Bottom (Exc KI/RO Continue) D90 | B373: =B372 -> 46086 | C373: =C372 -> 46092 | D373: 3259 | E373: 333 | F373: 3 | G373: 5 | H373: 81406 | I373: COLE | J373: 67271647 | K373: SDCAR | L373: DENIM SHORT PANTS CARGO POCKETS SDCAR:DARK DENIM:30:SOLID:DENIM SHORT PA | M373: 299900 | N373: 0.9 | O373: =M373-(M373*N373) -> 29990 | P373: PERCENTAGE
A374: 2022 All Bottom (Exc KI/RO Continue) D90 | B374: =B373 -> 46086 | C374: =C373 -> 46092 | D374: 3259 | E374: 333 | F374: 3 | G374: 5 | H374: 81406 | I374: COLE | J374: 67271656 | K374: SDCAR | L374: DENIM SHORT PANTS CARGO POCKETS SDCAR:DARK DENIM:32:SOLID:DENIM SHORT PA | M374: 299900 | N374: 0.9 | O374: =M374-(M374*N374) -> 29990 | P374: PERCENTAGE
A375: 2022 All Bottom (Exc KI/RO Continue) D90 | B375: =B374 -> 46086 | C375: =C374 -> 46092 | D375: 3259 | E375: 333 | F375: 3 | G375: 5 | H375: 81406 | I375: COLE | J375: 67271665 | K375: SDCAR | L375: DENIM SHORT PANTS CARGO POCKETS SDCAR:DARK DENIM:34:SOLID:DENIM SHORT PA | M375: 299900 | N375: 0.9 | O375: =M375-(M375*N375) -> 29990 | P375: PERCENTAGE
A376: 2022 All Bottom (Exc KI/RO Continue) D90 | B376: =B375 -> 46086 | C376: =C375 -> 46092 | D376: 3259 | E376: 333 | F376: 3 | G376: 5 | H376: 81406 | I376: COLE | J376: 67271674 | K376: SDCAR | L376: DENIM SHORT PANTS CARGO POCKETS SDCAR:DARK DENIM:36:SOLID:DENIM SHORT PA | M376: 299900 | N376: 0.9 | O376: =M376-(M376*N376) -> 29990 | P376: PERCENTAGE
A377: 2022 All Bottom (Exc KI/RO Continue) D90 | B377: =B376 -> 46086 | C377: =C376 -> 46092 | D377: 3259 | E377: 333 | F377: 3 | G377: 5 | H377: 81406 | I377: COLE | J377: 67271683 | K377: SDCAR | L377: DENIM SHORT PANTS CARGO POCKETS SDCAR:DARK DENIM:38:SOLID:DENIM SHORT PA | M377: 299900 | N377: 0.9 | O377: =M377-(M377*N377) -> 29990 | P377: PERCENTAGE
A378: 2022 All Bottom (Exc KI/RO Continue) D90 | B378: =B377 -> 46086 | C378: =C377 -> 46092 | D378: 3259 | E378: 333 | F378: 3 | G378: 5 | H378: 81406 | I378: COLE | J378: 67271692 | K378: SDCAR | L378: DENIM SHORT PANTS CARGO POCKETS SDCAR:DARK DENIM:40:SOLID:DENIM SHORT PA | M378: 299900 | N378: 0.9 | O378: =M378-(M378*N378) -> 29990 | P378: PERCENTAGE
A379: 2022 All Bottom (Exc KI/RO Continue) D90 | B379: =B378 -> 46086 | C379: =C378 -> 46092 | D379: 3259 | E379: 333 | F379: 3 | G379: 7 | I379: COLE | J379: 67271754 | K379: SKINCAR | L379: SHORT PANTS KNIT INTERLOCK CARGO SKINCAR:BLACK:S:SOLID:SHORT PANTS | M379: 199900 | N379: 0.9 | O379: =M379-(M379*N379) -> 19990 | P379: PERCENTAGE
A380: 2022 All Bottom (Exc KI/RO Continue) D90 | B380: =B379 -> 46086 | C380: =C379 -> 46092 | D380: 3259 | E380: 333 | F380: 3 | G380: 7 | I380: COLE | J380: 67271763 | K380: SKINCAR | L380: SHORT PANTS KNIT INTERLOCK CARGO SKINCAR:BLACK:M:SOLID:SHORT PANTS | M380: 199900 | N380: 0.9 | O380: =M380-(M380*N380) -> 19990 | P380: PERCENTAGE
A381: 2022 All Bottom (Exc KI/RO Continue) D90 | B381: =B380 -> 46086 | C381: =C380 -> 46092 | D381: 3259 | E381: 333 | F381: 3 | G381: 7 | I381: COLE | J381: 67271772 | K381: SKINCAR | L381: SHORT PANTS KNIT INTERLOCK CARGO SKINCAR:BLACK:L:SOLID:SHORT PANTS | M381: 199900 | N381: 0.9 | O381: =M381-(M381*N381) -> 19990 | P381: PERCENTAGE
A382: 2022 All Bottom (Exc KI/RO Continue) D90 | B382: =B381 -> 46086 | C382: =C381 -> 46092 | D382: 3259 | E382: 333 | F382: 3 | G382: 7 | I382: COLE | J382: 67271781 | K382: SKINCAR | L382: SHORT PANTS KNIT INTERLOCK CARGO SKINCAR:BLACK:XL:SOLID:SHORT PANTS | M382: 199900 | N382: 0.9 | O382: =M382-(M382*N382) -> 19990 | P382: PERCENTAGE
A383: 2022 All Bottom (Exc KI/RO Continue) D90 | B383: =B382 -> 46086 | C383: =C382 -> 46092 | D383: 3259 | E383: 333 | F383: 3 | G383: 7 | I383: COLE | J383: 67271790 | K383: SKINCAR | L383: SHORT PANTS KNIT INTERLOCK CARGO SKINCAR:NAVY BLUE:S:SOLID:SHORT PANTS | M383: 199900 | N383: 0.9 | O383: =M383-(M383*N383) -> 19990 | P383: PERCENTAGE
A384: 2022 All Bottom (Exc KI/RO Continue) D90 | B384: =B383 -> 46086 | C384: =C383 -> 46092 | D384: 3259 | E384: 333 | F384: 3 | G384: 7 | I384: COLE | J384: 67271807 | K384: SKINCAR | L384: SHORT PANTS KNIT INTERLOCK CARGO SKINCAR:NAVY BLUE:M:SOLID:SHORT PANTS | M384: 199900 | N384: 0.9 | O384: =M384-(M384*N384) -> 19990 | P384: PERCENTAGE
A385: 2022 All Bottom (Exc KI/RO Continue) D90 | B385: =B384 -> 46086 | C385: =C384 -> 46092 | D385: 3259 | E385: 333 | F385: 3 | G385: 7 | I385: COLE | J385: 67271816 | K385: SKINCAR | L385: SHORT PANTS KNIT INTERLOCK CARGO SKINCAR:NAVY BLUE:L:SOLID:SHORT PANTS | M385: 199900 | N385: 0.9 | O385: =M385-(M385*N385) -> 19990 | P385: PERCENTAGE
A386: 2022 All Bottom (Exc KI/RO Continue) D90 | B386: =B385 -> 46086 | C386: =C385 -> 46092 | D386: 3259 | E386: 333 | F386: 3 | G386: 7 | I386: COLE | J386: 67271825 | K386: SKINCAR | L386: SHORT PANTS KNIT INTERLOCK CARGO SKINCAR:NAVY BLUE:XL:SOLID:SHORT PANTS | M386: 199900 | N386: 0.9 | O386: =M386-(M386*N386) -> 19990 | P386: PERCENTAGE
A387: 2022 All Bottom (Exc KI/RO Continue) D90 | B387: =B386 -> 46086 | C387: =C386 -> 46092 | D387: 3259 | E387: 333 | F387: 3 | G387: 7 | I387: COLE | J387: 67271834 | K387: SKTZIP | L387: SHORT PANTS KNIT TERRY WITH ZIPPER SKTZIP:WOOD BROWN:S:SOLID:SHORT PANTS | M387: 199900 | N387: 0.9 | O387: =M387-(M387*N387) -> 19990 | P387: PERCENTAGE
A388: 2022 All Bottom (Exc KI/RO Continue) D90 | B388: =B387 -> 46086 | C388: =C387 -> 46092 | D388: 3259 | E388: 333 | F388: 3 | G388: 7 | I388: COLE | J388: 67271843 | K388: SKTZIP | L388: SHORT PANTS KNIT TERRY WITH ZIPPER SKTZIP:WOOD BROWN:M:SOLID:SHORT PANTS | M388: 199900 | N388: 0.9 | O388: =M388-(M388*N388) -> 19990 | P388: PERCENTAGE
A389: 2022 All Bottom (Exc KI/RO Continue) D90 | B389: =B388 -> 46086 | C389: =C388 -> 46092 | D389: 3259 | E389: 333 | F389: 3 | G389: 7 | I389: COLE | J389: 67271852 | K389: SKTZIP | L389: SHORT PANTS KNIT TERRY WITH ZIPPER SKTZIP:WOOD BROWN:L:SOLID:SHORT PANTS | M389: 199900 | N389: 0.9 | O389: =M389-(M389*N389) -> 19990 | P389: PERCENTAGE
A390: 2022 All Bottom (Exc KI/RO Continue) D90 | B390: =B389 -> 46086 | C390: =C389 -> 46092 | D390: 3259 | E390: 333 | F390: 3 | G390: 7 | I390: COLE | J390: 67271861 | K390: SKTZIP | L390: SHORT PANTS KNIT TERRY WITH ZIPPER SKTZIP:WOOD BROWN:XL:SOLID:SHORT PANTS | M390: 199900 | N390: 0.9 | O390: =M390-(M390*N390) -> 19990 | P390: PERCENTAGE
... A757: 2022 All Bottom (Exc KI/RO Continue) D90 | B757: =B756 -> 46086 | C757: =C756 -> 46092 | D757: 3259 | E757: 333 | F757: 3 | G757: 7 | I757: COLE | J757: 73582568 | K757: SKMTINBG | L757: SHORT PANTS KNIT TERRY MIXED INTERLOCK PLUS SIZE SKMTINBG:RUSTIC BR:3L:SOLID:SHORT PAN | M757: 299900 | N757: 0.9 | O757: =M757-(M757*N757) -> 29990 | P757: PERCENTAGE
A758: 2022 All Bottom (Exc KI/RO Continue) D90 | B758: =B757 -> 46086 | C758: =C757 -> 46092 | D758: 3259 | E758: 333 | F758: 3 | G758: 12 | H758: 80300 | I758: COLE | J758: 21747595 | K758: SLCHM2-CH | L758: SLIM CHINOS LONG STRCH HM CHARCOAL:CHARCOAL:29 | M758: 299900 | N758: 0.9 | O758: =M758-(M758*N758) -> 29990 | P758: PERCENTAGE
A759: 2022 All Bottom (Exc KI/RO Continue) D90 | B759: =B758 -> 46086 | C759: =C758 -> 46092 | D759: 3259 | E759: 333 | F759: 3 | G759: 12 | H759: 80300 | I759: COLE | J759: 21747602 | K759: SLCHM2-CH | L759: SLIM CHINOS LONG STRCH HM CHARCOAL:CHARCOAL:30 | M759: 299900 | N759: 0.9 | O759: =M759-(M759*N759) -> 29990 | P759: PERCENTAGE
A760: 2022 All Bottom (Exc KI/RO Continue) D90 | B760: =B759 -> 46086 | C760: =C759 -> 46092 | D760: 3259 | E760: 333 | F760: 3 | G760: 12 | H760: 80300 | I760: COLE | J760: 21747611 | K760: SLCHM2-CH | L760: SLIM CHINOS LONG STRCH HM CHARCOAL:CHARCOAL:32 | M760: 299900 | N760: 0.9 | O760: =M760-(M760*N760) -> 29990 | P760: PERCENTAGE
A761: 2022 All Bottom (Exc KI/RO Continue) D90 | B761: =B760 -> 46086 | C761: =C760 -> 46092 | D761: 3259 | E761: 333 | F761: 3 | G761: 12 | H761: 80300 | I761: COLE | J761: 21747620 | K761: SLCHM2-CH | L761: SLIM CHINOS LONG STRCH HM CHARCOAL:CHARCOAL:34 | M761: 299900 | N761: 0.9 | O761: =M761-(M761*N761) -> 29990 | P761: PERCENTAGE
A762: 2022 All Bottom (Exc KI/RO Continue) D90 | B762: =B761 -> 46086 | C762: =C761 -> 46092 | D762: 3259 | E762: 333 | F762: 3 | G762: 12 | H762: 80300 | I762: COLE | J762: 21747639 | K762: SLCHM2-CH | L762: SLIM CHINOS LONG STRCH HM CHARCOAL:CHARCOAL:36 | M762: 299900 | N762: 0.9 | O762: =M762-(M762*N762) -> 29990 | P762: PERCENTAGE
A763: 2022 All Bottom (Exc KI/RO Continue) D90 | B763: =B762 -> 46086 | C763: =C762 -> 46092 | D763: 3259 | E763: 333 | F763: 3 | G763: 12 | H763: 80300 | I763: COLE | J763: 21747648 | K763: SLCHM2-CH | L763: SLIM CHINOS LONG STRCH HM CHARCOAL:CHARCOAL:38 | M763: 299900 | N763: 0.9 | O763: =M763-(M763*N763) -> 29990 | P763: PERCENTAGE
A764: 2022 All Bottom (Exc KI/RO Continue) D90 | B764: =B763 -> 46086 | C764: =C763 -> 46092 | D764: 3259 | E764: 333 | F764: 3 | G764: 12 | H764: 80300 | I764: COLE | J764: 21747657 | K764: SLCHM2-CH | L764: SLIM CHINOS LONG STRCH HM CHARCOAL:CHARCOAL:40 | M764: 299900 | N764: 0.9 | O764: =M764-(M764*N764) -> 29990 | P764: PERCENTAGE
A765: 2022 All Bottom (Exc KI/RO Continue) D90 | B765: =B764 -> 46086 | C765: =C764 -> 46092 | D765: 3259 | E765: 333 | F765: 3 | G765: 12 | H765: 80300 | I765: COLE | J765: 23353711 | K765: SLCHM2-SS | L765: SLIM CHINOS LONG STRCH HM SAND:SAND:29 | M765: 299900 | N765: 0.9 | O765: =M765-(M765*N765) -> 29990 | P765: PERCENTAGE
A766: 2022 All Bottom (Exc KI/RO Continue) D90 | B766: =B765 -> 46086 | C766: =C765 -> 46092 | D766: 3259 | E766: 333 | F766: 3 | G766: 12 | H766: 80300 | I766: COLE | J766: 23353720 | K766: SLCHM2-SS | L766: SLIM CHINOS LONG STRCH HM SAND:SAND:30 | M766: 299900 | N766: 0.9 | O766: =M766-(M766*N766) -> 29990 | P766: PERCENTAGE
A767: 2022 All Bottom (Exc KI/RO Continue) D90 | B767: =B766 -> 46086 | C767: =C766 -> 46092 | D767: 3259 | E767: 333 | F767: 3 | G767: 12 | H767: 80300 | I767: COLE | J767: 23353739 | K767: SLCHM2-SS | L767: SLIM CHINOS LONG STRCH HM SAND:SAND:32 | M767: 299900 | N767: 0.9 | O767: =M767-(M767*N767) -> 29990 | P767: PERCENTAGE
A768: 2022 All Bottom (Exc KI/RO Continue) D90 | B768: =B767 -> 46086 | C768: =C767 -> 46092 | D768: 3259 | E768: 333 | F768: 3 | G768: 12 | H768: 80300 | I768: COLE | J768: 23353748 | K768: SLCHM2-SS | L768: SLIM CHINOS LONG STRCH HM SAND:SAND:34 | M768: 299900 | N768: 0.9 | O768: =M768-(M768*N768) -> 29990 | P768: PERCENTAGE
A769: 2022 All Bottom (Exc KI/RO Continue) D90 | B769: =B768 -> 46086 | C769: =C768 -> 46092 | D769: 3259 | E769: 333 | F769: 3 | G769: 12 | H769: 80300 | I769: COLE | J769: 23353757 | K769: SLCHM2-SS | L769: SLIM CHINOS LONG STRCH HM SAND:SAND:36 | M769: 299900 | N769: 0.9 | O769: =M769-(M769*N769) -> 29990 | P769: PERCENTAGE
... A834: 2022 All Bottom (Exc KI/RO Continue) D90 | B834: =B833 -> 46086 | C834: =C833 -> 46092 | D834: 3259 | E834: 333 | F834: 3 | G834: 12 | H834: 80300 | I834: COLE | J834: 21747086 | K834: SLCHMS-NV | L834: SLIM CHINOS LONG HM NAVY:NAVY BLUE:40 | M834: 279900 | N834: 0.9 | O834: =M834-(M834*N834) -> 27990 | P834: PERCENTAGE

Sheet 2023 ALL BOTTOM D90
A1: ACARA | B1: FROM DATE | C1: TO DATE | D1: DEPT | E1: WORLD | F1: DIVISION | G1: CLASS | H1: SUPPLIER | I1: BRAND | J1: SKU | K1: ARTICLE | L1: DESCRIPTION | M1: HARGA NORMAL | N1: DISKON | O1: HARGA PROMO | P1: DISCOUNT TYPE
A2: 2023 ALL (INCLUDE KI & RO) D90 | B2: ='2019 ALL BOTTOM D95'!B2 -> 46086 | C2: ='2019 ALL BOTTOM D95'!C2 -> 46092 | D2: 3259 | E2: 333 | F2: 3 | G2: 5 | H2: 81406 | I2: COLE | J2: 79137252 | K2: PDCOLBK | L2: DENIM LONG PANTS REGULAR 5 POCKET PDCOLBK:BLACK:30:SOLID:DENIM LONG PANTS | M2: 399900 | N2: 0.9 | O2: =M2-(M2*N2) -> 39990 | P2: PERCENTAGE
A3: 2023 ALL (INCLUDE KI & RO) D90 | B3: =B2 -> 46086 | C3: =C2 -> 46092 | D3: 3259 | E3: 333 | F3: 3 | G3: 5 | H3: 81406 | I3: COLE | J3: 79137261 | K3: PDCOLBK | L3: DENIM LONG PANTS REGULAR 5 POCKET PDCOLBK:BLACK:32:SOLID:DENIM LONG PANTS | M3: 399900 | N3: 0.9 | O3: =M3-(M3*N3) -> 39990 | P3: PERCENTAGE
A4: 2023 ALL (INCLUDE KI & RO) D90 | B4: =B3 -> 46086 | C4: =C3 -> 46092 | D4: 3259 | E4: 333 | F4: 3 | G4: 5 | H4: 81406 | I4: COLE | J4: 79137270 | K4: PDCOLBK | L4: DENIM LONG PANTS REGULAR 5 POCKET PDCOLBK:BLACK:34:SOLID:DENIM LONG PANTS | M4: 399900 | N4: 0.9 | O4: =M4-(M4*N4) -> 39990 | P4: PERCENTAGE
A5: 2023 ALL (INCLUDE KI & RO) D90 | B5: =B4 -> 46086 | C5: =C4 -> 46092 | D5: 3259 | E5: 333 | F5: 3 | G5: 5 | H5: 81406 | I5: COLE | J5: 79137289 | K5: PDCOLBK | L5: DENIM LONG PANTS REGULAR 5 POCKET PDCOLBK:BLACK:36:SOLID:DENIM LONG PANTS | M5: 399900 | N5: 0.9 | O5: =M5-(M5*N5) -> 39990 | P5: PERCENTAGE
A6: 2023 ALL (INCLUDE KI & RO) D90 | B6: =B5 -> 46086 | C6: =C5 -> 46092 | D6: 3259 | E6: 333 | F6: 3 | G6: 5 | H6: 81406 | I6: COLE | J6: 79137298 | K6: PDCOLBK | L6: DENIM LONG PANTS REGULAR 5 POCKET PDCOLBK:BLACK:38:SOLID:DENIM LONG PANTS | M6: 399900 | N6: 0.9 | O6: =M6-(M6*N6) -> 39990 | P6: PERCENTAGE
A7: 2023 ALL (INCLUDE KI & RO) D90 | B7: =B6 -> 46086 | C7: =C6 -> 46092 | D7: 3259 | E7: 333 | F7: 3 | G7: 5 | H7: 81406 | I7: COLE | J7: 79137305 | K7: PDCOLBK | L7: DENIM LONG PANTS REGULAR 5 POCKET PDCOLBK:BLACK:40:SOLID:DENIM LONG PANTS | M7: 399900 | N7: 0.9 | O7: =M7-(M7*N7) -> 39990 | P7: PERCENTAGE
A8: 2023 ALL (INCLUDE KI & RO) D90 | B8: =B7 -> 46086 | C8: =C7 -> 46092 | D8: 3259 | E8: 333 | F8: 3 | G8: 5 | H8: 81406 | I8: COLE | J8: 79138322 | K8: PDCOLGR | L8: DENIM LONG PANTS REGULAR 5 POCKET PDCOLGR:FROST GREY:32:SOLID:DENIM LONG PANTS | M8: 399900 | N8: 0.9 | O8: =M8-(M8*N8) -> 39990 | P8: PERCENTAGE
A9: 2023 ALL (INCLUDE KI & RO) D90 | B9: =B8 -> 46086 | C9: =C8 -> 46092 | D9: 3259 | E9: 333 | F9: 3 | G9: 5 | H9: 81406 | I9: COLE | J9: 79138331 | K9: PDCOLGR | L9: DENIM LONG PANTS REGULAR 5 POCKET PDCOLGR:FROST GREY:34:SOLID:DENIM LONG PANTS | M9: 399900 | N9: 0.9 | O9: =M9-(M9*N9) -> 39990 | P9: PERCENTAGE
A10: 2023 ALL (INCLUDE KI & RO) D90 | B10: =B9 -> 46086 | C10: =C9 -> 46092 | D10: 3259 | E10: 333 | F10: 3 | G10: 5 | H10: 81406 | I10: COLE | J10: 79138340 | K10: PDCOLGR | L10: DENIM LONG PANTS REGULAR 5 POCKET PDCOLGR:FROST GREY:36:SOLID:DENIM LONG PANTS | M10: 399900 | N10: 0.9 | O10: =M10-(M10*N10) -> 39990 | P10: PERCENTAGE
A11: 2023 ALL (INCLUDE KI & RO) D90 | B11: =B10 -> 46086 | C11: =C10 -> 46092 | D11: 3259 | E11: 333 | F11: 3 | G11: 5 | H11: 81406 | I11: COLE | J11: 79138359 | K11: PDCOLGR | L11: DENIM LONG PANTS REGULAR 5 POCKET PDCOLGR:FROST GREY:38:SOLID:DENIM LONG PANTS | M11: 399900 | N11: 0.9 | O11: =M11-(M11*N11) -> 39990 | P11: PERCENTAGE
A12: 2023 ALL (INCLUDE KI & RO) D90 | B12: =B11 -> 46086 | C12: =C11 -> 46092 | D12: 3259 | E12: 333 | F12: 3 | G12: 5 | H12: 81406 | I12: COLE | J12: 79138368 | K12: PDCOLGR | L12: DENIM LONG PANTS REGULAR 5 POCKET PDCOLGR:FROST GREY:40:SOLID:DENIM LONG PANTS | M12: 399900 | N12: 0.9 | O12: =M12-(M12*N12) -> 39990 | P12: PERCENTAGE
A13: 2023 ALL (INCLUDE KI & RO) D90 | B13: =B12 -> 46086 | C13: =C12 -> 46092 | D13: 3259 | E13: 333 | F13: 3 | G13: 5 | H13: 81406 | I13: COLE | J13: 83006591 | K13: PDREGFAN | L13: DENIM LONG PANTS WITH FANCY POCKET REGULAR WHISKER SPRAY PDREGFAN:MEDIUM DENIM:32:SOLID:DENIM LONG P | M13: 369900 | N13: 0.9 | O13: =M13-(M13*N13) -> 36990 | P13: PERCENTAGE
A14: 2023 ALL (INCLUDE KI & RO) D90 | B14: =B13 -> 46086 | C14: =C13 -> 46092 | D14: 3259 | E14: 333 | F14: 3 | G14: 5 | H14: 81406 | I14: COLE | J14: 83006608 | K14: PDREGFAN | L14: DENIM LONG PANTS WITH FANCY POCKET REGULAR WHISKER SPRAY PDREGFAN:MEDIUM DENIM:34:SOLID:DENIM LONG P | M14: 369900 | N14: 0.9 | O14: =M14-(M14*N14) -> 36990 | P14: PERCENTAGE
... A673: 2023 ALL (INCLUDE KI & RO) D90 | B673: =B672 -> 46086 | C673: =C672 -> 46092 | D673: 3259 | E673: 333 | F673: 3 | G673: 16 | H673: 81779 | I673: COLE | J673: 81851029 | K673: SKTERPK7 | L673: SHORT PANTS KNIT SOLID RIB STRIPE SPK07 SKTERPK7:MISTY DARK BROWN:XL:SOLID:SHORT PANTS | M673: 229900 | N673: 0.9 | O673: =M673-(M673*N673) -> 22990 | P673: PERCENTAGE

Sheet 2024 ALL BOTTOM D70
A1: ACARA | B1: FROM DATE | C1: TO DATE | D1: DEPT | E1: WORLD | F1: DIVISION | G1: CLASS | H1: SUPPLIER | I1: BRAND | J1: SKU | K1: ARTICLE | L1: DESCRIPTION | M1: HARGA NORMAL | N1: DISKON | O1: HARGA PROMO | P1: DISCOUNT TYPE
A2: 2024 ALL BOTTOM D70 | B2: ='2019 ALL BOTTOM D95'!B4 -> 46086 | C2: ='2019 ALL BOTTOM D95'!C4 -> 46092 | D2: 3259 | E2: 333 | F2: 3 | G2: 6 | I2: COLE | J2: 15256574 | K2: PWGAULSL | L2: LONG PANTS WOVEN GAUL SLIM PWGAULSL:BLACK:30:SOLID:LONG PANTS | M2: 369900 | N2: 0.7 | O2: =M2-(M2*N2) -> 110970 | P2: PERCENTAGE
A3: 2024 ALL BOTTOM D70 | B3: =B2 -> 46086 | C3: =C2 -> 46092 | D3: 3259 | E3: 333 | F3: 3 | G3: 6 | I3: COLE | J3: 15256583 | K3: PWGAULSL | L3: LONG PANTS WOVEN GAUL SLIM PWGAULSL:BLACK:32:SOLID:LONG PANTS | M3: 369900 | N3: 0.7 | O3: =M3-(M3*N3) -> 110970 | P3: PERCENTAGE
A4: 2024 ALL BOTTOM D70 | B4: =B3 -> 46086 | C4: =C3 -> 46092 | D4: 3259 | E4: 333 | F4: 3 | G4: 6 | I4: COLE | J4: 15256592 | K4: PWGAULSL | L4: LONG PANTS WOVEN GAUL SLIM PWGAULSL:BLACK:34:SOLID:LONG PANTS | M4: 369900 | N4: 0.7 | O4: =M4-(M4*N4) -> 110970 | P4: PERCENTAGE
A5: 2024 ALL BOTTOM D70 | B5: =B4 -> 46086 | C5: =C4 -> 46092 | D5: 3259 | E5: 333 | F5: 3 | G5: 6 | I5: COLE | J5: 15256609 | K5: PWGAULSL | L5: LONG PANTS WOVEN GAUL SLIM PWGAULSL:BLACK:36:SOLID:LONG PANTS | M5: 369900 | N5: 0.7 | O5: =M5-(M5*N5) -> 110970 | P5: PERCENTAGE
A6: 2024 ALL BOTTOM D70 | B6: =B5 -> 46086 | C6: =C5 -> 46092 | D6: 3259 | E6: 333 | F6: 3 | G6: 6 | I6: COLE | J6: 15256618 | K6: PWGAULSL | L6: LONG PANTS WOVEN GAUL SLIM PWGAULSL:BLACK:38:SOLID:LONG PANTS | M6: 369900 | N6: 0.7 | O6: =M6-(M6*N6) -> 110970 | P6: PERCENTAGE
A7: 2024 ALL BOTTOM D70 | B7: =B6 -> 46086 | C7: =C6 -> 46092 | D7: 3259 | E7: 333 | F7: 3 | G7: 6 | I7: COLE | J7: 15256627 | K7: PWGAULSL | L7: LONG PANTS WOVEN GAUL SLIM PWGAULSL:BLACK:40:SOLID:LONG PANTS | M7: 369900 | N7: 0.7 | O7: =M7-(M7*N7) -> 110970 | P7: PERCENTAGE
A8: 2024 ALL BOTTOM D70 | B8: =B7 -> 46086 | C8: =C7 -> 46092 | D8: 3259 | E8: 333 | F8: 3 | G8: 6 | I8: COLE | J8: 15256636 | K8: PWGAULSL | L8: LONG PANTS WOVEN GAUL SLIM PWGAULSL:KHAKI:30:SOLID:LONG PANTS | M8: 369900 | N8: 0.7 | O8: =M8-(M8*N8) -> 110970 | P8: PERCENTAGE
A9: 2024 ALL BOTTOM D70 | B9: =B8 -> 46086 | C9: =C8 -> 46092 | D9: 3259 | E9: 333 | F9: 3 | G9: 6 | I9: COLE | J9: 15256645 | K9: PWGAULSL | L9: LONG PANTS WOVEN GAUL SLIM PWGAULSL:KHAKI:32:SOLID:LONG PANTS | M9: 369900 | N9: 0.7 | O9: =M9-(M9*N9) -> 110970 | P9: PERCENTAGE
A10: 2024 ALL BOTTOM D70 | B10: =B9 -> 46086 | C10: =C9 -> 46092 | D10: 3259 | E10: 333 | F10: 3 | G10: 6 | I10: COLE | J10: 15256654 | K10: PWGAULSL | L10: LONG PANTS WOVEN GAUL SLIM PWGAULSL:KHAKI:34:SOLID:LONG PANTS | M10: 369900 | N10: 0.7 | O10: =M10-(M10*N10) -> 110970 | P10: PERCENTAGE
A11: 2024 ALL BOTTOM D70 | B11: =B10 -> 46086 | C11: =C10 -> 46092 | D11: 3259 | E11: 333 | F11: 3 | G11: 6 | I11: COLE | J11: 15256663 | K11: PWGAULSL | L11: LONG PANTS WOVEN GAUL SLIM PWGAULSL:KHAKI:36:SOLID:LONG PANTS | M11: 369900 | N11: 0.7 | O11: =M11-(M11*N11) -> 110970 | P11: PERCENTAGE
A12: 2024 ALL BOTTOM D70 | B12: =B11 -> 46086 | C12: =C11 -> 46092 | D12: 3259 | E12: 333 | F12: 3 | G12: 6 | I12: COLE | J12: 15256672 | K12: PWGAULSL | L12: LONG PANTS WOVEN GAUL SLIM PWGAULSL:KHAKI:38:SOLID:LONG PANTS | M12: 369900 | N12: 0.7 | O12: =M12-(M12*N12) -> 110970 | P12: PERCENTAGE
A13: 2024 ALL BOTTOM D70 | B13: =B12 -> 46086 | C13: =C12 -> 46092 | D13: 3259 | E13: 333 | F13: 3 | G13: 6 | I13: COLE | J13: 15256681 | K13: PWGAULSL | L13: LONG PANTS WOVEN GAUL SLIM PWGAULSL:KHAKI:40:SOLID:LONG PANTS | M13: 369900 | N13: 0.7 | O13: =M13-(M13*N13) -> 110970 | P13: PERCENTAGE
A14: 2024 ALL BOTTOM D70 | B14: =B13 -> 46086 | C14: =C13 -> 46092 | D14: 3259 | E14: 333 | F14: 3 | G14: 6 | I14: COLE | J14: 15258018 | K14: PWGAULRG | L14: LONG PANTS WOVEN GAUL REGULAR PWGAULRG:TAUPE GREY:30:SOLID:LONG PANTS | M14: 369900 | N14: 0.7 | O14: =M14-(M14*N14) -> 110970 | P14: PERCENTAGE
... A204: 2024 ALL BOTTOM D70 | B204: =B203 -> 46086 | C204: =C203 -> 46092 | D204: 3259 | E204: 333 | F204: 3 | G204: 14 | I204: COLE | J204: 18085557 | K204: SDREGBK | L204: DENIM SHORT PANTS SIMPLE REGULAR SDREGBK:MEDIUM DENIM:40:SOLID:DENIM SHORT PANTS | M204: 219900 | N204: 0.7 | O204: =M204-(M204*N204) -> 65970 | P204: PERCENTAGE
A205: 2024 ALL BOTTOM D70 | B205: =B204 -> 46086 | C205: =C204 -> 46092 | D205: 3259 | E205: 333 | F205: 3 | I205: COLE | J205: 15257715 | K205: PDBCREG | L205: DENIM LONG PANTS BASIC NON WHISKER REGULAR PDBCREG:BLACK:30:SOLID:DENIM LONG PANTS | M205: 369900 | N205: 0.7 | O205: =M205-(M205*N205) -> 110970 | P205: PERCENTAGE
A206: 2024 ALL BOTTOM D70 | B206: =B205 -> 46086 | C206: =C205 -> 46092 | D206: 3259 | E206: 333 | F206: 3 | I206: COLE | J206: 15257724 | K206: PDBCREG | L206: DENIM LONG PANTS BASIC NON WHISKER REGULAR PDBCREG:BLACK:32:SOLID:DENIM LONG PANTS | M206: 369900 | N206: 0.7 | O206: =M206-(M206*N206) -> 110970 | P206: PERCENTAGE
A207: 2024 ALL BOTTOM D70 | B207: =B206 -> 46086 | C207: =C206 -> 46092 | D207: 3259 | E207: 333 | F207: 3 | I207: COLE | J207: 15257733 | K207: PDBCREG | L207: DENIM LONG PANTS BASIC NON WHISKER REGULAR PDBCREG:BLACK:34:SOLID:DENIM LONG PANTS | M207: 369900 | N207: 0.7 | O207: =M207-(M207*N207) -> 110970 | P207: PERCENTAGE
A208: 2024 ALL BOTTOM D70 | B208: =B207 -> 46086 | C208: =C207 -> 46092 | D208: 3259 | E208: 333 | F208: 3 | I208: COLE | J208: 15257742 | K208: PDBCREG | L208: DENIM LONG PANTS BASIC NON WHISKER REGULAR PDBCREG:BLACK:36:SOLID:DENIM LONG PANTS | M208: 369900 | N208: 0.7 | O208: =M208-(M208*N208) -> 110970 | P208: PERCENTAGE
A209: 2024 ALL BOTTOM D70 | B209: =B208 -> 46086 | C209: =C208 -> 46092 | D209: 3259 | E209: 333 | F209: 3 | I209: COLE | J209: 15257751 | K209: PDBCREG | L209: DENIM LONG PANTS BASIC NON WHISKER REGULAR PDBCREG:BLACK:38:SOLID:DENIM LONG PANTS | M209: 369900 | N209: 0.7 | O209: =M209-(M209*N209) -> 110970 | P209: PERCENTAGE
A210: 2024 ALL BOTTOM D70 | B210: =B209 -> 46086 | C210: =C209 -> 46092 | D210: 3259 | E210: 333 | F210: 3 | I210: COLE | J210: 15257760 | K210: PDBCREG | L210: DENIM LONG PANTS BASIC NON WHISKER REGULAR PDBCREG:BLACK:40:SOLID:DENIM LONG PANTS | M210: 369900 | N210: 0.7 | O210: =M210-(M210*N210) -> 110970 | P210: PERCENTAGE
A211: 2024 ALL BOTTOM D70 | B211: =B210 -> 46086 | C211: =C210 -> 46092 | D211: 3259 | E211: 333 | F211: 3 | I211: COLE | J211: 15257162 | K211: PDBCSLIM | L211: DENIM LONG PANTS BASIC SPRAY WHISKER SLIM PDBCSLIM:LIGHT DENIM:32:SOLID:DENIM LONG PANTS | M211: 369900 | N211: 0.7 | O211: =M211-(M211*N211) -> 110970 | P211: PERCENTAGE
A212: 2024 ALL BOTTOM D70 | B212: =B211 -> 46086 | C212: =C211 -> 46092 | D212: 3259 | E212: 333 | F212: 3 | I212: COLE | J212: 15257171 | K212: PDBCSLIM | L212: DENIM LONG PANTS BASIC SPRAY WHISKER SLIM PDBCSLIM:LIGHT DENIM:34:SOLID:DENIM LONG PANTS | M212: 369900 | N212: 0.7 | O212: =M212-(M212*N212) -> 110970 | P212: PERCENTAGE
A213: 2024 ALL BOTTOM D70 | B213: =B212 -> 46086 | C213: =C212 -> 46092 | D213: 3259 | E213: 333 | F213: 3 | I213: COLE | J213: 15257180 | K213: PDBCSLIM | L213: DENIM LONG PANTS BASIC SPRAY WHISKER SLIM PDBCSLIM:LIGHT DENIM:36:SOLID:DENIM LONG PANTS | M213: 369900 | N213: 0.7 | O213: =M213-(M213*N213) -> 110970 | P213: PERCENTAGE
A214: 2024 ALL BOTTOM D70 | B214: =B213 -> 46086 | C214: =C213 -> 46092 | D214: 3259 | E214: 333 | F214: 3 | I214: COLE | J214: 15257199 | K214: PDBCSLIM | L214: DENIM LONG PANTS BASIC SPRAY WHISKER SLIM PDBCSLIM:LIGHT DENIM:38:SOLID:DENIM LONG PANTS | M214: 369900 | N214: 0.7 | O214: =M214-(M214*N214) -> 110970 | P214: PERCENTAGE
A215: 2024 ALL BOTTOM D70 | B215: =B214 -> 46086 | C215: =C214 -> 46092 | D215: 3259 | E215: 333 | F215: 3 | I215: COLE | J215: 15257206 | K215: PDBCSLIM | L215: DENIM LONG PANTS BASIC SPRAY WHISKER SLIM PDBCSLIM:LIGHT DENIM:40:SOLID:DENIM LONG PANTS | M215: 369900 | N215: 0.7 | O215: =M215-(M215*N215) -> 110970 | P215: PERCENTAGE
A216: 2024 ALL BOTTOM D70 | B216: =B215 -> 46086 | C216: =C215 -> 46092 | D216: 3259 | E216: 333 | F216: 3 | I216: COLE | J216: 17124211 | K216: PDECSLIM | L216: DENIM LONG PANTS BASIC SLIM ECO PDECSLIM:MEDIUM DENIM:30:SOLID:DENIM LONG PANTS | M216: 369900 | N216: 0.7 | O216: =M216-(M216*N216) -> 110970 | P216: PERCENTAGE
... A221: 2024 ALL BOTTOM D70 | B221: =B220 -> 46086 | C221: =C220 -> 46092 | D221: 3259 | E221: 333 | F221: 3 | I221: COLE | J221: 17124275 | K221: PDECSLIM | L221: DENIM LONG PANTS BASIC SLIM ECO PDECSLIM:MEDIUM DENIM:40:SOLID:DENIM LONG PANTS | M221: 369900 | N221: 0.7 | O221: =M221-(M221*N221) -> 110970 | P221: PERCENTAGE

Sheet 2024 KNITPANTS KNITSHORT D70
A1: ACARA | B1: FROM DATE | C1: TO DATE | D1: DEPT | E1: WORLD | F1: DIVISION | G1: CLASS | H1: SUPPLIER | I1: BRAND | J1: SKU | K1: ARTICLE | L1: DESCRIPTION | M1: HARGA NORMAL | N1: DISKON | O1: HARGA PROMO | P1: DISCOUNT TYPE
A2: 2024 KNITPANTS KNITSHORT D70 | B2: ='2019 ALL BOTTOM D95'!B2 -> 46086 | C2: ='2019 ALL BOTTOM D95'!C2 -> 46092 | D2: 3259 | E2: 333 | F2: 3 | G2: 7 | I2: COLE | J2: 19551765 | K2: PKCSSOL | L2: LONG PANTS KNIT BASIC CUT AND SEWN PKCSSOL:BLACK:S:SOLID:LONG PANTS | M2: 249900 | N2: 0.7 | O2: =M2-(M2*N2) -> 74970 | P2: PERCENTAGE
A3: 2024 KNITPANTS KNITSHORT D70 | B3: =B2 -> 46086 | C3: =C2 -> 46092 | D3: 3259 | E3: 333 | F3: 3 | G3: 7 | I3: COLE | J3: 19551774 | K3: PKCSSOL | L3: LONG PANTS KNIT BASIC CUT AND SEWN PKCSSOL:BLACK:M:SOLID:LONG PANTS | M3: 249900 | N3: 0.7 | O3: =M3-(M3*N3) -> 74970 | P3: PERCENTAGE
A4: 2024 KNITPANTS KNITSHORT D70 | B4: =B3 -> 46086 | C4: =C3 -> 46092 | D4: 3259 | E4: 333 | F4: 3 | G4: 7 | I4: COLE | J4: 19551792 | K4: PKCSSOL | L4: LONG PANTS KNIT BASIC CUT AND SEWN PKCSSOL:BLACK:L:SOLID:LONG PANTS | M4: 249900 | N4: 0.7 | O4: =M4-(M4*N4) -> 74970 | P4: PERCENTAGE
A5: 2024 KNITPANTS KNITSHORT D70 | B5: =B4 -> 46086 | C5: =C4 -> 46092 | D5: 3259 | E5: 333 | F5: 3 | G5: 7 | I5: COLE | J5: 19551809 | K5: PKCSSOL | L5: LONG PANTS KNIT BASIC CUT AND SEWN PKCSSOL:BLACK:XL:SOLID:LONG PANTS | M5: 249900 | N5: 0.7 | O5: =M5-(M5*N5) -> 74970 | P5: PERCENTAGE
A6: 2024 KNITPANTS KNITSHORT D70 | B6: =B5 -> 46086 | C6: =C5 -> 46092 | D6: 3259 | E6: 333 | F6: 3 | G6: 7 | I6: COLE | J6: 19551818 | K6: PKCSSOL | L6: LONG PANTS KNIT BASIC CUT AND SEWN PKCSSOL:RUSTIC BROWN:S:SOLID:LONG PANTS | M6: 249900 | N6: 0.7 | O6: =M6-(M6*N6) -> 74970 | P6: PERCENTAGE
A7: 2024 KNITPANTS KNITSHORT D70 | B7: =B6 -> 46086 | C7: =C6 -> 46092 | D7: 3259 | E7: 333 | F7: 3 | G7: 7 | I7: COLE | J7: 19551827 | K7: PKCSSOL | L7: LONG PANTS KNIT BASIC CUT AND SEWN PKCSSOL:RUSTIC BROWN:M:SOLID:LONG PANTS | M7: 249900 | N7: 0.7 | O7: =M7-(M7*N7) -> 74970 | P7: PERCENTAGE
A8: 2024 KNITPANTS KNITSHORT D70 | B8: =B7 -> 46086 | C8: =C7 -> 46092 | D8: 3259 | E8: 333 | F8: 3 | G8: 7 | I8: COLE | J8: 19551836 | K8: PKCSSOL | L8: LONG PANTS KNIT BASIC CUT AND SEWN PKCSSOL:RUSTIC BROWN:L:SOLID:LONG PANTS | M8: 249900 | N8: 0.7 | O8: =M8-(M8*N8) -> 74970 | P8: PERCENTAGE
A9: 2024 KNITPANTS KNITSHORT D70 | B9: =B8 -> 46086 | C9: =C8 -> 46092 | D9: 3259 | E9: 333 | F9: 3 | G9: 7 | I9: COLE | J9: 19551845 | K9: PKCSSOL | L9: LONG PANTS KNIT BASIC CUT AND SEWN PKCSSOL:RUSTIC BROWN:XL:SOLID:LONG PANTS | M9: 249900 | N9: 0.7 | O9: =M9-(M9*N9) -> 74970 | P9: PERCENTAGE
A10: 2024 KNITPANTS KNITSHORT D70 | B10: =B9 -> 46086 | C10: =C9 -> 46092 | D10: 3259 | E10: 333 | F10: 3 | G10: 7 | I10: COLE | J10: 76164979 | K10: JGTRBC | L10: JOGGER KI LONG JG JGTRBC:BLACK:S:SOLID:JOGGER | M10: 249900 | N10: 0.7 | O10: =M10-(M10*N10) -> 74970 | P10: PERCENTAGE
A11: 2024 KNITPANTS KNITSHORT D70 | B11: =B10 -> 46086 | C11: =C10 -> 46092 | D11: 3259 | E11: 333 | F11: 3 | G11: 7 | I11: COLE | J11: 76164988 | K11: JGTRBC | L11: JOGGER KI LONG JG JGTRBC:BLACK:M:SOLID:JOGGER | M11: 249900 | N11: 0.7 | O11: =M11-(M11*N11) -> 74970 | P11: PERCENTAGE
A12: 2024 KNITPANTS KNITSHORT D70 | B12: =B11 -> 46086 | C12: =C11 -> 46092 | D12: 3259 | E12: 333 | F12: 3 | G12: 7 | I12: COLE | J12: 76164997 | K12: JGTRBC | L12: JOGGER KI LONG JG JGTRBC:BLACK:L:SOLID:JOGGER | M12: 249900 | N12: 0.7 | O12: =M12-(M12*N12) -> 74970 | P12: PERCENTAGE
A13: 2024 KNITPANTS KNITSHORT D70 | B13: =B12 -> 46086 | C13: =C12 -> 46092 | D13: 3259 | E13: 333 | F13: 3 | G13: 7 | I13: COLE | J13: 76165003 | K13: JGTRBC | L13: JOGGER KI LONG JG JGTRBC:BLACK:XL:SOLID:JOGGER | M13: 249900 | N13: 0.7 | O13: =M13-(M13*N13) -> 74970 | P13: PERCENTAGE
A14: 2024 KNITPANTS KNITSHORT D70 | B14: =B13 -> 46086 | C14: =C13 -> 46092 | D14: 3259 | E14: 333 | F14: 3 | G14: 16 | I14: COLE | J14: 76165058 | K14: SKTRBC | L14: SHORT PANTS KI KNIT SKTRBC:BLACK:S:SOLID:SHORT PANTS | M14: 199900 | N14: 0.7 | O14: =M14-(M14*N14) -> 59970 | P14: PERCENTAGE
... A113: 2024 KNITPANTS KNITSHORT D70 | B113: =B112 -> 46086 | C113: =C112 -> 46092 | D113: 3259 | E113: 333 | F113: 3 | G113: 16 | I113: COLE | J113: 15258232 | K113: SKSIMOTT | L113: SHORT PANTS KNIT OTTOMAN BASIC POCKET AND BIG SIZE SKSIMOTT:OLIVE:S:SOLID:SHORT PANTS | M113: 199900 | N113: 0.7 | O113: =M113-(M113*N113) -> 59970 | P113: PERCENTAGE
A114: 2024 KNITPANTS KNITSHORT D70 | B114: =B113 -> 46086 | C114: =C113 -> 46092 | D114: 3259 | E114: 333 | F114: 3 | G114: 7 | J114: 87445841 | K114: PKJOGCSL | L114: LONG PANTS KNIT CASUAL LOOKS PKJOGCSL:MISTY DARK GREY:L:SOLID:LONG PANTS | M114: 179900 | N114: 0.7 | O114: =M114-(M114*N114) -> 53970 | P114: PERCENTAGE
A115: 2024 KNITPANTS KNITSHORT D70 | B115: =B114 -> 46086 | C115: =C114 -> 46092 | D115: 3259 | E115: 333 | F115: 3 | G115: 7 | J115: 87445832 | K115: PKJOGCSL | L115: LONG PANTS KNIT CASUAL LOOKS PKJOGCSL:MISTY DARK GREY:M:SOLID:LONG PANTS | M115: 179900 | N115: 0.7 | O115: =M115-(M115*N115) -> 53970 | P115: PERCENTAGE
A116: 2024 KNITPANTS KNITSHORT D70 | B116: =B115 -> 46086 | C116: =C115 -> 46092 | D116: 3259 | E116: 333 | F116: 3 | G116: 7 | J116: 87445823 | K116: PKJOGCSL | L116: LONG PANTS KNIT CASUAL LOOKS PKJOGCSL:MISTY DARK GREY:S:SOLID:LONG PANTS | M116: 179900 | N116: 0.7 | O116: =M116-(M116*N116) -> 53970 | P116: PERCENTAGE
A117: 2024 KNITPANTS KNITSHORT D70 | B117: =B116 -> 46086 | C117: =C116 -> 46092 | D117: 3259 | E117: 333 | F117: 3 | G117: 7 | J117: 87445850 | K117: PKJOGCSL | L117: LONG PANTS KNIT CASUAL LOOKS PKJOGCSL:MISTY DARK GREY:XL:SOLID:LONG PANTS | M117: 179900 | N117: 0.7 | O117: =M117-(M117*N117) -> 53970 | P117: PERCENTAGE

Sheet 2024 H2 WOVEN SHORT D70
A1: ACARA | B1: FROM DATE | C1: TO DATE | D1: DEPT | E1: WORLD | F1: DIVISION | G1: CLASS | H1: SUPPLIER | I1: BRAND | J1: SKU | K1: ARTICLE | L1: DESCRIPTION | M1: HARGA NORMAL | N1: DISKON | O1: HARGA PROMO | P1: DISCOUNT TYPE
A2: 2024 H2 WOVEN SHORT D70 | B2: ='2019 ALL BOTTOM D95'!B39 -> 46086 | C2: ='2019 ALL BOTTOM D95'!C39 -> 46092 | D2: 3259 | E2: 333 | F2: 3 | G2: 15 | I2: COLE | J2: 26769624 | K2: SWSTRIPE | L2: SHORT PANTS WOVEN PRINT STRIPES BERMUDA W/ ADJUSTER WAIST SWSTRIPE:NAVY BLUE:30:STRIPES:SHORT PANTS | M2: 219900 | N2: 0.7 | O2: =M2-(M2*N2) -> 65970 | P2: PERCENTAGE
A3: 2024 H2 WOVEN SHORT D70 | B3: =B2 -> 46086 | C3: =C2 -> 46092 | D3: 3259 | E3: 333 | F3: 3 | G3: 15 | I3: COLE | J3: 26769633 | K3: SWSTRIPE | L3: SHORT PANTS WOVEN PRINT STRIPES BERMUDA W/ ADJUSTER WAIST SWSTRIPE:NAVY BLUE:32:STRIPES:SHORT PANTS | M3: 219900 | N3: 0.7 | O3: =M3-(M3*N3) -> 65970 | P3: PERCENTAGE
A4: 2024 H2 WOVEN SHORT D70 | B4: =B3 -> 46086 | C4: =C3 -> 46092 | D4: 3259 | E4: 333 | F4: 3 | G4: 15 | I4: COLE | J4: 26769642 | K4: SWSTRIPE | L4: SHORT PANTS WOVEN PRINT STRIPES BERMUDA W/ ADJUSTER WAIST SWSTRIPE:NAVY BLUE:34:STRIPES:SHORT PANTS | M4: 219900 | N4: 0.7 | O4: =M4-(M4*N4) -> 65970 | P4: PERCENTAGE
A5: 2024 H2 WOVEN SHORT D70 | B5: =B4 -> 46086 | C5: =C4 -> 46092 | D5: 3259 | E5: 333 | F5: 3 | G5: 15 | I5: COLE | J5: 26769651 | K5: SWSTRIPE | L5: SHORT PANTS WOVEN PRINT STRIPES BERMUDA W/ ADJUSTER WAIST SWSTRIPE:NAVY BLUE:36:STRIPES:SHORT PANTS | M5: 219900 | N5: 0.7 | O5: =M5-(M5*N5) -> 65970 | P5: PERCENTAGE
A6: 2024 H2 WOVEN SHORT D70 | B6: =B5 -> 46086 | C6: =C5 -> 46092 | D6: 3259 | E6: 333 | F6: 3 | G6: 15 | I6: COLE | J6: 26769660 | K6: SWSTRIPE | L6: SHORT PANTS WOVEN PRINT STRIPES BERMUDA W/ ADJUSTER WAIST SWSTRIPE:NAVY BLUE:38:STRIPES:SHORT PANTS | M6: 219900 | N6: 0.7 | O6: =M6-(M6*N6) -> 65970 | P6: PERCENTAGE
A7: 2024 H2 WOVEN SHORT D70 | B7: =B6 -> 46086 | C7: =C6 -> 46092 | D7: 3259 | E7: 333 | F7: 3 | G7: 15 | I7: COLE | J7: 26769679 | K7: SWSTRIPE | L7: SHORT PANTS WOVEN PRINT STRIPES BERMUDA W/ ADJUSTER WAIST SWSTRIPE:NAVY BLUE:40:STRIPES:SHORT PANTS | M7: 219900 | N7: 0.7 | O7: =M7-(M7*N7) -> 65970 | P7: PERCENTAGE
A8: 2024 H2 WOVEN SHORT D70 | B8: =B7 -> 46086 | C8: =C7 -> 46092 | D8: 3259 | E8: 333 | F8: 3 | G8: 15 | I8: COLE | J8: 26769688 | K8: SWSTRIPE | L8: SHORT PANTS WOVEN PRINT STRIPES BERMUDA W/ ADJUSTER WAIST SWSTRIPE:BLACK:30:STRIPES:SHORT PANTS | M8: 219900 | N8: 0.7 | O8: =M8-(M8*N8) -> 65970 | P8: PERCENTAGE
A9: 2024 H2 WOVEN SHORT D70 | B9: =B8 -> 46086 | C9: =C8 -> 46092 | D9: 3259 | E9: 333 | F9: 3 | G9: 15 | I9: COLE | J9: 26769697 | K9: SWSTRIPE | L9: SHORT PANTS WOVEN PRINT STRIPES BERMUDA W/ ADJUSTER WAIST SWSTRIPE:BLACK:32:STRIPES:SHORT PANTS | M9: 219900 | N9: 0.7 | O9: =M9-(M9*N9) -> 65970 | P9: PERCENTAGE
A10: 2024 H2 WOVEN SHORT D70 | B10: =B9 -> 46086 | C10: =C9 -> 46092 | D10: 3259 | E10: 333 | F10: 3 | G10: 15 | I10: COLE | J10: 26769704 | K10: SWSTRIPE | L10: SHORT PANTS WOVEN PRINT STRIPES BERMUDA W/ ADJUSTER WAIST SWSTRIPE:BLACK:34:STRIPES:SHORT PANTS | M10: 219900 | N10: 0.7 | O10: =M10-(M10*N10) -> 65970 | P10: PERCENTAGE
A11: 2024 H2 WOVEN SHORT D70 | B11: =B10 -> 46086 | C11: =C10 -> 46092 | D11: 3259 | E11: 333 | F11: 3 | G11: 15 | I11: COLE | J11: 26769731 | K11: SWSTRIPE | L11: SHORT PANTS WOVEN PRINT STRIPES BERMUDA W/ ADJUSTER WAIST SWSTRIPE:BLACK:36:STRIPES:SHORT PANTS | M11: 219900 | N11: 0.7 | O11: =M11-(M11*N11) -> 65970 | P11: PERCENTAGE
A12: 2024 H2 WOVEN SHORT D70 | B12: =B11 -> 46086 | C12: =C11 -> 46092 | D12: 3259 | E12: 333 | F12: 3 | G12: 15 | I12: COLE | J12: 26769740 | K12: SWSTRIPE | L12: SHORT PANTS WOVEN PRINT STRIPES BERMUDA W/ ADJUSTER WAIST SWSTRIPE:BLACK:38:STRIPES:SHORT PANTS | M12: 219900 | N12: 0.7 | O12: =M12-(M12*N12) -> 65970 | P12: PERCENTAGE
A13: 2024 H2 WOVEN SHORT D70 | B13: =B12 -> 46086 | C13: =C12 -> 46092 | D13: 3259 | E13: 333 | F13: 3 | G13: 15 | I13: COLE | J13: 26769795 | K13: SWSTRIPE | L13: SHORT PANTS WOVEN PRINT STRIPES BERMUDA W/ ADJUSTER WAIST SWSTRIPE:BLACK:40:STRIPES:SHORT PANTS | M13: 219900 | N13: 0.7 | O13: =M13-(M13*N13) -> 65970 | P13: PERCENTAGE
A14: 2024 H2 WOVEN SHORT D70 | B14: =B13 -> 46086 | C14: =C13 -> 46092 | D14: 3259 | E14: 333 | F14: 3 | G14: 15 | I14: COLE | J14: 26770201 | K14: SWSOLCRG | L14: SHORT PANTS WOVEN CARGO BERMUDA RIBSTOP SWSOLCRG:CHARCOAL:30:SOLID:SHORT PANTS | M14: 219900 | N14: 0.7 | O14: =M14-(M14*N14) -> 65970 | P14: PERCENTAGE
... A55: 2024 H2 WOVEN SHORT D70 | B55: =B54 -> 46086 | C55: =C54 -> 46092 | D55: 3259 | E55: 333 | F55: 3 | G55: 15 | I55: COLE | J55: 26789175 | K55: SWSLRIB | L55: SHORT PANTS WOVEN SOLID PULLON RIB SWSLRIB:WOOD BROWN:XL:SOLID:SHORT PANTS | M55: 199900 | N55: 0.7 | O55: =M55-(M55*N55) -> 59970 | P55: PERCENTAGE

Sheet 2024 H2 WOVEN PANTS D70
A1: ACARA | B1: FROM DATE | C1: TO DATE | D1: DEPT | E1: WORLD | F1: DIVISION | G1: CLASS | H1: SUPPLIER | I1: BRAND | J1: SKU | K1: ARTICLE | L1: DESCRIPTION | M1: HARGA NORMAL | N1: DISKON | O1: HARGA PROMO | P1: DISCOUNT TYPE
A2: 2024 H2 WOVEN PANTS D70 | B2: ='2019 ALL BOTTOM D95'!B115 -> 46086 | C2: ='2019 ALL BOTTOM D95'!C115 -> 46092 | D2: 3259 | E2: 333 | F2: 3 | G2: 6 | I2: COLE | J2: 19199549 | K2: PWSANSL | L2: LONG PANTS WOVEN FANCY STITCH SLIM PWSANSL:KHAKI:30:SOLID:LONG PANTS | M2: 279900 | N2: 0.7 | O2: =M2-(M2*N2) -> 83970 | P2: PERCENTAGE
A3: 2024 H2 WOVEN PANTS D70 | B3: =B2 -> 46086 | C3: =C2 -> 46092 | D3: 3259 | E3: 333 | F3: 3 | G3: 6 | I3: COLE | J3: 19199558 | K3: PWSANSL | L3: LONG PANTS WOVEN FANCY STITCH SLIM PWSANSL:KHAKI:32:SOLID:LONG PANTS | M3: 279900 | N3: 0.7 | O3: =M3-(M3*N3) -> 83970 | P3: PERCENTAGE
A4: 2024 H2 WOVEN PANTS D70 | B4: =B3 -> 46086 | C4: =C3 -> 46092 | D4: 3259 | E4: 333 | F4: 3 | G4: 6 | I4: COLE | J4: 19199567 | K4: PWSANSL | L4: LONG PANTS WOVEN FANCY STITCH SLIM PWSANSL:KHAKI:34:SOLID:LONG PANTS | M4: 279900 | N4: 0.7 | O4: =M4-(M4*N4) -> 83970 | P4: PERCENTAGE
A5: 2024 H2 WOVEN PANTS D70 | B5: =B4 -> 46086 | C5: =C4 -> 46092 | D5: 3259 | E5: 333 | F5: 3 | G5: 6 | I5: COLE | J5: 19199576 | K5: PWSANSL | L5: LONG PANTS WOVEN FANCY STITCH SLIM PWSANSL:KHAKI:36:SOLID:LONG PANTS | M5: 279900 | N5: 0.7 | O5: =M5-(M5*N5) -> 83970 | P5: PERCENTAGE
A6: 2024 H2 WOVEN PANTS D70 | B6: =B5 -> 46086 | C6: =C5 -> 46092 | D6: 3259 | E6: 333 | F6: 3 | G6: 6 | I6: COLE | J6: 19199585 | K6: PWSANSL | L6: LONG PANTS WOVEN FANCY STITCH SLIM PWSANSL:KHAKI:38:SOLID:LONG PANTS | M6: 279900 | N6: 0.7 | O6: =M6-(M6*N6) -> 83970 | P6: PERCENTAGE
A7: 2024 H2 WOVEN PANTS D70 | B7: =B6 -> 46086 | C7: =C6 -> 46092 | D7: 3259 | E7: 333 | F7: 3 | G7: 6 | I7: COLE | J7: 19199594 | K7: PWSANSL | L7: LONG PANTS WOVEN FANCY STITCH SLIM PWSANSL:KHAKI:40:SOLID:LONG PANTS | M7: 279900 | N7: 0.7 | O7: =M7-(M7*N7) -> 83970 | P7: PERCENTAGE
A8: 2024 H2 WOVEN PANTS D70 | B8: =B7 -> 46086 | C8: =C7 -> 46092 | D8: 3259 | E8: 333 | F8: 3 | G8: 6 | I8: COLE | J8: 19199601 | K8: PWSANSL | L8: LONG PANTS WOVEN FANCY STITCH SLIM PWSANSL:OLIVE:30:SOLID:LONG PANTS | M8: 279900 | N8: 0.7 | O8: =M8-(M8*N8) -> 83970 | P8: PERCENTAGE
A9: 2024 H2 WOVEN PANTS D70 | B9: =B8 -> 46086 | C9: =C8 -> 46092 | D9: 3259 | E9: 333 | F9: 3 | G9: 6 | I9: COLE | J9: 19199629 | K9: PWSANSL | L9: LONG PANTS WOVEN FANCY STITCH SLIM PWSANSL:OLIVE:32:SOLID:LONG PANTS | M9: 279900 | N9: 0.7 | O9: =M9-(M9*N9) -> 83970 | P9: PERCENTAGE
A10: 2024 H2 WOVEN PANTS D70 | B10: =B9 -> 46086 | C10: =C9 -> 46092 | D10: 3259 | E10: 333 | F10: 3 | G10: 6 | I10: COLE | J10: 19199665 | K10: PWSANSL | L10: LONG PANTS WOVEN FANCY STITCH SLIM PWSANSL:OLIVE:34:SOLID:LONG PANTS | M10: 279900 | N10: 0.7 | O10: =M10-(M10*N10) -> 83970 | P10: PERCENTAGE
A11: 2024 H2 WOVEN PANTS D70 | B11: =B10 -> 46086 | C11: =C10 -> 46092 | D11: 3259 | E11: 333 | F11: 3 | G11: 6 | I11: COLE | J11: 19199709 | K11: PWSANSL | L11: LONG PANTS WOVEN FANCY STITCH SLIM PWSANSL:OLIVE:36:SOLID:LONG PANTS | M11: 279900 | N11: 0.7 | O11: =M11-(M11*N11) -> 83970 | P11: PERCENTAGE
A12: 2024 H2 WOVEN PANTS D70 | B12: =B11 -> 46086 | C12: =C11 -> 46092 | D12: 3259 | E12: 333 | F12: 3 | G12: 6 | I12: COLE | J12: 19199718 | K12: PWSANSL | L12: LONG PANTS WOVEN FANCY STITCH SLIM PWSANSL:OLIVE:38:SOLID:LONG PANTS | M12: 279900 | N12: 0.7 | O12: =M12-(M12*N12) -> 83970 | P12: PERCENTAGE
A13: 2024 H2 WOVEN PANTS D70 | B13: =B12 -> 46086 | C13: =C12 -> 46092 | D13: 3259 | E13: 333 | F13: 3 | G13: 6 | I13: COLE | J13: 19199727 | K13: PWSANSL | L13: LONG PANTS WOVEN FANCY STITCH SLIM PWSANSL:OLIVE:40:SOLID:LONG PANTS | M13: 279900 | N13: 0.7 | O13: =M13-(M13*N13) -> 83970 | P13: PERCENTAGE
A14: 2024 H2 WOVEN PANTS D70 | B14: =B13 -> 46086 | C14: =C13 -> 46092 | D14: 3259 | E14: 333 | F14: 3 | G14: 6 | I14: COLE | J14: 26769517 | K14: PWCARJG | L14: JOGGER PANTS WOVEN CARGO ELASTIC WAISTBAND PWCARJG:BLACK:S:SOLID:JOGGER | M14: 279900 | N14: 0.7 | O14: =M14-(M14*N14) -> 83970 | P14: PERCENTAGE
... A95: 2024 H2 WOVEN PANTS D70 | B95: =B94 -> 46086 | C95: =C94 -> 46092 | D95: 3259 | E95: 333 | F95: 3 | G95: 6 | I95: COLE | J95: 19199898 | K95: PWJOGSL | L95: JOGGER PANTS WOVEN SLIM PWJOGSL:BLACK:XL:SOLID:JOGGER | M95: 369900 | N95: 0.7 | O95: =M95-(M95*N95) -> 110970 | P95: PERCENTAGE

Sheet 2024 H2 DENIM PANTS D70
A1: ACARA | B1: FROM DATE | C1: TO DATE | D1: DEPT | E1: WORLD | F1: DIVISION | G1: CLASS | H1: SUPPLIER | I1: BRAND | J1: SKU | K1: ARTICLE | L1: DESCRIPTION | M1: HARGA NORMAL | N1: DISKON | O1: HARGA PROMO | P1: DISCOUNT TYPE
A2: 2024 H2 DENIM D70 | B2: ='2019 ALL BOTTOM D95'!B3 -> 46086 | C2: ='2019 ALL BOTTOM D95'!C3 -> 46092 | D2: 3259 | E2: 333 | F2: 3 | G2: 5 | I2: COLE | J2: 15256252 | K2: PDBKSLIM | L2: DENIM LONG PANTS BASIC BLK SLIM PDBKSLIM:BLACK:30:SOLID:DENIM LONG PANTS | M2: 279900 | N2: 0.7 | O2: =M2-(M2*N2) -> 83970 | P2: PERCENTAGE
A3: 2024 H2 DENIM D70 | B3: =B2 -> 46086 | C3: =C2 -> 46092 | D3: 3259 | E3: 333 | F3: 3 | G3: 5 | I3: COLE | J3: 15256270 | K3: PDBKSLIM | L3: DENIM LONG PANTS BASIC BLK SLIM PDBKSLIM:BLACK:34:SOLID:DENIM LONG PANTS | M3: 279900 | N3: 0.7 | O3: =M3-(M3*N3) -> 83970 | P3: PERCENTAGE
A4: 2024 H2 DENIM D70 | B4: =B3 -> 46086 | C4: =C3 -> 46092 | D4: 3259 | E4: 333 | F4: 3 | G4: 5 | I4: COLE | J4: 15256289 | K4: PDBKSLIM | L4: DENIM LONG PANTS BASIC BLK SLIM PDBKSLIM:BLACK:36:SOLID:DENIM LONG PANTS | M4: 279900 | N4: 0.7 | O4: =M4-(M4*N4) -> 83970 | P4: PERCENTAGE
A5: 2024 H2 DENIM D70 | B5: =B4 -> 46086 | C5: =C4 -> 46092 | D5: 3259 | E5: 333 | F5: 3 | G5: 5 | I5: COLE | J5: 15256298 | K5: PDBKSLIM | L5: DENIM LONG PANTS BASIC BLK SLIM PDBKSLIM:BLACK:38:SOLID:DENIM LONG PANTS | M5: 279900 | N5: 0.7 | O5: =M5-(M5*N5) -> 83970 | P5: PERCENTAGE
A6: 2024 H2 DENIM D70 | B6: =B5 -> 46086 | C6: =C5 -> 46092 | D6: 3259 | E6: 333 | F6: 3 | G6: 5 | I6: COLE | J6: 15256305 | K6: PDBKSLIM | L6: DENIM LONG PANTS BASIC BLK SLIM PDBKSLIM:BLACK:40:SOLID:DENIM LONG PANTS | M6: 279900 | N6: 0.7 | O6: =M6-(M6*N6) -> 83970 | P6: PERCENTAGE
A7: 2024 H2 DENIM D70 | B7: =B6 -> 46086 | C7: =C6 -> 46092 | D7: 3259 | E7: 333 | F7: 3 | G7: 5 | I7: COLE | J7: 15257091 | K7: PDBCSLIM | L7: DENIM LONG PANTS BASIC SPRAY WHISKER SLIM PDBCSLIM:INDIGO BLUE:30:SOLID:DENIM LONG PANTS | M7: 279900 | N7: 0.7 | O7: =M7-(M7*N7) -> 83970 | P7: PERCENTAGE
A8: 2024 H2 DENIM D70 | B8: =B7 -> 46086 | C8: =C7 -> 46092 | D8: 3259 | E8: 333 | F8: 3 | G8: 5 | I8: COLE | J8: 15257108 | K8: PDBCSLIM | L8: DENIM LONG PANTS BASIC SPRAY WHISKER SLIM PDBCSLIM:INDIGO BLUE:32:SOLID:DENIM LONG PANTS | M8: 279900 | N8: 0.7 | O8: =M8-(M8*N8) -> 83970 | P8: PERCENTAGE
A9: 2024 H2 DENIM D70 | B9: =B8 -> 46086 | C9: =C8 -> 46092 | D9: 3259 | E9: 333 | F9: 3 | G9: 5 | I9: COLE | J9: 15257117 | K9: PDBCSLIM | L9: DENIM LONG PANTS BASIC SPRAY WHISKER SLIM PDBCSLIM:INDIGO BLUE:34:SOLID:DENIM LONG PANTS | M9: 279900 | N9: 0.7 | O9: =M9-(M9*N9) -> 83970 | P9: PERCENTAGE
A10: 2024 H2 DENIM D70 | B10: =B9 -> 46086 | C10: =C9 -> 46092 | D10: 3259 | E10: 333 | F10: 3 | G10: 5 | I10: COLE | J10: 15257126 | K10: PDBCSLIM | L10: DENIM LONG PANTS BASIC SPRAY WHISKER SLIM PDBCSLIM:INDIGO BLUE:36:SOLID:DENIM LONG PANTS | M10: 279900 | N10: 0.7 | O10: =M10-(M10*N10) -> 83970 | P10: PERCENTAGE
A11: 2024 H2 DENIM D70 | B11: =B10 -> 46086 | C11: =C10 -> 46092 | D11: 3259 | E11: 333 | F11: 3 | G11: 5 | I11: COLE | J11: 15257135 | K11: PDBCSLIM | L11: DENIM LONG PANTS BASIC SPRAY WHISKER SLIM PDBCSLIM:INDIGO BLUE:38:SOLID:DENIM LONG PANTS | M11: 279900 | N11: 0.7 | O11: =M11-(M11*N11) -> 83970 | P11: PERCENTAGE
A12: 2024 H2 DENIM D70 | B12: =B11 -> 46086 | C12: =C11 -> 46092 | D12: 3259 | E12: 333 | F12: 3 | G12: 5 | I12: COLE | J12: 15257144 | K12: PDBCSLIM | L12: DENIM LONG PANTS BASIC SPRAY WHISKER SLIM PDBCSLIM:INDIGO BLUE:40:SOLID:DENIM LONG PANTS | M12: 279900 | N12: 0.7 | O12: =M12-(M12*N12) -> 83970 | P12: PERCENTAGE
A13: 2024 H2 DENIM D70 | B13: =B12 -> 46086 | C13: =C12 -> 46092 | D13: 3259 | E13: 333 | F13: 3 | G13: 5 | I13: COLE | J13: 15257215 | K13: PDBKREG | L13: DENIM LONG PANTS BASIC BLK REGULAR PDBKREG:BLACK:30:SOLID:DENIM LONG PANTS | M13: 279900 | N13: 0.7 | O13: =M13-(M13*N13) -> 83970 | P13: PERCENTAGE
A14: 2024 H2 DENIM D70 | B14: =B13 -> 46086 | C14: =C13 -> 46092 | D14: 3259 | E14: 333 | F14: 3 | G14: 5 | I14: COLE | J14: 15257233 | K14: PDBKREG | L14: DENIM LONG PANTS BASIC BLK REGULAR PDBKREG:BLACK:34:SOLID:DENIM LONG PANTS | M14: 279900 | N14: 0.7 | O14: =M14-(M14*N14) -> 83970 | P14: PERCENTAGE
... A59: 2024 H2 DENIM D70 | B59: =B58 -> 46086 | C59: =C58 -> 46092 | D59: 3259 | E59: 333 | F59: 3 | G59: 5 | I59: COLE | J59: 19551532 | K59: PDBCREC | L59: DENIM LONG PANTS BASIC REGULAR REC CTN WHISKER SPRAY PDBCREC:DARK DENIM:40:SOLID:DENIM LONG PANTS | M59: 279900 | N59: 0.7 | O59: =M59-(M59*N59) -> 83970 | P59: PERCENTAGE

Sheet 25 H1 WVN SHORT WVN PANT D70
A1: ACARA | B1: FROM DATE | C1: TO DATE | D1: DEPT | E1: WORLD | F1: DIVISION | G1: CLASS | H1: SUPPLIER | I1: BRAND | J1: SKU | K1: ARTICLE | L1: DESCRIPTION | M1: HARGA NORMAL | N1: DISKON | O1: HARGA PROMO | P1: DISCOUNT TYPE
A2: 2025 H1 WVN SHORT WVN PANT D70 | B2: ='2019 ALL BOTTOM D95'!B47 -> 46086 | C2: ='2019 ALL BOTTOM D95'!C47 -> 46092 | D2: 3259 | E2: 333 | F2: 3 | H2: 6 | I2: COLE | J2: 16752482 | K2: NYCPWSL01 | L2: LONG PANTS NYC WOVEN SLIM 01 NYCPWSL01:KHAKI:30:SOLID:LONG PANTS | M2: 279900 | N2: 0.7 | O2: =M2-(M2*N2) -> 83970 | P2: PERCENTAGE
A3: 2025 H1 WVN SHORT WVN PANT D70 | B3: =B2 -> 46086 | C3: =C2 -> 46092 | D3: 3259 | E3: 333 | F3: 3 | H3: 6 | I3: COLE | J3: 16752491 | K3: NYCPWSL01 | L3: LONG PANTS NYC WOVEN SLIM 01 NYCPWSL01:KHAKI:32:SOLID:LONG PANTS | M3: 279900 | N3: 0.7 | O3: =M3-(M3*N3) -> 83970 | P3: PERCENTAGE
A4: 2025 H1 WVN SHORT WVN PANT D70 | B4: =B3 -> 46086 | C4: =C3 -> 46092 | D4: 3259 | E4: 333 | F4: 3 | H4: 6 | I4: COLE | J4: 16752508 | K4: NYCPWSL01 | L4: LONG PANTS NYC WOVEN SLIM 01 NYCPWSL01:KHAKI:34:SOLID:LONG PANTS | M4: 279900 | N4: 0.7 | O4: =M4-(M4*N4) -> 83970 | P4: PERCENTAGE
A5: 2025 H1 WVN SHORT WVN PANT D70 | B5: =B4 -> 46086 | C5: =C4 -> 46092 | D5: 3259 | E5: 333 | F5: 3 | H5: 6 | I5: COLE | J5: 16752517 | K5: NYCPWSL01 | L5: LONG PANTS NYC WOVEN SLIM 01 NYCPWSL01:KHAKI:36:SOLID:LONG PANTS | M5: 279900 | N5: 0.7 | O5: =M5-(M5*N5) -> 83970 | P5: PERCENTAGE
A6: 2025 H1 WVN SHORT WVN PANT D70 | B6: =B5 -> 46086 | C6: =C5 -> 46092 | D6: 3259 | E6: 333 | F6: 3 | H6: 6 | I6: COLE | J6: 16752526 | K6: NYCPWSL01 | L6: LONG PANTS NYC WOVEN SLIM 01 NYCPWSL01:KHAKI:38:SOLID:LONG PANTS | M6: 279900 | N6: 0.7 | O6: =M6-(M6*N6) -> 83970 | P6: PERCENTAGE
A7: 2025 H1 WVN SHORT WVN PANT D70 | B7: =B6 -> 46086 | C7: =C6 -> 46092 | D7: 3259 | E7: 333 | F7: 3 | H7: 6 | I7: COLE | J7: 16752535 | K7: NYCPWSL01 | L7: LONG PANTS NYC WOVEN SLIM 01 NYCPWSL01:KHAKI:40:SOLID:LONG PANTS | M7: 279900 | N7: 0.7 | O7: =M7-(M7*N7) -> 83970 | P7: PERCENTAGE
A8: 2025 H1 WVN SHORT WVN PANT D70 | B8: =B7 -> 46086 | C8: =C7 -> 46092 | D8: 3259 | E8: 333 | F8: 3 | H8: 6 | I8: COLE | J8: 16752544 | K8: NYCPWSL01 | L8: LONG PANTS NYC WOVEN SLIM 01 NYCPWSL01:TAUPE GREY:30:SOLID:LONG PANTS | M8: 279900 | N8: 0.7 | O8: =M8-(M8*N8) -> 83970 | P8: PERCENTAGE
A9: 2025 H1 WVN SHORT WVN PANT D70 | B9: =B8 -> 46086 | C9: =C8 -> 46092 | D9: 3259 | E9: 333 | F9: 3 | H9: 6 | I9: COLE | J9: 16752553 | K9: NYCPWSL01 | L9: LONG PANTS NYC WOVEN SLIM 01 NYCPWSL01:TAUPE GREY:32:SOLID:LONG PANTS | M9: 279900 | N9: 0.7 | O9: =M9-(M9*N9) -> 83970 | P9: PERCENTAGE
A10: 2025 H1 WVN SHORT WVN PANT D70 | B10: =B9 -> 46086 | C10: =C9 -> 46092 | D10: 3259 | E10: 333 | F10: 3 | H10: 6 | I10: COLE | J10: 16752562 | K10: NYCPWSL01 | L10: LONG PANTS NYC WOVEN SLIM 01 NYCPWSL01:TAUPE GREY:34:SOLID:LONG PANTS | M10: 279900 | N10: 0.7 | O10: =M10-(M10*N10) -> 83970 | P10: PERCENTAGE
A11: 2025 H1 WVN SHORT WVN PANT D70 | B11: =B10 -> 46086 | C11: =C10 -> 46092 | D11: 3259 | E11: 333 | F11: 3 | H11: 6 | I11: COLE | J11: 16752571 | K11: NYCPWSL01 | L11: LONG PANTS NYC WOVEN SLIM 01 NYCPWSL01:TAUPE GREY:36:SOLID:LONG PANTS | M11: 279900 | N11: 0.7 | O11: =M11-(M11*N11) -> 83970 | P11: PERCENTAGE
A12: 2025 H1 WVN SHORT WVN PANT D70 | B12: =B11 -> 46086 | C12: =C11 -> 46092 | D12: 3259 | E12: 333 | F12: 3 | H12: 6 | I12: COLE | J12: 16752580 | K12: NYCPWSL01 | L12: LONG PANTS NYC WOVEN SLIM 01 NYCPWSL01:TAUPE GREY:38:SOLID:LONG PANTS | M12: 279900 | N12: 0.7 | O12: =M12-(M12*N12) -> 83970 | P12: PERCENTAGE
A13: 2025 H1 WVN SHORT WVN PANT D70 | B13: =B12 -> 46086 | C13: =C12 -> 46092 | D13: 3259 | E13: 333 | F13: 3 | H13: 6 | I13: COLE | J13: 16752599 | K13: NYCPWSL01 | L13: LONG PANTS NYC WOVEN SLIM 01 NYCPWSL01:TAUPE GREY:40:SOLID:LONG PANTS | M13: 279900 | N13: 0.7 | O13: =M13-(M13*N13) -> 83970 | P13: PERCENTAGE
A14: 2025 H1 WVN SHORT WVN PANT D70 | B14: =B13 -> 46086 | C14: =C13 -> 46092 | D14: 3259 | E14: 333 | F14: 3 | H14: 6 | I14: COLE | J14: 26785151 | K14: PW5POCRG | L14: LONG PANTS WOVEN 5 POCKET REGULAR PW5POCRG:CHARCOAL:30:SOLID:LONG PANTS | M14: 279900 | N14: 0.7 | O14: =M14-(M14*N14) -> 83970 | P14: PERCENTAGE
... A143: 2025 H1 WVN SHORT WVN PANT D70 | B143: =B142 -> 46086 | C143: =C142 -> 46092 | D143: 3259 | E143: 333 | F143: 3 | H143: 15 | I143: COLE | J143: 53195934 | K143: SAGSOLID | L143: BERMUDA PANTS SOLID COTTON SAGSOLID:SAND:40:SOLID:BERMUDA PANTS | M143: 199900 | N143: 0.7 | O143: =M143-(M143*N143) -> 59970 | P143: PERCENTAGE

Sheet 25 H1 DENIM PANTS D70
A1: ACARA | B1: FROM DATE | C1: TO DATE | D1: DEPT | E1: WORLD | F1: DIVISION | G1: CLASS | H1: SUPPLIER | I1: BRAND | J1: SKU | K1: ARTICLE | L1: DESCRIPTION | M1: HARGA NORMAL | N1: DISKON | O1: HARGA PROMO | P1: DISCOUNT TYPE
A2: 2025 H1 DENIM PANTS D70 | B2: ='2019 ALL BOTTOM D95'!B159 -> 46086 | C2: ='2019 ALL BOTTOM D95'!C159 -> 46092 | D2: 3259 | E2: 333 | F2: 3 | G2: 5 | H2: 80300 | I2: COLE | J2: 51916882 | K2: PDBKREGN | L2: DENIM LONG PANTS BASIC BLK REGULAR PDBKREGN:BLACK:30:SOLID:DENIM LONG PANTS | M2: 279900 | N2: 0.7 | O2: =M2-(M2*N2) -> 83970 | P2: PERCENTAGE
A3: 2025 H1 DENIM PANTS D70 | B3: =B2 -> 46086 | C3: =C2 -> 46092 | D3: 3259 | E3: 333 | F3: 3 | G3: 5 | H3: 80300 | I3: COLE | J3: 51916891 | K3: PDBKREGN | L3: DENIM LONG PANTS BASIC BLK REGULAR PDBKREGN:BLACK:32:SOLID:DENIM LONG PANTS | M3: 279900 | N3: 0.7 | O3: =M3-(M3*N3) -> 83970 | P3: PERCENTAGE
A4: 2025 H1 DENIM PANTS D70 | B4: =B3 -> 46086 | C4: =C3 -> 46092 | D4: 3259 | E4: 333 | F4: 3 | G4: 5 | H4: 80300 | I4: COLE | J4: 51916908 | K4: PDBKREGN | L4: DENIM LONG PANTS BASIC BLK REGULAR PDBKREGN:BLACK:34:SOLID:DENIM LONG PANTS | M4: 279900 | N4: 0.7 | O4: =M4-(M4*N4) -> 83970 | P4: PERCENTAGE
A5: 2025 H1 DENIM PANTS D70 | B5: =B4 -> 46086 | C5: =C4 -> 46092 | D5: 3259 | E5: 333 | F5: 3 | G5: 5 | H5: 80300 | I5: COLE | J5: 51916917 | K5: PDBKREGN | L5: DENIM LONG PANTS BASIC BLK REGULAR PDBKREGN:BLACK:36:SOLID:DENIM LONG PANTS | M5: 279900 | N5: 0.7 | O5: =M5-(M5*N5) -> 83970 | P5: PERCENTAGE
A6: 2025 H1 DENIM PANTS D70 | B6: =B5 -> 46086 | C6: =C5 -> 46092 | D6: 3259 | E6: 333 | F6: 3 | G6: 5 | H6: 80300 | I6: COLE | J6: 51916926 | K6: PDBKREGN | L6: DENIM LONG PANTS BASIC BLK REGULAR PDBKREGN:BLACK:38:SOLID:DENIM LONG PANTS | M6: 279900 | N6: 0.7 | O6: =M6-(M6*N6) -> 83970 | P6: PERCENTAGE
A7: 2025 H1 DENIM PANTS D70 | B7: =B6 -> 46086 | C7: =C6 -> 46092 | D7: 3259 | E7: 333 | F7: 3 | G7: 5 | H7: 80300 | I7: COLE | J7: 51916935 | K7: PDBKREGN | L7: DENIM LONG PANTS BASIC BLK REGULAR PDBKREGN:BLACK:40:SOLID:DENIM LONG PANTS | M7: 279900 | N7: 0.7 | O7: =M7-(M7*N7) -> 83970 | P7: PERCENTAGE
A8: 2025 H1 DENIM PANTS D70 | B8: =B7 -> 46086 | C8: =C7 -> 46092 | D8: 3259 | E8: 333 | F8: 3 | G8: 5 | H8: 80300 | I8: COLE | J8: 15256261 | K8: PDBKSLIM | L8: DENIM LONG PANTS BASIC BLK SLIM PDBKSLIM:BLACK:32:SOLID:DENIM LONG PANTS | M8: 279900 | N8: 0.7 | O8: =M8-(M8*N8) -> 83970 | P8: PERCENTAGE
A9: 2025 H1 DENIM PANTS D70 | B9: =B8 -> 46086 | C9: =C8 -> 46092 | D9: 3259 | E9: 333 | F9: 3 | G9: 5 | H9: 80300 | I9: COLE | J9: 51916828 | K9: PDBKSLN | L9: DENIM LONG PANTS BASIC BLK SLIM PDBKSLN:BLACK:30:SOLID:DENIM LONG PANTS | M9: 279900 | N9: 0.7 | O9: =M9-(M9*N9) -> 83970 | P9: PERCENTAGE
A10: 2025 H1 DENIM PANTS D70 | B10: =B9 -> 46086 | C10: =C9 -> 46092 | D10: 3259 | E10: 333 | F10: 3 | G10: 5 | H10: 80300 | I10: COLE | J10: 51916837 | K10: PDBKSLN | L10: DENIM LONG PANTS BASIC BLK SLIM PDBKSLN:BLACK:32:SOLID:DENIM LONG PANTS | M10: 279900 | N10: 0.7 | O10: =M10-(M10*N10) -> 83970 | P10: PERCENTAGE
A11: 2025 H1 DENIM PANTS D70 | B11: =B10 -> 46086 | C11: =C10 -> 46092 | D11: 3259 | E11: 333 | F11: 3 | G11: 5 | H11: 80300 | I11: COLE | J11: 51916846 | K11: PDBKSLN | L11: DENIM LONG PANTS BASIC BLK SLIM PDBKSLN:BLACK:34:SOLID:DENIM LONG PANTS | M11: 279900 | N11: 0.7 | O11: =M11-(M11*N11) -> 83970 | P11: PERCENTAGE
A12: 2025 H1 DENIM PANTS D70 | B12: =B11 -> 46086 | C12: =C11 -> 46092 | D12: 3259 | E12: 333 | F12: 3 | G12: 5 | H12: 80300 | I12: COLE | J12: 51916855 | K12: PDBKSLN | L12: DENIM LONG PANTS BASIC BLK SLIM PDBKSLN:BLACK:36:SOLID:DENIM LONG PANTS | M12: 279900 | N12: 0.7 | O12: =M12-(M12*N12) -> 83970 | P12: PERCENTAGE
A13: 2025 H1 DENIM PANTS D70 | B13: =B12 -> 46086 | C13: =C12 -> 46092 | D13: 3259 | E13: 333 | F13: 3 | G13: 5 | H13: 80300 | I13: COLE | J13: 51916864 | K13: PDBKSLN | L13: DENIM LONG PANTS BASIC BLK SLIM PDBKSLN:BLACK:38:SOLID:DENIM LONG PANTS | M13: 279900 | N13: 0.7 | O13: =M13-(M13*N13) -> 83970 | P13: PERCENTAGE
A14: 2025 H1 DENIM PANTS D70 | B14: =B13 -> 46086 | C14: =C13 -> 46092 | D14: 3259 | E14: 333 | F14: 3 | G14: 5 | H14: 80300 | I14: COLE | J14: 51916873 | K14: PDBKSLN | L14: DENIM LONG PANTS BASIC BLK SLIM PDBKSLN:BLACK:40:SOLID:DENIM LONG PANTS | M14: 279900 | N14: 0.7 | O14: =M14-(M14*N14) -> 83970 | P14: PERCENTAGE

Sheet 2025Q1 KnitShorts KnitPants D70
A1: ACARA | B1: FROM DATE | C1: TO DATE | D1: DEPT | E1: WORLD | F1: DIVISION | G1: CLASS | H1: SUPPLIER | I1: BRAND | J1: SKU | K1: ARTICLE | L1: DESCRIPTION | M1: HARGA NORMAL | N1: DISKON | O1: HARGA PROMO | P1: DISCOUNT TYPE
A2: 2025Q1 KnitShorts KnitPants D70 | B2: ='2019 ALL BOTTOM D95'!B42 -> 46086 | C2: ='2019 ALL BOTTOM D95'!C42 -> 46092 | D2: 3259 | E2: 333 | F2: 3 | G2: 7 | H2: 81572 | I2: COLE | J2: 52331458 | K2: PKTMEL | L2: SHORT PANTS KNIT MELANGE MD FIT PTKMEL:BLACK:S:SOLID:SHORT PANTS | M2: 249900 | N2: 0.7 | O2: =M2-(M2*N2) -> 74970 | P2: PERCENTAGE
A3: 2025Q1 KnitShorts KnitPants D70 | B3: =B2 -> 46086 | C3: =C2 -> 46092 | D3: 3259 | E3: 333 | F3: 3 | G3: 7 | H3: 81572 | I3: COLE | J3: 52331467 | K3: PKTMEL | L3: SHORT PANTS KNIT MELANGE MD FIT PTKMEL:BLACK:M:SOLID:SHORT PANTS | M3: 249900 | N3: 0.7 | O3: =M3-(M3*N3) -> 74970 | P3: PERCENTAGE
A4: 2025Q1 KnitShorts KnitPants D70 | B4: =B3 -> 46086 | C4: =C3 -> 46092 | D4: 3259 | E4: 333 | F4: 3 | G4: 7 | H4: 81572 | I4: COLE | J4: 52331476 | K4: PKTMEL | L4: SHORT PANTS KNIT MELANGE MD FIT PTKMEL:BLACK:L:SOLID:SHORT PANTS | M4: 249900 | N4: 0.7 | O4: =M4-(M4*N4) -> 74970 | P4: PERCENTAGE
A5: 2025Q1 KnitShorts KnitPants D70 | B5: =B4 -> 46086 | C5: =C4 -> 46092 | D5: 3259 | E5: 333 | F5: 3 | G5: 7 | H5: 81572 | I5: COLE | J5: 52331485 | K5: PKTMEL | L5: SHORT PANTS KNIT MELANGE MD FIT PTKMEL:BLACK:XL:SOLID:SHORT PANTS | M5: 249900 | N5: 0.7 | O5: =M5-(M5*N5) -> 74970 | P5: PERCENTAGE
A6: 2025Q1 KnitShorts KnitPants D70 | B6: =B5 -> 46086 | C6: =C5 -> 46092 | D6: 3259 | E6: 333 | F6: 3 | G6: 7 | H6: 81572 | I6: COLE | J6: 52331494 | K6: PKTMEL | L6: SHORT PANTS KNIT MELANGE MD FIT PTKMEL:NAVY BLUE:S:SOLID:SHORT PANTS | M6: 249900 | N6: 0.7 | O6: =M6-(M6*N6) -> 74970 | P6: PERCENTAGE
A7: 2025Q1 KnitShorts KnitPants D70 | B7: =B6 -> 46086 | C7: =C6 -> 46092 | D7: 3259 | E7: 333 | F7: 3 | G7: 7 | H7: 81572 | I7: COLE | J7: 52331501 | K7: PKTMEL | L7: SHORT PANTS KNIT MELANGE MD FIT PTKMEL:NAVY BLUE:M:SOLID:SHORT PANTS | M7: 249900 | N7: 0.7 | O7: =M7-(M7*N7) -> 74970 | P7: PERCENTAGE
A8: 2025Q1 KnitShorts KnitPants D70 | B8: =B7 -> 46086 | C8: =C7 -> 46092 | D8: 3259 | E8: 333 | F8: 3 | G8: 7 | H8: 81572 | I8: COLE | J8: 52331510 | K8: PKTMEL | L8: SHORT PANTS KNIT MELANGE MD FIT PTKMEL:NAVY BLUE:L:SOLID:SHORT PANTS | M8: 249900 | N8: 0.7 | O8: =M8-(M8*N8) -> 74970 | P8: PERCENTAGE
A9: 2025Q1 KnitShorts KnitPants D70 | B9: =B8 -> 46086 | C9: =C8 -> 46092 | D9: 3259 | E9: 333 | F9: 3 | G9: 7 | H9: 81572 | I9: COLE | J9: 52331529 | K9: PKTMEL | L9: SHORT PANTS KNIT MELANGE MD FIT PTKMEL:NAVY BLUE:XL:SOLID:SHORT PANTS | M9: 249900 | N9: 0.7 | O9: =M9-(M9*N9) -> 74970 | P9: PERCENTAGE
A10: 2025Q1 KnitShorts KnitPants D70 | B10: =B9 -> 46086 | C10: =C9 -> 46092 | D10: 3259 | E10: 333 | F10: 3 | G10: 7 | H10: 81572 | I10: COLE | J10: 52331538 | K10: PKTMEL | L10: SHORT PANTS KNIT MELANGE MD FIT PTKMEL:SAND:S:SOLID:SHORT PANTS | M10: 249900 | N10: 0.7 | O10: =M10-(M10*N10) -> 74970 | P10: PERCENTAGE
A11: 2025Q1 KnitShorts KnitPants D70 | B11: =B10 -> 46086 | C11: =C10 -> 46092 | D11: 3259 | E11: 333 | F11: 3 | G11: 7 | H11: 81572 | I11: COLE | J11: 52331547 | K11: PKTMEL | L11: SHORT PANTS KNIT MELANGE MD FIT PTKMEL:SAND:M:SOLID:SHORT PANTS | M11: 249900 | N11: 0.7 | O11: =M11-(M11*N11) -> 74970 | P11: PERCENTAGE
A12: 2025Q1 KnitShorts KnitPants D70 | B12: =B11 -> 46086 | C12: =C11 -> 46092 | D12: 3259 | E12: 333 | F12: 3 | G12: 7 | H12: 81572 | I12: COLE | J12: 52331556 | K12: PKTMEL | L12: SHORT PANTS KNIT MELANGE MD FIT PTKMEL:SAND:L:SOLID:SHORT PANTS | M12: 249900 | N12: 0.7 | O12: =M12-(M12*N12) -> 74970 | P12: PERCENTAGE
A13: 2025Q1 KnitShorts KnitPants D70 | B13: =B12 -> 46086 | C13: =C12 -> 46092 | D13: 3259 | E13: 333 | F13: 3 | G13: 7 | H13: 81572 | I13: COLE | J13: 52331565 | K13: PKTMEL | L13: SHORT PANTS KNIT MELANGE MD FIT PTKMEL:SAND:XL:SOLID:SHORT PANTS | M13: 249900 | N13: 0.7 | O13: =M13-(M13*N13) -> 74970 | P13: PERCENTAGE
A14: 2025Q1 KnitShorts KnitPants D70 | B14: =B13 -> 46086 | C14: =C13 -> 46092 | D14: 3259 | E14: 333 | F14: 3 | G14: 16 | H14: 81515 | I14: COLE | J14: 51879020 | K14: SKTRBOS | L14: SHORT PANTS KNIT TERRY HUGO FIT SKTRBOS:BLACK:S:SOLID:SHORT PANTS | M14: 199900 | N14: 0.7 | O14: =M14-(M14*N14) -> 59970 | P14: PERCENTAGE
... A41: 2025Q1 KnitShorts KnitPants D70 | B41: =B40 -> 46086 | C41: =C40 -> 46092 | D41: 3259 | E41: 333 | F41: 3 | G41: 16 | H41: 81515 | I41: COLE | J41: 51916819 | K41: SKOTTBC | L41: SHORT PANTS KNIT OTTOMAN COLLECTIONS BASIC SKOTTBC:JADE:XL:SOLID:SHORT PANTS | M41: 149900 | N41: 0.7 | O41: =M41-(M41*N41) -> 44970 | P41: PERCENTAGE

Sheet 25 Q2 KNIT SHORT D70
A1: ACARA | B1: FROM DATE | C1: TO DATE | D1: DEPT | E1: WORLD | F1: DIVISION | G1: CLASS | H1: SUPPLIER | I1: BRAND | J1: SKU | K1: ARTICLE | L1: DESCRIPTION | M1: HARGA NORMAL | N1: DISKON | O1: HARGA PROMO | P1: DISCOUNT TYPE
A2: 2025 Q2 KNIT SHORT D70 | B2: ='2019 ALL BOTTOM D95'!B42 -> 46086 | C2: ='2019 ALL BOTTOM D95'!C42 -> 46092 | D2: 3259 | E2: 333 | F2: 3 | G2: 16 | I2: COLE | J2: 53686921 | K2: SKNPIQ | L2: SHORT PANTS KNIT PIQUE INTERLOCK SKNPIQ:BLACK:S:SOLID:SHORT PANTS | M2: 229900 | N2: 0.7 | O2: =M2-(M2*N2) -> 68970 | P2: PERCENTAGE
A3: 2025 Q2 KNIT SHORT D70 | B3: =B2 -> 46086 | C3: =C2 -> 46092 | D3: 3259 | E3: 333 | F3: 3 | G3: 16 | I3: COLE | J3: 53686930 | K3: SKNPIQ | L3: SHORT PANTS KNIT PIQUE INTERLOCK SKNPIQ:BLACK:M:SOLID:SHORT PANTS | M3: 229900 | N3: 0.7 | O3: =M3-(M3*N3) -> 68970 | P3: PERCENTAGE
A4: 2025 Q2 KNIT SHORT D70 | B4: =B3 -> 46086 | C4: =C3 -> 46092 | D4: 3259 | E4: 333 | F4: 3 | G4: 16 | I4: COLE | J4: 53686949 | K4: SKNPIQ | L4: SHORT PANTS KNIT PIQUE INTERLOCK SKNPIQ:BLACK:L:SOLID:SHORT PANTS | M4: 229900 | N4: 0.7 | O4: =M4-(M4*N4) -> 68970 | P4: PERCENTAGE
A5: 2025 Q2 KNIT SHORT D70 | B5: =B4 -> 46086 | C5: =C4 -> 46092 | D5: 3259 | E5: 333 | F5: 3 | G5: 16 | I5: COLE | J5: 53686958 | K5: SKNPIQ | L5: SHORT PANTS KNIT PIQUE INTERLOCK SKNPIQ:BLACK:XL:SOLID:SHORT PANTS | M5: 229900 | N5: 0.7 | O5: =M5-(M5*N5) -> 68970 | P5: PERCENTAGE
A6: 2025 Q2 KNIT SHORT D70 | B6: =B5 -> 46086 | C6: =C5 -> 46092 | D6: 3259 | E6: 333 | F6: 3 | G6: 16 | I6: COLE | J6: 53686967 | K6: SKNPIQ | L6: SHORT PANTS KNIT PIQUE INTERLOCK SKNPIQ:SAND:S:SOLID:SHORT PANTS | M6: 229900 | N6: 0.7 | O6: =M6-(M6*N6) -> 68970 | P6: PERCENTAGE
A7: 2025 Q2 KNIT SHORT D70 | B7: =B6 -> 46086 | C7: =C6 -> 46092 | D7: 3259 | E7: 333 | F7: 3 | G7: 16 | I7: COLE | J7: 53686976 | K7: SKNPIQ | L7: SHORT PANTS KNIT PIQUE INTERLOCK SKNPIQ:SAND:M:SOLID:SHORT PANTS | M7: 229900 | N7: 0.7 | O7: =M7-(M7*N7) -> 68970 | P7: PERCENTAGE
A8: 2025 Q2 KNIT SHORT D70 | B8: =B7 -> 46086 | C8: =C7 -> 46092 | D8: 3259 | E8: 333 | F8: 3 | G8: 16 | I8: COLE | J8: 53686985 | K8: SKNPIQ | L8: SHORT PANTS KNIT PIQUE INTERLOCK SKNPIQ:SAND:L:SOLID:SHORT PANTS | M8: 229900 | N8: 0.7 | O8: =M8-(M8*N8) -> 68970 | P8: PERCENTAGE
A9: 2025 Q2 KNIT SHORT D70 | B9: =B8 -> 46086 | C9: =C8 -> 46092 | D9: 3259 | E9: 333 | F9: 3 | G9: 16 | I9: COLE | J9: 53686994 | K9: SKNPIQ | L9: SHORT PANTS KNIT PIQUE INTERLOCK SKNPIQ:SAND:XL:SOLID:SHORT PANTS | M9: 229900 | N9: 0.7 | O9: =M9-(M9*N9) -> 68970 | P9: PERCENTAGE
A10: 2025 Q2 KNIT SHORT D70 | B10: =B9 -> 46086 | C10: =C9 -> 46092 | D10: 3259 | E10: 333 | F10: 3 | G10: 16 | I10: COLE | J10: 53687528 | K10: SKNPIQ | L10: SHORT PANTS KNIT PIQUE INTERLOCK SKNPIQ:OLIVE:S:SOLID:SHORT PANTS | M10: 229900 | N10: 0.7 | O10: =M10-(M10*N10) -> 68970 | P10: PERCENTAGE
A11: 2025 Q2 KNIT SHORT D70 | B11: =B10 -> 46086 | C11: =C10 -> 46092 | D11: 3259 | E11: 333 | F11: 3 | G11: 16 | I11: COLE | J11: 53687537 | K11: SKNPIQ | L11: SHORT PANTS KNIT PIQUE INTERLOCK SKNPIQ:OLIVE:M:SOLID:SHORT PANTS | M11: 229900 | N11: 0.7 | O11: =M11-(M11*N11) -> 68970 | P11: PERCENTAGE
A12: 2025 Q2 KNIT SHORT D70 | B12: =B11 -> 46086 | C12: =C11 -> 46092 | D12: 3259 | E12: 333 | F12: 3 | G12: 16 | I12: COLE | J12: 53687546 | K12: SKNPIQ | L12: SHORT PANTS KNIT PIQUE INTERLOCK SKNPIQ:OLIVE:L:SOLID:SHORT PANTS | M12: 229900 | N12: 0.7 | O12: =M12-(M12*N12) -> 68970 | P12: PERCENTAGE
A13: 2025 Q2 KNIT SHORT D70 | B13: =B12 -> 46086 | C13: =C12 -> 46092 | D13: 3259 | E13: 333 | F13: 3 | G13: 16 | I13: COLE | J13: 53687555 | K13: SKNPIQ | L13: SHORT PANTS KNIT PIQUE INTERLOCK SKNPIQ:OLIVE:XL:SOLID:SHORT PANTS | M13: 229900 | N13: 0.7 | O13: =M13-(M13*N13) -> 68970 | P13: PERCENTAGE
A14: 2025 Q2 KNIT SHORT D70 | B14: =B13 -> 46086 | C14: =C13 -> 46092 | D14: 3259 | E14: 333 | F14: 3 | G14: 16 | I14: COLE | J14: 53687564 | K14: SKNPIQ | L14: SHORT PANTS KNIT PIQUE INTERLOCK SKNPIQ:WINE:S:SOLID:SHORT PANTS | M14: 229900 | N14: 0.7 | O14: =M14-(M14*N14) -> 68970 | P14: PERCENTAGE
... A29: 2025 Q2 KNIT SHORT D70 | B29: =B28 -> 46086 | C29: =C28 -> 46092 | D29: 3259 | E29: 333 | F29: 3 | G29: 16 | I29: COLE | J29: 53687715 | K29: SKOTTBC | L29: SHORT PANTS KNIT OTTOMAN COLLECTIONS BASIC SKOTTBC:OFF WHITE:XL:SOLID:SHORT PANTS | M29: 149900 | N29: 0.7 | O29: =M29-(M29*N29) -> 44970 | P29: PERCENTAGE

Sheet 25 Q2 KNIT PANTS D70
A1: ACARA | B1: FROM DATE | C1: TO DATE | D1: DEPT | E1: WORLD | F1: DIVISION | G1: CLASS | H1: SUPPLIER | I1: BRAND | J1: SKU | K1: ARTICLE | L1: DESCRIPTION | M1: HARGA NORMAL | N1: DISKON | O1: HARGA PROMO | P1: DISCOUNT TYPE
A2: 2025 Q2 KNIT PANTS D70 | B2: ='2019 ALL BOTTOM D95'!B42 -> 46086 | C2: ='2019 ALL BOTTOM D95'!C42 -> 46092 | D2: 3259 | E2: 333 | F2: 3 | G2: 7 | I2: COLE | J2: 53687000 | K2: PKNTERY | L2: LONG PANTS KNIT MASDUT FIT FRENCH TERRY PKNTERY:WOOD BROWN:S:SOLID:LONG PANTS | M2: 279900 | N2: 0.7 | O2: =M2-(M2*N2) -> 83970 | P2: PERCENTAGE
A3: 2025 Q2 KNIT PANTS D70 | B3: =B2 -> 46086 | C3: =C2 -> 46092 | D3: 3259 | E3: 333 | F3: 3 | G3: 7 | I3: COLE | J3: 53687019 | K3: PKNTERY | L3: LONG PANTS KNIT MASDUT FIT FRENCH TERRY PKNTERY:WOOD BROWN:M:SOLID:LONG PANTS | M3: 279900 | N3: 0.7 | O3: =M3-(M3*N3) -> 83970 | P3: PERCENTAGE
A4: 2025 Q2 KNIT PANTS D70 | B4: =B3 -> 46086 | C4: =C3 -> 46092 | D4: 3259 | E4: 333 | F4: 3 | G4: 7 | I4: COLE | J4: 53687028 | K4: PKNTERY | L4: LONG PANTS KNIT MASDUT FIT FRENCH TERRY PKNTERY:WOOD BROWN:L:SOLID:LONG PANTS | M4: 279900 | N4: 0.7 | O4: =M4-(M4*N4) -> 83970 | P4: PERCENTAGE
A5: 2025 Q2 KNIT PANTS D70 | B5: =B4 -> 46086 | C5: =C4 -> 46092 | D5: 3259 | E5: 333 | F5: 3 | G5: 7 | I5: COLE | J5: 53687037 | K5: PKNTERY | L5: LONG PANTS KNIT MASDUT FIT FRENCH TERRY PKNTERY:WOOD BROWN:XL:SOLID:LONG PANTS | M5: 279900 | N5: 0.7 | O5: =M5-(M5*N5) -> 83970 | P5: PERCENTAGE
A6: 2025 Q2 KNIT PANTS D70 | B6: =B5 -> 46086 | C6: =C5 -> 46092 | D6: 3259 | E6: 333 | F6: 3 | G6: 7 | I6: COLE | J6: 53687126 | K6: PKNTERY | L6: LONG PANTS KNIT MASDUT FIT FRENCH TERRY PKNTERY:SAND:S:SOLID:LONG PANTS | M6: 279900 | N6: 0.7 | O6: =M6-(M6*N6) -> 83970 | P6: PERCENTAGE
A7: 2025 Q2 KNIT PANTS D70 | B7: =B6 -> 46086 | C7: =C6 -> 46092 | D7: 3259 | E7: 333 | F7: 3 | G7: 7 | I7: COLE | J7: 53687135 | K7: PKNTERY | L7: LONG PANTS KNIT MASDUT FIT FRENCH TERRY PKNTERY:SAND:M:SOLID:LONG PANTS | M7: 279900 | N7: 0.7 | O7: =M7-(M7*N7) -> 83970 | P7: PERCENTAGE
A8: 2025 Q2 KNIT PANTS D70 | B8: =B7 -> 46086 | C8: =C7 -> 46092 | D8: 3259 | E8: 333 | F8: 3 | G8: 7 | I8: COLE | J8: 53687144 | K8: PKNTERY | L8: LONG PANTS KNIT MASDUT FIT FRENCH TERRY PKNTERY:SAND:L:SOLID:LONG PANTS | M8: 279900 | N8: 0.7 | O8: =M8-(M8*N8) -> 83970 | P8: PERCENTAGE
A9: 2025 Q2 KNIT PANTS D70 | B9: =B8 -> 46086 | C9: =C8 -> 46092 | D9: 3259 | E9: 333 | F9: 3 | G9: 7 | I9: COLE | J9: 53687153 | K9: PKNTERY | L9: LONG PANTS KNIT MASDUT FIT FRENCH TERRY PKNTERY:SAND:XL:SOLID:LONG PANTS | M9: 279900 | N9: 0.7 | O9: =M9-(M9*N9) -> 83970 | P9: PERCENTAGE
A10: 2025 Q2 KNIT PANTS D70 | B10: =B9 -> 46086 | C10: =C9 -> 46092 | D10: 3259 | E10: 333 | F10: 3 | G10: 7 | I10: COLE | J10: 53687162 | K10: PKNTERY | L10: LONG PANTS KNIT MASDUT FIT FRENCH TERRY PKNTERY:CHARCOAL:S:SOLID:LONG PANTS | M10: 279900 | N10: 0.7 | O10: =M10-(M10*N10) -> 83970 | P10: PERCENTAGE
A11: 2025 Q2 KNIT PANTS D70 | B11: =B10 -> 46086 | C11: =C10 -> 46092 | D11: 3259 | E11: 333 | F11: 3 | G11: 7 | I11: COLE | J11: 53687171 | K11: PKNTERY | L11: LONG PANTS KNIT MASDUT FIT FRENCH TERRY PKNTERY:CHARCOAL:M:SOLID:LONG PANTS | M11: 279900 | N11: 0.7 | O11: =M11-(M11*N11) -> 83970 | P11: PERCENTAGE
A12: 2025 Q2 KNIT PANTS D70 | B12: =B11 -> 46086 | C12: =C11 -> 46092 | D12: 3259 | E12: 333 | F12: 3 | G12: 7 | I12: COLE | J12: 53687180 | K12: PKNTERY | L12: LONG PANTS KNIT MASDUT FIT FRENCH TERRY PKNTERY:CHARCOAL:L:SOLID:LONG PANTS | M12: 279900 | N12: 0.7 | O12: =M12-(M12*N12) -> 83970 | P12: PERCENTAGE
A13: 2025 Q2 KNIT PANTS D70 | B13: =B12 -> 46086 | C13: =C12 -> 46092 | D13: 3259 | E13: 333 | F13: 3 | G13: 7 | I13: COLE | J13: 53687199 | K13: PKNTERY | L13: LONG PANTS KNIT MASDUT FIT FRENCH TERRY PKNTERY:CHARCOAL:XL:SOLID:LONG PANTS | M13: 279900 | N13: 0.7 | O13: =M13-(M13*N13) -> 83970 | P13: PERCENTAGE
A14: 2025 Q2 KNIT PANTS D70 | B14: =B13 -> 46086 | C14: =C13 -> 46092 | D14: 3259 | E14: 333 | F14: 3 | G14: 7 | I14: COLE | J14: 53687340 | K14: PKJOGCSL | L14: LONG PANTS KNIT CASUAL LOOKS PKJOGCSL:BEIGE:L:SOLID:LONG PANTS | M14: 179900 | N14: 0.7 | O14: =M14-(M14*N14) -> 53970 | P14: PERCENTAGE
... A17: 2025 Q2 KNIT PANTS D70 | B17: =B16 -> 46086 | C17: =C16 -> 46092 | D17: 3259 | E17: 333 | F17: 3 | G17: 7 | I17: COLE | J17: 53687359 | K17: PKJOGCSL | L17: LONG PANTS KNIT CASUAL LOOKS PKJOGCSL:BEIGE:XL:SOLID:LONG PANTS | M17: 179900 | N17: 0.7 | O17: =M17-(M17*N17) -> 53970 | P17: PERCENTAGE

Sheet 25 JUL KNITSHORT KNITPANTS B1G1
A1: ACARA | B1: FROM DATE | C1: TO DATE | D1: DEPT | E1: WORLD | F1: DIVISION | G1: CLASS | H1: SUPPLIER | I1: BRAND | J1: SKU | K1: ARTICLE | L1: DESCRIPTION | M1: HARGA NORMAL | N1: DISKON | O1: HARGA PROMO | P1: DISCOUNT TYPE
A2: 25 JUL KNITSHORT KNITPANTS B1G1 | B2: ='2019 ALL BOTTOM D95'!B145 -> 46086 | C2: ='2019 ALL BOTTOM D95'!C145 -> 46092 | D2: 3259 | E2: 333 | F2: 3 | I2: COLE | J2: 53687448 | K2: SKNATH | L2: SHORT PANTS KNIT FLEACE PIPING SKNATH:CHARCOAL:S:SOLID:SHORT PANTS | M2: 149900 | N2: BXGY | O2: B1G1 | P2: BXGY
A3: 25 JUL KNITSHORT KNITPANTS B1G1 | B3: =B2 -> 46086 | C3: =C2 -> 46092 | D3: 3259 | E3: 333 | F3: 3 | I3: COLE | J3: 53687457 | K3: SKNATH | L3: SHORT PANTS KNIT FLEACE PIPING SKNATH:CHARCOAL:M:SOLID:SHORT PANTS | M3: 149900 | N3: BXGY | O3: B1G1 | P3: BXGY
A4: 25 JUL KNITSHORT KNITPANTS B1G1 | B4: =B3 -> 46086 | C4: =C3 -> 46092 | D4: 3259 | E4: 333 | F4: 3 | I4: COLE | J4: 53687466 | K4: SKNATH | L4: SHORT PANTS KNIT FLEACE PIPING SKNATH:CHARCOAL:L:SOLID:SHORT PANTS | M4: 149900 | N4: BXGY | O4: B1G1 | P4: BXGY
A5: 25 JUL KNITSHORT KNITPANTS B1G1 | B5: =B4 -> 46086 | C5: =C4 -> 46092 | D5: 3259 | E5: 333 | F5: 3 | I5: COLE | J5: 53687475 | K5: SKNATH | L5: SHORT PANTS KNIT FLEACE PIPING SKNATH:CHARCOAL:XL:SOLID:SHORT PANTS | M5: 149900 | N5: BXGY | O5: B1G1 | P5: BXGY
A6: 25 JUL KNITSHORT KNITPANTS B1G1 | B6: =B5 -> 46086 | C6: =C5 -> 46092 | D6: 3259 | E6: 333 | F6: 3 | I6: COLE | J6: 19551603 | K6: SKOTTBC | L6: SHORT PANTS KNIT OTTOMAN COLLECTIONS BASIC SKOTTBC:BLACK:3L:SOLID:SHORT PANTS | M6: 149900 | N6: BXGY | O6: B1G1 | P6: BXGY
A7: 25 JUL KNITSHORT KNITPANTS B1G1 | B7: =B6 -> 46086 | C7: =C6 -> 46092 | D7: 3259 | E7: 333 | F7: 3 | I7: COLE | J7: 19551596 | K7: SKOTTBC | L7: SHORT PANTS KNIT OTTOMAN COLLECTIONS BASIC SKOTTBC:BLACK:XXL:SOLID:SHORT PANTS | M7: 149900 | N7: BXGY | O7: B1G1 | P7: BXGY

Sheet 2025 AUG SEPT KNIT SHORT D30
A1: ACARA | B1: FROM DATE | C1: TO DATE | D1: DEPT | E1: WORLD | F1: DIVISION | G1: CLASS | H1: SUPPLIER | I1: BRAND | J1: SKU | K1: ARTICLE | L1: DESCRIPTION | M1: HARGA NORMAL | N1: DISKON | O1: HARGA PROMO | P1: DISCOUNT TYPE
A2: 2025 AUG SEPT KNIT SHORT D30 | B2: ='2019 ALL BOTTOM D95'!B157 -> 46086 | C2: ='2019 ALL BOTTOM D95'!C157 -> 46092 | D2: 3259 | E2: 333 | F2: 3 | I2: COLE | J2: 53687402 | K2: SKNATH | L2: SHORT PANTS KNIT FLEACE PIPING SKNATH:BEIGE:S:SOLID:SHORT PANTS | M2: 149900 | N2: 0.3 | O2: =M2-(M2*N2) -> 104930 | P2: PERCENTAGE
A3: 2025 AUG SEPT KNIT SHORT D30 | B3: =B2 -> 46086 | C3: =C2 -> 46092 | D3: 3259 | E3: 333 | F3: 3 | I3: COLE | J3: 53687411 | K3: SKNATH | L3: SHORT PANTS KNIT FLEACE PIPING SKNATH:BEIGE:M:SOLID:SHORT PANTS | M3: 149900 | N3: 0.3 | O3: =M3-(M3*N3) -> 104930 | P3: PERCENTAGE
A4: 2025 AUG SEPT KNIT SHORT D30 | B4: =B3 -> 46086 | C4: =C3 -> 46092 | D4: 3259 | E4: 333 | F4: 3 | I4: COLE | J4: 53687420 | K4: SKNATH | L4: SHORT PANTS KNIT FLEACE PIPING SKNATH:BEIGE:L:SOLID:SHORT PANTS | M4: 149900 | N4: 0.3 | O4: =M4-(M4*N4) -> 104930 | P4: PERCENTAGE
A5: 2025 AUG SEPT KNIT SHORT D30 | B5: =B4 -> 46086 | C5: =C4 -> 46092 | D5: 3259 | E5: 333 | F5: 3 | I5: COLE | J5: 53687439 | K5: SKNATH | L5: SHORT PANTS KNIT FLEACE PIPING SKNATH:BEIGE:XL:SOLID:SHORT PANTS | M5: 149900 | N5: 0.3 | O5: =M5-(M5*N5) -> 104930 | P5: PERCENTAGE
A6: 2025 AUG SEPT KNIT SHORT D30 | B6: =B5 -> 46086 | C6: =C5 -> 46092 | D6: 3259 | E6: 333 | F6: 3 | I6: COLE | J6: 53687484 | K6: SKNATH | L6: SHORT PANTS KNIT FLEACE PIPING SKNATH:NAVY BLUE:S:SOLID:SHORT PANTS | M6: 149900 | N6: 0.3 | O6: =M6-(M6*N6) -> 104930 | P6: PERCENTAGE
A7: 2025 AUG SEPT KNIT SHORT D30 | B7: =B6 -> 46086 | C7: =C6 -> 46092 | D7: 3259 | E7: 333 | F7: 3 | I7: COLE | J7: 53687493 | K7: SKNATH | L7: SHORT PANTS KNIT FLEACE PIPING SKNATH:NAVY BLUE:M:SOLID:SHORT PANTS | M7: 149900 | N7: 0.3 | O7: =M7-(M7*N7) -> 104930 | P7: PERCENTAGE
A8: 2025 AUG SEPT KNIT SHORT D30 | B8: =B7 -> 46086 | C8: =C7 -> 46092 | D8: 3259 | E8: 333 | F8: 3 | I8: COLE | J8: 53687500 | K8: SKNATH | L8: SHORT PANTS KNIT FLEACE PIPING SKNATH:NAVY BLUE:L:SOLID:SHORT PANTS | M8: 149900 | N8: 0.3 | O8: =M8-(M8*N8) -> 104930 | P8: PERCENTAGE
A9: 2025 AUG SEPT KNIT SHORT D30 | B9: =B8 -> 46086 | C9: =C8 -> 46092 | D9: 3259 | E9: 333 | F9: 3 | I9: COLE | J9: 53687519 | K9: SKNATH | L9: SHORT PANTS KNIT FLEACE PIPING SKNATH:NAVY BLUE:XL:SOLID:SHORT PANTS | M9: 149900 | N9: 0.3 | O9: =M9-(M9*N9) -> 104930 | P9: PERCENTAGE

Sheet 25 AUG SEPT KNIT PANTS D30
A1: ACARA | B1: FROM DATE | C1: TO DATE | D1: DEPT | E1: WORLD | F1: DIVISION | G1: CLASS | H1: SUPPLIER | I1: BRAND | J1: SKU | K1: ARTICLE | L1: DESCRIPTION | M1: HARGA NORMAL | N1: DISKON | O1: HARGA PROMO | P1: DISCOUNT TYPE
A2: 2025 AUG SEPT KNIT PANTS D30 | B2: ='2019 ALL BOTTOM D95'!B145 -> 46086 | C2: ='2019 ALL BOTTOM D95'!C145 -> 46092 | D2: 3259 | E2: 333 | F2: 3 | I2: COLE | J2: 53687206 | K2: PKJOGFLE | L2: LONG PANTS KNIT JOGGER FLEACE PIPING PKJOGFLE:BLACK:S:SOLID:LONG PANTS | M2: 179900 | N2: 0.3 | O2: =M2-(M2*N2) -> 125930 | P2: PERCENTAGE
A3: 2025 AUG SEPT KNIT PANTS D30 | B3: =B2 -> 46086 | C3: =C2 -> 46092 | D3: 3259 | E3: 333 | F3: 3 | I3: COLE | J3: 53687215 | K3: PKJOGFLE | L3: LONG PANTS KNIT JOGGER FLEACE PIPING PKJOGFLE:BLACK:M:SOLID:LONG PANTS | M3: 179900 | N3: 0.3 | O3: =M3-(M3*N3) -> 125930 | P3: PERCENTAGE
A4: 2025 AUG SEPT KNIT PANTS D30 | B4: =B3 -> 46086 | C4: =C3 -> 46092 | D4: 3259 | E4: 333 | F4: 3 | I4: COLE | J4: 53687224 | K4: PKJOGFLE | L4: LONG PANTS KNIT JOGGER FLEACE PIPING PKJOGFLE:BLACK:L:SOLID:LONG PANTS | M4: 179900 | N4: 0.3 | O4: =M4-(M4*N4) -> 125930 | P4: PERCENTAGE
A5: 2025 AUG SEPT KNIT PANTS D30 | B5: =B4 -> 46086 | C5: =C4 -> 46092 | D5: 3259 | E5: 333 | F5: 3 | I5: COLE | J5: 53687233 | K5: PKJOGFLE | L5: LONG PANTS KNIT JOGGER FLEACE PIPING PKJOGFLE:BLACK:XL:SOLID:LONG PANTS | M5: 179900 | N5: 0.3 | O5: =M5-(M5*N5) -> 125930 | P5: PERCENTAGE
A6: 2025 AUG SEPT KNIT PANTS D30 | B6: =B5 -> 46086 | C6: =C5 -> 46092 | D6: 3259 | E6: 333 | F6: 3 | I6: COLE | J6: 53687242 | K6: PKJOGFLE | L6: LONG PANTS KNIT JOGGER FLEACE PIPING PKJOGFLE:PASTEL GREY:S:SOLID:LONG PANTS | M6: 179900 | N6: 0.3 | O6: =M6-(M6*N6) -> 125930 | P6: PERCENTAGE
A7: 2025 AUG SEPT KNIT PANTS D30 | B7: =B6 -> 46086 | C7: =C6 -> 46092 | D7: 3259 | E7: 333 | F7: 3 | I7: COLE | J7: 53687251 | K7: PKJOGFLE | L7: LONG PANTS KNIT JOGGER FLEACE PIPING PKJOGFLE:PASTEL GREY:M:SOLID:LONG PANTS | M7: 179900 | N7: 0.3 | O7: =M7-(M7*N7) -> 125930 | P7: PERCENTAGE
A8: 2025 AUG SEPT KNIT PANTS D30 | B8: =B7 -> 46086 | C8: =C7 -> 46092 | D8: 3259 | E8: 333 | F8: 3 | I8: COLE | J8: 53687260 | K8: PKJOGFLE | L8: LONG PANTS KNIT JOGGER FLEACE PIPING PKJOGFLE:PASTEL GREY:L:SOLID:LONG PANTS | M8: 179900 | N8: 0.3 | O8: =M8-(M8*N8) -> 125930 | P8: PERCENTAGE
A9: 2025 AUG SEPT KNIT PANTS D30 | B9: =B8 -> 46086 | C9: =C8 -> 46092 | D9: 3259 | E9: 333 | F9: 3 | I9: COLE | J9: 53687279 | K9: PKJOGFLE | L9: LONG PANTS KNIT JOGGER FLEACE PIPING PKJOGFLE:PASTEL GREY:XL:SOLID:LONG PANTS | M9: 179900 | N9: 0.3 | O9: =M9-(M9*N9) -> 125930 | P9: PERCENTAGE
A10: 2025 AUG SEPT KNIT PANTS D30 | B10: =B9 -> 46086 | C10: =C9 -> 46092 | D10: 3259 | E10: 333 | F10: 3 | I10: COLE | J10: 53687288 | K10: PKJOGFLE | L10: LONG PANTS KNIT JOGGER FLEACE PIPING PKJOGFLE:BEIGE:S:SOLID:LONG PANTS | M10: 179900 | N10: 0.3 | O10: =M10-(M10*N10) -> 125930 | P10: PERCENTAGE
A11: 2025 AUG SEPT KNIT PANTS D30 | B11: =B10 -> 46086 | C11: =C10 -> 46092 | D11: 3259 | E11: 333 | F11: 3 | I11: COLE | J11: 53687297 | K11: PKJOGFLE | L11: LONG PANTS KNIT JOGGER FLEACE PIPING PKJOGFLE:BEIGE:M:SOLID:LONG PANTS | M11: 179900 | N11: 0.3 | O11: =M11-(M11*N11) -> 125930 | P11: PERCENTAGE
A12: 2025 AUG SEPT KNIT PANTS D30 | B12: =B11 -> 46086 | C12: =C11 -> 46092 | D12: 3259 | E12: 333 | F12: 3 | I12: COLE | J12: 53687304 | K12: PKJOGFLE | L12: LONG PANTS KNIT JOGGER FLEACE PIPING PKJOGFLE:BEIGE:L:SOLID:LONG PANTS | M12: 179900 | N12: 0.3 | O12: =M12-(M12*N12) -> 125930 | P12: PERCENTAGE
A13: 2025 AUG SEPT KNIT PANTS D30 | B13: =B12 -> 46086 | C13: =C12 -> 46092 | D13: 3259 | E13: 333 | F13: 3 | I13: COLE | J13: 53687313 | K13: PKJOGFLE | L13: LONG PANTS KNIT JOGGER FLEACE PIPING PKJOGFLE:BEIGE:XL:SOLID:LONG PANTS | M13: 179900 | N13: 0.3 | O13: =M13-(M13*N13) -> 125930 | P13: PERCENTAGE
A14: 2025 AUG SEPT KNIT PANTS D30 | B14: =B13 -> 46086 | C14: =C13 -> 46092 | D14: 3259 | E14: 333 | F14: 3 | I14: COLE | J14: 87445805 | K14: PKJOGCSL | L14: LONG PANTS KNIT CASUAL LOOKS PKJOGCSL:NAVY BLUE:L:SOLID:LONG PANTS | M14: 179900 | N14: 0.3 | O14: =M14-(M14*N14) -> 125930 | P14: PERCENTAGE
... A17: 2025 AUG SEPT KNIT PANTS D30 | B17: =B16 -> 46086 | C17: =C16 -> 46092 | D17: 3259 | E17: 333 | F17: 3 | I17: COLE | J17: 87445814 | K17: PKJOGCSL | L17: LONG PANTS KNIT CASUAL LOOKS PKJOGCSL:NAVY BLUE:XL:SOLID:LONG PANTS | M17: 179900 | N17: 0.3 | O17: =M17-(M17*N17) -> 125930 | P17: PERCENTAGE

Sheet 2025 AUG SEPT KNIT B3D10 perse 
A1: ACARA | B1: FROM DATE | C1: TO DATE | D1: DEPT | E1: WORLD | F1: DIVISION | G1: CLASS | H1: SUPPLIER | I1: BRAND | J1: SKU | K1: ARTICLE | L1: DESCRIPTION | M1: HARGA NORMAL | N1: DISKON | O1: HARGA PROMO | P1: DISCOUNT TYPE
A2: 2025 AUG SEPT KNIT SHORT B3D10% | B2: ='2019 ALL BOTTOM D95'!B145 -> 46086 | C2: ='2019 ALL BOTTOM D95'!C145 -> 46092 | D2: 3259 | E2: 333 | F2: 3 | I2: COLE | J2: 19551685 | K2: SKOTTBC | L2: SHORT PANTS KNIT OTTOMAN COLLECTIONS BASIC SKOTTBC:NAVY BLUE:S:SOLID:SHORT PANTS | M2: 149900 | N2: BXGY | O2: B3D10% | P2: BXGY
A3: 2025 AUG SEPT KNIT SHORT B3D10% | B3: =B2 -> 46086 | C3: =C2 -> 46092 | D3: 3259 | E3: 333 | F3: 3 | I3: COLE | J3: 19551694 | K3: SKOTTBC | L3: SHORT PANTS KNIT OTTOMAN COLLECTIONS BASIC SKOTTBC:NAVY BLUE:M:SOLID:SHORT PANTS | M3: 149900 | N3: BXGY | O3: B3D10% | P3: BXGY
A4: 2025 AUG SEPT KNIT SHORT B3D10% | B4: =B3 -> 46086 | C4: =C3 -> 46092 | D4: 3259 | E4: 333 | F4: 3 | I4: COLE | J4: 19551701 | K4: SKOTTBC | L4: SHORT PANTS KNIT OTTOMAN COLLECTIONS BASIC SKOTTBC:NAVY BLUE:L:SOLID:SHORT PANTS | M4: 149900 | N4: BXGY | O4: B3D10% | P4: BXGY
A5: 2025 AUG SEPT KNIT SHORT B3D10% | B5: =B4 -> 46086 | C5: =C4 -> 46092 | D5: 3259 | E5: 333 | F5: 3 | I5: COLE | J5: 19551710 | K5: SKOTTBC | L5: SHORT PANTS KNIT OTTOMAN COLLECTIONS BASIC SKOTTBC:NAVY BLUE:XL:SOLID:SHORT PANTS | M5: 149900 | N5: BXGY | O5: B3D10% | P5: BXGY
A6: 2025 AUG SEPT KNIT SHORT B3D10% | B6: =B5 -> 46086 | C6: =C5 -> 46092 | D6: 3259 | E6: 333 | F6: 3 | I6: COLE | J6: 19551729 | K6: SKOTTBC | L6: SHORT PANTS KNIT OTTOMAN COLLECTIONS BASIC SKOTTBC:VANILLA:S:SOLID:SHORT PANTS | M6: 149900 | N6: BXGY | O6: B3D10% | P6: BXGY
A7: 2025 AUG SEPT KNIT SHORT B3D10% | B7: =B6 -> 46086 | C7: =C6 -> 46092 | D7: 3259 | E7: 333 | F7: 3 | I7: COLE | J7: 19551738 | K7: SKOTTBC | L7: SHORT PANTS KNIT OTTOMAN COLLECTIONS BASIC SKOTTBC:VANILLA:M:SOLID:SHORT PANTS | M7: 149900 | N7: BXGY | O7: B3D10% | P7: BXGY
A8: 2025 AUG SEPT KNIT SHORT B3D10% | B8: =B7 -> 46086 | C8: =C7 -> 46092 | D8: 3259 | E8: 333 | F8: 3 | I8: COLE | J8: 19551747 | K8: SKOTTBC | L8: SHORT PANTS KNIT OTTOMAN COLLECTIONS BASIC SKOTTBC:VANILLA:L:SOLID:SHORT PANTS | M8: 149900 | N8: BXGY | O8: B3D10% | P8: BXGY
A9: 2025 AUG SEPT KNIT SHORT B3D10% | B9: =B8 -> 46086 | C9: =C8 -> 46092 | D9: 3259 | E9: 333 | F9: 3 | I9: COLE | J9: 19551756 | K9: SKOTTBC | L9: SHORT PANTS KNIT OTTOMAN COLLECTIONS BASIC SKOTTBC:VANILLA:XL:SOLID:SHORT PANTS | M9: 149900 | N9: BXGY | O9: B3D10% | P9: BXGY
A10: 2025 AUG SEPT KNIT SHORT B3D10% | B10: =B9 -> 46086 | C10: =C9 -> 46092 | D10: 3259 | E10: 333 | F10: 3 | I10: COLE | J10: 51878987 | K10: SKOTTBC | L10: SHORT PANTS KNIT OTTOMAN COLLECTIONS BASIC SKOTTBC:KHAKI:S:SOLID:SHORT PANTS | M10: 149900 | N10: BXGY | O10: B3D10% | P10: BXGY
A11: 2025 AUG SEPT KNIT SHORT B3D10% | B11: =B10 -> 46086 | C11: =C10 -> 46092 | D11: 3259 | E11: 333 | F11: 3 | I11: COLE | J11: 51878996 | K11: SKOTTBC | L11: SHORT PANTS KNIT OTTOMAN COLLECTIONS BASIC SKOTTBC:KHAKI:M:SOLID:SHORT PANTS | M11: 149900 | N11: BXGY | O11: B3D10% | P11: BXGY
A12: 2025 AUG SEPT KNIT SHORT B3D10% | B12: =B11 -> 46086 | C12: =C11 -> 46092 | D12: 3259 | E12: 333 | F12: 3 | I12: COLE | J12: 51879002 | K12: SKOTTBC | L12: SHORT PANTS KNIT OTTOMAN COLLECTIONS BASIC SKOTTBC:KHAKI:L:SOLID:SHORT PANTS | M12: 149900 | N12: BXGY | O12: B3D10% | P12: BXGY
A13: 2025 AUG SEPT KNIT SHORT B3D10% | B13: =B12 -> 46086 | C13: =C12 -> 46092 | D13: 3259 | E13: 333 | F13: 3 | I13: COLE | J13: 51879011 | K13: SKOTTBC | L13: SHORT PANTS KNIT OTTOMAN COLLECTIONS BASIC SKOTTBC:KHAKI:XL:SOLID:SHORT PANTS | M13: 149900 | N13: BXGY | O13: B3D10% | P13: BXGY
A14: 2025 AUG SEPT KNIT SHORT B3D10% | B14: =B13 -> 46086 | C14: =C13 -> 46092 | D14: 3259 | E14: 333 | F14: 3 | I14: COLE | J14: 54678250 | K14: SKOTTBC | L14: SHORT PANTS KNIT OTTOMAN COLLECTIONS BASIC SKOTTBC:TAUPE GREY:S:SOLID:SHORT PANTS | M14: 149900 | N14: BXGY | O14: B3D10% | P14: BXGY
... A18: 2025 AUG SEPT KNIT SHORT B3D10% | B18: =B17 -> 46086 | C18: =C17 -> 46092 | D18: 3259 | E18: 333 | F18: 3 | I18: COLE | J18: 54678296 | K18: SKOTTBC | L18: SHORT PANTS KNIT OTTOMAN COLLECTIONS BASIC SKOTTBC:TAUPE GREY:XXL:SOLID:SHORT PANTS | M18: 149900 | N18: BXGY | O18: B3D10% | P18: BXGY

Sheet 25 KINS DISCNTINU SP 99K
A1: ACARA | B1: FROM DATE | C1: TO DATE | D1: DEPT | E1: WORLD | F1: DIVISION | G1: CLASS | H1: SUPPLIER | I1: BRAND | J1: SKU | K1: ARTICLE | L1: DESCRIPTION | M1: HARGA NORMAL | N1: DISKON | O1: HARGA PROMO | P1: DISCOUNT TYPE
A2: 2025 Q1 KINS lama (discontinue) SP 99K | B2: ='2019 ALL BOTTOM D95'!B147 -> 46086 | C2: ='2019 ALL BOTTOM D95'!C147 -> 46092 | D2: 3259 | E2: 333 | F2: 3 | G2: 11 | H2: 80300 | I2: COLE | J2: 24839856 | K2: KINS-MST | L2: KI CHINOS S/P MUSTARD:MUSTARD:38 | M2: 179900 | N2: SP | O2: 99000 | P2: SPECIAL PRICE
A3: 2025 Q1 KINS lama (discontinue) SP 99K | B3: =B2 -> 46086 | C3: =C2 -> 46092 | D3: 3259 | E3: 333 | F3: 3 | G3: 11 | H3: 80300 | I3: COLE | J3: 24840004 | K3: KINS-KH | L3: KI CHINOS S/P KHAKI:KHAKI:38 | M3: 179900 | N3: SP | O3: 99000 | P3: SPECIAL PRICE
A4: 2025 Q1 KINS lama (discontinue) SP 99K | B4: =B3 -> 46086 | C4: =C3 -> 46092 | D4: 3259 | E4: 333 | F4: 3 | G4: 11 | H4: 80300 | I4: COLE | J4: 24840013 | K4: KINS-KH | L4: KI CHINOS S/P KHAKI:KHAKI:40 | M4: 179900 | N4: SP | O4: 99000 | P4: SPECIAL PRICE
A5: 2025 Q1 KINS lama (discontinue) SP 99K | B5: =B4 -> 46086 | C5: =C4 -> 46092 | D5: 3259 | E5: 333 | F5: 3 | G5: 11 | H5: 80300 | I5: COLE | J5: 38267751 | K5: KINS | L5: CHINOS SHORT PANTS KI SP KINS:OLIVE:32:SOLID:CHINOS SHORT PAN | M5: 179900 | N5: SP | O5: 99000 | P5: SPECIAL PRICE
A6: 2025 Q1 KINS lama (discontinue) SP 99K | B6: =B5 -> 46086 | C6: =C5 -> 46092 | D6: 3259 | E6: 333 | F6: 3 | G6: 11 | H6: 80300 | I6: COLE | J6: 38267760 | K6: KINS | L6: CHINOS SHORT PANTS KI SP KINS:OLIVE:34:SOLID:CHINOS SHORT PAN | M6: 179900 | N6: SP | O6: 99000 | P6: SPECIAL PRICE
A7: 2025 Q1 KINS lama (discontinue) SP 99K | B7: =B6 -> 46086 | C7: =C6 -> 46092 | D7: 3259 | E7: 333 | F7: 3 | G7: 11 | H7: 80300 | I7: COLE | J7: 38267779 | K7: KINS | L7: CHINOS SHORT PANTS KI SP KINS:OLIVE:36:SOLID:CHINOS SHORT PAN | M7: 179900 | N7: SP | O7: 99000 | P7: SPECIAL PRICE
A8: 2025 Q1 KINS lama (discontinue) SP 99K | B8: =B7 -> 46086 | C8: =C7 -> 46092 | D8: 3259 | E8: 333 | F8: 3 | G8: 11 | H8: 80300 | I8: COLE | J8: 38267788 | K8: KINS | L8: CHINOS SHORT PANTS KI SP KINS:OLIVE:38:SOLID:CHINOS SHORT PAN | M8: 179900 | N8: SP | O8: 99000 | P8: SPECIAL PRICE
A9: 2025 Q1 KINS lama (discontinue) SP 99K | B9: =B8 -> 46086 | C9: =C8 -> 46092 | D9: 3259 | E9: 333 | F9: 3 | G9: 11 | H9: 80300 | I9: COLE | J9: 38267797 | K9: KINS | L9: CHINOS SHORT PANTS KI SP KINS:OLIVE:40:SOLID:CHINOS SHORT PAN | M9: 179900 | N9: SP | O9: 99000 | P9: SPECIAL PRICE
A10: 2025 Q1 KINS lama (discontinue) SP 99K | B10: =B9 -> 46086 | C10: =C9 -> 46092 | D10: 3259 | E10: 333 | F10: 3 | G10: 11 | H10: 80300 | I10: COLE | J10: 24839801 | K10: KINS-MST | L10: KI CHINOS S/P MUSTARD:MUSTARD:29 | M10: 179900 | N10: SP | O10: 99000 | P10: SPECIAL PRICE
A11: 2025 Q1 KINS lama (discontinue) SP 99K | B11: =B10 -> 46086 | C11: =C10 -> 46092 | D11: 3259 | E11: 333 | F11: 3 | G11: 11 | H11: 80300 | I11: COLE | J11: 24839810 | K11: KINS-MST | L11: KI CHINOS S/P MUSTARD:MUSTARD:30 | M11: 179900 | N11: SP | O11: 99000 | P11: SPECIAL PRICE
A12: 2025 Q1 KINS lama (discontinue) SP 99K | B12: =B11 -> 46086 | C12: =C11 -> 46092 | D12: 3259 | E12: 333 | F12: 3 | G12: 11 | H12: 80300 | I12: COLE | J12: 24839829 | K12: KINS-MST | L12: KI CHINOS S/P MUSTARD:MUSTARD:32 | M12: 179900 | N12: SP | O12: 99000 | P12: SPECIAL PRICE
A13: 2025 Q1 KINS lama (discontinue) SP 99K | B13: =B12 -> 46086 | C13: =C12 -> 46092 | D13: 3259 | E13: 333 | F13: 3 | G13: 11 | H13: 80300 | I13: COLE | J13: 24839838 | K13: KINS-MST | L13: KI CHINOS S/P MUSTARD:MUSTARD:34 | M13: 179900 | N13: SP | O13: 99000 | P13: SPECIAL PRICE
A14: 2025 Q1 KINS lama (discontinue) SP 99K | B14: =B13 -> 46086 | C14: =C13 -> 46092 | D14: 3259 | E14: 333 | F14: 3 | G14: 11 | H14: 80300 | I14: COLE | J14: 24839847 | K14: KINS-MST | L14: KI CHINOS S/P MUSTARD:MUSTARD:36 | M14: 179900 | N14: SP | O14: 99000 | P14: SPECIAL PRICE
... A22: 2025 Q1 KINS lama (discontinue) SP 99K | B22: =B21 -> 46086 | C22: =C21 -> 46092 | D22: 3259 | E22: 333 | F22: 3 | G22: 11 | H22: 80300 | I22: COLE | J22: 38267742 | K22: KINS | L22: CHINOS SHORT PANTS KI SP KINS:OLIVE:30:SOLID:CHINOS SHORT PAN | M22: 179900 | N22: SP | O22: 99000 | P22: SPECIAL PRICE

Sheet 25 KINS DISCNTINU B1179K 
A1: ACARA | B1: FROM DATE | C1: TO DATE | D1: DEPT | E1: WORLD | F1: DIVISION | G1: CLASS | H1: SUPPLIER | I1: BRAND | J1: SKU | K1: ARTICLE | L1: DESCRIPTION | M1: HARGA NORMAL | N1: DISKON | O1: HARGA PROMO | P1: DISCOUNT TYPE
A2: 2025 Q1 KINS lama (discontinue) Beli 1 Normal 179.900, Beli 2 SP 250.000 | B2: ='2019 ALL BOTTOM D95'!B169 -> 46086 | C2: ='2019 ALL BOTTOM D95'!C169 -> 46092 | D2: 3259 | E2: 333 | F2: 3 | G2: 11 | H2: 80300 | I2: COLE | J2: 24839632 | K2: KINS-VNL | L2: KI CHINOS S/P VANILLA:VANILLA:29 | M2: 179900 | N2: BXGY | O2: Beli 1 Normal 179.900, Beli 2 SP 250.000 | P2: BXGY
A3: 2025 Q1 KINS lama (discontinue) Beli 1 Normal 179.900, Beli 2 SP 250.000 | B3: =B2 -> 46086 | C3: =C2 -> 46092 | D3: 3259 | E3: 333 | F3: 3 | G3: 11 | H3: 80300 | I3: COLE | J3: 24839641 | K3: KINS-VNL | L3: KI CHINOS S/P VANILLA:VANILLA:30 | M3: 179900 | N3: BXGY | O3: Beli 1 Normal 179.900, Beli 2 SP 250.000 | P3: BXGY
A4: 2025 Q1 KINS lama (discontinue) Beli 1 Normal 179.900, Beli 2 SP 250.000 | B4: =B3 -> 46086 | C4: =C3 -> 46092 | D4: 3259 | E4: 333 | F4: 3 | G4: 11 | H4: 80300 | I4: COLE | J4: 24839678 | K4: KINS-VNL | L4: KI CHINOS S/P VANILLA:VANILLA:36 | M4: 179900 | N4: BXGY | O4: Beli 1 Normal 179.900, Beli 2 SP 250.000 | P4: BXGY
A5: 2025 Q1 KINS lama (discontinue) Beli 1 Normal 179.900, Beli 2 SP 250.000 | B5: =B4 -> 46086 | C5: =C4 -> 46092 | D5: 3259 | E5: 333 | F5: 3 | G5: 11 | H5: 80300 | I5: COLE | J5: 24840086 | K5: KINS-CHR | L5: KI CHINOS S/P CHARCOAL:CHARCOAL:29 | M5: 179900 | N5: BXGY | O5: Beli 1 Normal 179.900, Beli 2 SP 250.000 | P5: BXGY
A6: 2025 Q1 KINS lama (discontinue) Beli 1 Normal 179.900, Beli 2 SP 250.000 | B6: =B5 -> 46086 | C6: =C5 -> 46092 | D6: 3259 | E6: 333 | F6: 3 | G6: 11 | H6: 80300 | I6: COLE | J6: 24840095 | K6: KINS-CHR | L6: KI CHINOS S/P CHARCOAL:CHARCOAL:30 | M6: 179900 | N6: BXGY | O6: Beli 1 Normal 179.900, Beli 2 SP 250.000 | P6: BXGY
A7: 2025 Q1 KINS lama (discontinue) Beli 1 Normal 179.900, Beli 2 SP 250.000 | B7: =B6 -> 46086 | C7: =C6 -> 46092 | D7: 3259 | E7: 333 | F7: 3 | G7: 11 | H7: 80300 | I7: COLE | J7: 24840102 | K7: KINS-CHR | L7: KI CHINOS S/P CHARCOAL:CHARCOAL:32 | M7: 179900 | N7: BXGY | O7: Beli 1 Normal 179.900, Beli 2 SP 250.000 | P7: BXGY
A8: 2025 Q1 KINS lama (discontinue) Beli 1 Normal 179.900, Beli 2 SP 250.000 | B8: =B7 -> 46086 | C8: =C7 -> 46092 | D8: 3259 | E8: 333 | F8: 3 | G8: 11 | H8: 80300 | I8: COLE | J8: 24840111 | K8: KINS-CHR | L8: KI CHINOS S/P CHARCOAL:CHARCOAL:34 | M8: 179900 | N8: BXGY | O8: Beli 1 Normal 179.900, Beli 2 SP 250.000 | P8: BXGY
A9: 2025 Q1 KINS lama (discontinue) Beli 1 Normal 179.900, Beli 2 SP 250.000 | B9: =B8 -> 46086 | C9: =C8 -> 46092 | D9: 3259 | E9: 333 | F9: 3 | G9: 11 | H9: 80300 | I9: COLE | J9: 24840120 | K9: KINS-CHR | L9: KI CHINOS S/P CHARCOAL:CHARCOAL:36 | M9: 179900 | N9: BXGY | O9: Beli 1 Normal 179.900, Beli 2 SP 250.000 | P9: BXGY
A10: 2025 Q1 KINS lama (discontinue) Beli 1 Normal 179.900, Beli 2 SP 250.000 | B10: =B9 -> 46086 | C10: =C9 -> 46092 | D10: 3259 | E10: 333 | F10: 3 | G10: 11 | H10: 80300 | I10: COLE | J10: 24840335 | K10: KINS-BC | L10: KI CHINOS S/P BLACK:BLACK:29 | M10: 179900 | N10: BXGY | O10: Beli 1 Normal 179.900, Beli 2 SP 250.000 | P10: BXGY
A11: 2025 Q1 KINS lama (discontinue) Beli 1 Normal 179.900, Beli 2 SP 250.000 | B11: =B10 -> 46086 | C11: =C10 -> 46092 | D11: 3259 | E11: 333 | F11: 3 | G11: 11 | H11: 80300 | I11: COLE | J11: 24840344 | K11: KINS-BC | L11: KI CHINOS S/P BLACK:BLACK:30 | M11: 179900 | N11: BXGY | O11: Beli 1 Normal 179.900, Beli 2 SP 250.000 | P11: BXGY
A12: 2025 Q1 KINS lama (discontinue) Beli 1 Normal 179.900, Beli 2 SP 250.000 | B12: =B11 -> 46086 | C12: =C11 -> 46092 | D12: 3259 | E12: 333 | F12: 3 | G12: 11 | H12: 80300 | I12: COLE | J12: 24840353 | K12: KINS-BC | L12: KI CHINOS S/P BLACK:BLACK:32 | M12: 179900 | N12: BXGY | O12: Beli 1 Normal 179.900, Beli 2 SP 250.000 | P12: BXGY
A13: 2025 Q1 KINS lama (discontinue) Beli 1 Normal 179.900, Beli 2 SP 250.000 | B13: =B12 -> 46086 | C13: =C12 -> 46092 | D13: 3259 | E13: 333 | F13: 3 | G13: 11 | H13: 80300 | I13: COLE | J13: 24840362 | K13: KINS-BC | L13: KI CHINOS S/P BLACK:BLACK:34 | M13: 179900 | N13: BXGY | O13: Beli 1 Normal 179.900, Beli 2 SP 250.000 | P13: BXGY
A14: 2025 Q1 KINS lama (discontinue) Beli 1 Normal 179.900, Beli 2 SP 250.000 | B14: =B13 -> 46086 | C14: =C13 -> 46092 | D14: 3259 | E14: 333 | F14: 3 | G14: 11 | H14: 80300 | I14: COLE | J14: 24840371 | K14: KINS-BC | L14: KI CHINOS S/P BLACK:BLACK:36 | M14: 179900 | N14: BXGY | O14: Beli 1 Normal 179.900, Beli 2 SP 250.000 | P14: BXGY
... A22: 2025 Q1 KINS lama (discontinue) Beli 1 Normal 179.900, Beli 2 SP 250.000 | B22: =B21 -> 46086 | C22: =C21 -> 46092 | D22: 3259 | E22: 333 | F22: 3 | G22: 11 | H22: 80300 | I22: COLE | J22: 24840399 | K22: KINS-BC | L22: KI CHINOS S/P BLACK:BLACK:40 | M22: 179900 | N22: BXGY | O22: Beli 1 Normal 179.900, Beli 2 SP 250.000 | P22: BXGY

Sheet 25 KIPANTLAMA DISCONTI SP129K
A1: ACARA | B1: FROM DATE | C1: TO DATE | D1: DEPT | E1: WORLD | F1: DIVISION | G1: CLASS | H1: SUPPLIER | I1: BRAND | J1: SKU | K1: ARTICLE | L1: DESCRIPTION | M1: HARGA NORMAL | N1: DISKON | O1: HARGA PROMO | P1: DISCOUNT TYPE
A2: 2025 KI Pant lama (discontinue) SP 129K | B2: ='2019 ALL BOTTOM D95'!B141 -> 46086 | C2: ='2019 ALL BOTTOM D95'!C141 -> 46092 | D2: 3259 | E2: 333 | F2: 3 | G2: 12 | H2: 80300 | I2: COLE | J2: 79192399 | K2: PRBSLIM | L2: CHINOS PANTS SLIM BASIC SOLID PRBSLIM:BLACK:29:SOLID:CHINOS PANTS | M2: 199900 | N2: SP | O2: 129000 | P2: SPECIAL PRICE
A3: 2025 KI Pant lama (discontinue) SP 129K | B3: =B2 -> 46086 | C3: =C2 -> 46092 | D3: 3259 | E3: 333 | F3: 3 | G3: 12 | H3: 80300 | I3: COLE | J3: 79192460 | K3: PRBSLIM | L3: CHINOS PANTS SLIM BASIC SOLID PRBSLIM:CHARCOAL:29:SOLID:CHINOS PANTS | M3: 199900 | N3: SP | O3: 129000 | P3: SPECIAL PRICE
A4: 2025 KI Pant lama (discontinue) SP 129K | B4: =B3 -> 46086 | C4: =C3 -> 46092 | D4: 3259 | E4: 333 | F4: 3 | G4: 12 | H4: 80300 | I4: COLE | J4: 79192531 | K4: PRBSLIM | L4: CHINOS PANTS SLIM BASIC SOLID PRBSLIM:KHAKI:29:SOLID:CHINOS PANTS | M4: 199900 | N4: SP | O4: 129000 | P4: SPECIAL PRICE
A5: 2025 KI Pant lama (discontinue) SP 129K | B5: =B4 -> 46086 | C5: =C4 -> 46092 | D5: 3259 | E5: 333 | F5: 3 | G5: 12 | H5: 80300 | I5: COLE | J5: 13495195 | K5: PRBSLIM | L5: CHINOS PANTS SLIM BASIC SOLID PRBSLIM:OLIVE:29:SOLID:CHINOS PANTS | M5: 199900 | N5: SP | O5: 129000 | P5: SPECIAL PRICE
A6: 2025 KI Pant lama (discontinue) SP 129K | B6: =B5 -> 46086 | C6: =C5 -> 46092 | D6: 3259 | E6: 333 | F6: 3 | G6: 12 | I6: COLE | J6: 66251689 | K6: PRBCSL | L6: LONG PANTS REGULAR BASIC SOLID PRBCSL:BLACK:29:SOLID:LONG PANTS | M6: 199900 | N6: SP | O6: 129000 | P6: SPECIAL PRICE
A7: 2025 KI Pant lama (discontinue) SP 129K | B7: =B6 -> 46086 | C7: =C6 -> 46092 | D7: 3259 | E7: 333 | F7: 3 | G7: 12 | I7: COLE | J7: 66251750 | K7: PRBCSL | L7: LONG PANTS REGULAR BASIC SOLID PRBCSL:CHARCOAL:29:SOLID:LONG PANTS | M7: 199900 | N7: SP | O7: 129000 | P7: SPECIAL PRICE
A8: 2025 KI Pant lama (discontinue) SP 129K | B8: =B7 -> 46086 | C8: =C7 -> 46092 | D8: 3259 | E8: 333 | F8: 3 | G8: 12 | I8: COLE | J8: 66251821 | K8: PRBCSL | L8: LONG PANTS REGULAR BASIC SOLID PRBCSL:SAND:29:SOLID:LONG PA | M8: 199900 | N8: SP | O8: 129000 | P8: SPECIAL PRICE

Sheet 25 KIPANTLAMA DISCONTI SP149K
A1: ACARA | B1: FROM DATE | C1: TO DATE | D1: DEPT | E1: WORLD | F1: DIVISION | G1: CLASS | H1: SUPPLIER | I1: BRAND | J1: SKU | K1: ARTICLE | L1: DESCRIPTION | M1: HARGA NORMAL | N1: DISKON | O1: HARGA PROMO | P1: DISCOUNT TYPE
A2: 2025 KI Pant lama (discontinue) SP 149K | B2: ='2019 ALL BOTTOM D95'!B148 -> 46086 | C2: ='2019 ALL BOTTOM D95'!C148 -> 46092 | D2: 3259 | E2: 333 | F2: 3 | G2: 12 | H2: 80300 | I2: COLE | J2: 79192479 | K2: PRBSLIM | L2: CHINOS PANTS SLIM BASIC SOLID PRBSLIM:CHARCOAL:30:SOLID:CHINOS PANTS | M2: 199900 | N2: SP | O2: 149000 | P2: SPECIAL PRICE
A3: 2025 KI Pant lama (discontinue) SP 149K | B3: =B2 -> 46086 | C3: =C2 -> 46092 | D3: 3259 | E3: 333 | F3: 3 | G3: 12 | H3: 80300 | I3: COLE | J3: 79192488 | K3: PRBSLIM | L3: CHINOS PANTS SLIM BASIC SOLID PRBSLIM:CHARCOAL:32:SOLID:CHINOS PANTS | M3: 199900 | N3: SP | O3: 149000 | P3: SPECIAL PRICE
A4: 2025 KI Pant lama (discontinue) SP 149K | B4: =B3 -> 46086 | C4: =C3 -> 46092 | D4: 3259 | E4: 333 | F4: 3 | G4: 12 | H4: 80300 | I4: COLE | J4: 79192497 | K4: PRBSLIM | L4: CHINOS PANTS SLIM BASIC SOLID PRBSLIM:CHARCOAL:34:SOLID:CHINOS PANTS | M4: 199900 | N4: SP | O4: 149000 | P4: SPECIAL PRICE
A5: 2025 KI Pant lama (discontinue) SP 149K | B5: =B4 -> 46086 | C5: =C4 -> 46092 | D5: 3259 | E5: 333 | F5: 3 | G5: 12 | H5: 80300 | I5: COLE | J5: 79192504 | K5: PRBSLIM | L5: CHINOS PANTS SLIM BASIC SOLID PRBSLIM:CHARCOAL:36:SOLID:CHINOS PANTS | M5: 199900 | N5: SP | O5: 149000 | P5: SPECIAL PRICE
A6: 2025 KI Pant lama (discontinue) SP 149K | B6: =B5 -> 46086 | C6: =C5 -> 46092 | D6: 3259 | E6: 333 | F6: 3 | G6: 12 | H6: 80300 | I6: COLE | J6: 79192513 | K6: PRBSLIM | L6: CHINOS PANTS SLIM BASIC SOLID PRBSLIM:CHARCOAL:38:SOLID:CHINOS PANTS | M6: 199900 | N6: SP | O6: 149000 | P6: SPECIAL PRICE
A7: 2025 KI Pant lama (discontinue) SP 149K | B7: =B6 -> 46086 | C7: =C6 -> 46092 | D7: 3259 | E7: 333 | F7: 3 | G7: 12 | H7: 80300 | I7: COLE | J7: 79192522 | K7: PRBSLIM | L7: CHINOS PANTS SLIM BASIC SOLID PRBSLIM:CHARCOAL:40:SOLID:CHINOS PANTS | M7: 199900 | N7: SP | O7: 149000 | P7: SPECIAL PRICE
A8: 2025 KI Pant lama (discontinue) SP 149K | B8: =B7 -> 46086 | C8: =C7 -> 46092 | D8: 3259 | E8: 333 | F8: 3 | G8: 12 | H8: 80300 | I8: COLE | J8: 79192540 | K8: PRBSLIM | L8: CHINOS PANTS SLIM BASIC SOLID PRBSLIM:KHAKI:30:SOLID:CHINOS PANTS | M8: 199900 | N8: SP | O8: 149000 | P8: SPECIAL PRICE
A9: 2025 KI Pant lama (discontinue) SP 149K | B9: =B8 -> 46086 | C9: =C8 -> 46092 | D9: 3259 | E9: 333 | F9: 3 | G9: 12 | H9: 80300 | I9: COLE | J9: 79192559 | K9: PRBSLIM | L9: CHINOS PANTS SLIM BASIC SOLID PRBSLIM:KHAKI:32:SOLID:CHINOS PANTS | M9: 199900 | N9: SP | O9: 149000 | P9: SPECIAL PRICE
A10: 2025 KI Pant lama (discontinue) SP 149K | B10: =B9 -> 46086 | C10: =C9 -> 46092 | D10: 3259 | E10: 333 | F10: 3 | G10: 12 | H10: 80300 | I10: COLE | J10: 79192568 | K10: PRBSLIM | L10: CHINOS PANTS SLIM BASIC SOLID PRBSLIM:KHAKI:34:SOLID:CHINOS PANTS | M10: 199900 | N10: SP | O10: 149000 | P10: SPECIAL PRICE
A11: 2025 KI Pant lama (discontinue) SP 149K | B11: =B10 -> 46086 | C11: =C10 -> 46092 | D11: 3259 | E11: 333 | F11: 3 | G11: 12 | H11: 80300 | I11: COLE | J11: 79192577 | K11: PRBSLIM | L11: CHINOS PANTS SLIM BASIC SOLID PRBSLIM:KHAKI:36:SOLID:CHINOS PANTS | M11: 199900 | N11: SP | O11: 149000 | P11: SPECIAL PRICE
A12: 2025 KI Pant lama (discontinue) SP 149K | B12: =B11 -> 46086 | C12: =C11 -> 46092 | D12: 3259 | E12: 333 | F12: 3 | G12: 12 | H12: 80300 | I12: COLE | J12: 79192586 | K12: PRBSLIM | L12: CHINOS PANTS SLIM BASIC SOLID PRBSLIM:KHAKI:38:SOLID:CHINOS PANTS | M12: 199900 | N12: SP | O12: 149000 | P12: SPECIAL PRICE
A13: 2025 KI Pant lama (discontinue) SP 149K | B13: =B12 -> 46086 | C13: =C12 -> 46092 | D13: 3259 | E13: 333 | F13: 3 | G13: 12 | H13: 80300 | I13: COLE | J13: 79192595 | K13: PRBSLIM | L13: CHINOS PANTS SLIM BASIC SOLID PRBSLIM:KHAKI:40:SOLID:CHINOS PANTS | M13: 199900 | N13: SP | O13: 149000 | P13: SPECIAL PRICE
A14: 2025 KI Pant lama (discontinue) SP 149K | B14: =B13 -> 46086 | C14: =C13 -> 46092 | D14: 3259 | E14: 333 | F14: 3 | G14: 12 | H14: 80300 | I14: COLE | J14: 13495202 | K14: PRBSLIM | L14: CHINOS PANTS SLIM BASIC SOLID PRBSLIM:OLIVE:30:SOLID:CHINOS PANTS | M14: 199900 | N14: SP | O14: 149000 | P14: SPECIAL PRICE
... A25: 2025 KI Pant lama (discontinue) SP 149K | B25: =B24 -> 46086 | C25: =C24 -> 46092 | D25: 3259 | E25: 333 | F25: 3 | G25: 12 | H25: 80300 | I25: COLE | J25: 79192451 | K25: PRBSLIM | L25: CHINOS PANTS SLIM BASIC SOLID PRBSLIM:BLACK:40:SOLID:CHINOS PANTS | M25: 199900 | N25: SP | O25: 149000 | P25: SPECIAL PRICE

Sheet 2025 AUG SEPT Woven Short D30
A1: ACARA | B1: FROM DATE | C1: TO DATE | D1: DEPT | E1: WORLD | F1: DIVISION | G1: CLASS | H1: SUPPLIER | I1: BRAND | J1: SKU | K1: ARTICLE | L1: DESCRIPTION | M1: HARGA NORMAL | N1: DISKON | O1: HARGA PROMO | P1: DISCOUNT TYPE
A2: 2025 Aug Sept Woven Short D30 | B2: ='2019 ALL BOTTOM D95'!B141 -> 46086 | C2: ='2019 ALL BOTTOM D95'!C141 -> 46092 | D2: 3259 | E2: 333 | F2: 3 | I2: COLE | J2: 55489373 | K2: SCARGOMS | L2: SHORT PANTS CARGO RIBSTOP MARKSP SCARGOMS:TAUPE GREY:30:SOLID:SHORT PANTS | M2: 199900 | N2: 0.3 | O2: =M2-(M2*N2) -> 139930 | P2: PERCENTAGE
A3: 2025 Aug Sept Woven Short D30 | B3: =B2 -> 46086 | C3: =C2 -> 46092 | D3: 3259 | E3: 333 | F3: 3 | I3: COLE | J3: 55489382 | K3: SCARGOMS | L3: SHORT PANTS CARGO RIBSTOP MARKSP SCARGOMS:TAUPE GREY:32:SOLID:SHORT PANTS | M3: 199900 | N3: 0.3 | O3: =M3-(M3*N3) -> 139930 | P3: PERCENTAGE
A4: 2025 Aug Sept Woven Short D30 | B4: =B3 -> 46086 | C4: =C3 -> 46092 | D4: 3259 | E4: 333 | F4: 3 | I4: COLE | J4: 55489391 | K4: SCARGOMS | L4: SHORT PANTS CARGO RIBSTOP MARKSP SCARGOMS:TAUPE GREY:34:SOLID:SHORT PANTS | M4: 199900 | N4: 0.3 | O4: =M4-(M4*N4) -> 139930 | P4: PERCENTAGE
A5: 2025 Aug Sept Woven Short D30 | B5: =B4 -> 46086 | C5: =C4 -> 46092 | D5: 3259 | E5: 333 | F5: 3 | I5: COLE | J5: 55489408 | K5: SCARGOMS | L5: SHORT PANTS CARGO RIBSTOP MARKSP SCARGOMS:TAUPE GREY:36:SOLID:SHORT PANTS | M5: 199900 | N5: 0.3 | O5: =M5-(M5*N5) -> 139930 | P5: PERCENTAGE
A6: 2025 Aug Sept Woven Short D30 | B6: =B5 -> 46086 | C6: =C5 -> 46092 | D6: 3259 | E6: 333 | F6: 3 | I6: COLE | J6: 55489417 | K6: SCARGOMS | L6: SHORT PANTS CARGO RIBSTOP MARKSP SCARGOMS:TAUPE GREY:38:SOLID:SHORT PANTS | M6: 199900 | N6: 0.3 | O6: =M6-(M6*N6) -> 139930 | P6: PERCENTAGE
A7: 2025 Aug Sept Woven Short D30 | B7: =B6 -> 46086 | C7: =C6 -> 46092 | D7: 3259 | E7: 333 | F7: 3 | I7: COLE | J7: 55489426 | K7: SCARGOMS | L7: SHORT PANTS CARGO RIBSTOP MARKSP SCARGOMS:TAUPE GREY:40:SOLID:SHORT PANTS | M7: 199900 | N7: 0.3 | O7: =M7-(M7*N7) -> 139930 | P7: PERCENTAGE
A8: 2025 Aug Sept Woven Short D30 | B8: =B7 -> 46086 | C8: =C7 -> 46092 | D8: 3259 | E8: 333 | F8: 3 | I8: COLE | J8: 55489435 | K8: SCARGOMS | L8: SHORT PANTS CARGO RIBSTOP MARKSP SCARGOMS:FROST GREY:30:SOLID:SHORT PANTS | M8: 199900 | N8: 0.3 | O8: =M8-(M8*N8) -> 139930 | P8: PERCENTAGE
A9: 2025 Aug Sept Woven Short D30 | B9: =B8 -> 46086 | C9: =C8 -> 46092 | D9: 3259 | E9: 333 | F9: 3 | I9: COLE | J9: 55489444 | K9: SCARGOMS | L9: SHORT PANTS CARGO RIBSTOP MARKSP SCARGOMS:FROST GREY:32:SOLID:SHORT PANTS | M9: 199900 | N9: 0.3 | O9: =M9-(M9*N9) -> 139930 | P9: PERCENTAGE
A10: 2025 Aug Sept Woven Short D30 | B10: =B9 -> 46086 | C10: =C9 -> 46092 | D10: 3259 | E10: 333 | F10: 3 | I10: COLE | J10: 55489453 | K10: SCARGOMS | L10: SHORT PANTS CARGO RIBSTOP MARKSP SCARGOMS:FROST GREY:34:SOLID:SHORT PANTS | M10: 199900 | N10: 0.3 | O10: =M10-(M10*N10) -> 139930 | P10: PERCENTAGE
A11: 2025 Aug Sept Woven Short D30 | B11: =B10 -> 46086 | C11: =C10 -> 46092 | D11: 3259 | E11: 333 | F11: 3 | I11: COLE | J11: 55489462 | K11: SCARGOMS | L11: SHORT PANTS CARGO RIBSTOP MARKSP SCARGOMS:FROST GREY:36:SOLID:SHORT PANTS | M11: 199900 | N11: 0.3 | O11: =M11-(M11*N11) -> 139930 | P11: PERCENTAGE
A12: 2025 Aug Sept Woven Short D30 | B12: =B11 -> 46086 | C12: =C11 -> 46092 | D12: 3259 | E12: 333 | F12: 3 | I12: COLE | J12: 55489471 | K12: SCARGOMS | L12: SHORT PANTS CARGO RIBSTOP MARKSP SCARGOMS:FROST GREY:38:SOLID:SHORT PANTS | M12: 199900 | N12: 0.3 | O12: =M12-(M12*N12) -> 139930 | P12: PERCENTAGE
A13: 2025 Aug Sept Woven Short D30 | B13: =B12 -> 46086 | C13: =C12 -> 46092 | D13: 3259 | E13: 333 | F13: 3 | I13: COLE | J13: 55489480 | K13: SCARGOMS | L13: SHORT PANTS CARGO RIBSTOP MARKSP SCARGOMS:FROST GREY:40:SOLID:SHORT PANTS | M13: 199900 | N13: 0.3 | O13: =M13-(M13*N13) -> 139930 | P13: PERCENTAGE
A14: 2025 Aug Sept Woven Short D30 | B14: =B13 -> 46086 | C14: =C13 -> 46092 | D14: 3259 | E14: 333 | F14: 3 | I14: COLE | J14: 59120431 | K14: SWCUTPOC | L14: SHORT PANTS WOVEN BERMUDA CUT POCKET SWCUTPOC:PASTEL GREY:30:SOLID:SHORT PANTS | M14: 179900 | N14: 0.3 | O14: =M14-(M14*N14) -> 125930 | P14: PERCENTAGE
... A25: 2025 Aug Sept Woven Short D30 | B25: =B24 -> 46086 | C25: =C24 -> 46092 | D25: 3259 | E25: 333 | F25: 3 | I25: COLE | J25: 59120548 | K25: SWCUTPOC | L25: SHORT PANTS WOVEN BERMUDA CUT POCKET SWCUTPOC:KHAKI:40:SOLID:SHORT PANTS | M25: 179900 | N25: 0.3 | O25: =M25-(M25*N25) -> 125930 | P25: PERCENTAGE

Sheet  25 AUG SEPT WvnPants B1G1
A1: ACARA | B1: FROM DATE | C1: TO DATE | D1: DEPT | E1: WORLD | F1: DIVISION | G1: CLASS | H1: SUPPLIER | I1: BRAND | J1: SKU | K1: ARTICLE | L1: DESCRIPTION | M1: HARGA NORMAL | N1: DISKON | O1: HARGA PROMO | P1: DISCOUNT TYPE
A2: 2025 Aug Sept WvnPants B1G1 | B2: ='2019 ALL BOTTOM D95'!B186 -> 46086 | C2: ='2019 ALL BOTTOM D95'!C186 -> 46092 | D2: 3259 | E2: 333 | F2: 3 | G2: 6 | I2: COLE | J2: 55352117 | K2: PWSLMPLE | L2: LONG PANTS WOVEN SLIM PLEATED TWILL PWSLMPLE:LIGHT GREY:30:SOLID:LONG PANTS | M2: 249900 | N2: BXGY | O2: B1G1 | P2: BXGY
A3: 2025 Aug Sept WvnPants B1G1 | B3: =B2 -> 46086 | C3: =C2 -> 46092 | D3: 3259 | E3: 333 | F3: 3 | G3: 6 | I3: COLE | J3: 55352126 | K3: PWSLMPLE | L3: LONG PANTS WOVEN SLIM PLEATED TWILL PWSLMPLE:LIGHT GREY:32:SOLID:LONG PANTS | M3: 249900 | N3: BXGY | O3: B1G1 | P3: BXGY
A4: 2025 Aug Sept WvnPants B1G1 | B4: =B3 -> 46086 | C4: =C3 -> 46092 | D4: 3259 | E4: 333 | F4: 3 | G4: 6 | I4: COLE | J4: 55352135 | K4: PWSLMPLE | L4: LONG PANTS WOVEN SLIM PLEATED TWILL PWSLMPLE:LIGHT GREY:34:SOLID:LONG PANTS | M4: 249900 | N4: BXGY | O4: B1G1 | P4: BXGY
A5: 2025 Aug Sept WvnPants B1G1 | B5: =B4 -> 46086 | C5: =C4 -> 46092 | D5: 3259 | E5: 333 | F5: 3 | G5: 6 | I5: COLE | J5: 55352144 | K5: PWSLMPLE | L5: LONG PANTS WOVEN SLIM PLEATED TWILL PWSLMPLE:LIGHT GREY:36:SOLID:LONG PANTS | M5: 249900 | N5: BXGY | O5: B1G1 | P5: BXGY
A6: 2025 Aug Sept WvnPants B1G1 | B6: =B5 -> 46086 | C6: =C5 -> 46092 | D6: 3259 | E6: 333 | F6: 3 | G6: 6 | I6: COLE | J6: 55352153 | K6: PWSLMPLE | L6: LONG PANTS WOVEN SLIM PLEATED TWILL PWSLMPLE:LIGHT GREY:38:SOLID:LONG PANTS | M6: 249900 | N6: BXGY | O6: B1G1 | P6: BXGY
A7: 2025 Aug Sept WvnPants B1G1 | B7: =B6 -> 46086 | C7: =C6 -> 46092 | D7: 3259 | E7: 333 | F7: 3 | G7: 6 | I7: COLE | J7: 55352162 | K7: PWSLMPLE | L7: LONG PANTS WOVEN SLIM PLEATED TWILL PWSLMPLE:LIGHT GREY:40:SOLID:LONG PANTS | M7: 249900 | N7: BXGY | O7: B1G1 | P7: BXGY
A8: 2025 Aug Sept WvnPants B1G1 | B8: =B7 -> 46086 | C8: =C7 -> 46092 | D8: 3259 | E8: 333 | F8: 3 | G8: 6 | I8: COLE | J8: 55352171 | K8: PWSLMPLE | L8: LONG PANTS WOVEN SLIM PLEATED TWILL PWSLMPLE:KHAKI:30:SOLID:LONG PANTS | M8: 249900 | N8: BXGY | O8: B1G1 | P8: BXGY
A9: 2025 Aug Sept WvnPants B1G1 | B9: =B8 -> 46086 | C9: =C8 -> 46092 | D9: 3259 | E9: 333 | F9: 3 | G9: 6 | I9: COLE | J9: 55352180 | K9: PWSLMPLE | L9: LONG PANTS WOVEN SLIM PLEATED TWILL PWSLMPLE:KHAKI:32:SOLID:LONG PANTS | M9: 249900 | N9: BXGY | O9: B1G1 | P9: BXGY
A10: 2025 Aug Sept WvnPants B1G1 | B10: =B9 -> 46086 | C10: =C9 -> 46092 | D10: 3259 | E10: 333 | F10: 3 | G10: 6 | I10: COLE | J10: 55352199 | K10: PWSLMPLE | L10: LONG PANTS WOVEN SLIM PLEATED TWILL PWSLMPLE:KHAKI:34:SOLID:LONG PANTS | M10: 249900 | N10: BXGY | O10: B1G1 | P10: BXGY
A11: 2025 Aug Sept WvnPants B1G1 | B11: =B10 -> 46086 | C11: =C10 -> 46092 | D11: 3259 | E11: 333 | F11: 3 | G11: 6 | I11: COLE | J11: 55352206 | K11: PWSLMPLE | L11: LONG PANTS WOVEN SLIM PLEATED TWILL PWSLMPLE:KHAKI:36:SOLID:LONG PANTS | M11: 249900 | N11: BXGY | O11: B1G1 | P11: BXGY
A12: 2025 Aug Sept WvnPants B1G1 | B12: =B11 -> 46086 | C12: =C11 -> 46092 | D12: 3259 | E12: 333 | F12: 3 | G12: 6 | I12: COLE | J12: 55352215 | K12: PWSLMPLE | L12: LONG PANTS WOVEN SLIM PLEATED TWILL PWSLMPLE:KHAKI:38:SOLID:LONG PANTS | M12: 249900 | N12: BXGY | O12: B1G1 | P12: BXGY
A13: 2025 Aug Sept WvnPants B1G1 | B13: =B12 -> 46086 | C13: =C12 -> 46092 | D13: 3259 | E13: 333 | F13: 3 | G13: 6 | I13: COLE | J13: 55352224 | K13: PWSLMPLE | L13: LONG PANTS WOVEN SLIM PLEATED TWILL PWSLMPLE:KHAKI:40:SOLID:LONG PANTS | M13: 249900 | N13: BXGY | O13: B1G1 | P13: BXGY
A14: 2025 Aug Sept WvnPants B1G1 | B14: =B13 -> 46086 | C14: =C13 -> 46092 | D14: 3259 | E14: 333 | F14: 3 | G14: 6 | I14: COLE | J14: 55352233 | K14: PWSLMPLE | L14: LONG PANTS WOVEN SLIM PLEATED TWILL PWSLMPLE:DARK GREY:30:SOLID:LONG PANTS | M14: 249900 | N14: BXGY | O14: B1G1 | P14: BXGY
... A25: 2025 Aug Sept WvnPants B1G1 | B25: =B24 -> 46086 | C25: =C24 -> 46092 | D25: 3259 | E25: 333 | F25: 3 | G25: 6 | I25: COLE | J25: 59201773 | K25: PWTEXREG | L25: LONG PANTS WOVEN REG TEXTURE SLANTED POCKET PWTEXREG:VANILLA:40:SOLID:LONG PANTS | M25: 279900 | N25: BXGY | O25: B1G1 | P25: BXGY

Sheet 2025 Q4 Denim SP 249K
A1: ACARA | B1: FROM DATE | C1: TO DATE | D1: DEPT | E1: WORLD | F1: DIVISION | G1: CLASS | H1: SUPPLIER | I1: BRAND | J1: SKU | K1: ARTICLE | L1: DESCRIPTION | M1: HARGA NORMAL | N1: DISKON | O1: HARGA PROMO | P1: DISCOUNT TYPE
A2: 2025 Q4 DENIM SP 249K | B2: ='2019 ALL BOTTOM D95'!B141 -> 46086 | C2: ='2019 ALL BOTTOM D95'!C141 -> 46092 | D2: 3259 | E2: 333 | F2: 3 | I2: COLE | J2: 15257591 | K2: PDBCREG | L2: DENIM LONG PANTS BASIC NON WHISKER REGULAR PDBCREG:LIGHT DENIM:30:SOLID:DENIM LONG PANTS | M2: 259900 | N2: SP | O2: 249000 | P2: SPECIAL PRICE
A3: 2025 Q4 DENIM SP 249K | B3: =B2 -> 46086 | C3: =C2 -> 46092 | D3: 3259 | E3: 333 | F3: 3 | I3: COLE | J3: 15257608 | K3: PDBCREG | L3: DENIM LONG PANTS BASIC NON WHISKER REGULAR PDBCREG:LIGHT DENIM:32:SOLID:DENIM LONG PANTS | M3: 259900 | N3: SP | O3: 249000 | P3: SPECIAL PRICE
A4: 2025 Q4 DENIM SP 249K | B4: =B3 -> 46086 | C4: =C3 -> 46092 | D4: 3259 | E4: 333 | F4: 3 | I4: COLE | J4: 15257617 | K4: PDBCREG | L4: DENIM LONG PANTS BASIC NON WHISKER REGULAR PDBCREG:LIGHT DENIM:34:SOLID:DENIM LONG PANTS | M4: 259900 | N4: SP | O4: 249000 | P4: SPECIAL PRICE
A5: 2025 Q4 DENIM SP 249K | B5: =B4 -> 46086 | C5: =C4 -> 46092 | D5: 3259 | E5: 333 | F5: 3 | I5: COLE | J5: 15257626 | K5: PDBCREG | L5: DENIM LONG PANTS BASIC NON WHISKER REGULAR PDBCREG:LIGHT DENIM:36:SOLID:DENIM LONG PANTS | M5: 259900 | N5: SP | O5: 249000 | P5: SPECIAL PRICE
A6: 2025 Q4 DENIM SP 249K | B6: =B5 -> 46086 | C6: =C5 -> 46092 | D6: 3259 | E6: 333 | F6: 3 | I6: COLE | J6: 15257635 | K6: PDBCREG | L6: DENIM LONG PANTS BASIC NON WHISKER REGULAR PDBCREG:LIGHT DENIM:38:SOLID:DENIM LONG PANTS | M6: 259900 | N6: SP | O6: 249000 | P6: SPECIAL PRICE
A7: 2025 Q4 DENIM SP 249K | B7: =B6 -> 46086 | C7: =C6 -> 46092 | D7: 3259 | E7: 333 | F7: 3 | I7: COLE | J7: 15257644 | K7: PDBCREG | L7: DENIM LONG PANTS BASIC NON WHISKER REGULAR PDBCREG:LIGHT DENIM:40:SOLID:DENIM LONG PANTS | M7: 259900 | N7: SP | O7: 249000 | P7: SPECIAL PRICE
A8: 2025 Q4 DENIM SP 249K | B8: =B7 -> 46086 | C8: =C7 -> 46092 | D8: 3259 | E8: 333 | F8: 3 | I8: COLE | J8: 15257653 | K8: PDBCREG | L8: DENIM LONG PANTS BASIC NON WHISKER REGULAR PDBCREG:DARK DENIM:30:SOLID:DENIM LONG PANTS | M8: 259900 | N8: SP | O8: 249000 | P8: SPECIAL PRICE
A9: 2025 Q4 DENIM SP 249K | B9: =B8 -> 46086 | C9: =C8 -> 46092 | D9: 3259 | E9: 333 | F9: 3 | I9: COLE | J9: 15257662 | K9: PDBCREG | L9: DENIM LONG PANTS BASIC NON WHISKER REGULAR PDBCREG:DARK DENIM:32:SOLID:DENIM LONG PANTS | M9: 259900 | N9: SP | O9: 249000 | P9: SPECIAL PRICE
A10: 2025 Q4 DENIM SP 249K | B10: =B9 -> 46086 | C10: =C9 -> 46092 | D10: 3259 | E10: 333 | F10: 3 | I10: COLE | J10: 15257671 | K10: PDBCREG | L10: DENIM LONG PANTS BASIC NON WHISKER REGULAR PDBCREG:DARK DENIM:34:SOLID:DENIM LONG PANTS | M10: 259900 | N10: SP | O10: 249000 | P10: SPECIAL PRICE
A11: 2025 Q4 DENIM SP 249K | B11: =B10 -> 46086 | C11: =C10 -> 46092 | D11: 3259 | E11: 333 | F11: 3 | I11: COLE | J11: 15257680 | K11: PDBCREG | L11: DENIM LONG PANTS BASIC NON WHISKER REGULAR PDBCREG:DARK DENIM:36:SOLID:DENIM LONG PANTS | M11: 259900 | N11: SP | O11: 249000 | P11: SPECIAL PRICE
A12: 2025 Q4 DENIM SP 249K | B12: =B11 -> 46086 | C12: =C11 -> 46092 | D12: 3259 | E12: 333 | F12: 3 | I12: COLE | J12: 15257699 | K12: PDBCREG | L12: DENIM LONG PANTS BASIC NON WHISKER REGULAR PDBCREG:DARK DENIM:38:SOLID:DENIM LONG PANTS | M12: 259900 | N12: SP | O12: 249000 | P12: SPECIAL PRICE
A13: 2025 Q4 DENIM SP 249K | B13: =B12 -> 46086 | C13: =C12 -> 46092 | D13: 3259 | E13: 333 | F13: 3 | I13: COLE | J13: 15257706 | K13: PDBCREG | L13: DENIM LONG PANTS BASIC NON WHISKER REGULAR PDBCREG:DARK DENIM:40:SOLID:DENIM LONG PANTS | M13: 259900 | N13: SP | O13: 249000 | P13: SPECIAL PRICE
A14: 2025 Q4 DENIM SP 249K | B14: =B13 -> 46086 | C14: =C13 -> 46092 | D14: 3259 | E14: 333 | F14: 3 | I14: COLE | J14: 15256314 | K14: PDBCREG | L14: DENIM LONG PANTS BASIC NON WHISKER REGULAR PDBCREG:MEDIUM DENIM:30:SOLID:DENIM LONG PANTS | M14: 259900 | N14: SP | O14: 249000 | P14: SPECIAL PRICE
... A19: 2025 Q4 DENIM SP 249K | B19: =B18 -> 46086 | C19: =C18 -> 46092 | D19: 3259 | E19: 333 | F19: 3 | I19: COLE | J19: 15256369 | K19: PDBCREG | L19: DENIM LONG PANTS BASIC NON WHISKER REGULAR PDBCREG:MEDIUM DENIM:40:SOLID:DENIM LONG PANTS | M19: 259900 | N19: SP | O19: 249000 | P19: SPECIAL PRICE

Sheet 25Q4 26Q1 WVN PANTS SP 199K
A1: ACARA | B1: FROM DATE | C1: TO DATE | D1: DEPT | E1: WORLD | F1: DIVISION | G1: CLASS | H1: SUPPLIER | I1: BRAND | J1: SKU | K1: ARTICLE | L1: DESCRIPTION | M1: HARGA NORMAL | N1: DISKON | O1: HARGA PROMO | P1: DISCOUNT TYPE
A2: 25Q4 26Q1 WVN PANTS SP 199K | B2: ='2019 ALL BOTTOM D95'!B186 -> 46086 | C2: ='2019 ALL BOTTOM D95'!C186 -> 46092 | D2: 3259 | E2: 333 | F2: 3 | G2: 6 | I2: COLE | J2: 61618382 | K2: PWSLCLN | L2: CHINOS PANTS WOVEN CLEAN SLIMFIT MKU PWSLCLN:BEIGE:30:SOLID:CHINOS PANTS | M2: 249900 | N2: SP | O2: 199000 | P2: SPECIAL PRICE
A3: 25Q4 26Q1 WVN PANTS SP 199K | B3: =B2 -> 46086 | C3: =C2 -> 46092 | D3: 3259 | E3: 333 | F3: 3 | G3: 6 | I3: COLE | J3: 61618391 | K3: PWSLCLN | L3: CHINOS PANTS WOVEN CLEAN SLIMFIT MKU PWSLCLN:BEIGE:32:SOLID:CHINOS PANTS | M3: 249900 | N3: SP | O3: 199000 | P3: SPECIAL PRICE
A4: 25Q4 26Q1 WVN PANTS SP 199K | B4: =B3 -> 46086 | C4: =C3 -> 46092 | D4: 3259 | E4: 333 | F4: 3 | G4: 6 | I4: COLE | J4: 61618408 | K4: PWSLCLN | L4: CHINOS PANTS WOVEN CLEAN SLIMFIT MKU PWSLCLN:BEIGE:34:SOLID:CHINOS PANTS | M4: 249900 | N4: SP | O4: 199000 | P4: SPECIAL PRICE
A5: 25Q4 26Q1 WVN PANTS SP 199K | B5: =B4 -> 46086 | C5: =C4 -> 46092 | D5: 3259 | E5: 333 | F5: 3 | G5: 6 | I5: COLE | J5: 61618417 | K5: PWSLCLN | L5: CHINOS PANTS WOVEN CLEAN SLIMFIT MKU PWSLCLN:BEIGE:36:SOLID:CHINOS PANTS | M5: 249900 | N5: SP | O5: 199000 | P5: SPECIAL PRICE
A6: 25Q4 26Q1 WVN PANTS SP 199K | B6: =B5 -> 46086 | C6: =C5 -> 46092 | D6: 3259 | E6: 333 | F6: 3 | G6: 6 | I6: COLE | J6: 61618426 | K6: PWSLCLN | L6: CHINOS PANTS WOVEN CLEAN SLIMFIT MKU PWSLCLN:BEIGE:38:SOLID:CHINOS PANTS | M6: 249900 | N6: SP | O6: 199000 | P6: SPECIAL PRICE
A7: 25Q4 26Q1 WVN PANTS SP 199K | B7: =B6 -> 46086 | C7: =C6 -> 46092 | D7: 3259 | E7: 333 | F7: 3 | G7: 6 | I7: COLE | J7: 61618435 | K7: PWSLCLN | L7: CHINOS PANTS WOVEN CLEAN SLIMFIT MKU PWSLCLN:BEIGE:40:SOLID:CHINOS PANTS | M7: 249900 | N7: SP | O7: 199000 | P7: SPECIAL PRICE
A8: 25Q4 26Q1 WVN PANTS SP 199K | B8: =B7 -> 46086 | C8: =C7 -> 46092 | D8: 3259 | E8: 333 | F8: 3 | G8: 6 | I8: COLE | J8: 61618444 | K8: PWSLCLN | L8: CHINOS PANTS WOVEN CLEAN SLIMFIT MKU PWSLCLN:TAUPE GREY:30:SOLID:CHINOS PANTS | M8: 249900 | N8: SP | O8: 199000 | P8: SPECIAL PRICE
A9: 25Q4 26Q1 WVN PANTS SP 199K | B9: =B8 -> 46086 | C9: =C8 -> 46092 | D9: 3259 | E9: 333 | F9: 3 | G9: 6 | I9: COLE | J9: 61618453 | K9: PWSLCLN | L9: CHINOS PANTS WOVEN CLEAN SLIMFIT MKU PWSLCLN:TAUPE GREY:32:SOLID:CHINOS PANTS | M9: 249900 | N9: SP | O9: 199000 | P9: SPECIAL PRICE
A10: 25Q4 26Q1 WVN PANTS SP 199K | B10: =B9 -> 46086 | C10: =C9 -> 46092 | D10: 3259 | E10: 333 | F10: 3 | G10: 6 | I10: COLE | J10: 61618462 | K10: PWSLCLN | L10: CHINOS PANTS WOVEN CLEAN SLIMFIT MKU PWSLCLN:TAUPE GREY:34:SOLID:CHINOS PANTS | M10: 249900 | N10: SP | O10: 199000 | P10: SPECIAL PRICE
A11: 25Q4 26Q1 WVN PANTS SP 199K | B11: =B10 -> 46086 | C11: =C10 -> 46092 | D11: 3259 | E11: 333 | F11: 3 | G11: 6 | I11: COLE | J11: 61618471 | K11: PWSLCLN | L11: CHINOS PANTS WOVEN CLEAN SLIMFIT MKU PWSLCLN:TAUPE GREY:36:SOLID:CHINOS PANTS | M11: 249900 | N11: SP | O11: 199000 | P11: SPECIAL PRICE
A12: 25Q4 26Q1 WVN PANTS SP 199K | B12: =B11 -> 46086 | C12: =C11 -> 46092 | D12: 3259 | E12: 333 | F12: 3 | G12: 6 | I12: COLE | J12: 61618480 | K12: PWSLCLN | L12: CHINOS PANTS WOVEN CLEAN SLIMFIT MKU PWSLCLN:TAUPE GREY:38:SOLID:CHINOS PANTS | M12: 249900 | N12: SP | O12: 199000 | P12: SPECIAL PRICE
A13: 25Q4 26Q1 WVN PANTS SP 199K | B13: =B12 -> 46086 | C13: =C12 -> 46092 | D13: 3259 | E13: 333 | F13: 3 | G13: 6 | I13: COLE | J13: 61618499 | K13: PWSLCLN | L13: CHINOS PANTS WOVEN CLEAN SLIMFIT MKU PWSLCLN:TAUPE GREY:40:SOLID:CHINOS PANTS | M13: 249900 | N13: SP | O13: 199000 | P13: SPECIAL PRICE
A14: 25Q4 26Q1 WVN PANTS SP 199K | B14: =B13 -> 46086 | C14: =C13 -> 46092 | D14: 3259 | E14: 333 | F14: 3 | G14: 6 | I14: COLE | J14: 61618506 | K14: PWSLCLN | L14: CHINOS PANTS WOVEN CLEAN SLIMFIT MKU PWSLCLN:DARK BROWN:30:SOLID:CHINOS PANTS | M14: 249900 | N14: SP | O14: 199000 | P14: SPECIAL PRICE
... A25: 25Q4 26Q1 WVN PANTS SP 199K | B25: =B24 -> 46086 | C25: =C24 -> 46092 | D25: 3259 | E25: 333 | F25: 3 | G25: 6 | I25: COLE | J25: 61618613 | K25: PWSLCLN | L25: CHINOS PANTS WOVEN CLEAN SLIMFIT MKU PWSLCLN:DARK GREY:40:SOLID:CHINOS PANTS | M25: 249900 | N25: SP | O25: 199000 | P25: SPECIAL PRICE
A26: 25Q4 26Q1 WVN PANTS SP 199K | B26: =B25 -> 46086 | C26: =C25 -> 46092 | D26: 3259 | E26: 333 | F26: 3 | I26: COLE | J26: 62979839 | K26: PWREGPLE | L26: LONG PANTS WOVEN REGULAR ANKLE PLEATED PWREGPLE:BEIGE:30:SOLID:LONG PANTS | M26: 249900 | N26: SP | O26: 199000 | P26: SPECIAL PRICE
A27: 25Q4 26Q1 WVN PANTS SP 199K | B27: =B26 -> 46086 | C27: =C26 -> 46092 | D27: 3259 | E27: 333 | F27: 3 | I27: COLE | J27: 62979848 | K27: PWREGPLE | L27: LONG PANTS WOVEN REGULAR ANKLE PLEATED PWREGPLE:BEIGE:32:SOLID:LONG PANTS | M27: 249900 | N27: SP | O27: 199000 | P27: SPECIAL PRICE
A28: 25Q4 26Q1 WVN PANTS SP 199K | B28: =B27 -> 46086 | C28: =C27 -> 46092 | D28: 3259 | E28: 333 | F28: 3 | I28: COLE | J28: 62979857 | K28: PWREGPLE | L28: LONG PANTS WOVEN REGULAR ANKLE PLEATED PWREGPLE:BEIGE:34:SOLID:LONG PANTS | M28: 249900 | N28: SP | O28: 199000 | P28: SPECIAL PRICE
A29: 25Q4 26Q1 WVN PANTS SP 199K | B29: =B28 -> 46086 | C29: =C28 -> 46092 | D29: 3259 | E29: 333 | F29: 3 | I29: COLE | J29: 62979866 | K29: PWREGPLE | L29: LONG PANTS WOVEN REGULAR ANKLE PLEATED PWREGPLE:BEIGE:36:SOLID:LONG PANTS | M29: 249900 | N29: SP | O29: 199000 | P29: SPECIAL PRICE
A30: 25Q4 26Q1 WVN PANTS SP 199K | B30: =B29 -> 46086 | C30: =C29 -> 46092 | D30: 3259 | E30: 333 | F30: 3 | I30: COLE | J30: 62979875 | K30: PWREGPLE | L30: LONG PANTS WOVEN REGULAR ANKLE PLEATED PWREGPLE:BEIGE:38:SOLID:LONG PANTS | M30: 249900 | N30: SP | O30: 199000 | P30: SPECIAL PRICE
A31: 25Q4 26Q1 WVN PANTS SP 199K | B31: =B30 -> 46086 | C31: =C30 -> 46092 | D31: 3259 | E31: 333 | F31: 3 | I31: COLE | J31: 62979884 | K31: PWREGPLE | L31: LONG PANTS WOVEN REGULAR ANKLE PLEATED PWREGPLE:BEIGE:40:SOLID:LONG PANTS | M31: 249900 | N31: SP | O31: 199000 | P31: SPECIAL PRICE
A32: 25Q4 26Q1 WVN PANTS SP 199K | B32: =B31 -> 46086 | C32: =C31 -> 46092 | D32: 3259 | E32: 333 | F32: 3 | I32: COLE | J32: 62979893 | K32: PWREGPLE | L32: LONG PANTS WOVEN REGULAR ANKLE PLEATED PWREGPLE:VANILLA:30:SOLID:LONG PANTS | M32: 249900 | N32: SP | O32: 199000 | P32: SPECIAL PRICE
A33: 25Q4 26Q1 WVN PANTS SP 199K | B33: =B32 -> 46086 | C33: =C32 -> 46092 | D33: 3259 | E33: 333 | F33: 3 | I33: COLE | J33: 62979919 | K33: PWREGPLE | L33: LONG PANTS WOVEN REGULAR ANKLE PLEATED PWREGPLE:VANILLA:34:SOLID:LONG PANTS | M33: 249900 | N33: SP | O33: 199000 | P33: SPECIAL PRICE
A34: 25Q4 26Q1 WVN PANTS SP 199K | B34: =B33 -> 46086 | C34: =C33 -> 46092 | D34: 3259 | E34: 333 | F34: 3 | I34: COLE | J34: 62979946 | K34: PWREGPLE | L34: LONG PANTS WOVEN REGULAR ANKLE PLEATED PWREGPLE:VANILLA:40:SOLID:LONG PANTS | M34: 249900 | N34: SP | O34: 199000 | P34: SPECIAL PRICE
A35: 25Q4 26Q1 WVN PANTS SP 199K | B35: =B34 -> 46086 | C35: =C34 -> 46092 | D35: 3259 | E35: 333 | F35: 3 | I35: COLE | J35: 62980005 | K35: PWREGPLE | L35: LONG PANTS WOVEN REGULAR ANKLE PLEATED PWREGPLE:LIGHT GREY:40:SOLID:LONG PANTS | M35: 249900 | N35: SP | O35: 199000 | P35: SPECIAL PRICE
A36: 25Q4 26Q1 WVN PANTS SP 199K | B36: =B35 -> 46086 | C36: =C35 -> 46092 | D36: 3259 | E36: 333 | F36: 3 | I36: COLE | J36: 62979928 | K36: PWREGPLE | L36: LONG PANTS WOVEN REGULAR ANKLE PLEATED PWREGPLE:VANILLA:36:SOLID:LONG PANTS | M36: 249900 | N36: SP | O36: 199000 | P36: SPECIAL PRICE
A37: 25Q4 26Q1 WVN PANTS SP 199K | B37: =B36 -> 46086 | C37: =C36 -> 46092 | D37: 3259 | E37: 333 | F37: 3 | I37: COLE | J37: 62979937 | K37: PWREGPLE | L37: LONG PANTS WOVEN REGULAR ANKLE PLEATED PWREGPLE:VANILLA:38:SOLID:LONG PANTS | M37: 249900 | N37: SP | O37: 199000 | P37: SPECIAL PRICE
... A89: 25Q4 26Q1 WVN PANTS SP 199K | B89: =B88 -> 46086 | C89: =C88 -> 46092 | D89: 3259 | E89: 333 | F89: 3 | I89: COLE | J89: 59202156 | K89: WPCHISLIM | L89: LONG PANTS WOVEN PANT CHINO BSC SLIM WPCHISLIM:BLACK:40:SOLID:LONG PANTS | M89: 249900 | N89: SP | O89: 199000 | P89: SPECIAL PRICE

Sheet 25Q4 26Q1 WVN PANTS SP 259K
A1: ACARA | B1: FROM DATE | C1: TO DATE | D1: DEPT | E1: WORLD | F1: DIVISION | G1: CLASS | H1: SUPPLIER | I1: BRAND | J1: SKU | K1: ARTICLE | L1: DESCRIPTION | M1: HARGA NORMAL | N1: DISKON | O1: HARGA PROMO | P1: DISCOUNT TYPE
A2: 25Q4 26Q1 WVN PANTS SP 259K | B2: ='2019 ALL BOTTOM D95'!B186 -> 46086 | C2: ='2019 ALL BOTTOM D95'!C186 -> 46092 | D2: 3259 | E2: 333 | F2: 3 | G2: 6 | I2: COLE | J2: 59201826 | K2: PWTEXREG | L2: LONG PANTS WOVEN REG TEXTURE SLANTED POCKET PWTEXREG:KHAKI:38:SOLID:LONG PANTS | M2: 279900 | N2: SP | O2: 259000 | P2: SPECIAL PRICE
A3: 25Q4 26Q1 WVN PANTS SP 259K | B3: =B2 -> 46086 | C3: =C2 -> 46092 | D3: 3259 | E3: 333 | F3: 3 | G3: 6 | I3: COLE | J3: 59201782 | K3: PWTEXREG | L3: LONG PANTS WOVEN REG TEXTURE SLANTED POCKET PWTEXREG:KHAKI:30:SOLID:LONG PANTS | M3: 279900 | N3: SP | O3: 259000 | P3: SPECIAL PRICE
A4: 25Q4 26Q1 WVN PANTS SP 259K | B4: =B3 -> 46086 | C4: =C3 -> 46092 | D4: 3259 | E4: 333 | F4: 3 | G4: 6 | I4: COLE | J4: 59201791 | K4: PWTEXREG | L4: LONG PANTS WOVEN REG TEXTURE SLANTED POCKET PWTEXREG:KHAKI:32:SOLID:LONG PANTS | M4: 279900 | N4: SP | O4: 259000 | P4: SPECIAL PRICE
A5: 25Q4 26Q1 WVN PANTS SP 259K | B5: =B4 -> 46086 | C5: =C4 -> 46092 | D5: 3259 | E5: 333 | F5: 3 | G5: 6 | I5: COLE | J5: 59201817 | K5: PWTEXREG | L5: LONG PANTS WOVEN REG TEXTURE SLANTED POCKET PWTEXREG:KHAKI:36:SOLID:LONG PANTS | M5: 279900 | N5: SP | O5: 259000 | P5: SPECIAL PRICE
A6: 25Q4 26Q1 WVN PANTS SP 259K | B6: =B5 -> 46086 | C6: =C5 -> 46092 | D6: 3259 | E6: 333 | F6: 3 | G6: 6 | I6: COLE | J6: 59201808 | K6: PWTEXREG | L6: LONG PANTS WOVEN REG TEXTURE SLANTED POCKET PWTEXREG:KHAKI:34:SOLID:LONG PANTS | M6: 279900 | N6: SP | O6: 259000 | P6: SPECIAL PRICE
A7: 25Q4 26Q1 WVN PANTS SP 259K | B7: =B6 -> 46086 | C7: =C6 -> 46092 | D7: 3259 | E7: 333 | F7: 3 | G7: 6 | I7: COLE | J7: 59201835 | K7: PWTEXREG | L7: LONG PANTS WOVEN REG TEXTURE SLANTED POCKET PWTEXREG:KHAKI:40:SOLID:LONG PANTS | M7: 279900 | N7: SP | O7: 259000 | P7: SPECIAL PRICE
A8: 25Q4 26Q1 WVN PANTS SP 259K | B8: =B7 -> 46086 | C8: =C7 -> 46092 | D8: 3259 | E8: 333 | F8: 3 | I8: COLE | J8: 51919718 | K8: PCHINDEV | L8: CHINOS PANTS LONG CLEAN SLIMFIT PCHINDEV:KHAKI:30:SOLID:CHINOS PANTS | M8: 279900 | N8: SP | O8: 259000 | P8: SPECIAL PRICE
A9: 25Q4 26Q1 WVN PANTS SP 259K | B9: =B8 -> 46086 | C9: =C8 -> 46092 | D9: 3259 | E9: 333 | F9: 3 | I9: COLE | J9: 51919727 | K9: PCHINDEV | L9: CHINOS PANTS LONG CLEAN SLIMFIT PCHINDEV:KHAKI:32:SOLID:CHINOS PANTS | M9: 279900 | N9: SP | O9: 259000 | P9: SPECIAL PRICE
A10: 25Q4 26Q1 WVN PANTS SP 259K | B10: =B9 -> 46086 | C10: =C9 -> 46092 | D10: 3259 | E10: 333 | F10: 3 | I10: COLE | J10: 51919736 | K10: PCHINDEV | L10: CHINOS PANTS LONG CLEAN SLIMFIT PCHINDEV:KHAKI:34:SOLID:CHINOS PANTS | M10: 279900 | N10: SP | O10: 259000 | P10: SPECIAL PRICE
A11: 25Q4 26Q1 WVN PANTS SP 259K | B11: =B10 -> 46086 | C11: =C10 -> 46092 | D11: 3259 | E11: 333 | F11: 3 | I11: COLE | J11: 51919745 | K11: PCHINDEV | L11: CHINOS PANTS LONG CLEAN SLIMFIT PCHINDEV:KHAKI:36:SOLID:CHINOS PANTS | M11: 279900 | N11: SP | O11: 259000 | P11: SPECIAL PRICE
A12: 25Q4 26Q1 WVN PANTS SP 259K | B12: =B11 -> 46086 | C12: =C11 -> 46092 | D12: 3259 | E12: 333 | F12: 3 | I12: COLE | J12: 51919754 | K12: PCHINDEV | L12: CHINOS PANTS LONG CLEAN SLIMFIT PCHINDEV:KHAKI:38:SOLID:CHINOS PANTS | M12: 279900 | N12: SP | O12: 259000 | P12: SPECIAL PRICE
A13: 25Q4 26Q1 WVN PANTS SP 259K | B13: =B12 -> 46086 | C13: =C12 -> 46092 | D13: 3259 | E13: 333 | F13: 3 | I13: COLE | J13: 51919763 | K13: PCHINDEV | L13: CHINOS PANTS LONG CLEAN SLIMFIT PCHINDEV:KHAKI:40:SOLID:CHINOS PANTS | M13: 279900 | N13: SP | O13: 259000 | P13: SPECIAL PRICE
A14: 25Q4 26Q1 WVN PANTS SP 259K | B14: =B13 -> 46086 | C14: =C13 -> 46092 | D14: 3259 | E14: 333 | F14: 3 | G14: 6 | H14: 81784 | I14: COLE | J14: 50386180 | K14: PCHINDEV | L14: CHINOS PANTS LONG CLEAN SLIMFIT PCHINDEV:SAND:30:SOLID:CHINOS PANTS | M14: 279900 | N14: SP | O14: 259000 | P14: SPECIAL PRICE
A15: 25Q4 26Q1 WVN PANTS SP 259K | B15: =B14 -> 46086 | C15: =C14 -> 46092 | D15: 3259 | E15: 333 | F15: 3 | G15: 6 | H15: 81784 | I15: COLE | J15: 50386199 | K15: PCHINDEV | L15: CHINOS PANTS LONG CLEAN SLIMFIT PCHINDEV:SAND:32:SOLID:CHINOS PANTS | M15: 279900 | N15: SP | O15: 259000 | P15: SPECIAL PRICE
A16: 25Q4 26Q1 WVN PANTS SP 259K | B16: =B15 -> 46086 | C16: =C15 -> 46092 | D16: 3259 | E16: 333 | F16: 3 | G16: 6 | H16: 81784 | I16: COLE | J16: 50386215 | K16: PCHINDEV | L16: CHINOS PANTS LONG CLEAN SLIMFIT PCHINDEV:SAND:34:SOLID:CHINOS PANTS | M16: 279900 | N16: SP | O16: 259000 | P16: SPECIAL PRICE
A17: 25Q4 26Q1 WVN PANTS SP 259K | B17: =B16 -> 46086 | C17: =C16 -> 46092 | D17: 3259 | E17: 333 | F17: 3 | G17: 6 | H17: 81784 | I17: COLE | J17: 50386224 | K17: PCHINDEV | L17: CHINOS PANTS LONG CLEAN SLIMFIT PCHINDEV:SAND:36:SOLID:CHINOS PANTS | M17: 279900 | N17: SP | O17: 259000 | P17: SPECIAL PRICE
A18: 25Q4 26Q1 WVN PANTS SP 259K | B18: =B17 -> 46086 | C18: =C17 -> 46092 | D18: 3259 | E18: 333 | F18: 3 | G18: 6 | H18: 81784 | I18: COLE | J18: 50386233 | K18: PCHINDEV | L18: CHINOS PANTS LONG CLEAN SLIMFIT PCHINDEV:SAND:38:SOLID:CHINOS PANTS | M18: 279900 | N18: SP | O18: 259000 | P18: SPECIAL PRICE
A19: 25Q4 26Q1 WVN PANTS SP 259K | B19: =B18 -> 46086 | C19: =C18 -> 46092 | D19: 3259 | E19: 333 | F19: 3 | G19: 6 | H19: 81784 | I19: COLE | J19: 50386242 | K19: PCHINDEV | L19: CHINOS PANTS LONG CLEAN SLIMFIT PCHINDEV:SAND:40:SOLID:CHINOS PANTS | M19: 279900 | N19: SP | O19: 259000 | P19: SPECIAL PRICE
A20: 25Q4 26Q1 WVN PANTS SP 259K | B20: =B19 -> 46086 | C20: =C19 -> 46092 | D20: 3259 | E20: 333 | F20: 3 | I20: COLE | J20: 61969146 | K20: FVPOCREG | L20: LONG PANTS WOVEN REG 5POCKET FVPOCREG:SAND:30:SOLID:LONG PANTS | M20: 279900 | N20: SP | O20: 259000 | P20: SPECIAL PRICE
A21: 25Q4 26Q1 WVN PANTS SP 259K | B21: =B20 -> 46086 | C21: =C20 -> 46092 | D21: 3259 | E21: 333 | F21: 3 | I21: COLE | J21: 61969155 | K21: FVPOCREG | L21: LONG PANTS WOVEN REG 5POCKET FVPOCREG:SAND:32:SOLID:LONG PANTS | M21: 279900 | N21: SP | O21: 259000 | P21: SPECIAL PRICE
A22: 25Q4 26Q1 WVN PANTS SP 259K | B22: =B21 -> 46086 | C22: =C21 -> 46092 | D22: 3259 | E22: 333 | F22: 3 | I22: COLE | J22: 61969164 | K22: FVPOCREG | L22: LONG PANTS WOVEN REG 5POCKET FVPOCREG:SAND:34:SOLID:LONG PANTS | M22: 279900 | N22: SP | O22: 259000 | P22: SPECIAL PRICE
A23: 25Q4 26Q1 WVN PANTS SP 259K | B23: =B22 -> 46086 | C23: =C22 -> 46092 | D23: 3259 | E23: 333 | F23: 3 | I23: COLE | J23: 61969173 | K23: FVPOCREG | L23: LONG PANTS WOVEN REG 5POCKET FVPOCREG:SAND:36:SOLID:LONG PANTS | M23: 279900 | N23: SP | O23: 259000 | P23: SPECIAL PRICE
A24: 25Q4 26Q1 WVN PANTS SP 259K | B24: =B23 -> 46086 | C24: =C23 -> 46092 | D24: 3259 | E24: 333 | F24: 3 | I24: COLE | J24: 61969182 | K24: FVPOCREG | L24: LONG PANTS WOVEN REG 5POCKET FVPOCREG:SAND:38:SOLID:LONG PANTS | M24: 279900 | N24: SP | O24: 259000 | P24: SPECIAL PRICE
A25: 25Q4 26Q1 WVN PANTS SP 259K | B25: =B24 -> 46086 | C25: =C24 -> 46092 | D25: 3259 | E25: 333 | F25: 3 | I25: COLE | J25: 61969191 | K25: FVPOCREG | L25: LONG PANTS WOVEN REG 5POCKET FVPOCREG:KHAKI:30:SOLID:LONG PANTS | M25: 279900 | N25: SP | O25: 259000 | P25: SPECIAL PRICE
A26: 25Q4 26Q1 WVN PANTS SP 259K | B26: =B25 -> 46086 | C26: =C25 -> 46092 | D26: 3259 | E26: 333 | F26: 3 | I26: COLE | J26: 61969208 | K26: FVPOCREG | L26: LONG PANTS WOVEN REG 5POCKET FVPOCREG:KHAKI:32:SOLID:LONG PANTS | M26: 279900 | N26: SP | O26: 259000 | P26: SPECIAL PRICE
A27: 25Q4 26Q1 WVN PANTS SP 259K | B27: =B26 -> 46086 | C27: =C26 -> 46092 | D27: 3259 | E27: 333 | F27: 3 | I27: COLE | J27: 61969217 | K27: FVPOCREG | L27: LONG PANTS WOVEN REG 5POCKET FVPOCREG:KHAKI:34:SOLID:LONG PANTS | M27: 279900 | N27: SP | O27: 259000 | P27: SPECIAL PRICE
A28: 25Q4 26Q1 WVN PANTS SP 259K | B28: =B27 -> 46086 | C28: =C27 -> 46092 | D28: 3259 | E28: 333 | F28: 3 | I28: COLE | J28: 61969226 | K28: FVPOCREG | L28: LONG PANTS WOVEN REG 5POCKET FVPOCREG:KHAKI:36:SOLID:LONG PANTS | M28: 279900 | N28: SP | O28: 259000 | P28: SPECIAL PRICE
A29: 25Q4 26Q1 WVN PANTS SP 259K | B29: =B28 -> 46086 | C29: =C28 -> 46092 | D29: 3259 | E29: 333 | F29: 3 | I29: COLE | J29: 61969235 | K29: FVPOCREG | L29: LONG PANTS WOVEN REG 5POCKET FVPOCREG:KHAKI:38:SOLID:LONG PANTS | M29: 279900 | N29: SP | O29: 259000 | P29: SPECIAL PRICE
A30: 25Q4 26Q1 WVN PANTS SP 259K | B30: =B29 -> 46086 | C30: =C29 -> 46092 | D30: 3259 | E30: 333 | F30: 3 | I30: COLE | J30: 61969244 | K30: FVPOCREG | L30: LONG PANTS WOVEN REG 5POCKET FVPOCREG:BLACK:30:SOLID:LONG PANTS | M30: 279900 | N30: SP | O30: 259000 | P30: SPECIAL PRICE
A31: 25Q4 26Q1 WVN PANTS SP 259K | B31: =B30 -> 46086 | C31: =C30 -> 46092 | D31: 3259 | E31: 333 | F31: 3 | I31: COLE | J31: 61969253 | K31: FVPOCREG | L31: LONG PANTS WOVEN REG 5POCKET FVPOCREG:BLACK:32:SOLID:LONG PANTS | M31: 279900 | N31: SP | O31: 259000 | P31: SPECIAL PRICE
... A51: 25Q4 26Q1 WVN PANTS SP 259K | B51: =B50 -> 46086 | C51: =C50 -> 46092 | D51: 3259 | E51: 333 | F51: 3 | I51: COLE | J51: 59201915 | K51: WPJOGSSA | L51: LONG PANTS WOVEN CARROT PANT JOGGER DRAWSTRING WPJOGSSA:BLACK:XL:SOLID:LONG PANTS | M51: 279900 | N51: SP | O51: 259000 | P51: SPECIAL PRICE

Sheet 2026 Q1 KNIT SHORT SP 149K
A1: ACARA | B1: FROM DATE | C1: TO DATE | D1: DEPT | E1: WORLD | F1: DIVISION | G1: CLASS | H1: SUPPLIER | I1: BRAND | J1: SKU | K1: ARTICLE | L1: DESCRIPTION | M1: HARGA NORMAL | N1: DISKON | O1: HARGA PROMO | P1: DISCOUNT TYPE
A2: 2026 Q1 KNIT SHORT SP149K | B2: ='2019 ALL BOTTOM D95'!B169 -> 46086 | C2: ='2019 ALL BOTTOM D95'!C169 -> 46092 | D2: 3259 | E2: 333 | F2: 3 | I2: COLE | J2: 68865414 | K2: SKTRBOS2 | L2: SHORT PANTS KNIT TERRY HUGO FIT SKTRBOS2:CLASSIC BLUE:S:SOLID:SHORT PANTS | M2: 199900 | N2: SP | O2: 149000 | P2: SPECIAL PRICE
A3: 2026 Q1 KNIT SHORT SP149K | B3: =B2 -> 46086 | C3: =C2 -> 46092 | D3: 3259 | E3: 333 | F3: 3 | I3: COLE | J3: 68865423 | K3: SKTRBOS2 | L3: SHORT PANTS KNIT TERRY HUGO FIT SKTRBOS2:CLASSIC BLUE:M:SOLID:SHORT PANTS | M3: 199900 | N3: SP | O3: 149000 | P3: SPECIAL PRICE
A4: 2026 Q1 KNIT SHORT SP149K | B4: =B3 -> 46086 | C4: =C3 -> 46092 | D4: 3259 | E4: 333 | F4: 3 | I4: COLE | J4: 68865432 | K4: SKTRBOS2 | L4: SHORT PANTS KNIT TERRY HUGO FIT SKTRBOS2:CLASSIC BLUE:L:SOLID:SHORT PANTS | M4: 199900 | N4: SP | O4: 149000 | P4: SPECIAL PRICE
A5: 2026 Q1 KNIT SHORT SP149K | B5: =B4 -> 46086 | C5: =C4 -> 46092 | D5: 3259 | E5: 333 | F5: 3 | I5: COLE | J5: 68865441 | K5: SKTRBOS2 | L5: SHORT PANTS KNIT TERRY HUGO FIT SKTRBOS2:CLASSIC BLUE:XL:SOLID:SHORT PANTS | M5: 199900 | N5: SP | O5: 149000 | P5: SPECIAL PRICE

Sheet 2026 Q1 KNIT PANTS B3D10 persen
A1: ACARA | B1: FROM DATE | C1: TO DATE | D1: DEPT | E1: WORLD | F1: DIVISION | G1: CLASS | H1: SUPPLIER | I1: BRAND | J1: SKU | K1: ARTICLE | L1: DESCRIPTION | M1: HARGA NORMAL | N1: DISKON | O1: HARGA PROMO | P1: DISCOUNT TYPE
A2: 2026 Q1 KNIT B3D10% | B2: ='2019 ALL BOTTOM D95'!B169 -> 46086 | C2: ='2019 ALL BOTTOM D95'!C169 -> 46092 | D2: 3259 | E2: 333 | F2: 3 | I2: COLE | J2: 52331636 | K2: PKJOGCSL | L2: LONG PANTS KNIT CASUAL LOOK PKJOGCSL:VANILLA:S:SOLID:LONG PANTS | M2: 179900 | N2: BXGY | O2: B3D10% | P2: BXGY
A3: 2026 Q1 KNIT B3D10% | B3: =B2 -> 46086 | C3: =C2 -> 46092 | D3: 3259 | E3: 333 | F3: 3 | I3: COLE | J3: 52331645 | K3: PKJOGCSL | L3: LONG PANTS KNIT CASUAL LOOK PKJOGCSL:VANILLA:M:SOLID:LONG PANTS | M3: 179900 | N3: BXGY | O3: B3D10% | P3: BXGY
A4: 2026 Q1 KNIT B3D10% | B4: =B3 -> 46086 | C4: =C3 -> 46092 | D4: 3259 | E4: 333 | F4: 3 | I4: COLE | J4: 52331654 | K4: PKJOGCSL | L4: LONG PANTS KNIT CASUAL LOOK PKJOGCSL:VANILLA:L:SOLID:LONG PANTS | M4: 179900 | N4: BXGY | O4: B3D10% | P4: BXGY
A5: 2026 Q1 KNIT B3D10% | B5: =B4 -> 46086 | C5: =C4 -> 46092 | D5: 3259 | E5: 333 | F5: 3 | I5: COLE | J5: 52331663 | K5: PKJOGCSL | L5: LONG PANTS KNIT CASUAL LOOK PKJOGCSL:VANILLA:XL:SOLID:LONG PANTS | M5: 179900 | N5: BXGY | O5: B3D10% | P5: BXGY
A6: 2026 Q1 KNIT B3D10% | B6: =B5 -> 46086 | C6: =C5 -> 46092 | D6: 3259 | E6: 333 | F6: 3 | I6: COLE | J6: 68865334 | K6: PKNITASI | L6: JOGGER PANTS KNIT TWILL ASIETEX PKNITASI:VANILLA:S:SOLID:JOGGER | M6: 179900 | N6: BXGY | O6: B3D10% | P6: BXGY
A7: 2026 Q1 KNIT B3D10% | B7: =B6 -> 46086 | C7: =C6 -> 46092 | D7: 3259 | E7: 333 | F7: 3 | I7: COLE | J7: 68865343 | K7: PKNITASI | L7: JOGGER PANTS KNIT TWILL ASIETEX PKNITASI:VANILLA:M:SOLID:JOGGER | M7: 179900 | N7: BXGY | O7: B3D10% | P7: BXGY
A8: 2026 Q1 KNIT B3D10% | B8: =B7 -> 46086 | C8: =C7 -> 46092 | D8: 3259 | E8: 333 | F8: 3 | I8: COLE | J8: 68865352 | K8: PKNITASI | L8: JOGGER PANTS KNIT TWILL ASIETEX PKNITASI:VANILLA:L:SOLID:JOGGER | M8: 179900 | N8: BXGY | O8: B3D10% | P8: BXGY
A9: 2026 Q1 KNIT B3D10% | B9: =B8 -> 46086 | C9: =C8 -> 46092 | D9: 3259 | E9: 333 | F9: 3 | I9: COLE | J9: 68865361 | K9: PKNITASI | L9: JOGGER PANTS KNIT TWILL ASIETEX PKNITASI:VANILLA:XL:SOLID:JOGGER | M9: 179900 | N9: BXGY | O9: B3D10% | P9: BXGY
A10: 2026 Q1 KNIT B3D10% | B10: =B9 -> 46086 | C10: =C9 -> 46092 | D10: 3259 | E10: 333 | F10: 3 | I10: COLE | J10: 87445565 | K10: PKJOGCSL | L10: LONG PANTS KNIT CASUAL LOOKS PKJOGCSL:BLACK:S:SOLID:LONG PANTS | M10: 179900 | N10: BXGY | O10: B3D10% | P10: BXGY
A11: 2026 Q1 KNIT B3D10% | B11: =B10 -> 46086 | C11: =C10 -> 46092 | D11: 3259 | E11: 333 | F11: 3 | I11: COLE | J11: 87445592 | K11: PKJOGCSL | L11: LONG PANTS KNIT CASUAL LOOKS PKJOGCSL:BLACK:XL:SOLID:LONG PANTS | M11: 179900 | N11: BXGY | O11: B3D10% | P11: BXGY
A12: 2026 Q1 KNIT B3D10% | B12: =B11 -> 46086 | C12: =C11 -> 46092 | D12: 3259 | E12: 333 | F12: 3 | I12: COLE | J12: 87445574 | K12: PKJOGCSL | L12: LONG PANTS KNIT CASUAL LOOKS PKJOGCSL:BLACK:M:SOLID:LONG PANTS | M12: 179900 | N12: BXGY | O12: B3D10% | P12: BXGY
A13: 2026 Q1 KNIT B3D10% | B13: =B12 -> 46086 | C13: =C12 -> 46092 | D13: 3259 | E13: 333 | F13: 3 | I13: COLE | J13: 87445583 | K13: PKJOGCSL | L13: LONG PANTS KNIT CASUAL LOOKS PKJOGCSL:BLACK:L:SOLID:LONG PANTS | M13: 179900 | N13: BXGY | O13: B3D10% | P13: BXGY
A14: 2026 Q1 KNIT B3D10% | B14: =B13 -> 46086 | C14: =C13 -> 46092 | D14: 3259 | E14: 333 | F14: 3 | I14: COLE | J14: 53687368 | K14: PKJOGCSL | L14: LONG PANTS KNIT CASUAL LOOKS PKJOGCSL:TAUPE GREY:S:SOLID:LONG PANTS | M14: 179900 | N14: BXGY | O14: B3D10% | P14: BXGY
... A33: 2026 Q1 KNIT B3D10% | B33: =B32 -> 46086 | C33: =C32 -> 46092 | D33: 3259 | E33: 333 | F33: 3 | I33: COLE | J33: 68865405 | K33: PKNITASI | L33: JOGGER PANTS KNIT TWILL ASIETEX PKNITASI:BLACK:XL:SOLID:JOGGER | M33: 179900 | N33: BXGY | O33: B3D10% | P33: BXGY

Sheet 2026 Q1 KNIT SHORT B3D10 persen
A1: ACARA | B1: FROM DATE | C1: TO DATE | D1: DEPT | E1: WORLD | F1: DIVISION | G1: CLASS | H1: SUPPLIER | I1: BRAND | J1: SKU | K1: ARTICLE | L1: DESCRIPTION | M1: HARGA NORMAL | N1: DISKON | O1: HARGA PROMO | P1: DISCOUNT TYPE
A2: 2026 Q1 KNIT SHORT B3D10% | B2: ='2019 ALL BOTTOM D95'!B169 -> 46086 | C2: ='2019 ALL BOTTOM D95'!C169 -> 46092 | D2: 3259 | E2: 333 | F2: 3 | I2: COLE | J2: 19551541 | K2: SKOTTBC | L2: SHORT PANTS KNIT OTTOMAN COLLECTIONS BASIC SKOTTBC:BLACK:S:SOLID:SHORT PANTS | M2: 149900 | N2: BXGY | O2: B3D10% | P2: BXGY
A3: 2026 Q1 KNIT SHORT B3D10% | B3: =B2 -> 46086 | C3: =C2 -> 46092 | D3: 3259 | E3: 333 | F3: 3 | I3: COLE | J3: 19551550 | K3: SKOTTBC | L3: SHORT PANTS KNIT OTTOMAN COLLECTIONS BASIC SKOTTBC:BLACK:M:SOLID:SHORT PANTS | M3: 149900 | N3: BXGY | O3: B3D10% | P3: BXGY
A4: 2026 Q1 KNIT SHORT B3D10% | B4: =B3 -> 46086 | C4: =C3 -> 46092 | D4: 3259 | E4: 333 | F4: 3 | I4: COLE | J4: 19551569 | K4: SKOTTBC | L4: SHORT PANTS KNIT OTTOMAN COLLECTIONS BASIC SKOTTBC:BLACK:L:SOLID:SHORT PANTS | M4: 149900 | N4: BXGY | O4: B3D10% | P4: BXGY
A5: 2026 Q1 KNIT SHORT B3D10% | B5: =B4 -> 46086 | C5: =C4 -> 46092 | D5: 3259 | E5: 333 | F5: 3 | I5: COLE | J5: 19551587 | K5: SKOTTBC | L5: SHORT PANTS KNIT OTTOMAN COLLECTIONS BASIC SKOTTBC:BLACK:XL:SOLID:SHORT PANTS | M5: 149900 | N5: BXGY | O5: B3D10% | P5: BXGY
A6: 2026 Q1 KNIT SHORT B3D10% | B6: =B5 -> 46086 | C6: =C5 -> 46092 | D6: 3259 | E6: 333 | F6: 3 | I6: COLE | J6: 63150829 | K6: SKTRBOS2 | L6: SHORT PANTS KNIT TERRY HUGO FIT SKTRBOS2:TAUPE GREY:S:SOLID:SHORT PANTS | M6: 149900 | N6: BXGY | O6: B3D10% | P6: BXGY
A7: 2026 Q1 KNIT SHORT B3D10% | B7: =B6 -> 46086 | C7: =C6 -> 46092 | D7: 3259 | E7: 333 | F7: 3 | I7: COLE | J7: 63150838 | K7: SKTRBOS2 | L7: SHORT PANTS KNIT TERRY HUGO FIT SKTRBOS2:TAUPE GREY:M:SOLID:SHORT PANTS | M7: 149900 | N7: BXGY | O7: B3D10% | P7: BXGY
A8: 2026 Q1 KNIT SHORT B3D10% | B8: =B7 -> 46086 | C8: =C7 -> 46092 | D8: 3259 | E8: 333 | F8: 3 | I8: COLE | J8: 63150847 | K8: SKTRBOS2 | L8: SHORT PANTS KNIT TERRY HUGO FIT SKTRBOS2:TAUPE GREY:L:SOLID:SHORT PANTS | M8: 149900 | N8: BXGY | O8: B3D10% | P8: BXGY
A9: 2026 Q1 KNIT SHORT B3D10% | B9: =B8 -> 46086 | C9: =C8 -> 46092 | D9: 3259 | E9: 333 | F9: 3 | I9: COLE | J9: 63150856 | K9: SKTRBOS2 | L9: SHORT PANTS KNIT TERRY HUGO FIT SKTRBOS2:TAUPE GREY:XL:SOLID:SHORT PANTS | M9: 149900 | N9: BXGY | O9: B3D10% | P9: BXGY
A10: 2026 Q1 KNIT SHORT B3D10% | B10: =B9 -> 46086 | C10: =C9 -> 46092 | D10: 3259 | E10: 333 | F10: 3 | I10: COLE | J10: 68865450 | K10: SKNITASI | L10: SHORT PANTS KNIT TWILL ASIETEX SKNITASI:GOLDEN BROWN:S:SOLID:SHORT PANTS | M10: 149900 | N10: BXGY | O10: B3D10% | P10: BXGY
A11: 2026 Q1 KNIT SHORT B3D10% | B11: =B10 -> 46086 | C11: =C10 -> 46092 | D11: 3259 | E11: 333 | F11: 3 | I11: COLE | J11: 68865469 | K11: SKNITASI | L11: SHORT PANTS KNIT TWILL ASIETEX SKNITASI:GOLDEN BROWN:M:SOLID:SHORT PANTS | M11: 149900 | N11: BXGY | O11: B3D10% | P11: BXGY
A12: 2026 Q1 KNIT SHORT B3D10% | B12: =B11 -> 46086 | C12: =C11 -> 46092 | D12: 3259 | E12: 333 | F12: 3 | I12: COLE | J12: 68865478 | K12: SKNITASI | L12: SHORT PANTS KNIT TWILL ASIETEX SKNITASI:GOLDEN BROWN:L:SOLID:SHORT PANTS | M12: 149900 | N12: BXGY | O12: B3D10% | P12: BXGY
A13: 2026 Q1 KNIT SHORT B3D10% | B13: =B12 -> 46086 | C13: =C12 -> 46092 | D13: 3259 | E13: 333 | F13: 3 | I13: COLE | J13: 68865487 | K13: SKNITASI | L13: SHORT PANTS KNIT TWILL ASIETEX SKNITASI:GOLDEN BROWN:XL:SOLID:SHORT PANTS | M13: 149900 | N13: BXGY | O13: B3D10% | P13: BXGY
A14: 2026 Q1 KNIT SHORT B3D10% | B14: =B13 -> 46086 | C14: =C13 -> 46092 | D14: 3259 | E14: 333 | F14: 3 | I14: COLE | J14: 68865496 | K14: SKNITASI | L14: SHORT PANTS KNIT TWILL ASIETEX SKNITASI:VANILLA:S:SOLID:SHORT PANTS | M14: 149900 | N14: BXGY | O14: B3D10% | P14: BXGY
... A33: 2026 Q1 KNIT SHORT B3D10% | B33: =B32 -> 46086 | C33: =C32 -> 46092 | D33: 3259 | E33: 333 | F33: 3 | I33: COLE | J33: 68865601 | K33: SKNITASI | L33: SHORT PANTS KNIT TWILL ASIETEX SKNITASI:BLACK:XL:SOLID:SHORT PANTS | M33: 149900 | N33: BXGY | O33: B3D10% | P33: BXGY

Sheet 2026 Q1 Denim Pants B3D10 perse
A1: ACARA | B1: FROM DATE | C1: TO DATE | D1: DEPT | E1: WORLD | F1: DIVISION | G1: CLASS | H1: SUPPLIER | I1: BRAND | J1: SKU | K1: ARTICLE | L1: DESCRIPTION | M1: HARGA NORMAL | N1: DISKON | O1: HARGA PROMO | P1: DISCOUNT TYPE
A2: 2026 Q1 Denim Pants B3D10% | B2: ='2019 ALL BOTTOM D95'!B169 -> 46086 | C2: ='2019 ALL BOTTOM D95'!C169 -> 46092 | D2: 3259 | E2: 333 | F2: 3 | I2: COLE | J2: 59233542 | K2: PDMSTPR | L2: DENIM LONG PANTS HOLLY DENVER TAPERED FIT PDMSTPR:DARK DENIM:30:SOLID:DENIM LONG PANTS | M2: 279900 | N2: BXGY | O2: B3D10% | P2: BXGY
A3: 2026 Q1 Denim Pants B3D10% | B3: =B2 -> 46086 | C3: =C2 -> 46092 | D3: 3259 | E3: 333 | F3: 3 | I3: COLE | J3: 59233551 | K3: PDMSTPR | L3: DENIM LONG PANTS HOLLY DENVER TAPERED FIT PDMSTPR:DARK DENIM:32:SOLID:DENIM LONG PANTS | M3: 279900 | N3: BXGY | O3: B3D10% | P3: BXGY
A4: 2026 Q1 Denim Pants B3D10% | B4: =B3 -> 46086 | C4: =C3 -> 46092 | D4: 3259 | E4: 333 | F4: 3 | I4: COLE | J4: 59233560 | K4: PDMSTPR | L4: DENIM LONG PANTS HOLLY DENVER TAPERED FIT PDMSTPR:DARK DENIM:34:SOLID:DENIM LONG PANTS | M4: 279900 | N4: BXGY | O4: B3D10% | P4: BXGY
A5: 2026 Q1 Denim Pants B3D10% | B5: =B4 -> 46086 | C5: =C4 -> 46092 | D5: 3259 | E5: 333 | F5: 3 | I5: COLE | J5: 59233579 | K5: PDMSTPR | L5: DENIM LONG PANTS HOLLY DENVER TAPERED FIT PDMSTPR:DARK DENIM:36:SOLID:DENIM LONG PANTS | M5: 279900 | N5: BXGY | O5: B3D10% | P5: BXGY
A6: 2026 Q1 Denim Pants B3D10% | B6: =B5 -> 46086 | C6: =C5 -> 46092 | D6: 3259 | E6: 333 | F6: 3 | I6: COLE | J6: 59233588 | K6: PDMSTPR | L6: DENIM LONG PANTS HOLLY DENVER TAPERED FIT PDMSTPR:DARK DENIM:38:SOLID:DENIM LONG PANTS | M6: 279900 | N6: BXGY | O6: B3D10% | P6: BXGY
A7: 2026 Q1 Denim Pants B3D10% | B7: =B6 -> 46086 | C7: =C6 -> 46092 | D7: 3259 | E7: 333 | F7: 3 | I7: COLE | J7: 59233597 | K7: PDMSTPR | L7: DENIM LONG PANTS HOLLY DENVER TAPERED FIT PDMSTPR:DARK DENIM:40:SOLID:DENIM LONG PANTS | M7: 279900 | N7: BXGY | O7: B3D10% | P7: BXGY
A8: 2026 Q1 Denim Pants B3D10% | B8: =B7 -> 46086 | C8: =C7 -> 46092 | D8: 3259 | E8: 333 | F8: 3 | G8: 5 | I8: COLE | J8: 59233604 | K8: PDMSRLX | L8: DENIM LONG PANTS GN3074 DETROIT RELAXED FIT PDMSRLX:DARK DENIM:30:SOLID:DENIM LONG PANTS | M8: 279900 | N8: BXGY | O8: B3D10% | P8: BXGY
A9: 2026 Q1 Denim Pants B3D10% | B9: =B8 -> 46086 | C9: =C8 -> 46092 | D9: 3259 | E9: 333 | F9: 3 | G9: 5 | I9: COLE | J9: 59233613 | K9: PDMSRLX | L9: DENIM LONG PANTS GN3074 DETROIT RELAXED FIT PDMSRLX:DARK DENIM:32:SOLID:DENIM LONG PANTS | M9: 279900 | N9: BXGY | O9: B3D10% | P9: BXGY
A10: 2026 Q1 Denim Pants B3D10% | B10: =B9 -> 46086 | C10: =C9 -> 46092 | D10: 3259 | E10: 333 | F10: 3 | G10: 5 | I10: COLE | J10: 59233622 | K10: PDMSRLX | L10: DENIM LONG PANTS GN3074 DETROIT RELAXED FIT PDMSRLX:DARK DENIM:34:SOLID:DENIM LONG PANTS | M10: 279900 | N10: BXGY | O10: B3D10% | P10: BXGY
A11: 2026 Q1 Denim Pants B3D10% | B11: =B10 -> 46086 | C11: =C10 -> 46092 | D11: 3259 | E11: 333 | F11: 3 | G11: 5 | I11: COLE | J11: 59233631 | K11: PDMSRLX | L11: DENIM LONG PANTS GN3074 DETROIT RELAXED FIT PDMSRLX:DARK DENIM:36:SOLID:DENIM LONG PANTS | M11: 279900 | N11: BXGY | O11: B3D10% | P11: BXGY
A12: 2026 Q1 Denim Pants B3D10% | B12: =B11 -> 46086 | C12: =C11 -> 46092 | D12: 3259 | E12: 333 | F12: 3 | G12: 5 | I12: COLE | J12: 59233640 | K12: PDMSRLX | L12: DENIM LONG PANTS GN3074 DETROIT RELAXED FIT PDMSRLX:DARK DENIM:38:SOLID:DENIM LONG PANTS | M12: 279900 | N12: BXGY | O12: B3D10% | P12: BXGY
A13: 2026 Q1 Denim Pants B3D10% | B13: =B12 -> 46086 | C13: =C12 -> 46092 | D13: 3259 | E13: 333 | F13: 3 | G13: 5 | I13: COLE | J13: 59233659 | K13: PDMSRLX | L13: DENIM LONG PANTS GN3074 DETROIT RELAXED FIT PDMSRLX:DARK DENIM:40:SOLID:DENIM LONG PANTS | M13: 279900 | N13: BXGY | O13: B3D10% | P13: BXGY
A14: 2026 Q1 Denim Pants B3D10% | B14: =B13 -> 46086 | C14: =C13 -> 46092 | D14: 3259 | E14: 333 | F14: 3 | G14: 5 | H14: 81738 | I14: COLE | J14: 52331574 | K14: PDOWREG | L14: DENIM LONG PANTS OFF WHITE NON STRETCH REGULAR PDOWREG:OFF WHITE:30:SOLID:DENIM LONG PANTS | M14: 279900 | N14: BXGY | O14: B3D10% | P14: BXGY
A15: 2026 Q1 Denim Pants B3D10% | B15: =B14 -> 46086 | C15: =C14 -> 46092 | D15: 3259 | E15: 333 | F15: 3 | G15: 5 | H15: 81738 | I15: COLE | J15: 52331583 | K15: PDOWREG | L15: DENIM LONG PANTS OFF WHITE NON STRETCH REGULAR PDOWREG:OFF WHITE:32:SOLID:DENIM LONG PANTS | M15: 279900 | N15: BXGY | O15: B3D10% | P15: BXGY
A16: 2026 Q1 Denim Pants B3D10% | B16: =B15 -> 46086 | C16: =C15 -> 46092 | D16: 3259 | E16: 333 | F16: 3 | G16: 5 | H16: 81738 | I16: COLE | J16: 52331592 | K16: PDOWREG | L16: DENIM LONG PANTS OFF WHITE NON STRETCH REGULAR PDOWREG:OFF WHITE:34:SOLID:DENIM LONG PANTS | M16: 279900 | N16: BXGY | O16: B3D10% | P16: BXGY
A17: 2026 Q1 Denim Pants B3D10% | B17: =B16 -> 46086 | C17: =C16 -> 46092 | D17: 3259 | E17: 333 | F17: 3 | G17: 5 | H17: 81738 | I17: COLE | J17: 52331609 | K17: PDOWREG | L17: DENIM LONG PANTS OFF WHITE NON STRETCH REGULAR PDOWREG:OFF WHITE:36:SOLID:DENIM LONG PANTS | M17: 279900 | N17: BXGY | O17: B3D10% | P17: BXGY
A18: 2026 Q1 Denim Pants B3D10% | B18: =B17 -> 46086 | C18: =C17 -> 46092 | D18: 3259 | E18: 333 | F18: 3 | G18: 5 | H18: 81738 | I18: COLE | J18: 52331618 | K18: PDOWREG | L18: DENIM LONG PANTS OFF WHITE NON STRETCH REGULAR PDOWREG:OFF WHITE:38:SOLID:DENIM LONG PANTS | M18: 279900 | N18: BXGY | O18: B3D10% | P18: BXGY
A19: 2026 Q1 Denim Pants B3D10% | B19: =B18 -> 46086 | C19: =C18 -> 46092 | D19: 3259 | E19: 333 | F19: 3 | G19: 5 | H19: 81738 | I19: COLE | J19: 52331627 | K19: PDOWREG | L19: DENIM LONG PANTS OFF WHITE NON STRETCH REGULAR PDOWREG:OFF WHITE:40:SOLID:DENIM LONG PANTS | M19: 279900 | N19: BXGY | O19: B3D10% | P19: BXGY
A20: 2026 Q1 Denim Pants B3D10% | B20: =B19 -> 46086 | C20: =C19 -> 46092 | D20: 3259 | E20: 333 | F20: 3 | I20: COLE | J20: 67934770 | K20: PDLBREG | L20: DENIM LONG PANTS BASIC REGULAR PDLBREG:DARK DENIM:30:SOLID:DENIM LONG PANTS | M20: 259900 | N20: BXGY | O20: B3D10% | P20: BXGY
A21: 2026 Q1 Denim Pants B3D10% | B21: =B20 -> 46086 | C21: =C20 -> 46092 | D21: 3259 | E21: 333 | F21: 3 | I21: COLE | J21: 67934789 | K21: PDLBREG | L21: DENIM LONG PANTS BASIC REGULAR PDLBREG:DARK DENIM:32:SOLID:DENIM LONG PANTS | M21: 259900 | N21: BXGY | O21: B3D10% | P21: BXGY
A22: 2026 Q1 Denim Pants B3D10% | B22: =B21 -> 46086 | C22: =C21 -> 46092 | D22: 3259 | E22: 333 | F22: 3 | I22: COLE | J22: 67934798 | K22: PDLBREG | L22: DENIM LONG PANTS BASIC REGULAR PDLBREG:DARK DENIM:34:SOLID:DENIM LONG PANTS | M22: 259900 | N22: BXGY | O22: B3D10% | P22: BXGY
A23: 2026 Q1 Denim Pants B3D10% | B23: =B22 -> 46086 | C23: =C22 -> 46092 | D23: 3259 | E23: 333 | F23: 3 | I23: COLE | J23: 67934805 | K23: PDLBREG | L23: DENIM LONG PANTS BASIC REGULAR PDLBREG:DARK DENIM:36:SOLID:DENIM LONG PANTS | M23: 259900 | N23: BXGY | O23: B3D10% | P23: BXGY
A24: 2026 Q1 Denim Pants B3D10% | B24: =B23 -> 46086 | C24: =C23 -> 46092 | D24: 3259 | E24: 333 | F24: 3 | I24: COLE | J24: 67934814 | K24: PDLBREG | L24: DENIM LONG PANTS BASIC REGULAR PDLBREG:DARK DENIM:38:SOLID:DENIM LONG PANTS | M24: 259900 | N24: BXGY | O24: B3D10% | P24: BXGY
A25: 2026 Q1 Denim Pants B3D10% | B25: =B24 -> 46086 | C25: =C24 -> 46092 | D25: 3259 | E25: 333 | F25: 3 | I25: COLE | J25: 67934823 | K25: PDLBREG | L25: DENIM LONG PANTS BASIC REGULAR PDLBREG:DARK DENIM:40:SOLID:DENIM LONG PANTS | M25: 259900 | N25: BXGY | O25: B3D10% | P25: BXGY
A26: 2026 Q1 Denim Pants B3D10% | B26: =B25 -> 46086 | C26: =C25 -> 46092 | D26: 3259 | E26: 333 | F26: 3 | I26: COLE | J26: 67934832 | K26: PDLBREG | L26: DENIM LONG PANTS BASIC REGULAR PDLBREG:MEDIUM DENIM:30:SOLID:DENIM LONG PANTS | M26: 259900 | N26: BXGY | O26: B3D10% | P26: BXGY
A27: 2026 Q1 Denim Pants B3D10% | B27: =B26 -> 46086 | C27: =C26 -> 46092 | D27: 3259 | E27: 333 | F27: 3 | I27: COLE | J27: 67934841 | K27: PDLBREG | L27: DENIM LONG PANTS BASIC REGULAR PDLBREG:MEDIUM DENIM:32:SOLID:DENIM LONG PANTS | M27: 259900 | N27: BXGY | O27: B3D10% | P27: BXGY
A28: 2026 Q1 Denim Pants B3D10% | B28: =B27 -> 46086 | C28: =C27 -> 46092 | D28: 3259 | E28: 333 | F28: 3 | I28: COLE | J28: 67934850 | K28: PDLBREG | L28: DENIM LONG PANTS BASIC REGULAR PDLBREG:MEDIUM DENIM:34:SOLID:DENIM LONG PANTS | M28: 259900 | N28: BXGY | O28: B3D10% | P28: BXGY
A29: 2026 Q1 Denim Pants B3D10% | B29: =B28 -> 46086 | C29: =C28 -> 46092 | D29: 3259 | E29: 333 | F29: 3 | I29: COLE | J29: 67934869 | K29: PDLBREG | L29: DENIM LONG PANTS BASIC REGULAR PDLBREG:MEDIUM DENIM:36:SOLID:DENIM LONG PANTS | M29: 259900 | N29: BXGY | O29: B3D10% | P29: BXGY
A30: 2026 Q1 Denim Pants B3D10% | B30: =B29 -> 46086 | C30: =C29 -> 46092 | D30: 3259 | E30: 333 | F30: 3 | I30: COLE | J30: 67934878 | K30: PDLBREG | L30: DENIM LONG PANTS BASIC REGULAR PDLBREG:MEDIUM DENIM:38:SOLID:DENIM LONG PANTS | M30: 259900 | N30: BXGY | O30: B3D10% | P30: BXGY
A31: 2026 Q1 Denim Pants B3D10% | B31: =B30 -> 46086 | C31: =C30 -> 46092 | D31: 3259 | E31: 333 | F31: 3 | I31: COLE | J31: 67934887 | K31: PDLBREG | L31: DENIM LONG PANTS BASIC REGULAR PDLBREG:MEDIUM DENIM:40:SOLID:DENIM LONG PANTS | M31: 259900 | N31: BXGY | O31: B3D10% | P31: BXGY
... A79: 2026 Q1 Denim Pants B3D10% | B79: =B78 -> 46086 | C79: =C78 -> 46092 | D79: 3259 | E79: 333 | F79: 3 | I79: COLE | J79: 68097923 | K79: PDMSRLX | L79: DENIM LONG PANTS GN3074 DETROIT RELAXED PDMSRLX:MEDIUM DENIM:40:SOLID:DENIM LONG PANTS | M79: 279900 | N79: BXGY | O79: B3D10% | P79: BXGY
A80: 2026 Q1 Denim Pants B3D10% | B80: =B79 -> 46086 | C80: =C79 -> 46092 | D80: 3259 | E80: 333 | F80: 3 | G80: 5 | I80: COLE | J80: 50071859 | K80: PDMSTPR | L80: DENIM LONG PANTS HOLLY DENVER TAPERED FIT PDMSTPR:LIGHT DENIM:30:SOLID:DENIM LONG PANTS | M80: 279900 | N80: BXGY | O80: B3D10% | P80: BXGY
A81: 2026 Q1 Denim Pants B3D10% | B81: =B80 -> 46086 | C81: =C80 -> 46092 | D81: 3259 | E81: 333 | F81: 3 | G81: 5 | I81: COLE | J81: 50071868 | K81: PDMSTPR | L81: DENIM LONG PANTS HOLLY DENVER TAPERED FIT PDMSTPR:LIGHT DENIM:32:SOLID:DENIM LONG PANTS | M81: 279900 | N81: BXGY | O81: B3D10% | P81: BXGY
A82: 2026 Q1 Denim Pants B3D10% | B82: =B81 -> 46086 | C82: =C81 -> 46092 | D82: 3259 | E82: 333 | F82: 3 | G82: 5 | I82: COLE | J82: 50071877 | K82: PDMSTPR | L82: DENIM LONG PANTS HOLLY DENVER TAPERED FIT PDMSTPR:LIGHT DENIM:34:SOLID:DENIM LONG PANTS | M82: 279900 | N82: BXGY | O82: B3D10% | P82: BXGY
A83: 2026 Q1 Denim Pants B3D10% | B83: =B82 -> 46086 | C83: =C82 -> 46092 | D83: 3259 | E83: 333 | F83: 3 | G83: 5 | I83: COLE | J83: 50071886 | K83: PDMSTPR | L83: DENIM LONG PANTS HOLLY DENVER TAPERED FIT PDMSTPR:LIGHT DENIM:36:SOLID:DENIM LONG PANTS | M83: 279900 | N83: BXGY | O83: B3D10% | P83: BXGY
A84: 2026 Q1 Denim Pants B3D10% | B84: =B83 -> 46086 | C84: =C83 -> 46092 | D84: 3259 | E84: 333 | F84: 3 | G84: 5 | I84: COLE | J84: 50071895 | K84: PDMSTPR | L84: DENIM LONG PANTS HOLLY DENVER TAPERED FIT PDMSTPR:LIGHT DENIM:38:SOLID:DENIM LONG PANTS | M84: 279900 | N84: BXGY | O84: B3D10% | P84: BXGY
A85: 2026 Q1 Denim Pants B3D10% | B85: =B84 -> 46086 | C85: =C84 -> 46092 | D85: 3259 | E85: 333 | F85: 3 | G85: 5 | I85: COLE | J85: 50071902 | K85: PDMSTPR | L85: DENIM LONG PANTS HOLLY DENVER TAPERED FIT PDMSTPR:LIGHT DENIM:40:SOLID:DENIM LONG PANTS | M85: 279900 | N85: BXGY | O85: B3D10% | P85: BXGY
A86: 2026 Q1 Denim Pants B3D10% | B86: =B85 -> 46086 | C86: =C85 -> 46092 | D86: 3259 | E86: 333 | F86: 3 | G86: 5 | I86: COLE | J86: 54910382 | K86: PDMSRLX | L86: DENIM LONG PANTS GN3074 DETROIT RELAXED FIT PDMSRLX:LIGHT GREY:30:SOLID:DENIM LONG PANTS | M86: 279900 | N86: BXGY | O86: B3D10% | P86: BXGY
A87: 2026 Q1 Denim Pants B3D10% | B87: =B86 -> 46086 | C87: =C86 -> 46092 | D87: 3259 | E87: 333 | F87: 3 | G87: 5 | I87: COLE | J87: 54910391 | K87: PDMSRLX | L87: DENIM LONG PANTS GN3074 DETROIT RELAXED FIT PDMSRLX:LIGHT GREY:32:SOLID:DENIM LONG PANTS | M87: 279900 | N87: BXGY | O87: B3D10% | P87: BXGY
A88: 2026 Q1 Denim Pants B3D10% | B88: =B87 -> 46086 | C88: =C87 -> 46092 | D88: 3259 | E88: 333 | F88: 3 | G88: 5 | I88: COLE | J88: 54910408 | K88: PDMSRLX | L88: DENIM LONG PANTS GN3074 DETROIT RELAXED FIT PDMSRLX:LIGHT GREY:34:SOLID:DENIM LONG PANTS | M88: 279900 | N88: BXGY | O88: B3D10% | P88: BXGY
A89: 2026 Q1 Denim Pants B3D10% | B89: =B88 -> 46086 | C89: =C88 -> 46092 | D89: 3259 | E89: 333 | F89: 3 | G89: 5 | I89: COLE | J89: 54910417 | K89: PDMSRLX | L89: DENIM LONG PANTS GN3074 DETROIT RELAXED FIT PDMSRLX:LIGHT GREY:36:SOLID:DENIM LONG PANTS | M89: 279900 | N89: BXGY | O89: B3D10% | P89: BXGY
A90: 2026 Q1 Denim Pants B3D10% | B90: =B89 -> 46086 | C90: =C89 -> 46092 | D90: 3259 | E90: 333 | F90: 3 | G90: 5 | I90: COLE | J90: 54910426 | K90: PDMSRLX | L90: DENIM LONG PANTS GN3074 DETROIT RELAXED FIT PDMSRLX:LIGHT GREY:38:SOLID:DENIM LONG PANTS | M90: 279900 | N90: BXGY | O90: B3D10% | P90: BXGY
A91: 2026 Q1 Denim Pants B3D10% | B91: =B90 -> 46086 | C91: =C90 -> 46092 | D91: 3259 | E91: 333 | F91: 3 | G91: 5 | I91: COLE | J91: 54910435 | K91: PDMSRLX | L91: DENIM LONG PANTS GN3074 DETROIT RELAXED FIT PDMSRLX:LIGHT GREY:40:SOLID:DENIM LONG PANTS | M91: 279900 | N91: BXGY | O91: B3D10% | P91: BXGY
... A109: 2026 Q1 Denim Pants B3D10% | B109: =B108 -> 46086 | C109: =C108 -> 46092 | D109: 3259 | E109: 333 | F109: 3 | G109: 5 | I109: COLE | J109: 53687091 | K109: PDMILSL | L109: DENIM LONG PANTS SLIM MILEA WHISKER SPRAY PDMILSL:DARK DENIM:40:SOLID:DENIM LONG PANTS | M109: 259900 | N109: BXGY | O109: B3D10% | P109: BXGY

Sheet 25Q4 26Q1 B3D10 persen
A1: ACARA | B1: FROM DATE | C1: TO DATE | D1: DEPT | E1: WORLD | F1: DIVISION | G1: CLASS | H1: SUPPLIER | I1: BRAND | J1: SKU | K1: ARTICLE | L1: DESCRIPTION | M1: HARGA NORMAL | N1: DISKON | O1: HARGA PROMO | P1: DISCOUNT TYPE
A2: 25Q4 26Q1 B3D10% | B2: ='2019 ALL BOTTOM D95'!B169 -> 46086 | C2: ='2019 ALL BOTTOM D95'!C169 -> 46092 | D2: 3259 | E2: 333 | F2: 3 | G2: 11 | I2: COLE | J2: 51958346 | K2: KINSMD | L2: SHORT PANTS KI WOVEN KINSMD:BLACK:30:SOLID:SHORT PANTS | M2: 179900 | N2: BXGY | O2: B3D10% | P2: BXGY
A3: 25Q4 26Q1 B3D10% | B3: =B2 -> 46086 | C3: =C2 -> 46092 | D3: 3259 | E3: 333 | F3: 3 | G3: 11 | I3: COLE | J3: 51958355 | K3: KINSMD | L3: SHORT PANTS KI WOVEN KINSMD:BLACK:32:SOLID:SHORT PANTS | M3: 179900 | N3: BXGY | O3: B3D10% | P3: BXGY
A4: 25Q4 26Q1 B3D10% | B4: =B3 -> 46086 | C4: =C3 -> 46092 | D4: 3259 | E4: 333 | F4: 3 | G4: 11 | I4: COLE | J4: 51958364 | K4: KINSMD | L4: SHORT PANTS KI WOVEN KINSMD:BLACK:34:SOLID:SHORT PANTS | M4: 179900 | N4: BXGY | O4: B3D10% | P4: BXGY
A5: 25Q4 26Q1 B3D10% | B5: =B4 -> 46086 | C5: =C4 -> 46092 | D5: 3259 | E5: 333 | F5: 3 | G5: 11 | I5: COLE | J5: 51958373 | K5: KINSMD | L5: SHORT PANTS KI WOVEN KINSMD:BLACK:36:SOLID:SHORT PANTS | M5: 179900 | N5: BXGY | O5: B3D10% | P5: BXGY
A6: 25Q4 26Q1 B3D10% | B6: =B5 -> 46086 | C6: =C5 -> 46092 | D6: 3259 | E6: 333 | F6: 3 | G6: 11 | I6: COLE | J6: 51958382 | K6: KINSMD | L6: SHORT PANTS KI WOVEN KINSMD:BLACK:38:SOLID:SHORT PANTS | M6: 179900 | N6: BXGY | O6: B3D10% | P6: BXGY
A7: 25Q4 26Q1 B3D10% | B7: =B6 -> 46086 | C7: =C6 -> 46092 | D7: 3259 | E7: 333 | F7: 3 | G7: 11 | I7: COLE | J7: 51958391 | K7: KINSMD | L7: SHORT PANTS KI WOVEN KINSMD:BLACK:40:SOLID:SHORT PANTS | M7: 179900 | N7: BXGY | O7: B3D10% | P7: BXGY
A8: 25Q4 26Q1 B3D10% | B8: =B7 -> 46086 | C8: =C7 -> 46092 | D8: 3259 | E8: 333 | F8: 3 | G8: 11 | I8: COLE | J8: 51958408 | K8: KINSMD | L8: SHORT PANTS KI WOVEN KINSMD:CHARCOAL:30:SOLID:SHORT PANTS | M8: 179900 | N8: BXGY | O8: B3D10% | P8: BXGY
A9: 25Q4 26Q1 B3D10% | B9: =B8 -> 46086 | C9: =C8 -> 46092 | D9: 3259 | E9: 333 | F9: 3 | G9: 11 | I9: COLE | J9: 51958417 | K9: KINSMD | L9: SHORT PANTS KI WOVEN KINSMD:CHARCOAL:32:SOLID:SHORT PANTS | M9: 179900 | N9: BXGY | O9: B3D10% | P9: BXGY
A10: 25Q4 26Q1 B3D10% | B10: =B9 -> 46086 | C10: =C9 -> 46092 | D10: 3259 | E10: 333 | F10: 3 | G10: 11 | I10: COLE | J10: 51958426 | K10: KINSMD | L10: SHORT PANTS KI WOVEN KINSMD:CHARCOAL:34:SOLID:SHORT PANTS | M10: 179900 | N10: BXGY | O10: B3D10% | P10: BXGY
A11: 25Q4 26Q1 B3D10% | B11: =B10 -> 46086 | C11: =C10 -> 46092 | D11: 3259 | E11: 333 | F11: 3 | G11: 11 | I11: COLE | J11: 51958435 | K11: KINSMD | L11: SHORT PANTS KI WOVEN KINSMD:CHARCOAL:36:SOLID:SHORT PANTS | M11: 179900 | N11: BXGY | O11: B3D10% | P11: BXGY
A12: 25Q4 26Q1 B3D10% | B12: =B11 -> 46086 | C12: =C11 -> 46092 | D12: 3259 | E12: 333 | F12: 3 | G12: 11 | I12: COLE | J12: 51958444 | K12: KINSMD | L12: SHORT PANTS KI WOVEN KINSMD:CHARCOAL:38:SOLID:SHORT PANTS | M12: 179900 | N12: BXGY | O12: B3D10% | P12: BXGY
A13: 25Q4 26Q1 B3D10% | B13: =B12 -> 46086 | C13: =C12 -> 46092 | D13: 3259 | E13: 333 | F13: 3 | G13: 11 | I13: COLE | J13: 51958453 | K13: KINSMD | L13: SHORT PANTS KI WOVEN KINSMD:CHARCOAL:40:SOLID:SHORT PANTS | M13: 179900 | N13: BXGY | O13: B3D10% | P13: BXGY
A14: 25Q4 26Q1 B3D10% | B14: =B13 -> 46086 | C14: =C13 -> 46092 | D14: 3259 | E14: 333 | F14: 3 | G14: 11 | I14: COLE | J14: 51958462 | K14: KINSMD | L14: SHORT PANTS KI WOVEN KINSMD:KHAKI:30:SOLID:SHORT PANTS | M14: 179900 | N14: BXGY | O14: B3D10% | P14: BXGY
... A115: 25Q4 26Q1 B3D10% | B115: =B114 -> 46086 | C115: =C114 -> 46092 | D115: 3259 | E115: 333 | F115: 3 | G115: 15 | I115: COLE | J115: 61618088 | K115: SWBMDCLN | L115: SHORT PANTS WOVEN BERMUDA CLEAN SATEEN SWBMDCLN:LIGHT BROWN:30:SOLID:SHORT PANTS | M115: 199900 | N115: BXGY | O115: B3D10% | P115: BXGY
A116: 25Q4 26Q1 B3D10% | B116: =B115 -> 46086 | C116: =C115 -> 46092 | D116: 3259 | E116: 333 | F116: 3 | I116: COLE | J116: 59120619 | K116: SWCUTPOC | L116: SHORT PANTS WOVEN BERMUDA CUT POCKET SWCUTPOC:DARK GREY:30:SOLID:SHORT PANTS | M116: 179900 | N116: BXGY | O116: B3D10% | P116: BXGY
A117: 25Q4 26Q1 B3D10% | B117: =B116 -> 46086 | C117: =C116 -> 46092 | D117: 3259 | E117: 333 | F117: 3 | I117: COLE | J117: 59120628 | K117: SWCUTPOC | L117: SHORT PANTS WOVEN BERMUDA CUT POCKET SWCUTPOC:DARK GREY:32:SOLID:SHORT PANTS | M117: 179900 | N117: BXGY | O117: B3D10% | P117: BXGY
A118: 25Q4 26Q1 B3D10% | B118: =B117 -> 46086 | C118: =C117 -> 46092 | D118: 3259 | E118: 333 | F118: 3 | I118: COLE | J118: 59120637 | K118: SWCUTPOC | L118: SHORT PANTS WOVEN BERMUDA CUT POCKET SWCUTPOC:DARK GREY:34:SOLID:SHORT PANTS | M118: 179900 | N118: BXGY | O118: B3D10% | P118: BXGY
A119: 25Q4 26Q1 B3D10% | B119: =B118 -> 46086 | C119: =C118 -> 46092 | D119: 3259 | E119: 333 | F119: 3 | I119: COLE | J119: 59120646 | K119: SWCUTPOC | L119: SHORT PANTS WOVEN BERMUDA CUT POCKET SWCUTPOC:DARK GREY:36:SOLID:SHORT PANTS | M119: 179900 | N119: BXGY | O119: B3D10% | P119: BXGY
A120: 25Q4 26Q1 B3D10% | B120: =B119 -> 46086 | C120: =C119 -> 46092 | D120: 3259 | E120: 333 | F120: 3 | I120: COLE | J120: 59120655 | K120: SWCUTPOC | L120: SHORT PANTS WOVEN BERMUDA CUT POCKET SWCUTPOC:DARK GREY:38:SOLID:SHORT PANTS | M120: 179900 | N120: BXGY | O120: B3D10% | P120: BXGY
A121: 25Q4 26Q1 B3D10% | B121: =B120 -> 46086 | C121: =C120 -> 46092 | D121: 3259 | E121: 333 | F121: 3 | I121: COLE | J121: 59120664 | K121: SWCUTPOC | L121: SHORT PANTS WOVEN BERMUDA CUT POCKET SWCUTPOC:DARK GREY:40:SOLID:SHORT PANTS | M121: 179900 | N121: BXGY | O121: B3D10% | P121: BXGY
A122: 25Q4 26Q1 B3D10% | B122: =B121 -> 46086 | C122: =C121 -> 46092 | D122: 3259 | E122: 333 | F122: 3 | I122: COLE | J122: 59120557 | K122: SWCUTPOC | L122: SHORT PANTS WOVEN BERMUDA CUT POCKET SWCUTPOC:OLIVE:30:SOLID:SHORT PANTS | M122: 179900 | N122: BXGY | O122: B3D10% | P122: BXGY
A123: 25Q4 26Q1 B3D10% | B123: =B122 -> 46086 | C123: =C122 -> 46092 | D123: 3259 | E123: 333 | F123: 3 | I123: COLE | J123: 59120566 | K123: SWCUTPOC | L123: SHORT PANTS WOVEN BERMUDA CUT POCKET SWCUTPOC:OLIVE:32:SOLID:SHORT PANTS | M123: 179900 | N123: BXGY | O123: B3D10% | P123: BXGY
A124: 25Q4 26Q1 B3D10% | B124: =B123 -> 46086 | C124: =C123 -> 46092 | D124: 3259 | E124: 333 | F124: 3 | I124: COLE | J124: 59120575 | K124: SWCUTPOC | L124: SHORT PANTS WOVEN BERMUDA CUT POCKET SWCUTPOC:OLIVE:34:SOLID:SHORT PANTS | M124: 179900 | N124: BXGY | O124: B3D10% | P124: BXGY
A125: 25Q4 26Q1 B3D10% | B125: =B124 -> 46086 | C125: =C124 -> 46092 | D125: 3259 | E125: 333 | F125: 3 | I125: COLE | J125: 59120584 | K125: SWCUTPOC | L125: SHORT PANTS WOVEN BERMUDA CUT POCKET SWCUTPOC:OLIVE:36:SOLID:SHORT PANTS | M125: 179900 | N125: BXGY | O125: B3D10% | P125: BXGY
A126: 25Q4 26Q1 B3D10% | B126: =B125 -> 46086 | C126: =C125 -> 46092 | D126: 3259 | E126: 333 | F126: 3 | I126: COLE | J126: 59120593 | K126: SWCUTPOC | L126: SHORT PANTS WOVEN BERMUDA CUT POCKET SWCUTPOC:OLIVE:38:SOLID:SHORT PANTS | M126: 179900 | N126: BXGY | O126: B3D10% | P126: BXGY
A127: 25Q4 26Q1 B3D10% | B127: =B126 -> 46086 | C127: =C126 -> 46092 | D127: 3259 | E127: 333 | F127: 3 | I127: COLE | J127: 59120600 | K127: SWCUTPOC | L127: SHORT PANTS WOVEN BERMUDA CUT POCKET SWCUTPOC:OLIVE:40:SOLID:SHORT PANTS | M127: 179900 | N127: BXGY | O127: B3D10% | P127: BXGY
... A133: 25Q4 26Q1 B3D10% | B133: =B132 -> 46086 | C133: =C132 -> 46092 | D133: 3259 | E133: 333 | F133: 3 | I133: COLE | J133: 62979786 | K133: PWREGPLE | L133: LONG PANTS WOVEN REGULAR ANKLE PLEATED PWREGPLE:KHAKI:32:SOLID:LONG PANTS | M133: 249900 | N133: BXGY | O133: B3D10% | P133: BXGY
A134: 25Q4 26Q1 B3D10% | B134: =B133 -> 46086 | C134: =C133 -> 46092 | D134: 3259 | E134: 333 | F134: 3 | G134: 15 | I134: COLE | J134: 61942049 | K134: SWSERSCK | L134: SHORT PANTS WOVEN DRAW STRING SHEER SUCKER SWSERSCK:OLIVE:S:SOLID:SHORT PANTS | M134: 179900 | N134: BXGY | O134: B3D10% | P134: BXGY
A135: 25Q4 26Q1 B3D10% | B135: =B134 -> 46086 | C135: =C134 -> 46092 | D135: 3259 | E135: 333 | F135: 3 | G135: 15 | I135: COLE | J135: 61942058 | K135: SWSERSCK | L135: SHORT PANTS WOVEN DRAW STRING SHEER SUCKER SWSERSCK:OLIVE:M:SOLID:SHORT PANTS | M135: 179900 | N135: BXGY | O135: B3D10% | P135: BXGY
A136: 25Q4 26Q1 B3D10% | B136: =B135 -> 46086 | C136: =C135 -> 46092 | D136: 3259 | E136: 333 | F136: 3 | G136: 15 | I136: COLE | J136: 61942067 | K136: SWSERSCK | L136: SHORT PANTS WOVEN DRAW STRING SHEER SUCKER SWSERSCK:OLIVE:L:SOLID:SHORT PANTS | M136: 179900 | N136: BXGY | O136: B3D10% | P136: BXGY
A137: 25Q4 26Q1 B3D10% | B137: =B136 -> 46086 | C137: =C136 -> 46092 | D137: 3259 | E137: 333 | F137: 3 | G137: 15 | I137: COLE | J137: 61942076 | K137: SWSERSCK | L137: SHORT PANTS WOVEN DRAW STRING SHEER SUCKER SWSERSCK:OLIVE:XL:SOLID:SHORT PANTS | M137: 179900 | N137: BXGY | O137: B3D10% | P137: BXGY
A138: 25Q4 26Q1 B3D10% | B138: =B137 -> 46086 | C138: =C137 -> 46092 | D138: 3259 | E138: 333 | F138: 3 | G138: 15 | I138: COLE | J138: 61942085 | K138: SWSERSCK | L138: SHORT PANTS WOVEN DRAW STRING SHEER SUCKER SWSERSCK:OLIVE:XXL:SOLID:SHORT PANTS | M138: 179900 | N138: BXGY | O138: B3D10% | P138: BXGY
A139: 25Q4 26Q1 B3D10% | B139: =B138 -> 46086 | C139: =C138 -> 46092 | D139: 3259 | E139: 333 | F139: 3 | G139: 15 | I139: COLE | J139: 61942094 | K139: SWSERSCK | L139: SHORT PANTS WOVEN DRAW STRING SHEER SUCKER SWSERSCK:WOOD BROWN:S:SOLID:SHORT PANTS | M139: 179900 | N139: BXGY | O139: B3D10% | P139: BXGY
A140: 25Q4 26Q1 B3D10% | B140: =B139 -> 46086 | C140: =C139 -> 46092 | D140: 3259 | E140: 333 | F140: 3 | G140: 15 | I140: COLE | J140: 61942101 | K140: SWSERSCK | L140: SHORT PANTS WOVEN DRAW STRING SHEER SUCKER SWSERSCK:WOOD BROWN:M:SOLID:SHORT PANTS | M140: 179900 | N140: BXGY | O140: B3D10% | P140: BXGY
A141: 25Q4 26Q1 B3D10% | B141: =B140 -> 46086 | C141: =C140 -> 46092 | D141: 3259 | E141: 333 | F141: 3 | G141: 15 | I141: COLE | J141: 61942110 | K141: SWSERSCK | L141: SHORT PANTS WOVEN DRAW STRING SHEER SUCKER SWSERSCK:WOOD BROWN:L:SOLID:SHORT PANTS | M141: 179900 | N141: BXGY | O141: B3D10% | P141: BXGY
A142: 25Q4 26Q1 B3D10% | B142: =B141 -> 46086 | C142: =C141 -> 46092 | D142: 3259 | E142: 333 | F142: 3 | G142: 15 | I142: COLE | J142: 61942129 | K142: SWSERSCK | L142: SHORT PANTS WOVEN DRAW STRING SHEER SUCKER SWSERSCK:WOOD BROWN:XL:SOLID:SHORT PANTS | M142: 179900 | N142: BXGY | O142: B3D10% | P142: BXGY
A143: 25Q4 26Q1 B3D10% | B143: =B142 -> 46086 | C143: =C142 -> 46092 | D143: 3259 | E143: 333 | F143: 3 | G143: 15 | I143: COLE | J143: 61942147 | K143: SWSERSCK | L143: SHORT PANTS WOVEN DRAW STRING SHEER SUCKER SWSERSCK:CHARCOAL:S:SOLID:SHORT PANTS | M143: 179900 | N143: BXGY | O143: B3D10% | P143: BXGY
A144: 25Q4 26Q1 B3D10% | B144: =B143 -> 46086 | C144: =C143 -> 46092 | D144: 3259 | E144: 333 | F144: 3 | G144: 15 | I144: COLE | J144: 61942156 | K144: SWSERSCK | L144: SHORT PANTS WOVEN DRAW STRING SHEER SUCKER SWSERSCK:CHARCOAL:M:SOLID:SHORT PANTS | M144: 179900 | N144: BXGY | O144: B3D10% | P144: BXGY
A145: 25Q4 26Q1 B3D10% | B145: =B144 -> 46086 | C145: =C144 -> 46092 | D145: 3259 | E145: 333 | F145: 3 | G145: 15 | I145: COLE | J145: 61942165 | K145: SWSERSCK | L145: SHORT PANTS WOVEN DRAW STRING SHEER SUCKER SWSERSCK:CHARCOAL:L:SOLID:SHORT PANTS | M145: 179900 | N145: BXGY | O145: B3D10% | P145: BXGY
... A153: 25Q4 26Q1 B3D10% | B153: =B152 -> 46086 | C153: =C152 -> 46092 | D153: 3259 | E153: 333 | F153: 3 | G153: 15 | I153: COLE | J153: 61942138 | K153: SWSERSCK | L153: SHORT PANTS WOVEN DRAW STRING SHEER SUCKER SWSERSCK:WOOD BROWN:XXL:SOLID:SHORT PANTS | M153: 179900 | N153: BXGY | O153: B3D10% | P153: BXGY
A154: 25Q4 26Q1 B3D10% | B154: =B153 -> 46086 | C154: =C153 -> 46092 | D154: 3259 | E154: 333 | F154: 3 | I154: COLE | J154: 63027258 | K154: KINSMD1 | L154: SHORT PANTS KI WOVEN KINSMD1:KHAKI:30:SOLID:SHORT PANTS | M154: 179900 | N154: BXGY | O154: B3D10% | P154: BXGY
A155: 25Q4 26Q1 B3D10% | B155: =B154 -> 46086 | C155: =C154 -> 46092 | D155: 3259 | E155: 333 | F155: 3 | I155: COLE | J155: 63027267 | K155: KINSMD1 | L155: SHORT PANTS KI WOVEN KINSMD1:KHAKI:32:SOLID:SHORT PANTS | M155: 179900 | N155: BXGY | O155: B3D10% | P155: BXGY
A156: 25Q4 26Q1 B3D10% | B156: =B155 -> 46086 | C156: =C155 -> 46092 | D156: 3259 | E156: 333 | F156: 3 | I156: COLE | J156: 63027276 | K156: KINSMD1 | L156: SHORT PANTS KI WOVEN KINSMD1:KHAKI:34:SOLID:SHORT PANTS | M156: 179900 | N156: BXGY | O156: B3D10% | P156: BXGY
A157: 25Q4 26Q1 B3D10% | B157: =B156 -> 46086 | C157: =C156 -> 46092 | D157: 3259 | E157: 333 | F157: 3 | I157: COLE | J157: 63027285 | K157: KINSMD1 | L157: SHORT PANTS KI WOVEN KINSMD1:KHAKI:36:SOLID:SHORT PANTS | M157: 179900 | N157: BXGY | O157: B3D10% | P157: BXGY
A158: 25Q4 26Q1 B3D10% | B158: =B157 -> 46086 | C158: =C157 -> 46092 | D158: 3259 | E158: 333 | F158: 3 | I158: COLE | J158: 63027294 | K158: KINSMD1 | L158: SHORT PANTS KI WOVEN KINSMD1:KHAKI:38:SOLID:SHORT PANTS | M158: 179900 | N158: BXGY | O158: B3D10% | P158: BXGY
A159: 25Q4 26Q1 B3D10% | B159: =B158 -> 46086 | C159: =C158 -> 46092 | D159: 3259 | E159: 333 | F159: 3 | I159: COLE | J159: 63027301 | K159: KINSMD1 | L159: SHORT PANTS KI WOVEN KINSMD1:KHAKI:40:SOLID:SHORT PANTS | M159: 179900 | N159: BXGY | O159: B3D10% | P159: BXGY
A160: 25Q4 26Q1 B3D10% | B160: =B159 -> 46086 | C160: =C159 -> 46092 | D160: 3259 | E160: 333 | F160: 3 | I160: COLE | J160: 63027338 | K160: KINSMD1 | L160: SHORT PANTS KI WOVEN KINSMD1:OLIVE:34:SOLID:SHORT PANTS | M160: 179900 | N160: BXGY | O160: B3D10% | P160: BXGY
A161: 25Q4 26Q1 B3D10% | B161: =B160 -> 46086 | C161: =C160 -> 46092 | D161: 3259 | E161: 333 | F161: 3 | I161: COLE | J161: 63027347 | K161: KINSMD1 | L161: SHORT PANTS KI WOVEN KINSMD1:OLIVE:36:SOLID:SHORT PANTS | M161: 179900 | N161: BXGY | O161: B3D10% | P161: BXGY
A162: 25Q4 26Q1 B3D10% | B162: =B161 -> 46086 | C162: =C161 -> 46092 | D162: 3259 | E162: 333 | F162: 3 | I162: COLE | J162: 63027356 | K162: KINSMD1 | L162: SHORT PANTS KI WOVEN KINSMD1:OLIVE:38:SOLID:SHORT PANTS | M162: 179900 | N162: BXGY | O162: B3D10% | P162: BXGY
A163: 25Q4 26Q1 B3D10% | B163: =B162 -> 46086 | C163: =C162 -> 46092 | D163: 3259 | E163: 333 | F163: 3 | I163: COLE | J163: 63027365 | K163: KINSMD1 | L163: SHORT PANTS KI WOVEN KINSMD1:OLIVE:40:SOLID:SHORT PANTS | M163: 179900 | N163: BXGY | O163: B3D10% | P163: BXGY
A164: 25Q4 26Q1 B3D10% | B164: =B163 -> 46086 | C164: =C163 -> 46092 | D164: 3259 | E164: 333 | F164: 3 | I164: COLE | J164: 63027310 | K164: KINSMD1 | L164: SHORT PANTS KI WOVEN KINSMD1:OLIVE:30:SOLID:SHORT PANTS | M164: 179900 | N164: BXGY | O164: B3D10% | P164: BXGY
A165: 25Q4 26Q1 B3D10% | B165: =B164 -> 46086 | C165: =C164 -> 46092 | D165: 3259 | E165: 333 | F165: 3 | I165: COLE | J165: 63027329 | K165: KINSMD1 | L165: SHORT PANTS KI WOVEN KINSMD1:OLIVE:32:SOLID:SHORT PANTS | M165: 179900 | N165: BXGY | O165: B3D10% | P165: BXGY
... A171: 25Q4 26Q1 B3D10% | B171: =B170 -> 46086 | C171: =C170 -> 46092 | D171: 3259 | E171: 333 | F171: 3 | I171: COLE | J171: 63027785 | K171: PRBSLMD1 | L171: LONG PANTS KI WOVEN SLIM PRBSLMD1:OLIVE:40:SOLID:LONG PANTS | M171: 199900 | N171: BXGY | O171: B3D10% | P171: BXGY
A172: 25Q4 26Q1 B3D10% | B172: =B171 -> 46086 | C172: =C171 -> 46092 | D172: 3259 | E172: 333 | F172: 3 | G172: 12 | I172: COLE | J172: 63027570 | K172: PRBSLMD1 | L172: LONG PANTS KI WOVEN SLIM PRBSLMD1:BLACK:34:SOLID:LONG PANTS | M172: 199900 | N172: BXGY | O172: B3D10% | P172: BXGY
A173: 25Q4 26Q1 B3D10% | B173: =B172 -> 46086 | C173: =C172 -> 46092 | D173: 3259 | E173: 333 | F173: 3 | G173: 12 | I173: COLE | J173: 63027589 | K173: PRBSLMD1 | L173: LONG PANTS KI WOVEN SLIM PRBSLMD1:BLACK:36:SOLID:LONG PANTS | M173: 199900 | N173: BXGY | O173: B3D10% | P173: BXGY
A174: 25Q4 26Q1 B3D10% | B174: =B173 -> 46086 | C174: =C173 -> 46092 | D174: 3259 | E174: 333 | F174: 3 | G174: 12 | I174: COLE | J174: 63027598 | K174: PRBSLMD1 | L174: LONG PANTS KI WOVEN SLIM PRBSLMD1:BLACK:38:SOLID:LONG PANTS | M174: 199900 | N174: BXGY | O174: B3D10% | P174: BXGY
A175: 25Q4 26Q1 B3D10% | B175: =B174 -> 46086 | C175: =C174 -> 46092 | D175: 3259 | E175: 333 | F175: 3 | G175: 12 | I175: COLE | J175: 63027605 | K175: PRBSLMD1 | L175: LONG PANTS KI WOVEN SLIM PRBSLMD1:BLACK:40:SOLID:LONG PANTS | M175: 199900 | N175: BXGY | O175: B3D10% | P175: BXGY
A176: 25Q4 26Q1 B3D10% | B176: =B175 -> 46086 | C176: =C175 -> 46092 | D176: 3259 | E176: 333 | F176: 3 | G176: 12 | I176: COLE | J176: 63027696 | K176: PRBSLMD1 | L176: LONG PANTS KI WOVEN SLIM PRBSLMD1:KHAKI:34:SOLID:LONG PANTS | M176: 199900 | N176: BXGY | O176: B3D10% | P176: BXGY
A177: 25Q4 26Q1 B3D10% | B177: =B176 -> 46086 | C177: =C176 -> 46092 | D177: 3259 | E177: 333 | F177: 3 | G177: 12 | I177: COLE | J177: 63027703 | K177: PRBSLMD1 | L177: LONG PANTS KI WOVEN SLIM PRBSLMD1:KHAKI:36:SOLID:LONG PANTS | M177: 199900 | N177: BXGY | O177: B3D10% | P177: BXGY
A178: 25Q4 26Q1 B3D10% | B178: =B177 -> 46086 | C178: =C177 -> 46092 | D178: 3259 | E178: 333 | F178: 3 | G178: 12 | I178: COLE | J178: 63027712 | K178: PRBSLMD1 | L178: LONG PANTS KI WOVEN SLIM PRBSLMD1:KHAKI:38:SOLID:LONG PANTS | M178: 199900 | N178: BXGY | O178: B3D10% | P178: BXGY
A179: 25Q4 26Q1 B3D10% | B179: =B178 -> 46086 | C179: =C178 -> 46092 | D179: 3259 | E179: 333 | F179: 3 | G179: 12 | I179: COLE | J179: 63027721 | K179: PRBSLMD1 | L179: LONG PANTS KI WOVEN SLIM PRBSLMD1:KHAKI:40:SOLID:LONG PANTS | M179: 199900 | N179: BXGY | O179: B3D10% | P179: BXGY
A180: 25Q4 26Q1 B3D10% | B180: =B179 -> 46086 | C180: =C179 -> 46092 | D180: 3259 | E180: 333 | F180: 3 | I180: COLE | J180: 63027016 | K180: KINSMD1 | L180: SHORT PANTS KI WOVEN KINSMD1:BLACK:30:SOLID:SHORT PANTS | M180: 179900 | N180: BXGY | O180: B3D10% | P180: BXGY
A181: 25Q4 26Q1 B3D10% | B181: =B180 -> 46086 | C181: =C180 -> 46092 | D181: 3259 | E181: 333 | F181: 3 | I181: COLE | J181: 63027025 | K181: KINSMD1 | L181: SHORT PANTS KI WOVEN KINSMD1:BLACK:32:SOLID:SHORT PANTS | M181: 179900 | N181: BXGY | O181: B3D10% | P181: BXGY
A182: 25Q4 26Q1 B3D10% | B182: =B181 -> 46086 | C182: =C181 -> 46092 | D182: 3259 | E182: 333 | F182: 3 | I182: COLE | J182: 63027034 | K182: KINSMD1 | L182: SHORT PANTS KI WOVEN KINSMD1:BLACK:34:SOLID:SHORT PANTS | M182: 179900 | N182: BXGY | O182: B3D10% | P182: BXGY
A183: 25Q4 26Q1 B3D10% | B183: =B182 -> 46086 | C183: =C182 -> 46092 | D183: 3259 | E183: 333 | F183: 3 | I183: COLE | J183: 63027043 | K183: KINSMD1 | L183: SHORT PANTS KI WOVEN KINSMD1:BLACK:36:SOLID:SHORT PANTS | M183: 179900 | N183: BXGY | O183: B3D10% | P183: BXGY
A184: 25Q4 26Q1 B3D10% | B184: =B183 -> 46086 | C184: =C183 -> 46092 | D184: 3259 | E184: 333 | F184: 3 | I184: COLE | J184: 63027070 | K184: KINSMD1 | L184: SHORT PANTS KI WOVEN KINSMD1:CHARCOAL:30:SOLID:SHORT PANTS | M184: 179900 | N184: BXGY | O184: B3D10% | P184: BXGY
A185: 25Q4 26Q1 B3D10% | B185: =B184 -> 46086 | C185: =C184 -> 46092 | D185: 3259 | E185: 333 | F185: 3 | I185: COLE | J185: 63027089 | K185: KINSMD1 | L185: SHORT PANTS KI WOVEN KINSMD1:CHARCOAL:32:SOLID:SHORT PANTS | M185: 179900 | N185: BXGY | O185: B3D10% | P185: BXGY
A186: 25Q4 26Q1 B3D10% | B186: =B185 -> 46086 | C186: =C185 -> 46092 | D186: 3259 | E186: 333 | F186: 3 | I186: COLE | J186: 63027098 | K186: KINSMD1 | L186: SHORT PANTS KI WOVEN KINSMD1:CHARCOAL:34:SOLID:SHORT PANTS | M186: 179900 | N186: BXGY | O186: B3D10% | P186: BXGY
A187: 25Q4 26Q1 B3D10% | B187: =B186 -> 46086 | C187: =C186 -> 46092 | D187: 3259 | E187: 333 | F187: 3 | I187: COLE | J187: 63027105 | K187: KINSMD1 | L187: SHORT PANTS KI WOVEN KINSMD1:CHARCOAL:36:SOLID:SHORT PANTS | M187: 179900 | N187: BXGY | O187: B3D10% | P187: BXGY
A188: 25Q4 26Q1 B3D10% | B188: =B187 -> 46086 | C188: =C187 -> 46092 | D188: 3259 | E188: 333 | F188: 3 | I188: COLE | J188: 63027114 | K188: KINSMD1 | L188: SHORT PANTS KI WOVEN KINSMD1:CHARCOAL:38:SOLID:SHORT PANTS | M188: 179900 | N188: BXGY | O188: B3D10% | P188: BXGY
A189: 25Q4 26Q1 B3D10% | B189: =B188 -> 46086 | C189: =C188 -> 46092 | D189: 3259 | E189: 333 | F189: 3 | I189: COLE | J189: 63027132 | K189: KINSMD1 | L189: SHORT PANTS KI WOVEN KINSMD1:VANILLA:30:SOLID:SHORT PANTS | M189: 179900 | N189: BXGY | O189: B3D10% | P189: BXGY
A190: 25Q4 26Q1 B3D10% | B190: =B189 -> 46086 | C190: =C189 -> 46092 | D190: 3259 | E190: 333 | F190: 3 | I190: COLE | J190: 63027141 | K190: KINSMD1 | L190: SHORT PANTS KI WOVEN KINSMD1:VANILLA:32:SOLID:SHORT PANTS | M190: 179900 | N190: BXGY | O190: B3D10% | P190: BXGY
A191: 25Q4 26Q1 B3D10% | B191: =B190 -> 46086 | C191: =C190 -> 46092 | D191: 3259 | E191: 333 | F191: 3 | I191: COLE | J191: 63027150 | K191: KINSMD1 | L191: SHORT PANTS KI WOVEN KINSMD1:VANILLA:34:SOLID:SHORT PANTS | M191: 179900 | N191: BXGY | O191: B3D10% | P191: BXGY
... A318: 25Q4 26Q1 B3D10% | B318: =B317 -> 46086 | C318: =C317 -> 46092 | D318: 3259 | E318: 333 | F318: 3 | I318: COLE | J318: 68974556 | K318: KIPREG | L318: LONG PANTS KI WOVEN REG NEW KIPREG:BLACK:40:SOLID:LONG PANTS | M318: 199900 | N318: BXGY | O318: B3D10% | P318: BXGY
