Workbook

Sheet 2023 H2 3342 D80
A1: ACARA | B1: FROM DATE | C1: TO DATE | D1: DEPT | E1: WORLD | F1: DIVISION | G1: CLASS | H1: SUPPLIER | I1: BRAND | J1: SKU | K1: ARTICLE | L1: DESCRIPTION | M1: HARGA NORMAL | N1: DISKON | O1: HARGA PROMO | P1: DISCOUNT TYPE
A2: 2023 H2 (include KI/RO Continue) D80 | B2: 46086 | C2: 46092 | D2: 3342 | E2: 333 | F2: 3 | G2: OUTERWEAR | H2: REJEKI MAKMUR BERSAMA PT- 81515 | I2: ANYDAY | J2: 10612394 | K2: JHRSLDG | L2: JACKET HOODIE KNIT PE JHRSLDG:MISTY LIGHT GREY:S:SOLID:JACKET | M2: 199900 | N2: 0.8 | O2: =M2-(M2*N2) -> 39980 | P2: PERCENTAGE
A3: 2023 H2 (include KI/RO Continue) D80 | B3: =B2 -> 46086 | C3: =C2 -> 46092 | D3: 3342 | E3: 333 | F3: 3 | G3: OUTERWEAR | H3: REJEKI MAKMUR BERSAMA PT- 81515 | I3: ANYDAY | J3: 10612401 | K3: JHRSLDG | L3: JACKET HOODIE KNIT PE JHRSLDG:MISTY LIGHT GREY:M:SOLID:JACKET | M3: 199900 | N3: 0.8 | O3: =M3-(M3*N3) -> 39980 | P3: PERCENTAGE
A4: 2023 H2 (include KI/RO Continue) D80 | B4: =B3 -> 46086 | C4: =C3 -> 46092 | D4: 3342 | E4: 333 | F4: 3 | G4: OUTERWEAR | H4: REJEKI MAKMUR BERSAMA PT- 81515 | I4: ANYDAY | J4: 10612410 | K4: JHRSLDG | L4: JACKET HOODIE KNIT PE JHRSLDG:MISTY LIGHT GREY:L:SOLID:JACKET | M4: 199900 | N4: 0.8 | O4: =M4-(M4*N4) -> 39980 | P4: PERCENTAGE
A5: 2023 H2 (include KI/RO Continue) D80 | B5: =B4 -> 46086 | C5: =C4 -> 46092 | D5: 3342 | E5: 333 | F5: 3 | G5: OUTERWEAR | H5: REJEKI MAKMUR BERSAMA PT- 81515 | I5: ANYDAY | J5: 10612429 | K5: JHRSLDG | L5: JACKET HOODIE KNIT PE JHRSLDG:MISTY LIGHT GREY:XL:SOLID:JACKET | M5: 199900 | N5: 0.8 | O5: =M5-(M5*N5) -> 39980 | P5: PERCENTAGE
A6: 2023 H2 (include KI/RO Continue) D80 | B6: =B5 -> 46086 | C6: =C5 -> 46092 | D6: 3342 | E6: 333 | F6: 3 | G6: OUTERWEAR | H6: REJEKI MAKMUR BERSAMA PT- 81515 | I6: ANYDAY | J6: 10612438 | K6: JHRSLDB | L6: JACKET HOODIE KNIT PE JHRSLDB:BLACK:S:SOLID:JACKET | M6: 199900 | N6: 0.8 | O6: =M6-(M6*N6) -> 39980 | P6: PERCENTAGE
A7: 2023 H2 (include KI/RO Continue) D80 | B7: =B6 -> 46086 | C7: =C6 -> 46092 | D7: 3342 | E7: 333 | F7: 3 | G7: OUTERWEAR | H7: REJEKI MAKMUR BERSAMA PT- 81515 | I7: ANYDAY | J7: 10612447 | K7: JHRSLDB | L7: JACKET HOODIE KNIT PE JHRSLDB:BLACK:M:SOLID:JACKET | M7: 199900 | N7: 0.8 | O7: =M7-(M7*N7) -> 39980 | P7: PERCENTAGE
A8: 2023 H2 (include KI/RO Continue) D80 | B8: =B7 -> 46086 | C8: =C7 -> 46092 | D8: 3342 | E8: 333 | F8: 3 | G8: OUTERWEAR | H8: REJEKI MAKMUR BERSAMA PT- 81515 | I8: ANYDAY | J8: 10612456 | K8: JHRSLDB | L8: JACKET HOODIE KNIT PE JHRSLDB:BLACK:L:SOLID:JACKET | M8: 199900 | N8: 0.8 | O8: =M8-(M8*N8) -> 39980 | P8: PERCENTAGE
A9: 2023 H2 (include KI/RO Continue) D80 | B9: =B8 -> 46086 | C9: =C8 -> 46092 | D9: 3342 | E9: 333 | F9: 3 | G9: OUTERWEAR | H9: REJEKI MAKMUR BERSAMA PT- 81515 | I9: ANYDAY | J9: 10612465 | K9: JHRSLDB | L9: JACKET HOODIE KNIT PE JHRSLDB:BLACK:XL:SOLID:JACKET | M9: 199900 | N9: 0.8 | O9: =M9-(M9*N9) -> 39980 | P9: PERCENTAGE
A10: 2023 H2 (include KI/RO Continue) D80 | B10: =B9 -> 46086 | C10: =C9 -> 46092 | D10: 3342 | E10: 333 | F10: 3 | G10: OUTERWEAR | H10: REJEKI MAKMUR BERSAMA PT- 81515 | I10: ANYDAY | J10: 10612474 | K10: JHRSLDN | L10: JACKET HOODIE KNIT PE JHRSLDN:NAVY BLUE:S:SOLID:JACKET | M10: 199900 | N10: 0.8 | O10: =M10-(M10*N10) -> 39980 | P10: PERCENTAGE
A11: 2023 H2 (include KI/RO Continue) D80 | B11: =B10 -> 46086 | C11: =C10 -> 46092 | D11: 3342 | E11: 333 | F11: 3 | G11: OUTERWEAR | H11: REJEKI MAKMUR BERSAMA PT- 81515 | I11: ANYDAY | J11: 10612483 | K11: JHRSLDN | L11: JACKET HOODIE KNIT PE JHRSLDN:NAVY BLUE:M:SOLID:JACKET | M11: 199900 | N11: 0.8 | O11: =M11-(M11*N11) -> 39980 | P11: PERCENTAGE
A12: 2023 H2 (include KI/RO Continue) D80 | B12: =B11 -> 46086 | C12: =C11 -> 46092 | D12: 3342 | E12: 333 | F12: 3 | G12: OUTERWEAR | H12: REJEKI MAKMUR BERSAMA PT- 81515 | I12: ANYDAY | J12: 10612492 | K12: JHRSLDN | L12: JACKET HOODIE KNIT PE JHRSLDN:NAVY BLUE:L:SOLID:JACKET | M12: 199900 | N12: 0.8 | O12: =M12-(M12*N12) -> 39980 | P12: PERCENTAGE
A13: 2023 H2 (include KI/RO Continue) D80 | B13: =B12 -> 46086 | C13: =C12 -> 46092 | D13: 3342 | E13: 333 | F13: 3 | G13: OUTERWEAR | H13: REJEKI MAKMUR BERSAMA PT- 81515 | I13: ANYDAY | J13: 10612509 | K13: JHRSLDN | L13: JACKET HOODIE KNIT PE JHRSLDN:NAVY BLUE:XL:SOLID:JACKET | M13: 199900 | N13: 0.8 | O13: =M13-(M13*N13) -> 39980 | P13: PERCENTAGE
A14: 2023 H2 (include KI/RO Continue) D80 | B14: =B13 -> 46086 | C14: =C13 -> 46092 | D14: 3342 | E14: 333 | F14: 3 | G14: OUTERWEAR | H14: MITRA GARMINDO CV- 81462 | I14: ANYDAY | J14: 15127570 | K14: LSWHODMG | L14: SWEATER HOODIE LSWHODMG:MISTY LIGHT GREY:S:SOLID:SWEATER | M14: 179900 | N14: 0.8 | O14: =M14-(M14*N14) -> 35980 | P14: PERCENTAGE
... A162: 2023 H2 (include KI/RO Continue) D80 | B162: =B161 -> 46086 | C162: =C161 -> 46092 | D162: 3342 | E162: 333 | F162: 3 | G162: WOVEN BOTTOM | H162: MITRA PERINTIS MERDEKA PT | I162: ANYDAY | J162: 13824856 | K162: SCARGOMK | L162: SHORT PANTS CARGO WOVEN SCARGOMK:KHAKI:38:SOLID:SHORT PANTS | M162: 179900 | N162: 0.8 | O162: =M162-(M162*N162) -> 35980 | P162: PERCENTAGE

Sheet 2024 H1 OUTERWEAR D80
A1: ACARA | B1: FROM DATE | C1: TO DATE | D1: DEPT | E1: WORLD | F1: DIVISION | G1: CLASS | H1: SUPPLIER | I1: BRAND | J1: SKU | K1: ARTICLE | L1: DESCRIPTION | M1: HARGA NORMAL | N1: DISKON | O1: HARGA PROMO | P1: DISCOUNT TYPE
A2: 2024 H1 OUTERWEAR D80 | B2: ='2023 H2 3342 D80'!B2 -> 46086 | C2: ='2023 H2 3342 D80'!C2 -> 46092 | D2: 3342 | E2: 333 | F2: 3 | G2: OUTERWEAR | H2: REJEKI MAKMUR BERSAMA PT- 81515 | I2: ANYDAY | J2: 16009231 | K2: JHRSLDO | L2: JACKET HOODIE KNIT PE JHRSLDO:OLIVE:S:SOLID:JACKET | M2: 199900 | N2: 0.8 | O2: =M2-(M2*N2) -> 39980 | P2: PERCENTAGE
A3: 2024 H1 OUTERWEAR D80 | B3: =B2 -> 46086 | C3: =C2 -> 46092 | D3: 3342 | E3: 333 | F3: 3 | G3: OUTERWEAR | H3: REJEKI MAKMUR BERSAMA PT- 81515 | I3: ANYDAY | J3: 16009240 | K3: JHRSLDO | L3: JACKET HOODIE KNIT PE JHRSLDO:OLIVE:M:SOLID:JACKET | M3: 199900 | N3: 0.8 | O3: =M3-(M3*N3) -> 39980 | P3: PERCENTAGE
A4: 2024 H1 OUTERWEAR D80 | B4: =B3 -> 46086 | C4: =C3 -> 46092 | D4: 3342 | E4: 333 | F4: 3 | G4: OUTERWEAR | H4: REJEKI MAKMUR BERSAMA PT- 81515 | I4: ANYDAY | J4: 16009259 | K4: JHRSLDO | L4: JACKET HOODIE KNIT PE JHRSLDO:OLIVE:L:SOLID:JACKET | M4: 199900 | N4: 0.8 | O4: =M4-(M4*N4) -> 39980 | P4: PERCENTAGE
A5: 2024 H1 OUTERWEAR D80 | B5: =B4 -> 46086 | C5: =C4 -> 46092 | D5: 3342 | E5: 333 | F5: 3 | G5: OUTERWEAR | H5: REJEKI MAKMUR BERSAMA PT- 81515 | I5: ANYDAY | J5: 16009268 | K5: JHRSLDO | L5: JACKET HOODIE KNIT PE JHRSLDO:OLIVE:XL:SOLID:JACKET | M5: 199900 | N5: 0.8 | O5: =M5-(M5*N5) -> 39980 | P5: PERCENTAGE
A6: 2024 H1 OUTERWEAR D80 | B6: =B5 -> 46086 | C6: =C5 -> 46092 | D6: 3342 | E6: 333 | F6: 3 | G6: OUTERWEAR | H6: REJEKI MAKMUR BERSAMA PT- 81515 | I6: ANYDAY | J6: 16009277 | K6: JHRSLDO | L6: JACKET HOODIE KNIT PE JHRSLDO:MISTY DARK GREY:S:SOLID:JACKET | M6: 199900 | N6: 0.8 | O6: =M6-(M6*N6) -> 39980 | P6: PERCENTAGE
A7: 2024 H1 OUTERWEAR D80 | B7: =B6 -> 46086 | C7: =C6 -> 46092 | D7: 3342 | E7: 333 | F7: 3 | G7: OUTERWEAR | H7: REJEKI MAKMUR BERSAMA PT- 81515 | I7: ANYDAY | J7: 16009286 | K7: JHRSLDO | L7: JACKET HOODIE KNIT PE JHRSLDO:MISTY DARK GREY:M:SOLID:JACKET | M7: 199900 | N7: 0.8 | O7: =M7-(M7*N7) -> 39980 | P7: PERCENTAGE
A8: 2024 H1 OUTERWEAR D80 | B8: =B7 -> 46086 | C8: =C7 -> 46092 | D8: 3342 | E8: 333 | F8: 3 | G8: OUTERWEAR | H8: REJEKI MAKMUR BERSAMA PT- 81515 | I8: ANYDAY | J8: 16009295 | K8: JHRSLDO | L8: JACKET HOODIE KNIT PE JHRSLDO:MISTY DARK GREY:L:SOLID:JACKET | M8: 199900 | N8: 0.8 | O8: =M8-(M8*N8) -> 39980 | P8: PERCENTAGE
A9: 2024 H1 OUTERWEAR D80 | B9: =B8 -> 46086 | C9: =C8 -> 46092 | D9: 3342 | E9: 333 | F9: 3 | G9: OUTERWEAR | H9: REJEKI MAKMUR BERSAMA PT- 81515 | I9: ANYDAY | J9: 16009302 | K9: JHRSLDO | L9: JACKET HOODIE KNIT PE JHRSLDO:MISTY DARK GREY:XL:SOLID:JACKET | M9: 199900 | N9: 0.8 | O9: =M9-(M9*N9) -> 39980 | P9: PERCENTAGE
A10: 2024 H1 OUTERWEAR D80 | B10: =B9 -> 46086 | C10: =C9 -> 46092 | D10: 3342 | E10: 333 | F10: 3 | G10: OUTERWEAR | H10: MITRA GARMINDO CV- 81462 | I10: ANYDAY | J10: 13492072 | K10: SWMSTART | L10: SWEATER LAYERED PRINT 1 START SWMSTART:MISTY LIGHT GREY:S:TEXT:SWEATER | M10: 179900 | N10: 0.8 | O10: =M10-(M10*N10) -> 35980 | P10: PERCENTAGE
A11: 2024 H1 OUTERWEAR D80 | B11: =B10 -> 46086 | C11: =C10 -> 46092 | D11: 3342 | E11: 333 | F11: 3 | G11: OUTERWEAR | H11: MITRA GARMINDO CV- 81462 | I11: ANYDAY | J11: 13492081 | K11: SWMSTART | L11: SWEATER LAYERED PRINT 1 START SWMSTART:MISTY LIGHT GREY:M:TEXT:SWEATER | M11: 179900 | N11: 0.8 | O11: =M11-(M11*N11) -> 35980 | P11: PERCENTAGE
A12: 2024 H1 OUTERWEAR D80 | B12: =B11 -> 46086 | C12: =C11 -> 46092 | D12: 3342 | E12: 333 | F12: 3 | G12: OUTERWEAR | H12: MITRA GARMINDO CV- 81462 | I12: ANYDAY | J12: 13492090 | K12: SWMSTART | L12: SWEATER LAYERED PRINT 1 START SWMSTART:MISTY LIGHT GREY:L:TEXT:SWEATER | M12: 179900 | N12: 0.8 | O12: =M12-(M12*N12) -> 35980 | P12: PERCENTAGE
A13: 2024 H1 OUTERWEAR D80 | B13: =B12 -> 46086 | C13: =C12 -> 46092 | D13: 3342 | E13: 333 | F13: 3 | G13: OUTERWEAR | H13: MITRA GARMINDO CV- 81462 | I13: ANYDAY | J13: 13492107 | K13: SWMSTART | L13: SWEATER LAYERED PRINT 1 START SWMSTART:MISTY LIGHT GREY:XL:TEXT:SWEATER | M13: 179900 | N13: 0.8 | O13: =M13-(M13*N13) -> 35980 | P13: PERCENTAGE
A14: 2024 H1 OUTERWEAR D80 | B14: =B13 -> 46086 | C14: =C13 -> 46092 | D14: 3342 | E14: 333 | F14: 3 | G14: OUTERWEAR | H14: MITRA GARMINDO CV- 81462 | I14: ANYDAY | J14: 13492116 | K14: SWMPOSS | L14: SWEATER LAYERED PRINT 2 POSSIBLE SWMPOSS:NAVY BLUE:S:TEXT:SWEATER | M14: 179900 | N14: 0.8 | O14: =M14-(M14*N14) -> 35980 | P14: PERCENTAGE
... A33: 2024 H1 OUTERWEAR D80 | B33: =B32 -> 46086 | C33: =C32 -> 46092 | D33: 3342 | E33: 333 | F33: 3 | G33: OUTERWEAR | H33: MITRA GARMINDO CV- 81462 | I33: ANYDAY | J33: 16956511 | K33: SWSOLMGG | L33: SWEATER SOLID SWSOLMGG:GOLDEN BROWN:XL:SOLID:SWEATER | M33: 149900 | N33: 0.8 | O33: =M33-(M33*N33) -> 29980 | P33: PERCENTAGE

Sheet H1 3342 T SHIRT D80
A1: ACARA | B1: FROM DATE | C1: TO DATE | D1: DEPT | E1: WORLD | F1: DIVISION | G1: CLASS | H1: SUPPLIER | I1: BRAND | J1: SKU | K1: ARTICLE | L1: DESCRIPTION | M1: HARGA NORMAL | N1: DISKON | O1: HARGA PROMO | P1: DISCOUNT TYPE
A2: 2024 H1 T SHIRT D80 | B2: ='2023 H2 3342 D80'!B2 -> 46086 | C2: ='2023 H2 3342 D80'!C2 -> 46092 | D2: 3342 | E2: 333 | F2: 3 | G2: T-SHIRT | H2: JAVA DESIGN SENTOSA CV. | I2: ANYDAY | J2: 17035639 | K2: SRKURBAN | L2: SS T-SHIRT SLEEVE GRAPHIC PRINT SRKURBAN:MISTY DARK GREY:S:GRAPHIC:SS T-SHIRT | M2: 79900 | N2: 0.8 | O2: =M2-(M2*N2) -> 15980 | P2: PERCENTAGE
A3: 2024 H1 T SHIRT D80 | B3: =B2 -> 46086 | C3: =C2 -> 46092 | D3: 3342 | E3: 333 | F3: 3 | G3: T-SHIRT | H3: JAVA DESIGN SENTOSA CV. | I3: ANYDAY | J3: 17035648 | K3: SRKURBAN | L3: SS T-SHIRT SLEEVE GRAPHIC PRINT SRKURBAN:MISTY DARK GREY:M:GRAPHIC:SS T-SHIRT | M3: 79900 | N3: 0.8 | O3: =M3-(M3*N3) -> 15980 | P3: PERCENTAGE
A4: 2024 H1 T SHIRT D80 | B4: =B3 -> 46086 | C4: =C3 -> 46092 | D4: 3342 | E4: 333 | F4: 3 | G4: T-SHIRT | H4: JAVA DESIGN SENTOSA CV. | I4: ANYDAY | J4: 17035657 | K4: SRKURBAN | L4: SS T-SHIRT SLEEVE GRAPHIC PRINT SRKURBAN:MISTY DARK GREY:L:GRAPHIC:SS T-SHIRT | M4: 79900 | N4: 0.8 | O4: =M4-(M4*N4) -> 15980 | P4: PERCENTAGE
A5: 2024 H1 T SHIRT D80 | B5: =B4 -> 46086 | C5: =C4 -> 46092 | D5: 3342 | E5: 333 | F5: 3 | G5: T-SHIRT | H5: JAVA DESIGN SENTOSA CV. | I5: ANYDAY | J5: 17035666 | K5: SRKURBAN | L5: SS T-SHIRT SLEEVE GRAPHIC PRINT SRKURBAN:MISTY DARK GREY:XL:GRAPHIC:SS T-SHIRT | M5: 79900 | N5: 0.8 | O5: =M5-(M5*N5) -> 15980 | P5: PERCENTAGE
A6: 2024 H1 T SHIRT D80 | B6: =B5 -> 46086 | C6: =C5 -> 46092 | D6: 3342 | E6: 333 | F6: 3 | G6: T-SHIRT | H6: JAVA DESIGN SENTOSA CV. | I6: ANYDAY | J6: 17035675 | K6: SRKTRAVL | L6: SS T-SHIRT SLEEVE GRAPHIC PRINT SRKTRAVL:MISTY LIGHT GREY:S:GRAPHIC:SS T-SHIRT | M6: 79900 | N6: 0.8 | O6: =M6-(M6*N6) -> 15980 | P6: PERCENTAGE
A7: 2024 H1 T SHIRT D80 | B7: =B6 -> 46086 | C7: =C6 -> 46092 | D7: 3342 | E7: 333 | F7: 3 | G7: T-SHIRT | H7: JAVA DESIGN SENTOSA CV. | I7: ANYDAY | J7: 17035684 | K7: SRKTRAVL | L7: SS T-SHIRT SLEEVE GRAPHIC PRINT SRKTRAVL:MISTY LIGHT GREY:M:GRAPHIC:SS T-SHIRT | M7: 79900 | N7: 0.8 | O7: =M7-(M7*N7) -> 15980 | P7: PERCENTAGE
A8: 2024 H1 T SHIRT D80 | B8: =B7 -> 46086 | C8: =C7 -> 46092 | D8: 3342 | E8: 333 | F8: 3 | G8: T-SHIRT | H8: JAVA DESIGN SENTOSA CV. | I8: ANYDAY | J8: 17035693 | K8: SRKTRAVL | L8: SS T-SHIRT SLEEVE GRAPHIC PRINT SRKTRAVL:MISTY LIGHT GREY:L:GRAPHIC:SS T-SHIRT | M8: 79900 | N8: 0.8 | O8: =M8-(M8*N8) -> 15980 | P8: PERCENTAGE
A9: 2024 H1 T SHIRT D80 | B9: =B8 -> 46086 | C9: =C8 -> 46092 | D9: 3342 | E9: 333 | F9: 3 | G9: T-SHIRT | H9: JAVA DESIGN SENTOSA CV. | I9: ANYDAY | J9: 17035700 | K9: SRKTRAVL | L9: SS T-SHIRT SLEEVE GRAPHIC PRINT SRKTRAVL:MISTY LIGHT GREY:XL:GRAPHIC:SS T-SHIRT | M9: 79900 | N9: 0.8 | O9: =M9-(M9*N9) -> 15980 | P9: PERCENTAGE
A10: 2024 H1 T SHIRT D80 | B10: =B9 -> 46086 | C10: =C9 -> 46092 | D10: 3342 | E10: 333 | F10: 3 | G10: T-SHIRT | H10: JAVA DESIGN SENTOSA CV. | I10: ANYDAY | J10: 17035719 | K10: SRKSAVE | L10: SS T-SHIRT SLEEVE GRAPHIC PRINT SRKSAVE:NAVY BLUE:S:GRAPHIC:SS T-SHIRT | M10: 79900 | N10: 0.8 | O10: =M10-(M10*N10) -> 15980 | P10: PERCENTAGE
A11: 2024 H1 T SHIRT D80 | B11: =B10 -> 46086 | C11: =C10 -> 46092 | D11: 3342 | E11: 333 | F11: 3 | G11: T-SHIRT | H11: JAVA DESIGN SENTOSA CV. | I11: ANYDAY | J11: 17035728 | K11: SRKSAVE | L11: SS T-SHIRT SLEEVE GRAPHIC PRINT SRKSAVE:NAVY BLUE:M:GRAPHIC:SS T-SHIRT | M11: 79900 | N11: 0.8 | O11: =M11-(M11*N11) -> 15980 | P11: PERCENTAGE
A12: 2024 H1 T SHIRT D80 | B12: =B11 -> 46086 | C12: =C11 -> 46092 | D12: 3342 | E12: 333 | F12: 3 | G12: T-SHIRT | H12: JAVA DESIGN SENTOSA CV. | I12: ANYDAY | J12: 17035737 | K12: SRKSAVE | L12: SS T-SHIRT SLEEVE GRAPHIC PRINT SRKSAVE:NAVY BLUE:L:GRAPHIC:SS T-SHIRT | M12: 79900 | N12: 0.8 | O12: =M12-(M12*N12) -> 15980 | P12: PERCENTAGE
A13: 2024 H1 T SHIRT D80 | B13: =B12 -> 46086 | C13: =C12 -> 46092 | D13: 3342 | E13: 333 | F13: 3 | G13: T-SHIRT | H13: JAVA DESIGN SENTOSA CV. | I13: ANYDAY | J13: 17035746 | K13: SRKSAVE | L13: SS T-SHIRT SLEEVE GRAPHIC PRINT SRKSAVE:NAVY BLUE:XL:GRAPHIC:SS T-SHIRT | M13: 79900 | N13: 0.8 | O13: =M13-(M13*N13) -> 15980 | P13: PERCENTAGE
A14: 2024 H1 T SHIRT D80 | B14: =B13 -> 46086 | C14: =C13 -> 46092 | D14: 3342 | E14: 333 | F14: 3 | G14: T-SHIRT | H14: JAVA DESIGN SENTOSA CV. | I14: ANYDAY | J14: 17035835 | K14: SRKWALK | L14: SS T-SHIRT SLEEVE GRAPHIC PRINT SRKWALK:FOREST GREEN:S:GRAPHIC:SS T-SHIRT | M14: 79900 | N14: 0.8 | O14: =M14-(M14*N14) -> 15980 | P14: PERCENTAGE
... A129: 2024 H1 T SHIRT D80 | B129: =B128 -> 46086 | C129: =C128 -> 46092 | D129: 3342 | E129: 333 | F129: 3 | G129: T-SHIRT | H129: MITRA GARMINDO CV- 81462 | I129: ANYDAY | J129: 13492269 | K129: SRKEASY | L129: SS T-SHIRT GRAPHIC PRINT SRKEASY:NAVY BLUE:XL:GRAPHIC:SS T-SHIRT | M129: 79900 | N129: 0.8 | O129: =M129-(M129*N129) -> 15980 | P129: PERCENTAGE

Sheet 2024 H1 3342 D80
A1: ACARA | B1: FROM DATE | C1: TO DATE | D1: DEPT | E1: WORLD | F1: DIVISION | G1: CLASS | H1: SUPPLIER | I1: BRAND | J1: SKU | K1: ARTICLE | L1: DESCRIPTION | M1: HARGA NORMAL | N1: DISKON | O1: HARGA PROMO | P1: DISCOUNT TYPE
A2: 2024 H1 (Exclude KI) D80 | B2: ='2023 H2 3342 D80'!B2 -> 46086 | C2: ='2023 H2 3342 D80'!C2 -> 46092 | D2: 3342 | E2: 333 | F2: 3 | G2: KI BOTTOM | H2: MITRA PERINTIS MERDEKA PT | I2: ANYDAY | J2: 10612670 | K2: PCHNSSMK | L2: LONG PANTS WOVEN REGULAR FIT PCHNSSMK:KHAKI:30:SOLID:LONG PANTS | M2: 199900 | N2: 0.8 | O2: =M2-(M2*N2) -> 39980 | P2: PERCENTAGE
A3: 2024 H1 (Exclude KI) D80 | B3: =B2 -> 46086 | C3: =C2 -> 46092 | D3: 3342 | E3: 333 | F3: 3 | G3: KI BOTTOM | H3: MITRA PERINTIS MERDEKA PT | I3: ANYDAY | J3: 10612689 | K3: PCHNSSMK | L3: LONG PANTS WOVEN REGULAR FIT PCHNSSMK:KHAKI:32:SOLID:LONG PANTS | M3: 199900 | N3: 0.8 | O3: =M3-(M3*N3) -> 39980 | P3: PERCENTAGE
A4: 2024 H1 (Exclude KI) D80 | B4: =B3 -> 46086 | C4: =C3 -> 46092 | D4: 3342 | E4: 333 | F4: 3 | G4: KI BOTTOM | H4: MITRA PERINTIS MERDEKA PT | I4: ANYDAY | J4: 10612698 | K4: PCHNSSMK | L4: LONG PANTS WOVEN REGULAR FIT PCHNSSMK:KHAKI:34:SOLID:LONG PANTS | M4: 199900 | N4: 0.8 | O4: =M4-(M4*N4) -> 39980 | P4: PERCENTAGE
A5: 2024 H1 (Exclude KI) D80 | B5: =B4 -> 46086 | C5: =C4 -> 46092 | D5: 3342 | E5: 333 | F5: 3 | G5: KI BOTTOM | H5: MITRA PERINTIS MERDEKA PT | I5: ANYDAY | J5: 10612705 | K5: PCHNSSMK | L5: LONG PANTS WOVEN REGULAR FIT PCHNSSMK:KHAKI:36:SOLID:LONG PANTS | M5: 199900 | N5: 0.8 | O5: =M5-(M5*N5) -> 39980 | P5: PERCENTAGE
A6: 2024 H1 (Exclude KI) D80 | B6: =B5 -> 46086 | C6: =C5 -> 46092 | D6: 3342 | E6: 333 | F6: 3 | G6: KI BOTTOM | H6: MITRA PERINTIS MERDEKA PT | I6: ANYDAY | J6: 10612714 | K6: PCHNSSMK | L6: LONG PANTS WOVEN REGULAR FIT PCHNSSMK:KHAKI:38:SOLID:LONG PANTS | M6: 199900 | N6: 0.8 | O6: =M6-(M6*N6) -> 39980 | P6: PERCENTAGE
A7: 2024 H1 (Exclude KI) D80 | B7: =B6 -> 46086 | C7: =C6 -> 46092 | D7: 3342 | E7: 333 | F7: 3 | G7: KI BOTTOM | H7: MITRA PERINTIS MERDEKA PT | I7: ANYDAY | J7: 10612723 | K7: PCHNSSMF | L7: LONG PANTS WOVEN REGULAR FIT PCHNSSMF:FROST GREY:30:SOLID:LONG PANTS | M7: 199900 | N7: 0.8 | O7: =M7-(M7*N7) -> 39980 | P7: PERCENTAGE
A8: 2024 H1 (Exclude KI) D80 | B8: =B7 -> 46086 | C8: =C7 -> 46092 | D8: 3342 | E8: 333 | F8: 3 | G8: KI BOTTOM | H8: MITRA PERINTIS MERDEKA PT | I8: ANYDAY | J8: 10612732 | K8: PCHNSSMF | L8: LONG PANTS WOVEN REGULAR FIT PCHNSSMF:FROST GREY:32:SOLID:LONG PANTS | M8: 199900 | N8: 0.8 | O8: =M8-(M8*N8) -> 39980 | P8: PERCENTAGE
A9: 2024 H1 (Exclude KI) D80 | B9: =B8 -> 46086 | C9: =C8 -> 46092 | D9: 3342 | E9: 333 | F9: 3 | G9: KI BOTTOM | H9: MITRA PERINTIS MERDEKA PT | I9: ANYDAY | J9: 10612741 | K9: PCHNSSMF | L9: LONG PANTS WOVEN REGULAR FIT PCHNSSMF:FROST GREY:34:SOLID:LONG PANTS | M9: 199900 | N9: 0.8 | O9: =M9-(M9*N9) -> 39980 | P9: PERCENTAGE
A10: 2024 H1 (Exclude KI) D80 | B10: =B9 -> 46086 | C10: =C9 -> 46092 | D10: 3342 | E10: 333 | F10: 3 | G10: KI BOTTOM | H10: MITRA PERINTIS MERDEKA PT | I10: ANYDAY | J10: 10612750 | K10: PCHNSSMF | L10: LONG PANTS WOVEN REGULAR FIT PCHNSSMF:FROST GREY:36:SOLID:LONG PANTS | M10: 199900 | N10: 0.8 | O10: =M10-(M10*N10) -> 39980 | P10: PERCENTAGE
A11: 2024 H1 (Exclude KI) D80 | B11: =B10 -> 46086 | C11: =C10 -> 46092 | D11: 3342 | E11: 333 | F11: 3 | G11: KI BOTTOM | H11: MITRA PERINTIS MERDEKA PT | I11: ANYDAY | J11: 10612769 | K11: PCHNSSMF | L11: LONG PANTS WOVEN REGULAR FIT PCHNSSMF:FROST GREY:38:SOLID:LONG PANTS | M11: 199900 | N11: 0.8 | O11: =M11-(M11*N11) -> 39980 | P11: PERCENTAGE
A12: 2024 H1 (Exclude KI) D80 | B12: =B11 -> 46086 | C12: =C11 -> 46092 | D12: 3342 | E12: 333 | F12: 3 | G12: KI BOTTOM | H12: MITRA PERINTIS MERDEKA PT | I12: ANYDAY | J12: 10612778 | K12: PCHNSSMB | L12: LONG PANTS WOVEN REGULAR FIT PCHNSSMB:BLACK:30:SOLID:LONG PANTS | M12: 199900 | N12: 0.8 | O12: =M12-(M12*N12) -> 39980 | P12: PERCENTAGE
A13: 2024 H1 (Exclude KI) D80 | B13: =B12 -> 46086 | C13: =C12 -> 46092 | D13: 3342 | E13: 333 | F13: 3 | G13: KI BOTTOM | H13: MITRA PERINTIS MERDEKA PT | I13: ANYDAY | J13: 10612787 | K13: PCHNSSMB | L13: LONG PANTS WOVEN REGULAR FIT PCHNSSMB:BLACK:32:SOLID:LONG PANTS | M13: 199900 | N13: 0.8 | O13: =M13-(M13*N13) -> 39980 | P13: PERCENTAGE
A14: 2024 H1 (Exclude KI) D80 | B14: =B13 -> 46086 | C14: =C13 -> 46092 | D14: 3342 | E14: 333 | F14: 3 | G14: KI BOTTOM | H14: MITRA PERINTIS MERDEKA PT | I14: ANYDAY | J14: 10612796 | K14: PCHNSSMB | L14: LONG PANTS WOVEN REGULAR FIT PCHNSSMB:BLACK:34:SOLID:LONG PANTS | M14: 199900 | N14: 0.8 | O14: =M14-(M14*N14) -> 39980 | P14: PERCENTAGE
... A71: 2024 H1 (Exclude KI) D80 | B71: =B70 -> 46086 | C71: =C70 -> 46092 | D71: 3342 | E71: 333 | F71: 3 | G71: KI BOTTOM | H71: MITRA PERINTIS MERDEKA PT | I71: ANYDAY | J71: 16035471 | K71: LPRWVNMB | L71: LONG PANTS KI WOVEN COTTON TWILL LPRWVNMB:BLACK:38:SOLID:LONG PANTS | M71: 199900 | N71: 0.8 | O71: =M71-(M71*N71) -> 39980 | P71: PERCENTAGE

Sheet 3342 SHORT KNIT PANTS D80
A1: ACARA | B1: FROM DATE | C1: TO DATE | D1: DEPT | E1: WORLD | F1: DIVISION | G1: CLASS | H1: SUPPLIER | I1: BRAND | J1: SKU | K1: ARTICLE | L1: DESCRIPTION | M1: HARGA NORMAL | N1: DISKON | O1: HARGA PROMO | P1: DISCOUNT TYPE
A2: 2024 H1 SHORT KNIT PANTS D80 | B2: ='2023 H2 3342 D80'!B2 -> 46086 | C2: ='2023 H2 3342 D80'!C2 -> 46092 | D2: 3342 | E2: 333 | F2: 3 | G2: KNIT BOTTOM | H2: REJEKI MAKMUR BERSAMA PT- 81515 | I2: ANYDAY | J2: 10612518 | K2: SPKNITRN | L2: SHORT PANTS KNIT WITH SIDE CONTRAST SPKNITRN:NAVY BLUE:S:SOLID:SHORT PANTS | M2: 99900 | N2: 0.8 | O2: =M2-(M2*N2) -> 19980 | P2: PERCENTAGE
A3: 2024 H1 SHORT KNIT PANTS D80 | B3: =B2 -> 46086 | C3: =C2 -> 46092 | D3: 3342 | E3: 333 | F3: 3 | G3: KNIT BOTTOM | H3: REJEKI MAKMUR BERSAMA PT- 81515 | I3: ANYDAY | J3: 10612527 | K3: SPKNITRN | L3: SHORT PANTS KNIT WITH SIDE CONTRAST SPKNITRN:NAVY BLUE:M:SOLID:SHORT PANTS | M3: 99900 | N3: 0.8 | O3: =M3-(M3*N3) -> 19980 | P3: PERCENTAGE
A4: 2024 H1 SHORT KNIT PANTS D80 | B4: =B3 -> 46086 | C4: =C3 -> 46092 | D4: 3342 | E4: 333 | F4: 3 | G4: KNIT BOTTOM | H4: REJEKI MAKMUR BERSAMA PT- 81515 | I4: ANYDAY | J4: 10612536 | K4: SPKNITRN | L4: SHORT PANTS KNIT WITH SIDE CONTRAST SPKNITRN:NAVY BLUE:L:SOLID:SHORT PANTS | M4: 99900 | N4: 0.8 | O4: =M4-(M4*N4) -> 19980 | P4: PERCENTAGE
A5: 2024 H1 SHORT KNIT PANTS D80 | B5: =B4 -> 46086 | C5: =C4 -> 46092 | D5: 3342 | E5: 333 | F5: 3 | G5: KNIT BOTTOM | H5: REJEKI MAKMUR BERSAMA PT- 81515 | I5: ANYDAY | J5: 10612545 | K5: SPKNITRN | L5: SHORT PANTS KNIT WITH SIDE CONTRAST SPKNITRN:NAVY BLUE:XL:SOLID:SHORT PANTS | M5: 99900 | N5: 0.8 | O5: =M5-(M5*N5) -> 19980 | P5: PERCENTAGE
A6: 2024 H1 SHORT KNIT PANTS D80 | B6: =B5 -> 46086 | C6: =C5 -> 46092 | D6: 3342 | E6: 333 | F6: 3 | G6: KNIT BOTTOM | H6: REJEKI MAKMUR BERSAMA PT- 81515 | I6: ANYDAY | J6: 10612554 | K6: SPKNITRB | L6: SHORT PANTS KNIT WITH SIDE CONTRAST SPKNITRB:BLACK:S:SOLID:SHORT PANTS | M6: 99900 | N6: 0.8 | O6: =M6-(M6*N6) -> 19980 | P6: PERCENTAGE
A7: 2024 H1 SHORT KNIT PANTS D80 | B7: =B6 -> 46086 | C7: =C6 -> 46092 | D7: 3342 | E7: 333 | F7: 3 | G7: KNIT BOTTOM | H7: REJEKI MAKMUR BERSAMA PT- 81515 | I7: ANYDAY | J7: 10612563 | K7: SPKNITRB | L7: SHORT PANTS KNIT WITH SIDE CONTRAST SPKNITRB:BLACK:M:SOLID:SHORT PANTS | M7: 99900 | N7: 0.8 | O7: =M7-(M7*N7) -> 19980 | P7: PERCENTAGE
A8: 2024 H1 SHORT KNIT PANTS D80 | B8: =B7 -> 46086 | C8: =C7 -> 46092 | D8: 3342 | E8: 333 | F8: 3 | G8: KNIT BOTTOM | H8: REJEKI MAKMUR BERSAMA PT- 81515 | I8: ANYDAY | J8: 10612572 | K8: SPKNITRB | L8: SHORT PANTS KNIT WITH SIDE CONTRAST SPKNITRB:BLACK:L:SOLID:SHORT PANTS | M8: 99900 | N8: 0.8 | O8: =M8-(M8*N8) -> 19980 | P8: PERCENTAGE
A9: 2024 H1 SHORT KNIT PANTS D80 | B9: =B8 -> 46086 | C9: =C8 -> 46092 | D9: 3342 | E9: 333 | F9: 3 | G9: KNIT BOTTOM | H9: REJEKI MAKMUR BERSAMA PT- 81515 | I9: ANYDAY | J9: 10612581 | K9: SPKNITRB | L9: SHORT PANTS KNIT WITH SIDE CONTRAST SPKNITRB:BLACK:XL:SOLID:SHORT PANTS | M9: 99900 | N9: 0.8 | O9: =M9-(M9*N9) -> 19980 | P9: PERCENTAGE
A10: 2024 H1 SHORT KNIT PANTS D80 | B10: =B9 -> 46086 | C10: =C9 -> 46092 | D10: 3342 | E10: 333 | F10: 3 | G10: KNIT BOTTOM | H10: REJEKI MAKMUR BERSAMA PT- 81515 | I10: ANYDAY | J10: 10612590 | K10: SPKNITRG | L10: SHORT PANTS KNIT WITH SIDE CONTRAST SPKNITRG:MISTY LIGHT GREY:S:SOLID:SHORT PANTS | M10: 99900 | N10: 0.8 | O10: =M10-(M10*N10) -> 19980 | P10: PERCENTAGE
A11: 2024 H1 SHORT KNIT PANTS D80 | B11: =B10 -> 46086 | C11: =C10 -> 46092 | D11: 3342 | E11: 333 | F11: 3 | G11: KNIT BOTTOM | H11: REJEKI MAKMUR BERSAMA PT- 81515 | I11: ANYDAY | J11: 10612607 | K11: SPKNITRG | L11: SHORT PANTS KNIT WITH SIDE CONTRAST SPKNITRG:MISTY LIGHT GREY:M:SOLID:SHORT PANTS | M11: 99900 | N11: 0.8 | O11: =M11-(M11*N11) -> 19980 | P11: PERCENTAGE
A12: 2024 H1 SHORT KNIT PANTS D80 | B12: =B11 -> 46086 | C12: =C11 -> 46092 | D12: 3342 | E12: 333 | F12: 3 | G12: KNIT BOTTOM | H12: REJEKI MAKMUR BERSAMA PT- 81515 | I12: ANYDAY | J12: 10612616 | K12: SPKNITRG | L12: SHORT PANTS KNIT WITH SIDE CONTRAST SPKNITRG:MISTY LIGHT GREY:L:SOLID:SHORT PANTS | M12: 99900 | N12: 0.8 | O12: =M12-(M12*N12) -> 19980 | P12: PERCENTAGE
A13: 2024 H1 SHORT KNIT PANTS D80 | B13: =B12 -> 46086 | C13: =C12 -> 46092 | D13: 3342 | E13: 333 | F13: 3 | G13: KNIT BOTTOM | H13: REJEKI MAKMUR BERSAMA PT- 81515 | I13: ANYDAY | J13: 10612625 | K13: SPKNITRG | L13: SHORT PANTS KNIT WITH SIDE CONTRAST SPKNITRG:MISTY LIGHT GREY:XL:SOLID:SHORT PANTS | M13: 99900 | N13: 0.8 | O13: =M13-(M13*N13) -> 19980 | P13: PERCENTAGE
A14: 2024 H1 SHORT KNIT PANTS D80 | B14: =B13 -> 46086 | C14: =C13 -> 46092 | D14: 3342 | E14: 333 | F14: 3 | G14: KNIT BOTTOM | H14: REJEKI MAKMUR BERSAMA PT- 81515 | I14: ANYDAY | J14: 10612634 | K14: SPKNITRM | L14: SHORT PANTS KNIT WITH SIDE CONTRAST SPKNITRM:MAROON:S:SOLID:SHORT PANTS | M14: 99900 | N14: 0.8 | O14: =M14-(M14*N14) -> 19980 | P14: PERCENTAGE
... A29: 2024 H1 SHORT KNIT PANTS D80 | B29: =B28 -> 46086 | C29: =C28 -> 46092 | D29: 3342 | E29: 333 | F29: 3 | G29: KNIT BOTTOM | H29: REJEKI MAKMUR BERSAMA PT- 81515 | I29: ANYDAY | J29: 16035202 | K29: SPKNITR4 | L29: SHORT PANTS KNIT WITH SIDE CONTRAST SPKNITR4:NAVY BLUE:XL:SOLID:SHORT PANTS | M29: 99900 | N29: 0.8 | O29: =M29-(M29*N29) -> 19980 | P29: PERCENTAGE

Sheet 2024 Q1 SHIRT DEN WOV PANT D80
A1: ACARA | B1: FROM DATE | C1: TO DATE | D1: DEPT | E1: WORLD | F1: DIVISION | G1: CLASS | H1: SUPPLIER | I1: BRAND | J1: SKU | K1: ARTICLE | L1: DESCRIPTION | M1: HARGA NORMAL | N1: DISKON | O1: HARGA PROMO | P1: DISCOUNT TYPE
A2: 2024 Q1 SHIRT DEN WOVEN PANTS (Exclude KI) D80 | B2: ='2023 H2 3342 D80'!B2 -> 46086 | C2: ='2023 H2 3342 D80'!C2 -> 46092 | D2: 3342 | E2: 333 | F2: 3 | G2: WOVEN SHIRT | H2: SUMBER SELARAS ABADI PT.-81642 | I2: ANYDAY | J2: 10611591 | K2: SSRSSLDG | L2: SS SHIRT REGULAR SOLID SSRSSLDG:FOREST GREEN:S:SOLID:SS SHIRT | M2: 149900 | N2: 0.8 | O2: =M2-(M2*N2) -> 29980 | P2: PERCENTAGE
A3: 2024 Q1 SHIRT DEN WOVEN PANTS (Exclude KI) D80 | B3: =B2 -> 46086 | C3: =C2 -> 46092 | D3: 3342 | E3: 333 | F3: 3 | G3: WOVEN SHIRT | H3: SUMBER SELARAS ABADI PT.-81642 | I3: ANYDAY | J3: 10611608 | K3: SSRSSLDG | L3: SS SHIRT REGULAR SOLID SSRSSLDG:FOREST GREEN:M:SOLID:SS SHIRT | M3: 149900 | N3: 0.8 | O3: =M3-(M3*N3) -> 29980 | P3: PERCENTAGE
A4: 2024 Q1 SHIRT DEN WOVEN PANTS (Exclude KI) D80 | B4: =B3 -> 46086 | C4: =C3 -> 46092 | D4: 3342 | E4: 333 | F4: 3 | G4: WOVEN SHIRT | H4: SUMBER SELARAS ABADI PT.-81642 | I4: ANYDAY | J4: 10611617 | K4: SSRSSLDG | L4: SS SHIRT REGULAR SOLID SSRSSLDG:FOREST GREEN:L:SOLID:SS SHIRT | M4: 149900 | N4: 0.8 | O4: =M4-(M4*N4) -> 29980 | P4: PERCENTAGE
A5: 2024 Q1 SHIRT DEN WOVEN PANTS (Exclude KI) D80 | B5: =B4 -> 46086 | C5: =C4 -> 46092 | D5: 3342 | E5: 333 | F5: 3 | G5: WOVEN SHIRT | H5: SUMBER SELARAS ABADI PT.-81642 | I5: ANYDAY | J5: 10611626 | K5: SSRSSLDG | L5: SS SHIRT REGULAR SOLID SSRSSLDG:FOREST GREEN:XL:SOLID:SS SHIRT | M5: 149900 | N5: 0.8 | O5: =M5-(M5*N5) -> 29980 | P5: PERCENTAGE
A6: 2024 Q1 SHIRT DEN WOVEN PANTS (Exclude KI) D80 | B6: =B5 -> 46086 | C6: =C5 -> 46092 | D6: 3342 | E6: 333 | F6: 3 | G6: WOVEN SHIRT | H6: SUMBER SELARAS ABADI PT.-81642 | I6: ANYDAY | J6: 10611671 | K6: SSRSSLDM | L6: SS SHIRT REGULAR SOLID SSRSSLDM:RUSTIC BROWN:S:SOLID:SS SHIRT | M6: 149900 | N6: 0.8 | O6: =M6-(M6*N6) -> 29980 | P6: PERCENTAGE
A7: 2024 Q1 SHIRT DEN WOVEN PANTS (Exclude KI) D80 | B7: =B6 -> 46086 | C7: =C6 -> 46092 | D7: 3342 | E7: 333 | F7: 3 | G7: WOVEN SHIRT | H7: SUMBER SELARAS ABADI PT.-81642 | I7: ANYDAY | J7: 10611680 | K7: SSRSSLDM | L7: SS SHIRT REGULAR SOLID SSRSSLDM:RUSTIC BROWN:M:SOLID:SS SHIRT | M7: 149900 | N7: 0.8 | O7: =M7-(M7*N7) -> 29980 | P7: PERCENTAGE
A8: 2024 Q1 SHIRT DEN WOVEN PANTS (Exclude KI) D80 | B8: =B7 -> 46086 | C8: =C7 -> 46092 | D8: 3342 | E8: 333 | F8: 3 | G8: WOVEN SHIRT | H8: SUMBER SELARAS ABADI PT.-81642 | I8: ANYDAY | J8: 10611699 | K8: SSRSSLDM | L8: SS SHIRT REGULAR SOLID SSRSSLDM:RUSTIC BROWN:L:SOLID:SS SHIRT | M8: 149900 | N8: 0.8 | O8: =M8-(M8*N8) -> 29980 | P8: PERCENTAGE
A9: 2024 Q1 SHIRT DEN WOVEN PANTS (Exclude KI) D80 | B9: =B8 -> 46086 | C9: =C8 -> 46092 | D9: 3342 | E9: 333 | F9: 3 | G9: WOVEN SHIRT | H9: SUMBER SELARAS ABADI PT.-81642 | I9: ANYDAY | J9: 10611706 | K9: SSRSSLDM | L9: SS SHIRT REGULAR SOLID SSRSSLDM:RUSTIC BROWN:XL:SOLID:SS SHIRT | M9: 149900 | N9: 0.8 | O9: =M9-(M9*N9) -> 29980 | P9: PERCENTAGE
A10: 2024 Q1 SHIRT DEN WOVEN PANTS (Exclude KI) D80 | B10: =B9 -> 46086 | C10: =C9 -> 46092 | D10: 3342 | E10: 333 | F10: 3 | G10: WOVEN SHIRT | H10: SUMBER SELARAS ABADI PT.-81642 | I10: ANYDAY | J10: 10611715 | K10: SSRSCHMB | L10: SS SHIRT REGULAR MEDIUM CHECKS SSRSCHMB:INDIGO BLUE:S:CHECKS:SS SHIRT | M10: 149900 | N10: 0.8 | O10: =M10-(M10*N10) -> 29980 | P10: PERCENTAGE
A11: 2024 Q1 SHIRT DEN WOVEN PANTS (Exclude KI) D80 | B11: =B10 -> 46086 | C11: =C10 -> 46092 | D11: 3342 | E11: 333 | F11: 3 | G11: WOVEN SHIRT | H11: SUMBER SELARAS ABADI PT.-81642 | I11: ANYDAY | J11: 10611724 | K11: SSRSCHMB | L11: SS SHIRT REGULAR MEDIUM CHECKS SSRSCHMB:INDIGO BLUE:M:CHECKS:SS SHIRT | M11: 149900 | N11: 0.8 | O11: =M11-(M11*N11) -> 29980 | P11: PERCENTAGE
A12: 2024 Q1 SHIRT DEN WOVEN PANTS (Exclude KI) D80 | B12: =B11 -> 46086 | C12: =C11 -> 46092 | D12: 3342 | E12: 333 | F12: 3 | G12: WOVEN SHIRT | H12: SUMBER SELARAS ABADI PT.-81642 | I12: ANYDAY | J12: 10611733 | K12: SSRSCHMB | L12: SS SHIRT REGULAR MEDIUM CHECKS SSRSCHMB:INDIGO BLUE:L:CHECKS:SS SHIRT | M12: 149900 | N12: 0.8 | O12: =M12-(M12*N12) -> 29980 | P12: PERCENTAGE
A13: 2024 Q1 SHIRT DEN WOVEN PANTS (Exclude KI) D80 | B13: =B12 -> 46086 | C13: =C12 -> 46092 | D13: 3342 | E13: 333 | F13: 3 | G13: WOVEN SHIRT | H13: SUMBER SELARAS ABADI PT.-81642 | I13: ANYDAY | J13: 10611742 | K13: SSRSCHMB | L13: SS SHIRT REGULAR MEDIUM CHECKS SSRSCHMB:INDIGO BLUE:XL:CHECKS:SS SHIRT | M13: 149900 | N13: 0.8 | O13: =M13-(M13*N13) -> 29980 | P13: PERCENTAGE
A14: 2024 Q1 SHIRT DEN WOVEN PANTS (Exclude KI) D80 | B14: =B13 -> 46086 | C14: =C13 -> 46092 | D14: 3342 | E14: 333 | F14: 3 | G14: WOVEN SHIRT | H14: SUMBER SELARAS ABADI PT.-81642 | I14: ANYDAY | J14: 10611751 | K14: SSRSCHMR | L14: SS SHIRT REGULAR MEDIUM CHECKS SSRSCHMR:CLASSIC RED:S:CHECKS:SS SHIRT | M14: 149900 | N14: 0.8 | O14: =M14-(M14*N14) -> 29980 | P14: PERCENTAGE
... A107: 2024 Q1 SHIRT DEN WOVEN PANTS (Exclude KI) D80 | B107: =B106 -> 46086 | C107: =C106 -> 46092 | D107: 3342 | E107: 333 | F107: 3 | G107: WOVEN BOTTOM | H107: MITRA PERINTIS MERDEKA PT | I107: ANYDAY | J107: 16099108 | K107: SPRWVMNV | L107: SHORT PANTS WOVEN WITH DRAWSTRING SPRWVMNV:NAVY BLUE:38:SOLID:SHORT PANTS | M107: 179900 | N107: 0.8 | O107: =M107-(M107*N107) -> 35980 | P107: PERCENTAGE

Sheet 2024 H1 3342 ALL ITEM D80
A1: ACARA | B1: FROM DATE | C1: TO DATE | D1: DEPT | E1: WORLD | F1: DIVISION | G1: CLASS | H1: SUPPLIER | I1: BRAND | J1: SKU | K1: ARTICLE | L1: DESCRIPTION | M1: HARGA NORMAL | N1: DISKON | O1: HARGA PROMO | P1: DISCOUNT TYPE
A2: 2024 H1 All Items KI/RO Continue D80 | B2: ='2023 H2 3342 D80'!B2 -> 46086 | C2: ='2023 H2 3342 D80'!C2 -> 46092 | D2: 3342 | E2: 333 | F2: 3 | G2: KI POLO | H2: ALBY KARYA NUSANTARA PT.-81781 | I2: ANYDAY | J2: 10611233 | K2: POLSLDBN | L2: SS POLO SHIRT SOLID POLSLDBN:NAVY BLUE:S:SOLID:SS POLO SHIRT | M2: 99900 | N2: 0.8 | O2: =M2-(M2*N2) -> 19980 | P2: PERCENTAGE
A3: 2024 H1 All Items KI/RO Continue D80 | B3: =B2 -> 46086 | C3: =C2 -> 46092 | D3: 3342 | E3: 333 | F3: 3 | G3: KI POLO | H3: ALBY KARYA NUSANTARA PT.-81781 | I3: ANYDAY | J3: 10611242 | K3: POLSLDBN | L3: SS POLO SHIRT SOLID POLSLDBN:NAVY BLUE:M:SOLID:SS POLO SHIRT | M3: 99900 | N3: 0.8 | O3: =M3-(M3*N3) -> 19980 | P3: PERCENTAGE
A4: 2024 H1 All Items KI/RO Continue D80 | B4: =B3 -> 46086 | C4: =C3 -> 46092 | D4: 3342 | E4: 333 | F4: 3 | G4: KI POLO | H4: ALBY KARYA NUSANTARA PT.-81781 | I4: ANYDAY | J4: 10611251 | K4: POLSLDBN | L4: SS POLO SHIRT SOLID POLSLDBN:NAVY BLUE:L:SOLID:SS POLO SHIRT | M4: 99900 | N4: 0.8 | O4: =M4-(M4*N4) -> 19980 | P4: PERCENTAGE
A5: 2024 H1 All Items KI/RO Continue D80 | B5: =B4 -> 46086 | C5: =C4 -> 46092 | D5: 3342 | E5: 333 | F5: 3 | G5: KI POLO | H5: ALBY KARYA NUSANTARA PT.-81781 | I5: ANYDAY | J5: 10611260 | K5: POLSLDBN | L5: SS POLO SHIRT SOLID POLSLDBN:NAVY BLUE:XL:SOLID:SS POLO SHIRT | M5: 99900 | N5: 0.8 | O5: =M5-(M5*N5) -> 19980 | P5: PERCENTAGE
A6: 2024 H1 All Items KI/RO Continue D80 | B6: =B5 -> 46086 | C6: =C5 -> 46092 | D6: 3342 | E6: 333 | F6: 3 | G6: KI POLO | H6: ALBY KARYA NUSANTARA PT.-81781 | I6: ANYDAY | J6: 10611279 | K6: POLSLDBM | L6: SS POLO SHIRT SOLID POLSLDBM:MAROON:S:SOLID:SS POLO SHIRT | M6: 99900 | N6: 0.8 | O6: =M6-(M6*N6) -> 19980 | P6: PERCENTAGE
A7: 2024 H1 All Items KI/RO Continue D80 | B7: =B6 -> 46086 | C7: =C6 -> 46092 | D7: 3342 | E7: 333 | F7: 3 | G7: KI POLO | H7: ALBY KARYA NUSANTARA PT.-81781 | I7: ANYDAY | J7: 10611288 | K7: POLSLDBM | L7: SS POLO SHIRT SOLID POLSLDBM:MAROON:M:SOLID:SS POLO SHIRT | M7: 99900 | N7: 0.8 | O7: =M7-(M7*N7) -> 19980 | P7: PERCENTAGE
A8: 2024 H1 All Items KI/RO Continue D80 | B8: =B7 -> 46086 | C8: =C7 -> 46092 | D8: 3342 | E8: 333 | F8: 3 | G8: KI POLO | H8: ALBY KARYA NUSANTARA PT.-81781 | I8: ANYDAY | J8: 10611297 | K8: POLSLDBM | L8: SS POLO SHIRT SOLID POLSLDBM:MAROON:L:SOLID:SS POLO SHIRT | M8: 99900 | N8: 0.8 | O8: =M8-(M8*N8) -> 19980 | P8: PERCENTAGE
A9: 2024 H1 All Items KI/RO Continue D80 | B9: =B8 -> 46086 | C9: =C8 -> 46092 | D9: 3342 | E9: 333 | F9: 3 | G9: KI POLO | H9: ALBY KARYA NUSANTARA PT.-81781 | I9: ANYDAY | J9: 10611304 | K9: POLSLDBM | L9: SS POLO SHIRT SOLID POLSLDBM:MAROON:XL:SOLID:SS POLO SHIRT | M9: 99900 | N9: 0.8 | O9: =M9-(M9*N9) -> 19980 | P9: PERCENTAGE
A10: 2024 H1 All Items KI/RO Continue D80 | B10: =B9 -> 46086 | C10: =C9 -> 46092 | D10: 3342 | E10: 333 | F10: 3 | G10: KI POLO | H10: ALBY KARYA NUSANTARA PT.-81781 | I10: ANYDAY | J10: 16009437 | K10: PLSBSLDN | L10: SS POLO SHIRT SOLID PLSBSLDN:NAVY BLUE:S:SOLID:SS POLO SHIRT | M10: 99900 | N10: 0.8 | O10: =M10-(M10*N10) -> 19980 | P10: PERCENTAGE
A11: 2024 H1 All Items KI/RO Continue D80 | B11: =B10 -> 46086 | C11: =C10 -> 46092 | D11: 3342 | E11: 333 | F11: 3 | G11: KI POLO | H11: ALBY KARYA NUSANTARA PT.-81781 | I11: ANYDAY | J11: 16009446 | K11: PLSBSLDN | L11: SS POLO SHIRT SOLID PLSBSLDN:NAVY BLUE:M:SOLID:SS POLO SHIRT | M11: 99900 | N11: 0.8 | O11: =M11-(M11*N11) -> 19980 | P11: PERCENTAGE
A12: 2024 H1 All Items KI/RO Continue D80 | B12: =B11 -> 46086 | C12: =C11 -> 46092 | D12: 3342 | E12: 333 | F12: 3 | G12: KI POLO | H12: ALBY KARYA NUSANTARA PT.-81781 | I12: ANYDAY | J12: 16009455 | K12: PLSBSLDN | L12: SS POLO SHIRT SOLID PLSBSLDN:NAVY BLUE:L:SOLID:SS POLO SHIRT | M12: 99900 | N12: 0.8 | O12: =M12-(M12*N12) -> 19980 | P12: PERCENTAGE
A13: 2024 H1 All Items KI/RO Continue D80 | B13: =B12 -> 46086 | C13: =C12 -> 46092 | D13: 3342 | E13: 333 | F13: 3 | G13: KI POLO | H13: ALBY KARYA NUSANTARA PT.-81781 | I13: ANYDAY | J13: 16009464 | K13: PLSBSLDN | L13: SS POLO SHIRT SOLID PLSBSLDN:NAVY BLUE:XL:SOLID:SS POLO SHIRT | M13: 99900 | N13: 0.8 | O13: =M13-(M13*N13) -> 19980 | P13: PERCENTAGE
A14: 2024 H1 All Items KI/RO Continue D80 | B14: =B13 -> 46086 | C14: =C13 -> 46092 | D14: 3342 | E14: 333 | F14: 3 | G14: KI POLO | H14: ALBY KARYA NUSANTARA PT.-81781 | I14: ANYDAY | J14: 16009473 | K14: PLSBSLDB | L14: SS POLO SHIRT SOLID PLSBSLDB:BLACK:S:SOLID:SS POLO SHIRT | M14: 99900 | N14: 0.8 | O14: =M14-(M14*N14) -> 19980 | P14: PERCENTAGE
... A45: 2024 H1 All Items KI/RO Continue D80 | B45: =B44 -> 46086 | C45: =C44 -> 46092 | D45: 3342 | E45: 333 | F45: 3 | G45: KI T-SHIRT | H45: MITRA GARMINDO CV- 81462 | I45: ANYDAY | J45: 16128639 | K45: KITSMBSD | L45: SS T-SHIRT SOLID PE KITSMBSD:GOLDEN BROWN:XL:SOLID:SS T-SHIRT | M45: 59900 | N45: 0.8 | O45: =M45-(M45*N45) -> 11980 | P45: PERCENTAGE
