Workbook

Sheet NORMAL PRICE
A1: ACARA | B1: FROM DATE | C1: TO DATE | D1: DEPT | E1: WORLD | F1: DIVISION | G1: CLASS | H1: SUPPLIER | I1: BRAND | J1: SKU | K1: ARTICLE | L1: DESCRIPTION | M1: HARGA NORMAL | N1: DISKON | O1: HARGA PROMO | P1: DISCOUNT TYPE
A2: 2024-2025 ALL CLASS NORMAL PRICE | B2: ='SP179'!$B$62 -> 46086 | C2: ='SP179'!$C$62 -> 46092 | D2: 3343 | E2: 346 | F2: 5 | G2: 2 | I2: SUKO | J2: 15730168 | K2: W2M254A6 | L2: CELANA ANKLE RELAX PANTS SMART WAISTBAND WOVEN BOTTOM RELAX FIT W2M254A6:BLACK:S:SOLID:CELANA ANKLE | M2: 299900 | N2: 0 | O2: NORMAL PRICE | P2: AMOUNT
A3: 2024-2025 ALL CLASS NORMAL PRICE | B3: ='SP179'!$B$62 -> 46086 | C3: ='SP179'!$C$62 -> 46092 | D3: 3343 | E3: 346 | F3: 5 | G3: 2 | I3: SUKO | J3: 15730177 | K3: W2M254A6 | L3: CELANA ANKLE RELAX PANTS SMART WAISTBAND WOVEN BOTTOM RELAX FIT W2M254A6:BLACK:M:SOLID:CELANA ANKLE | M3: 299900 | N3: 0 | O3: NORMAL PRICE | P3: AMOUNT
A4: 2024-2025 ALL CLASS NORMAL PRICE | B4: ='SP179'!$B$62 -> 46086 | C4: ='SP179'!$C$62 -> 46092 | D4: 3343 | E4: 346 | F4: 5 | G4: 2 | I4: SUKO | J4: 15730186 | K4: W2M254A6 | L4: CELANA ANKLE RELAX PANTS SMART WAISTBAND WOVEN BOTTOM RELAX FIT W2M254A6:BLACK:L:SOLID:CELANA ANKLE | M4: 299900 | N4: 0 | O4: NORMAL PRICE | P4: AMOUNT
A5: 2024-2025 ALL CLASS NORMAL PRICE | B5: ='SP179'!$B$62 -> 46086 | C5: ='SP179'!$C$62 -> 46092 | D5: 3343 | E5: 346 | F5: 5 | G5: 2 | I5: SUKO | J5: 15730195 | K5: W2M254A6 | L5: CELANA ANKLE RELAX PANTS SMART WAISTBAND WOVEN BOTTOM RELAX FIT W2M254A6:BLACK:XL:SOLID:CELANA ANKLE | M5: 299900 | N5: 0 | O5: NORMAL PRICE | P5: AMOUNT
A6: 2024-2025 ALL CLASS NORMAL PRICE | B6: ='SP179'!$B$62 -> 46086 | C6: ='SP179'!$C$62 -> 46092 | D6: 3343 | E6: 346 | F6: 5 | G6: 2 | I6: SUKO | J6: 15730202 | K6: W2M254A6 | L6: CELANA ANKLE RELAX PANTS SMART WAISTBAND WOVEN BOTTOM RELAX FIT W2M254A6:CHARCOAL:S:SOLID:CELANA ANK | M6: 299900 | N6: 0 | O6: NORMAL PRICE | P6: AMOUNT
A7: 2024-2025 ALL CLASS NORMAL PRICE | B7: ='SP179'!$B$62 -> 46086 | C7: ='SP179'!$C$62 -> 46092 | D7: 3343 | E7: 346 | F7: 5 | G7: 2 | I7: SUKO | J7: 15730211 | K7: W2M254A6 | L7: CELANA ANKLE RELAX PANTS SMART WAISTBAND WOVEN BOTTOM RELAX FIT W2M254A6:CHARCOAL:M:SOLID:CELANA ANK | M7: 299900 | N7: 0 | O7: NORMAL PRICE | P7: AMOUNT
A8: 2024-2025 ALL CLASS NORMAL PRICE | B8: ='SP179'!$B$62 -> 46086 | C8: ='SP179'!$C$62 -> 46092 | D8: 3343 | E8: 346 | F8: 5 | G8: 2 | I8: SUKO | J8: 15730220 | K8: W2M254A6 | L8: CELANA ANKLE RELAX PANTS SMART WAISTBAND WOVEN BOTTOM RELAX FIT W2M254A6:CHARCOAL:L:SOLID:CELANA ANK | M8: 299900 | N8: 0 | O8: NORMAL PRICE | P8: AMOUNT
A9: 2024-2025 ALL CLASS NORMAL PRICE | B9: ='SP179'!$B$62 -> 46086 | C9: ='SP179'!$C$62 -> 46092 | D9: 3343 | E9: 346 | F9: 5 | G9: 2 | I9: SUKO | J9: 15730239 | K9: W2M254A6 | L9: CELANA ANKLE RELAX PANTS SMART WAISTBAND WOVEN BOTTOM RELAX FIT W2M254A6:CHARCOAL:XL:SOLID:CELANA AN | M9: 299900 | N9: 0 | O9: NORMAL PRICE | P9: AMOUNT
A10: 2024-2025 ALL CLASS NORMAL PRICE | B10: ='SP179'!$B$62 -> 46086 | C10: ='SP179'!$C$62 -> 46092 | D10: 3343 | E10: 346 | F10: 5 | G10: 5 | I10: SUKO | J10: 51539558 | K10: P1M835A1 | L10: KEMEJA SS POLO SOLID FULL BUTTON LENGAN PENDEK P1M835A1:BLACK:S:SOLID:KEMEJA | M10: 249900 | N10: 0 | O10: NORMAL PRICE | P10: AMOUNT
A11: 2024-2025 ALL CLASS NORMAL PRICE | B11: ='SP179'!$B$62 -> 46086 | C11: ='SP179'!$C$62 -> 46092 | D11: 3343 | E11: 346 | F11: 5 | G11: 5 | I11: SUKO | J11: 51539567 | K11: P1M835A1 | L11: KEMEJA SS POLO SOLID FULL BUTTON LENGAN PENDEK P1M835A1:BLACK:M:SOLID:KEMEJA | M11: 249900 | N11: 0 | O11: NORMAL PRICE | P11: AMOUNT
A12: 2024-2025 ALL CLASS NORMAL PRICE | B12: ='SP179'!$B$62 -> 46086 | C12: ='SP179'!$C$62 -> 46092 | D12: 3343 | E12: 346 | F12: 5 | G12: 5 | I12: SUKO | J12: 51539576 | K12: P1M835A1 | L12: KEMEJA SS POLO SOLID FULL BUTTON LENGAN PENDEK P1M835A1:BLACK:L:SOLID:KEMEJA | M12: 249900 | N12: 0 | O12: NORMAL PRICE | P12: AMOUNT
A13: 2024-2025 ALL CLASS NORMAL PRICE | B13: ='SP179'!$B$62 -> 46086 | C13: ='SP179'!$C$62 -> 46092 | D13: 3343 | E13: 346 | F13: 5 | G13: 5 | I13: SUKO | J13: 51539585 | K13: P1M835A1 | L13: KEMEJA SS POLO SOLID FULL BUTTON LENGAN PENDEK P1M835A1:BLACK:XL:SOLID:KEMEJA | M13: 249900 | N13: 0 | O13: NORMAL PRICE | P13: AMOUNT
... A97: 2024-2025 ALL CLASS NORMAL PRICE | B97: ='SP179'!$B$62 -> 46086 | C97: ='SP179'!$C$62 -> 46092 | D97: 3343 | E97: 346 | F97: 5 | G97: 3 | I97: SUKO | J97: 61549895 | K97: O1M654J4 | L97: JAKET COMFORT 2 KANCING LENGAN PANJANG O1M654J4:MISTY LIGHT GREY:XL:SOLID:JAKET COMFORT 2 KANCING | M97: 699900 | N97: 0 | O97: NORMAL PRICE | P97: AMOUNT

Sheet SP299
A1: ACARA | B1: FROM DATE | C1: TO DATE | D1: DEPT | E1: WORLD | F1: DIVISION | G1: CLASS | H1: SUPPLIER | I1: BRAND | J1: SKU | K1: ARTICLE | L1: DESCRIPTION | M1: HARGA NORMAL | N1: DISKON | O1: HARGA PROMO | P1: DISCOUNT TYPE
A2: 2024-2025 WOVEN BOTTOM, KI SP299 | B2: ='SP179'!$B$62 -> 46086 | C2: ='SP179'!$C$62 -> 46092 | D2: 3343 | E2: 346 | F2: 5 | G2: 2 | I2: SUKO | J2: 22616877 | K2: W2M384D1 | L2: CELANA PANJANG CHINOS KERJA W2M384D1:BLACK:S:SOLID:CELANA PANJANG CHINOS | M2: 379900 | N2: SP | O2: 299000 | P2: SPECIAL PRICE
A3: 2024-2025 WOVEN BOTTOM, KI SP299 | B3: ='SP179'!$B$62 -> 46086 | C3: ='SP179'!$C$62 -> 46092 | D3: 3343 | E3: 346 | F3: 5 | G3: 2 | I3: SUKO | J3: 22616886 | K3: W2M384D1 | L3: CELANA PANJANG CHINOS KERJA W2M384D1:BLACK:M:SOLID:CELANA PANJANG CHINOS | M3: 379900 | N3: SP | O3: 299000 | P3: SPECIAL PRICE
A4: 2024-2025 WOVEN BOTTOM, KI SP299 | B4: ='SP179'!$B$62 -> 46086 | C4: ='SP179'!$C$62 -> 46092 | D4: 3343 | E4: 346 | F4: 5 | G4: 2 | I4: SUKO | J4: 22616895 | K4: W2M384D1 | L4: CELANA PANJANG CHINOS KERJA W2M384D1:BLACK:L:SOLID:CELANA PANJANG CHINOS | M4: 379900 | N4: SP | O4: 299000 | P4: SPECIAL PRICE
A5: 2024-2025 WOVEN BOTTOM, KI SP299 | B5: ='SP179'!$B$62 -> 46086 | C5: ='SP179'!$C$62 -> 46092 | D5: 3343 | E5: 346 | F5: 5 | G5: 2 | I5: SUKO | J5: 22616902 | K5: W2M384D1 | L5: CELANA PANJANG CHINOS KERJA W2M384D1:BLACK:XL:SOLID:CELANA PANJANG CHINOS | M5: 379900 | N5: SP | O5: 299000 | P5: SPECIAL PRICE
A6: 2024-2025 WOVEN BOTTOM, KI SP299 | B6: ='SP179'!$B$62 -> 46086 | C6: ='SP179'!$C$62 -> 46092 | D6: 3343 | E6: 346 | F6: 5 | G6: 2 | I6: SUKO | J6: 22616420 | K6: W2M384D1 | L6: CELANA PANJANG CHINOS KERJA W2M384D1:CACTUS GREEN:S:SOLID:CELANA PANJANG CHINOS | M6: 379900 | N6: SP | O6: 299000 | P6: SPECIAL PRICE
A7: 2024-2025 WOVEN BOTTOM, KI SP299 | B7: ='SP179'!$B$62 -> 46086 | C7: ='SP179'!$C$62 -> 46092 | D7: 3343 | E7: 346 | F7: 5 | G7: 2 | I7: SUKO | J7: 22616439 | K7: W2M384D1 | L7: CELANA PANJANG CHINOS KERJA W2M384D1:CACTUS GREEN:M:SOLID:CELANA PANJANG CHINOS | M7: 379900 | N7: SP | O7: 299000 | P7: SPECIAL PRICE
A8: 2024-2025 WOVEN BOTTOM, KI SP299 | B8: ='SP179'!$B$62 -> 46086 | C8: ='SP179'!$C$62 -> 46092 | D8: 3343 | E8: 346 | F8: 5 | G8: 2 | I8: SUKO | J8: 22616608 | K8: W2M384D1 | L8: CELANA PANJANG CHINOS KERJA W2M384D1:CACTUS GREEN:L:SOLID:CELANA PANJANG CHINOS | M8: 379900 | N8: SP | O8: 299000 | P8: SPECIAL PRICE
A9: 2024-2025 WOVEN BOTTOM, KI SP299 | B9: ='SP179'!$B$62 -> 46086 | C9: ='SP179'!$C$62 -> 46092 | D9: 3343 | E9: 346 | F9: 5 | G9: 2 | I9: SUKO | J9: 22616617 | K9: W2M384D1 | L9: CELANA PANJANG CHINOS KERJA W2M384D1:CACTUS GREEN:XL:SOLID:CELANA PANJANG CHINOS | M9: 379900 | N9: SP | O9: 299000 | P9: SPECIAL PRICE
A10: 2024-2025 WOVEN BOTTOM, KI SP299 | B10: ='SP179'!$B$62 -> 46086 | C10: ='SP179'!$C$62 -> 46092 | D10: 3343 | E10: 346 | F10: 5 | G10: 2 | I10: SUKO | J10: 22616626 | K10: W2M384D1 | L10: CELANA PANJANG CHINOS KERJA W2M384D1:KHAKI:S:SOLID:CELANA PANJANG CHINOS | M10: 379900 | N10: SP | O10: 299000 | P10: SPECIAL PRICE
A11: 2024-2025 WOVEN BOTTOM, KI SP299 | B11: ='SP179'!$B$62 -> 46086 | C11: ='SP179'!$C$62 -> 46092 | D11: 3343 | E11: 346 | F11: 5 | G11: 2 | I11: SUKO | J11: 22616635 | K11: W2M384D1 | L11: CELANA PANJANG CHINOS KERJA W2M384D1:KHAKI:M:SOLID:CELANA PANJANG CHINOS | M11: 379900 | N11: SP | O11: 299000 | P11: SPECIAL PRICE
A12: 2024-2025 WOVEN BOTTOM, KI SP299 | B12: ='SP179'!$B$62 -> 46086 | C12: ='SP179'!$C$62 -> 46092 | D12: 3343 | E12: 346 | F12: 5 | G12: 2 | I12: SUKO | J12: 22616859 | K12: W2M384D1 | L12: CELANA PANJANG CHINOS KERJA W2M384D1:KHAKI:L:SOLID:CELANA PANJANG CHINOS | M12: 379900 | N12: SP | O12: 299000 | P12: SPECIAL PRICE
A13: 2024-2025 WOVEN BOTTOM, KI SP299 | B13: ='SP179'!$B$62 -> 46086 | C13: ='SP179'!$C$62 -> 46092 | D13: 3343 | E13: 346 | F13: 5 | G13: 2 | I13: SUKO | J13: 22616868 | K13: W2M384D1 | L13: CELANA PANJANG CHINOS KERJA W2M384D1:KHAKI:XL:SOLID:CELANA PANJANG CHINOS | M13: 379900 | N13: SP | O13: 299000 | P13: SPECIAL PRICE
... A33: 2024-2025 WOVEN BOTTOM, KI SP299 | B33: ='SP179'!$B$62 -> 46086 | C33: ='SP179'!$C$62 -> 46092 | D33: 3343 | E33: 346 | F33: 5 | G33: 5 | I33: SUKO | J33: 45412393 | K33: W2M594J1 | L33: CELANA PANJANG CHINOS SLIM FIT W2M594J1:OLIVE:XL:SOLID:CELANA PANJANG CHINOS | M33: 379900 | N33: SP | O33: 299000 | P33: SPECIAL PRICE

Sheet SP199
A1: ACARA | B1: FROM DATE | C1: TO DATE | D1: DEPT | E1: WORLD | F1: DIVISION | G1: CLASS | H1: SUPPLIER | I1: BRAND | J1: SKU | K1: ARTICLE | L1: DESCRIPTION | M1: HARGA NORMAL | N1: DISKON | O1: HARGA PROMO | P1: DISCOUNT TYPE
A2: 2024-2025 KI SP199 | B2: ='SP179'!$B$62 -> 46086 | C2: ='SP179'!$C$62 -> 46092 | D2: 3343 | E2: 346 | F2: 5 | G2: 5 | I2: SUKO | J2: 45424497 | K2: S2M364D1 | L2: KEMEJA OXFORD WOVEN TOP LS SHIRT SOLID LENGAN PANJANG S2M364D1:JADE:S:SOLID:KEMEJA OXFORD | M2: 269900 | N2: SP | O2: 199000 | P2: SPECIAL PRICE
A3: 2024-2025 KI SP199 | B3: ='SP179'!$B$62 -> 46086 | C3: ='SP179'!$C$62 -> 46092 | D3: 3343 | E3: 346 | F3: 5 | G3: 5 | I3: SUKO | J3: 45424504 | K3: S2M364D1 | L3: KEMEJA OXFORD WOVEN TOP LS SHIRT SOLID LENGAN PANJANG S2M364D1:JADE:M:SOLID:KEMEJA OXFORD | M3: 269900 | N3: SP | O3: 199000 | P3: SPECIAL PRICE
A4: 2024-2025 KI SP199 | B4: ='SP179'!$B$62 -> 46086 | C4: ='SP179'!$C$62 -> 46092 | D4: 3343 | E4: 346 | F4: 5 | G4: 5 | I4: SUKO | J4: 45424513 | K4: S2M364D1 | L4: KEMEJA OXFORD WOVEN TOP LS SHIRT SOLID LENGAN PANJANG S2M364D1:JADE:L:SOLID:KEMEJA OXFORD | M4: 269900 | N4: SP | O4: 199000 | P4: SPECIAL PRICE
A5: 2024-2025 KI SP199 | B5: ='SP179'!$B$62 -> 46086 | C5: ='SP179'!$C$62 -> 46092 | D5: 3343 | E5: 346 | F5: 5 | G5: 5 | I5: SUKO | J5: 45424522 | K5: S2M364D1 | L5: KEMEJA OXFORD WOVEN TOP LS SHIRT SOLID LENGAN PANJANG S2M364D1:JADE:XL:SOLID:KEMEJA OXFORD | M5: 269900 | N5: SP | O5: 199000 | P5: SPECIAL PRICE
A6: 2024-2025 KI SP199 | B6: ='SP179'!$B$62 -> 46086 | C6: ='SP179'!$C$62 -> 46092 | D6: 3343 | E6: 346 | F6: 5 | G6: 5 | I6: SUKO | J6: 45424451 | K6: S2M364D1 | L6: KEMEJA OXFORD WOVEN TOP LS SHIRT SOLID LENGAN PANJANG S2M364D1:KHAKI:S:SOLID:KEMEJA OXFORD | M6: 269900 | N6: SP | O6: 199000 | P6: SPECIAL PRICE
A7: 2024-2025 KI SP199 | B7: ='SP179'!$B$62 -> 46086 | C7: ='SP179'!$C$62 -> 46092 | D7: 3343 | E7: 346 | F7: 5 | G7: 5 | I7: SUKO | J7: 45424460 | K7: S2M364D1 | L7: KEMEJA OXFORD WOVEN TOP LS SHIRT SOLID LENGAN PANJANG S2M364D1:KHAKI:M:SOLID:KEMEJA OXFORD | M7: 269900 | N7: SP | O7: 199000 | P7: SPECIAL PRICE
A8: 2024-2025 KI SP199 | B8: ='SP179'!$B$62 -> 46086 | C8: ='SP179'!$C$62 -> 46092 | D8: 3343 | E8: 346 | F8: 5 | G8: 5 | I8: SUKO | J8: 45424479 | K8: S2M364D1 | L8: KEMEJA OXFORD WOVEN TOP LS SHIRT SOLID LENGAN PANJANG S2M364D1:KHAKI:L:SOLID:KEMEJA OXFORD | M8: 269900 | N8: SP | O8: 199000 | P8: SPECIAL PRICE
A9: 2024-2025 KI SP199 | B9: ='SP179'!$B$62 -> 46086 | C9: ='SP179'!$C$62 -> 46092 | D9: 3343 | E9: 346 | F9: 5 | G9: 5 | I9: SUKO | J9: 45424488 | K9: S2M364D1 | L9: KEMEJA OXFORD WOVEN TOP LS SHIRT SOLID LENGAN PANJANG S2M364D1:KHAKI:XL:SOLID:KEMEJA OXFORD | M9: 269900 | N9: SP | O9: 199000 | P9: SPECIAL PRICE
A10: 2024-2025 KI SP199 | B10: ='SP179'!$B$62 -> 46086 | C10: ='SP179'!$C$62 -> 46092 | D10: 3343 | E10: 346 | F10: 5 | G10: 5 | I10: SUKO | J10: 18735809 | K10: S2M364D1 | L10: KEMEJA OXFORD WOVEN TOP LS SHIRT SOLID LENGAN PANJANG S2M364D1:LIGHT BLUE:S:SOLID:KEMEJA OXFORD | M10: 269900 | N10: SP | O10: 199000 | P10: SPECIAL PRICE
A11: 2024-2025 KI SP199 | B11: ='SP179'!$B$62 -> 46086 | C11: ='SP179'!$C$62 -> 46092 | D11: 3343 | E11: 346 | F11: 5 | G11: 5 | I11: SUKO | J11: 18735818 | K11: S2M364D1 | L11: KEMEJA OXFORD WOVEN TOP LS SHIRT SOLID LENGAN PANJANG S2M364D1:LIGHT BLUE:M:SOLID:KEMEJA OXFORD | M11: 269900 | N11: SP | O11: 199000 | P11: SPECIAL PRICE
A12: 2024-2025 KI SP199 | B12: ='SP179'!$B$62 -> 46086 | C12: ='SP179'!$C$62 -> 46092 | D12: 3343 | E12: 346 | F12: 5 | G12: 5 | I12: SUKO | J12: 18735827 | K12: S2M364D1 | L12: KEMEJA OXFORD WOVEN TOP LS SHIRT SOLID LENGAN PANJANG S2M364D1:LIGHT BLUE:L:SOLID:KEMEJA OXFORD | M12: 269900 | N12: SP | O12: 199000 | P12: SPECIAL PRICE
A13: 2024-2025 KI SP199 | B13: ='SP179'!$B$62 -> 46086 | C13: ='SP179'!$C$62 -> 46092 | D13: 3343 | E13: 346 | F13: 5 | G13: 5 | I13: SUKO | J13: 18735836 | K13: S2M364D1 | L13: KEMEJA OXFORD WOVEN TOP LS SHIRT SOLID LENGAN PANJANG S2M364D1:LIGHT BLUE:XL:SOLID:KEMEJA OXFORD | M13: 269900 | N13: SP | O13: 199000 | P13: SPECIAL PRICE
... A25: 2024-2025 KI SP199 | B25: ='SP179'!$B$62 -> 46086 | C25: ='SP179'!$C$62 -> 46092 | D25: 3343 | E25: 346 | F25: 5 | G25: 5 | I25: SUKO | J25: 18735792 | K25: S2M364D1 | L25: KEMEJA OXFORD WOVEN TOP LS SHIRT SOLID LENGAN PANJANG S2M364D1:WHITE:XL:SOLID:KEMEJA OXFORD | M25: 269900 | N25: SP | O25: 199000 | P25: SPECIAL PRICE

Sheet SP179
A1: ACARA | B1: FROM DATE | C1: TO DATE | D1: DEPT | E1: WORLD | F1: DIVISION | G1: CLASS | H1: SUPPLIER | I1: BRAND | J1: SKU | K1: ARTICLE | L1: DESCRIPTION | M1: HARGA NORMAL | N1: DISKON | O1: HARGA PROMO | P1: DISCOUNT TYPE
A2: 2024-2025 WOVEN TOP, KI SP179 | B2: ='SP179'!$B$62 -> 46086 | C2: ='SP179'!$C$62 -> 46092 | D2: 3343 | E2: 346 | F2: 5 | G2: 1 | I2: SUKO | J2: 22616206 | K2: S4M504G1 | L2: KEMEJA OXFORD STRIPE LENGAN PANJANG S4M504G1:PASTEL BLUE:S:SOLID:KEMEJA OXFORD | M2: 279900 | N2: SP | O2: 179000 | P2: SPECIAL PRICE
A3: 2024-2025 WOVEN TOP, KI SP179 | B3: ='SP179'!$B$62 -> 46086 | C3: ='SP179'!$C$62 -> 46092 | D3: 3343 | E3: 346 | F3: 5 | G3: 1 | I3: SUKO | J3: 22616215 | K3: S4M504G1 | L3: KEMEJA OXFORD STRIPE LENGAN PANJANG S4M504G1:PASTEL BLUE:M:SOLID:KEMEJA OXFORD | M3: 279900 | N3: SP | O3: 179000 | P3: SPECIAL PRICE
A4: 2024-2025 WOVEN TOP, KI SP179 | B4: ='SP179'!$B$62 -> 46086 | C4: ='SP179'!$C$62 -> 46092 | D4: 3343 | E4: 346 | F4: 5 | G4: 1 | I4: SUKO | J4: 22616402 | K4: S4M504G1 | L4: KEMEJA OXFORD STRIPE LENGAN PANJANG S4M504G1:PASTEL BLUE:L:SOLID:KEMEJA OXFORD | M4: 279900 | N4: SP | O4: 179000 | P4: SPECIAL PRICE
A5: 2024-2025 WOVEN TOP, KI SP179 | B5: ='SP179'!$B$62 -> 46086 | C5: ='SP179'!$C$62 -> 46092 | D5: 3343 | E5: 346 | F5: 5 | G5: 1 | I5: SUKO | J5: 22616411 | K5: S4M504G1 | L5: KEMEJA OXFORD STRIPE LENGAN PANJANG S4M504G1:PASTEL BLUE:XL:SOLID:KEMEJA OXFORD | M5: 279900 | N5: SP | O5: 179000 | P5: SPECIAL PRICE
A6: 2024-2025 WOVEN TOP, KI SP179 | B6: ='SP179'!$B$62 -> 46086 | C6: ='SP179'!$C$62 -> 46092 | D6: 3343 | E6: 346 | F6: 5 | G6: 1 | I6: SUKO | J6: 22615494 | K6: S4M504G1 | L6: KEMEJA OXFORD STRIPE LENGAN PANJANG S4M504G1:PASTEL GREY:S:SOLID:KEMEJA OXFORD | M6: 279900 | N6: SP | O6: 179000 | P6: SPECIAL PRICE
A7: 2024-2025 WOVEN TOP, KI SP179 | B7: ='SP179'!$B$62 -> 46086 | C7: ='SP179'!$C$62 -> 46092 | D7: 3343 | E7: 346 | F7: 5 | G7: 1 | I7: SUKO | J7: 22615501 | K7: S4M504G1 | L7: KEMEJA OXFORD STRIPE LENGAN PANJANG S4M504G1:PASTEL GREY:M:SOLID:KEMEJA OXFORD | M7: 279900 | N7: SP | O7: 179000 | P7: SPECIAL PRICE
A8: 2024-2025 WOVEN TOP, KI SP179 | B8: ='SP179'!$B$62 -> 46086 | C8: ='SP179'!$C$62 -> 46092 | D8: 3343 | E8: 346 | F8: 5 | G8: 1 | I8: SUKO | J8: 22616180 | K8: S4M504G1 | L8: KEMEJA OXFORD STRIPE LENGAN PANJANG S4M504G1:PASTEL GREY:L:SOLID:KEMEJA OXFORD | M8: 279900 | N8: SP | O8: 179000 | P8: SPECIAL PRICE
A9: 2024-2025 WOVEN TOP, KI SP179 | B9: ='SP179'!$B$62 -> 46086 | C9: ='SP179'!$C$62 -> 46092 | D9: 3343 | E9: 346 | F9: 5 | G9: 1 | I9: SUKO | J9: 22616199 | K9: S4M504G1 | L9: KEMEJA OXFORD STRIPE LENGAN PANJANG S4M504G1:PASTEL GREY:XL:SOLID:KEMEJA OXFORD | M9: 279900 | N9: SP | O9: 179000 | P9: SPECIAL PRICE
A10: 2024-2025 WOVEN TOP, KI SP179 | B10: ='SP179'!$B$62 -> 46086 | C10: ='SP179'!$C$62 -> 46092 | D10: 3343 | E10: 346 | F10: 5 | G10: 1 | I10: SUKO | J10: 23420746 | K10: S2M5B4H2 | L10: KEMEJA FINE KATUN EXTRA BROADCLOTH SOLID LENGAN PANJANG S2M5B4H2:BLACK:S:SOLID:KEMEJA FINE KATUN | M10: 299900 | N10: SP | O10: 179000 | P10: SPECIAL PRICE
A11: 2024-2025 WOVEN TOP, KI SP179 | B11: ='SP179'!$B$62 -> 46086 | C11: ='SP179'!$C$62 -> 46092 | D11: 3343 | E11: 346 | F11: 5 | G11: 1 | I11: SUKO | J11: 23420755 | K11: S2M5B4H2 | L11: KEMEJA FINE KATUN EXTRA BROADCLOTH SOLID LENGAN PANJANG S2M5B4H2:BLACK:M:SOLID:KEMEJA FINE KATUN | M11: 299900 | N11: SP | O11: 179000 | P11: SPECIAL PRICE
A12: 2024-2025 WOVEN TOP, KI SP179 | B12: ='SP179'!$B$62 -> 46086 | C12: ='SP179'!$C$62 -> 46092 | D12: 3343 | E12: 346 | F12: 5 | G12: 1 | I12: SUKO | J12: 23420764 | K12: S2M5B4H2 | L12: KEMEJA FINE KATUN EXTRA BROADCLOTH SOLID LENGAN PANJANG S2M5B4H2:BLACK:L:SOLID:KEMEJA FINE KATUN | M12: 299900 | N12: SP | O12: 179000 | P12: SPECIAL PRICE
A13: 2024-2025 WOVEN TOP, KI SP179 | B13: ='SP179'!$B$62 -> 46086 | C13: ='SP179'!$C$62 -> 46092 | D13: 3343 | E13: 346 | F13: 5 | G13: 1 | I13: SUKO | J13: 23420773 | K13: S2M5B4H2 | L13: KEMEJA FINE KATUN EXTRA BROADCLOTH SOLID LENGAN PANJANG S2M5B4H2:BLACK:XL:SOLID:KEMEJA FINE KATUN | M13: 299900 | N13: SP | O13: 179000 | P13: SPECIAL PRICE
... A61: 2024-2025 WOVEN TOP, KI SP179 | B61: ='SP179'!$B$62 -> 46086 | C61: ='SP179'!$C$62 -> 46092 | D61: 3343 | E61: 346 | F61: 5 | G61: 1 | I61: SUKO | J61: 45412197 | K61: S3M6C6J1 | L61: KEMEJA FINE KATUN PRINT SS LENGAN PENDEK S3M6C6J1:JADE:XL:PRINT:KEMEJA FINE KATUN | M61: 299900 | N61: SP | O61: 179000 | P61: SPECIAL PRICE
A62: 2024-2025 WOVEN TOP, KI SP179 | B62: 46086 | C62: 46092 | D62: 3343 | E62: 346 | F62: 5 | G62: 5 | I62: SUKO | J62: 45411885 | K62: S1WT13J2 | L62: KEMEJA OXFORD KLASIK WOVEN TOP SS SHIRT SOLID LENGAN PENDEK S1WT13J2:JADE:S:SOLID:KEMEJA OXFORD KLAS | M62: 229900 | N62: SP | O62: 179000 | P62: SPECIAL PRICE
A63: 2024-2025 WOVEN TOP, KI SP179 | B63: =$B$62 -> 46086 | C63: =$C$62 -> 46092 | D63: 3343 | E63: 346 | F63: 5 | G63: 5 | I63: SUKO | J63: 45411894 | K63: S1WT13J2 | L63: KEMEJA OXFORD KLASIK WOVEN TOP SS SHIRT SOLID LENGAN PENDEK S1WT13J2:JADE:M:SOLID:KEMEJA OXFORD KLAS | M63: 229900 | N63: SP | O63: 179000 | P63: SPECIAL PRICE
A64: 2024-2025 WOVEN TOP, KI SP179 | B64: =$B$62 -> 46086 | C64: =$C$62 -> 46092 | D64: 3343 | E64: 346 | F64: 5 | G64: 5 | I64: SUKO | J64: 45411901 | K64: S1WT13J2 | L64: KEMEJA OXFORD KLASIK WOVEN TOP SS SHIRT SOLID LENGAN PENDEK S1WT13J2:JADE:L:SOLID:KEMEJA OXFORD KLAS | M64: 229900 | N64: SP | O64: 179000 | P64: SPECIAL PRICE
A65: 2024-2025 WOVEN TOP, KI SP179 | B65: =$B$62 -> 46086 | C65: =$C$62 -> 46092 | D65: 3343 | E65: 346 | F65: 5 | G65: 5 | I65: SUKO | J65: 45411910 | K65: S1WT13J2 | L65: KEMEJA OXFORD KLASIK WOVEN TOP SS SHIRT SOLID LENGAN PENDEK S1WT13J2:JADE:XL:SOLID:KEMEJA OXFORD KLA | M65: 229900 | N65: SP | O65: 179000 | P65: SPECIAL PRICE
A66: 2024-2025 WOVEN TOP, KI SP179 | B66: =$B$62 -> 46086 | C66: =$C$62 -> 46092 | D66: 3343 | E66: 346 | F66: 5 | G66: 5 | I66: SUKO | J66: 45411849 | K66: S1WT13J2 | L66: KEMEJA OXFORD KLASIK WOVEN TOP SS SHIRT SOLID LENGAN PENDEK S1WT13J2:KHAKI:S:SOLID:KEMEJA OXFORD KLA | M66: 229900 | N66: SP | O66: 179000 | P66: SPECIAL PRICE
A67: 2024-2025 WOVEN TOP, KI SP179 | B67: =$B$62 -> 46086 | C67: =$C$62 -> 46092 | D67: 3343 | E67: 346 | F67: 5 | G67: 5 | I67: SUKO | J67: 45411858 | K67: S1WT13J2 | L67: KEMEJA OXFORD KLASIK WOVEN TOP SS SHIRT SOLID LENGAN PENDEK S1WT13J2:KHAKI:M:SOLID:KEMEJA OXFORD KLA | M67: 229900 | N67: SP | O67: 179000 | P67: SPECIAL PRICE
A68: 2024-2025 WOVEN TOP, KI SP179 | B68: =$B$62 -> 46086 | C68: =$C$62 -> 46092 | D68: 3343 | E68: 346 | F68: 5 | G68: 5 | I68: SUKO | J68: 45411867 | K68: S1WT13J2 | L68: KEMEJA OXFORD KLASIK WOVEN TOP SS SHIRT SOLID LENGAN PENDEK S1WT13J2:KHAKI:L:SOLID:KEMEJA OXFORD KLA | M68: 229900 | N68: SP | O68: 179000 | P68: SPECIAL PRICE
A69: 2024-2025 WOVEN TOP, KI SP179 | B69: =$B$62 -> 46086 | C69: =$C$62 -> 46092 | D69: 3343 | E69: 346 | F69: 5 | G69: 5 | I69: SUKO | J69: 45411876 | K69: S1WT13J2 | L69: KEMEJA OXFORD KLASIK WOVEN TOP SS SHIRT SOLID LENGAN PENDEK S1WT13J2:KHAKI:XL:SOLID:KEMEJA OXFORD KL | M69: 229900 | N69: SP | O69: 179000 | P69: SPECIAL PRICE
A70: 2024-2025 WOVEN TOP, KI SP179 | B70: =$B$62 -> 46086 | C70: =$C$62 -> 46092 | D70: 3343 | E70: 346 | F70: 5 | G70: 5 | I70: SUKO | J70: 45411803 | K70: S1WT13J2 | L70: KEMEJA OXFORD KLASIK WOVEN TOP SS SHIRT SOLID LENGAN PENDEK S1WT13J2:NAVY BLUE:S:SOLID:KEMEJA OXFORD | M70: 229900 | N70: SP | O70: 179000 | P70: SPECIAL PRICE
A71: 2024-2025 WOVEN TOP, KI SP179 | B71: =$B$62 -> 46086 | C71: =$C$62 -> 46092 | D71: 3343 | E71: 346 | F71: 5 | G71: 5 | I71: SUKO | J71: 45411812 | K71: S1WT13J2 | L71: KEMEJA OXFORD KLASIK WOVEN TOP SS SHIRT SOLID LENGAN PENDEK S1WT13J2:NAVY BLUE:M:SOLID:KEMEJA OXFORD | M71: 229900 | N71: SP | O71: 179000 | P71: SPECIAL PRICE
A72: 2024-2025 WOVEN TOP, KI SP179 | B72: =$B$62 -> 46086 | C72: =$C$62 -> 46092 | D72: 3343 | E72: 346 | F72: 5 | G72: 5 | I72: SUKO | J72: 45411821 | K72: S1WT13J2 | L72: KEMEJA OXFORD KLASIK WOVEN TOP SS SHIRT SOLID LENGAN PENDEK S1WT13J2:NAVY BLUE:L:SOLID:KEMEJA OXFORD | M72: 229900 | N72: SP | O72: 179000 | P72: SPECIAL PRICE
A73: 2024-2025 WOVEN TOP, KI SP179 | B73: =$B$62 -> 46086 | C73: =$C$62 -> 46092 | D73: 3343 | E73: 346 | F73: 5 | G73: 5 | I73: SUKO | J73: 45411830 | K73: S1WT13J2 | L73: KEMEJA OXFORD KLASIK WOVEN TOP SS SHIRT SOLID LENGAN PENDEK S1WT13J2:NAVY BLUE:XL:SOLID:KEMEJA OXFOR | M73: 229900 | N73: SP | O73: 179000 | P73: SPECIAL PRICE
A74: 2024-2025 WOVEN TOP, KI SP179 | B74: =$B$62 -> 46086 | C74: =$C$62 -> 46092 | D74: 3343 | E74: 346 | F74: 5 | G74: 5 | I74: SUKO | J74: 13463808 | K74: S1WT13J2 | L74: KEMEJA OXFORD KLASIK WOVEN TOP SS SHIRT SOLID LENGAN PENDEK S1WT13J2:PASTEL BLUE:S:SOLID:KEMEJA OXFO | M74: 229900 | N74: SP | O74: 179000 | P74: SPECIAL PRICE
... A89: 2024-2025 WOVEN TOP, KI SP179 | B89: =$B$62 -> 46086 | C89: =$C$62 -> 46092 | D89: 3343 | E89: 346 | F89: 5 | G89: 5 | I89: SUKO | J89: 13463791 | K89: S1WT13J2 | L89: KEMEJA OXFORD KLASIK WOVEN TOP SS SHIRT SOLID LENGAN PENDEK S1WT13J2:WHITE:XL:SOLID:KEMEJA OXFORD KL | M89: 229900 | N89: SP | O89: 179000 | P89: SPECIAL PRICE
