Workbook

Sheet 2025 NOV-FEB B3 D10 -3321
A1: ACARA | B1: FROM DATE | C1: TO DATE | D1: DEPT | E1: WORLD | F1: DIVISION | G1: CLASS | H1: SUPPLIER | I1: BRAND | J1: SKU | K1: ARTICLE | L1: DESCRIPTION | M1: HARGA NORMAL | N1: DISKON | O1: HARGA PROMO | P1: DISCOUNT TYPE
A2: 2026 NOV-FEB B3 DISC 10% | B2: ='2025 HILITE D80 - 3321'!B4 -> 46086 | C2: ='2025 HILITE D80 - 3321'!C4 -> 46092 | D2: 3321 | E2: 337 | F2: 4 | G2: 1 | H2: 81588 | I2: CHARACTER | J2: 61549064 | K2: TSHPOT3 | L2: SS T-SHIRT POLO HARRY POTTER TSHPOT3:NAVY BLUE:7-8:GRAPHIC:SS T-SHIRT | M2: 129900 | N2: BXGY | O2: B3 DISC 10% | P2: BXGY
A3: =A2 -> 2026 NOV-FEB B3 DISC 10% | B3: =B2 -> 46086 | C3: =C2 -> 46092 | D3: 3321 | E3: 337 | F3: 4 | G3: 1 | H3: 81588 | I3: CHARACTER | J3: 61549073 | K3: TSHPOT3 | L3: SS T-SHIRT POLO HARRY POTTER TSHPOT3:NAVY BLUE:9-10:GRAPHIC:SS T-SHIRT | M3: 129900 | N3: BXGY | O3: B3 DISC 10% | P3: BXGY
A4: =A3 -> 2026 NOV-FEB B3 DISC 10% | B4: =B3 -> 46086 | C4: =C3 -> 46092 | D4: 3321 | E4: 337 | F4: 4 | G4: 1 | H4: 81588 | I4: CHARACTER | J4: 61549082 | K4: TSHPOT3 | L4: SS T-SHIRT POLO HARRY POTTER TSHPOT3:NAVY BLUE:11-12:GRAPHIC:SS T-SHIRT | M4: 129900 | N4: BXGY | O4: =O3 -> B3 DISC 10% | P4: BXGY
A5: =A4 -> 2026 NOV-FEB B3 DISC 10% | B5: =B4 -> 46086 | C5: =C4 -> 46092 | D5: 3321 | E5: 337 | F5: 4 | G5: 1 | H5: 81588 | I5: CHARACTER | J5: 61549091 | K5: TSHPOT3 | L5: SS T-SHIRT POLO HARRY POTTER TSHPOT3:NAVY BLUE:13-14:GRAPHIC:SS T-SHIRT | M5: 99900 | N5: BXGY | O5: B3 DISC 10% | P5: BXGY
A6: =A5 -> 2026 NOV-FEB B3 DISC 10% | B6: =B5 -> 46086 | C6: =C5 -> 46092 | D6: 3321 | E6: 337 | F6: 4 | G6: 1 | H6: 81588 | I6: CHARACTER | J6: 61549028 | K6: TSHPOT2 | L6: SS T-SHIRT HARRY POTTER TSHPOT2:PASTEL GREY:7-8:GRAPHIC:SS T-SHIRT | M6: 99900 | N6: BXGY | O6: =O5 -> B3 DISC 10% | P6: BXGY
A7: =A6 -> 2026 NOV-FEB B3 DISC 10% | B7: =B6 -> 46086 | C7: =C6 -> 46092 | D7: 3321 | E7: 337 | F7: 4 | G7: 1 | H7: 81588 | I7: CHARACTER | J7: 61549037 | K7: TSHPOT2 | L7: SS T-SHIRT HARRY POTTER TSHPOT2:PASTEL GREY:9-10:GRAPHIC:SS T-SHIRT | M7: 99900 | N7: BXGY | O7: B3 DISC 10% | P7: BXGY
A8: =A7 -> 2026 NOV-FEB B3 DISC 10% | B8: =B7 -> 46086 | C8: =C7 -> 46092 | D8: 3321 | E8: 337 | F8: 4 | G8: 1 | H8: 81588 | I8: CHARACTER | J8: 61549046 | K8: TSHPOT2 | L8: SS T-SHIRT HARRY POTTER TSHPOT2:PASTEL GREY:11-12:GRAPHIC:SS T-SHIRT | M8: 99900 | N8: BXGY | O8: =O7 -> B3 DISC 10% | P8: BXGY
A9: =A8 -> 2026 NOV-FEB B3 DISC 10% | B9: =B8 -> 46086 | C9: =C8 -> 46092 | D9: 3321 | E9: 337 | F9: 4 | G9: 1 | H9: 81588 | I9: CHARACTER | J9: 61549055 | K9: TSHPOT2 | L9: SS T-SHIRT HARRY POTTER TSHPOT2:PASTEL GREY:13-14:GRAPHIC:SS T-SHIRT | M9: 99900 | N9: BXGY | O9: B3 DISC 10% | P9: BXGY
A10: =A9 -> 2026 NOV-FEB B3 DISC 10% | B10: =B9 -> 46086 | C10: =C9 -> 46092 | D10: 3321 | E10: 337 | F10: 4 | G10: 1 | H10: 81588 | I10: CHARACTER | J10: 61548985 | K10: TSHPOT1 | L10: SS T-SHIRT HARRY POTTER RIB V TSHPOT1:OFF WHITE:7-8:GRAPHIC:SS T-SHIRT | M10: 99900 | N10: BXGY | O10: =O9 -> B3 DISC 10% | P10: BXGY
A11: =A10 -> 2026 NOV-FEB B3 DISC 10% | B11: =B10 -> 46086 | C11: =C10 -> 46092 | D11: 3321 | E11: 337 | F11: 4 | G11: 1 | H11: 81588 | I11: CHARACTER | J11: 61548994 | K11: TSHPOT1 | L11: SS T-SHIRT HARRY POTTER RIB V TSHPOT1:OFF WHITE:9-10:GRAPHIC:SS T-SHIRT | M11: 99900 | N11: BXGY | O11: B3 DISC 10% | P11: BXGY
A12: =A11 -> 2026 NOV-FEB B3 DISC 10% | B12: =B11 -> 46086 | C12: =C11 -> 46092 | D12: 3321 | E12: 337 | F12: 4 | G12: 1 | H12: 81588 | I12: CHARACTER | J12: 61549000 | K12: TSHPOT1 | L12: SS T-SHIRT HARRY POTTER RIB V TSHPOT1:OFF WHITE:11-12:GRAPHIC:SS T-SHIRT | M12: 99900 | N12: BXGY | O12: =O11 -> B3 DISC 10% | P12: BXGY
A13: =A12 -> 2026 NOV-FEB B3 DISC 10% | B13: =B12 -> 46086 | C13: =C12 -> 46092 | D13: 3321 | E13: 337 | F13: 4 | G13: 1 | H13: 81588 | I13: CHARACTER | J13: 61549019 | K13: TSHPOT1 | L13: SS T-SHIRT HARRY POTTER RIB V TSHPOT1:OFF WHITE:13-14:GRAPHIC:SS T-SHIRT | M13: 99900 | N13: BXGY | O13: B3 DISC 10% | P13: BXGY
A14: =A13 -> 2026 NOV-FEB B3 DISC 10% | B14: =B13 -> 46086 | C14: =C13 -> 46092 | D14: 3321 | E14: 337 | F14: 4 | G14: 1 | H14: 81679 | I14: CHARACTER | J14: 61549288 | K14: TSSPBOB4 | L14: SS T-SHIRT SPONGEBOB TSSPBOB4:OFF WHITE:4:GRAPHIC:SS T-SHIRT | M14: 99900 | N14: BXGY | O14: =O13 -> B3 DISC 10% | P14: BXGY
A15: =A14 -> 2026 NOV-FEB B3 DISC 10% | B15: =B14 -> 46086 | C15: =C14 -> 46092 | D15: 3321 | E15: 337 | F15: 4 | G15: 1 | H15: 81679 | I15: CHARACTER | J15: 61549297 | K15: TSSPBOB4 | L15: SS T-SHIRT SPONGEBOB TSSPBOB4:OFF WHITE:5:GRAPHIC:SS T-SHIRT | M15: 99900 | N15: BXGY | O15: B3 DISC 10% | P15: BXGY
A16: =A15 -> 2026 NOV-FEB B3 DISC 10% | B16: =B15 -> 46086 | C16: =C15 -> 46092 | D16: 3321 | E16: 337 | F16: 4 | G16: 1 | H16: 81679 | I16: CHARACTER | J16: 61549304 | K16: TSSPBOB4 | L16: SS T-SHIRT SPONGEBOB TSSPBOB4:OFF WHITE:6:GRAPHIC:SS T-SHIRT | M16: 99900 | N16: BXGY | O16: =O15 -> B3 DISC 10% | P16: BXGY
A17: =A16 -> 2026 NOV-FEB B3 DISC 10% | B17: =B16 -> 46086 | C17: =C16 -> 46092 | D17: 3321 | E17: 337 | F17: 4 | G17: 1 | H17: 81679 | I17: CHARACTER | J17: 61549313 | K17: TSSPBOB4 | L17: SS T-SHIRT SPONGEBOB TSSPBOB4:OFF WHITE:7-8:GRAPHIC:SS T-SHIRT | M17: 99900 | N17: BXGY | O17: B3 DISC 10% | P17: BXGY
A18: =A17 -> 2026 NOV-FEB B3 DISC 10% | B18: =B17 -> 46086 | C18: =C17 -> 46092 | D18: 3321 | E18: 337 | F18: 4 | G18: 1 | H18: 81679 | I18: CHARACTER | J18: 61549322 | K18: TSSPBOB4 | L18: SS T-SHIRT SPONGEBOB TSSPBOB4:OFF WHITE:9-10:GRAPHIC:SS T-SHIRT | M18: 99900 | N18: BXGY | O18: =O17 -> B3 DISC 10% | P18: BXGY
A19: =A18 -> 2026 NOV-FEB B3 DISC 10% | B19: =B18 -> 46086 | C19: =C18 -> 46092 | D19: 3321 | E19: 337 | F19: 4 | G19: 1 | H19: 81679 | I19: CHARACTER | J19: 61549331 | K19: TSSPBOB4 | L19: SS T-SHIRT SPONGEBOB TSSPBOB4:OFF WHITE:11-12:GRAPHIC:SS T-SHIRT | M19: 99900 | N19: BXGY | O19: B3 DISC 10% | P19: BXGY
A20: =A19 -> 2026 NOV-FEB B3 DISC 10% | B20: =B19 -> 46086 | C20: =C19 -> 46092 | D20: 3321 | E20: 337 | F20: 4 | G20: 1 | H20: 81679 | I20: CHARACTER | J20: 61549224 | K20: TSSPBOB3 | L20: SS T-SHIRT SPONGEBOB TSSPBOB3:PASTEL YELLOW:4:GRAPHIC:SS T-SHIRT | M20: 99900 | N20: BXGY | O20: =O19 -> B3 DISC 10% | P20: BXGY
A21: =A20 -> 2026 NOV-FEB B3 DISC 10% | B21: =B20 -> 46086 | C21: =C20 -> 46092 | D21: 3321 | E21: 337 | F21: 4 | G21: 1 | H21: 81679 | I21: CHARACTER | J21: 61549233 | K21: TSSPBOB3 | L21: SS T-SHIRT SPONGEBOB TSSPBOB3:PASTEL YELLOW:5:GRAPHIC:SS T-SHIRT | M21: 99900 | N21: BXGY | O21: B3 DISC 10% | P21: BXGY
A22: =A21 -> 2026 NOV-FEB B3 DISC 10% | B22: =B21 -> 46086 | C22: =C21 -> 46092 | D22: 3321 | E22: 337 | F22: 4 | G22: 1 | H22: 81679 | I22: CHARACTER | J22: 61549242 | K22: TSSPBOB3 | L22: SS T-SHIRT SPONGEBOB TSSPBOB3:PASTEL YELLOW:6:GRAPHIC:SS T-SHIRT | M22: 99900 | N22: BXGY | O22: =O21 -> B3 DISC 10% | P22: BXGY
A23: =A22 -> 2026 NOV-FEB B3 DISC 10% | B23: =B22 -> 46086 | C23: =C22 -> 46092 | D23: 3321 | E23: 337 | F23: 4 | G23: 1 | H23: 81679 | I23: CHARACTER | J23: 61549251 | K23: TSSPBOB3 | L23: SS T-SHIRT SPONGEBOB TSSPBOB3:PASTEL YELLOW:7-8:GRAPHIC:SS T-SHIRT | M23: 99900 | N23: BXGY | O23: B3 DISC 10% | P23: BXGY
A24: =A23 -> 2026 NOV-FEB B3 DISC 10% | B24: =B23 -> 46086 | C24: =C23 -> 46092 | D24: 3321 | E24: 337 | F24: 4 | G24: 1 | H24: 81679 | I24: CHARACTER | J24: 61549260 | K24: TSSPBOB3 | L24: SS T-SHIRT SPONGEBOB TSSPBOB3:PASTEL YELLOW:9-10:GRAPHIC:SS T-SHIRT | M24: 99900 | N24: BXGY | O24: =O23 -> B3 DISC 10% | P24: BXGY
A25: =A24 -> 2026 NOV-FEB B3 DISC 10% | B25: =B24 -> 46086 | C25: =C24 -> 46092 | D25: 3321 | E25: 337 | F25: 4 | G25: 1 | H25: 81679 | I25: CHARACTER | J25: 61549279 | K25: TSSPBOB3 | L25: SS T-SHIRT SPONGEBOB TSSPBOB3:PASTEL YELLOW:11-12:GRAPHIC:SS T-SHIRT | M25: 99900 | N25: BXGY | O25: B3 DISC 10% | P25: BXGY
A26: =A25 -> 2026 NOV-FEB B3 DISC 10% | B26: =B25 -> 46086 | C26: =C25 -> 46092 | D26: 3321 | E26: 337 | F26: 4 | G26: 1 | H26: 81679 | I26: CHARACTER | J26: 61549108 | K26: TSSPBOB1 | L26: SS T-SHIRT SPONGEBOB TSSPBOB1:CHARCOAL:4:GRAPHIC:SS T-SHIRT | M26: 99900 | N26: BXGY | O26: =O25 -> B3 DISC 10% | P26: BXGY
A27: =A26 -> 2026 NOV-FEB B3 DISC 10% | B27: =B26 -> 46086 | C27: =C26 -> 46092 | D27: 3321 | E27: 337 | F27: 4 | G27: 1 | H27: 81679 | I27: CHARACTER | J27: 61549117 | K27: TSSPBOB1 | L27: SS T-SHIRT SPONGEBOB TSSPBOB1:CHARCOAL:5:GRAPHIC:SS T-SHIRT | M27: 99900 | N27: BXGY | O27: B3 DISC 10% | P27: BXGY
A28: =A27 -> 2026 NOV-FEB B3 DISC 10% | B28: =B27 -> 46086 | C28: =C27 -> 46092 | D28: 3321 | E28: 337 | F28: 4 | G28: 1 | H28: 81679 | I28: CHARACTER | J28: 61549126 | K28: TSSPBOB1 | L28: SS T-SHIRT SPONGEBOB TSSPBOB1:CHARCOAL:6:GRAPHIC:SS T-SHIRT | M28: 99900 | N28: BXGY | O28: =O27 -> B3 DISC 10% | P28: BXGY
A29: =A28 -> 2026 NOV-FEB B3 DISC 10% | B29: =B28 -> 46086 | C29: =C28 -> 46092 | D29: 3321 | E29: 337 | F29: 4 | G29: 1 | H29: 81679 | I29: CHARACTER | J29: 61549135 | K29: TSSPBOB1 | L29: SS T-SHIRT SPONGEBOB TSSPBOB1:CHARCOAL:7-8:GRAPHIC:SS T-SHIRT | M29: 99900 | N29: BXGY | O29: B3 DISC 10% | P29: BXGY
A30: =A29 -> 2026 NOV-FEB B3 DISC 10% | B30: =B29 -> 46086 | C30: =C29 -> 46092 | D30: 3321 | E30: 337 | F30: 4 | G30: 1 | H30: 81679 | I30: CHARACTER | J30: 61549144 | K30: TSSPBOB1 | L30: SS T-SHIRT SPONGEBOB TSSPBOB1:CHARCOAL:9-10:GRAPHIC:SS T-SHIRT | M30: 99900 | N30: BXGY | O30: =O29 -> B3 DISC 10% | P30: BXGY
A31: =A30 -> 2026 NOV-FEB B3 DISC 10% | B31: =B30 -> 46086 | C31: =C30 -> 46092 | D31: 3321 | E31: 337 | F31: 4 | G31: 1 | H31: 81679 | I31: CHARACTER | J31: 61549153 | K31: TSSPBOB1 | L31: SS T-SHIRT SPONGEBOB TSSPBOB1:CHARCOAL:11-12:GRAPHIC:SS T-SHIRT | M31: 99900 | N31: BXGY | O31: B3 DISC 10% | P31: BXGY
A32: =A31 -> 2026 NOV-FEB B3 DISC 10% | B32: =B31 -> 46086 | C32: =C31 -> 46092 | D32: 3321 | E32: 337 | F32: 4 | G32: 1 | H32: 81679 | I32: CHARACTER | J32: 61549162 | K32: TSSPBOB2 | L32: SS T-SHIRT SPONGEBOB TSSPBOB2:PASTEL PINK:4:GRAPHIC:SS T-SHIRT | M32: 99900 | N32: BXGY | O32: =O31 -> B3 DISC 10% | P32: BXGY
A33: =A32 -> 2026 NOV-FEB B3 DISC 10% | B33: =B32 -> 46086 | C33: =C32 -> 46092 | D33: 3321 | E33: 337 | F33: 4 | G33: 1 | H33: 81679 | I33: CHARACTER | J33: 61549171 | K33: TSSPBOB2 | L33: SS T-SHIRT SPONGEBOB TSSPBOB2:PASTEL PINK:5:GRAPHIC:SS T-SHIRT | M33: 99900 | N33: BXGY | O33: B3 DISC 10% | P33: BXGY
A34: =A33 -> 2026 NOV-FEB B3 DISC 10% | B34: =B33 -> 46086 | C34: =C33 -> 46092 | D34: 3321 | E34: 337 | F34: 4 | G34: 1 | H34: 81679 | I34: CHARACTER | J34: 61549180 | K34: TSSPBOB2 | L34: SS T-SHIRT SPONGEBOB TSSPBOB2:PASTEL PINK:6:GRAPHIC:SS T-SHIRT | M34: 99900 | N34: BXGY | O34: =O33 -> B3 DISC 10% | P34: BXGY
A35: =A34 -> 2026 NOV-FEB B3 DISC 10% | B35: =B34 -> 46086 | C35: =C34 -> 46092 | D35: 3321 | E35: 337 | F35: 4 | G35: 1 | H35: 81679 | I35: CHARACTER | J35: 61549199 | K35: TSSPBOB2 | L35: SS T-SHIRT SPONGEBOB TSSPBOB2:PASTEL PINK:7-8:GRAPHIC:SS T-SHIRT | M35: 99900 | N35: BXGY | O35: B3 DISC 10% | P35: BXGY
A36: =A35 -> 2026 NOV-FEB B3 DISC 10% | B36: =B35 -> 46086 | C36: =C35 -> 46092 | D36: 3321 | E36: 337 | F36: 4 | G36: 1 | H36: 81679 | I36: CHARACTER | J36: 61549206 | K36: TSSPBOB2 | L36: SS T-SHIRT SPONGEBOB TSSPBOB2:PASTEL PINK:9-10:GRAPHIC:SS T-SHIRT | M36: 99900 | N36: BXGY | O36: =O35 -> B3 DISC 10% | P36: BXGY
A37: =A36 -> 2026 NOV-FEB B3 DISC 10% | B37: =B36 -> 46086 | C37: =C36 -> 46092 | D37: 3321 | E37: 337 | F37: 4 | G37: 3 | H37: 81679 | I37: CHARACTER | J37: 61549215 | K37: TSSPBOB2 | L37: SS T-SHIRT SPONGEBOB TSSPBOB2:PASTEL PINK:11-12:GRAPHIC:SS T-SHIRT | M37: 229900 | N37: BXGY | O37: B3 DISC 10% | P37: BXGY
A38: =A37 -> 2026 NOV-FEB B3 DISC 10% | B38: =B37 -> 46086 | C38: =C37 -> 46092 | D38: 3321 | E38: 337 | F38: 4 | G38: 3 | H38: 81588 | I38: CHARACTER | J38: 61550025 | K38: JKHPOT | L38: JACKET HOODIE HARRY POTTER JKHPOT:MAROON:7-8:GRAPHIC:JACKET | M38: 229900 | N38: BXGY | O38: =O37 -> B3 DISC 10% | P38: BXGY
A39: =A38 -> 2026 NOV-FEB B3 DISC 10% | B39: =B38 -> 46086 | C39: =C38 -> 46092 | D39: 3321 | E39: 337 | F39: 4 | G39: 3 | H39: 81588 | I39: CHARACTER | J39: 61550034 | K39: JKHPOT | L39: JACKET HOODIE HARRY POTTER JKHPOT:MAROON:9-10:GRAPHIC:JACKET | M39: 229900 | N39: BXGY | O39: B3 DISC 10% | P39: BXGY
A40: =A39 -> 2026 NOV-FEB B3 DISC 10% | B40: =B39 -> 46086 | C40: =C39 -> 46092 | D40: 3321 | E40: 337 | F40: 4 | G40: 3 | H40: 81588 | I40: CHARACTER | J40: 61550043 | K40: JKHPOT | L40: JACKET HOODIE HARRY POTTER JKHPOT:MAROON:11-12:GRAPHIC:JACKET | M40: 229900 | N40: BXGY | O40: =O39 -> B3 DISC 10% | P40: BXGY
A41: =A40 -> 2026 NOV-FEB B3 DISC 10% | B41: =B40 -> 46086 | C41: =C40 -> 46092 | D41: 3321 | E41: 337 | F41: 4 | G41: 3 | H41: 81588 | I41: CHARACTER | J41: 61550052 | K41: JKHPOT | L41: JACKET HOODIE HARRY POTTER JKHPOT:MAROON:13-14:GRAPHIC:JACKET | M41: 199900 | N41: BXGY | O41: B3 DISC 10% | P41: BXGY
A42: =A41 -> 2026 NOV-FEB B3 DISC 10% | B42: =B41 -> 46086 | C42: =C41 -> 46092 | D42: 3321 | E42: 337 | F42: 4 | G42: 3 | H42: 81679 | I42: CHARACTER | J42: 61549340 | K42: JKHSPB | L42: JACKET HOODIE SPONGEBOB JKHSPB:PASTEL YELLOW:4:GRAPHIC:JACKET | M42: 199900 | N42: BXGY | O42: =O41 -> B3 DISC 10% | P42: BXGY
A43: =A42 -> 2026 NOV-FEB B3 DISC 10% | B43: =B42 -> 46086 | C43: =C42 -> 46092 | D43: 3321 | E43: 337 | F43: 4 | G43: 3 | H43: 81679 | I43: CHARACTER | J43: 61549359 | K43: JKHSPB | L43: JACKET HOODIE SPONGEBOB JKHSPB:PASTEL YELLOW:5:GRAPHIC:JACKET | M43: 199900 | N43: BXGY | O43: B3 DISC 10% | P43: BXGY
A44: =A43 -> 2026 NOV-FEB B3 DISC 10% | B44: =B43 -> 46086 | C44: =C43 -> 46092 | D44: 3321 | E44: 337 | F44: 4 | G44: 3 | H44: 81679 | I44: CHARACTER | J44: 61549368 | K44: JKHSPB | L44: JACKET HOODIE SPONGEBOB JKHSPB:PASTEL YELLOW:6:GRAPHIC:JACKET | M44: 199900 | N44: BXGY | O44: =O43 -> B3 DISC 10% | P44: BXGY
A45: =A44 -> 2026 NOV-FEB B3 DISC 10% | B45: =B44 -> 46086 | C45: =C44 -> 46092 | D45: 3321 | E45: 337 | F45: 4 | G45: 3 | H45: 81679 | I45: CHARACTER | J45: 61549377 | K45: JKHSPB | L45: JACKET HOODIE SPONGEBOB JKHSPB:PASTEL YELLOW:7-8:GRAPHIC:JACKET | M45: 199900 | N45: BXGY | O45: B3 DISC 10% | P45: BXGY
A46: =A45 -> 2026 NOV-FEB B3 DISC 10% | B46: =B45 -> 46086 | C46: =C45 -> 46092 | D46: 3321 | E46: 337 | F46: 4 | G46: 3 | H46: 81679 | I46: CHARACTER | J46: 61549386 | K46: JKHSPB | L46: JACKET HOODIE SPONGEBOB JKHSPB:PASTEL YELLOW:9-10:GRAPHIC:JACKET | M46: 199900 | N46: BXGY | O46: =O45 -> B3 DISC 10% | P46: BXGY
A47: =A46 -> 2026 NOV-FEB B3 DISC 10% | B47: =B46 -> 46086 | C47: =C46 -> 46092 | D47: 3321 | E47: 337 | F47: 4 | G47: 4 | H47: 81679 | I47: CHARACTER | J47: 61549395 | K47: JKHSPB | L47: JACKET HOODIE SPONGEBOB JKHSPB:PASTEL YELLOW:11-12:GRAPHIC:JACKET | M47: 129900 | N47: BXGY | O47: B3 DISC 10% | P47: BXGY
A48: =A47 -> 2026 NOV-FEB B3 DISC 10% | B48: =B47 -> 46086 | C48: =C47 -> 46092 | D48: 3321 | E48: 337 | F48: 4 | G48: 4 | H48: 81588 | I48: CHARACTER | J48: 61550061 | K48: SKHPOT | L48: SKORT HARRY POTTER SKHPOT:PASTEL GREY:7-8:GRAPHIC:SKORT | M48: 129900 | N48: BXGY | O48: =O47 -> B3 DISC 10% | P48: BXGY
A49: =A48 -> 2026 NOV-FEB B3 DISC 10% | B49: =B48 -> 46086 | C49: =C48 -> 46092 | D49: 3321 | E49: 337 | F49: 4 | G49: 4 | H49: 81588 | I49: CHARACTER | J49: 61550070 | K49: SKHPOT | L49: SKORT HARRY POTTER SKHPOT:PASTEL GREY:9-10:GRAPHIC:SKORT | M49: 129900 | N49: BXGY | O49: B3 DISC 10% | P49: BXGY
A50: =A49 -> 2026 NOV-FEB B3 DISC 10% | B50: =B49 -> 46086 | C50: =C49 -> 46092 | D50: 3321 | E50: 337 | F50: 4 | G50: 4 | H50: 81588 | I50: CHARACTER | J50: 61550089 | K50: SKHPOT | L50: SKORT HARRY POTTER SKHPOT:PASTEL GREY:11-12:GRAPHIC:SKORT | M50: 129900 | N50: BXGY | O50: =O49 -> B3 DISC 10% | P50: BXGY
A51: =A50 -> 2026 NOV-FEB B3 DISC 10% | B51: =B50 -> 46086 | C51: =C50 -> 46092 | D51: 3321 | E51: 337 | F51: 4 | G51: 4 | H51: 81588 | I51: CHARACTER | J51: 61550098 | K51: SKHPOT | L51: SKORT HARRY POTTER SKHPOT:PASTEL GREY:13-14:GRAPHIC:SKORT | M51: 99900 | N51: BXGY | O51: B3 DISC 10% | P51: BXGY
A52: =A51 -> 2026 NOV-FEB B3 DISC 10% | B52: =B51 -> 46086 | C52: =C51 -> 46092 | D52: 3321 | E52: 337 | F52: 4 | G52: 4 | H52: 81679 | I52: CHARACTER | J52: 61549402 | K52: SPSPBOB | L52: SHORT PANTS SPONGE BOB SPSPBOB:PASTEL PINK:4:GRAPHIC:SHORT PANTS | M52: 99900 | N52: BXGY | O52: =O51 -> B3 DISC 10% | P52: BXGY
A53: =A52 -> 2026 NOV-FEB B3 DISC 10% | B53: =B52 -> 46086 | C53: =C52 -> 46092 | D53: 3321 | E53: 337 | F53: 4 | G53: 4 | H53: 81679 | I53: CHARACTER | J53: 61549411 | K53: SPSPBOB | L53: SHORT PANTS SPONGE BOB SPSPBOB:PASTEL PINK:5:GRAPHIC:SHORT PANTS | M53: 99900 | N53: BXGY | O53: B3 DISC 10% | P53: BXGY
A54: =A53 -> 2026 NOV-FEB B3 DISC 10% | B54: =B53 -> 46086 | C54: =C53 -> 46092 | D54: 3321 | E54: 337 | F54: 4 | G54: 4 | H54: 81679 | I54: CHARACTER | J54: 61549420 | K54: SPSPBOB | L54: SHORT PANTS SPONGE BOB SPSPBOB:PASTEL PINK:6:GRAPHIC:SHORT PANTS | M54: 99900 | N54: BXGY | O54: =O53 -> B3 DISC 10% | P54: BXGY
A55: =A54 -> 2026 NOV-FEB B3 DISC 10% | B55: =B54 -> 46086 | C55: =C54 -> 46092 | D55: 3321 | E55: 337 | F55: 4 | G55: 4 | H55: 81679 | I55: CHARACTER | J55: 61549439 | K55: SPSPBOB | L55: SHORT PANTS SPONGE BOB SPSPBOB:PASTEL PINK:7-8:GRAPHIC:SHORT PANTS | M55: 99900 | N55: BXGY | O55: B3 DISC 10% | P55: BXGY
A56: =A55 -> 2026 NOV-FEB B3 DISC 10% | B56: =B55 -> 46086 | C56: =C55 -> 46092 | D56: 3321 | E56: 337 | F56: 4 | G56: 4 | H56: 81679 | I56: CHARACTER | J56: 61549448 | K56: SPSPBOB | L56: SHORT PANTS SPONGE BOB SPSPBOB:PASTEL PINK:9-10:GRAPHIC:SHORT PANTS | M56: 99900 | N56: BXGY | O56: =O55 -> B3 DISC 10% | P56: BXGY
A57: =A56 -> 2026 NOV-FEB B3 DISC 10% | B57: =B56 -> 46086 | C57: =C56 -> 46092 | D57: 3321 | E57: 337 | F57: 4 | G57: 5 | H57: 81679 | I57: CHARACTER | J57: 61549457 | K57: SPSPBOB | L57: SHORT PANTS SPONGE BOB SPSPBOB:PASTEL PINK:11-12:GRAPHIC:SHORT PANTS | M57: 179900 | N57: BXGY | O57: B3 DISC 10% | P57: BXGY
A58: =A57 -> 2026 NOV-FEB B3 DISC 10% | B58: =B57 -> 46086 | C58: =C57 -> 46092 | D58: 3321 | E58: 337 | F58: 4 | G58: 5 | H58: 81005 | I58: CHARACTER | J58: 59168284 | K58: DSOPAW | L58: SS MIDI DRESS OVR PAW PATROL KTG DPN DSOPAW:PASTEL PINK:4:GRAPHIC:SS MIDI DRESS | M58: 179900 | N58: BXGY | O58: =O57 -> B3 DISC 10% | P58: BXGY
A59: =A58 -> 2026 NOV-FEB B3 DISC 10% | B59: =B58 -> 46086 | C59: =C58 -> 46092 | D59: 3321 | E59: 337 | F59: 4 | G59: 5 | H59: 81005 | I59: CHARACTER | J59: 59168293 | K59: DSOPAW | L59: SS MIDI DRESS OVR PAW PATROL KTG DPN DSOPAW:PASTEL PINK:5:GRAPHIC:SS MIDI DRESS | M59: 179900 | N59: BXGY | O59: B3 DISC 10% | P59: BXGY
A60: =A59 -> 2026 NOV-FEB B3 DISC 10% | B60: =B59 -> 46086 | C60: =C59 -> 46092 | D60: 3321 | E60: 337 | F60: 4 | G60: 5 | H60: 81005 | I60: CHARACTER | J60: 59168300 | K60: DSOPAW | L60: SS MIDI DRESS OVR PAW PATROL KTG DPN DSOPAW:PASTEL PINK:6:GRAPHIC:SS MIDI DRESS | M60: 179900 | N60: BXGY | O60: =O59 -> B3 DISC 10% | P60: BXGY
A61: =A60 -> 2026 NOV-FEB B3 DISC 10% | B61: =B60 -> 46086 | C61: =C60 -> 46092 | D61: 3321 | E61: 337 | F61: 4 | G61: 1 | H61: 81005 | I61: CHARACTER | J61: 59168319 | K61: DSOPAW | L61: SS MIDI DRESS OVR PAW PATROL KTG DPN DSOPAW:PASTEL PINK:7-8:GRAPHIC:SS MIDI DRESS | M61: 99900 | N61: BXGY | O61: B3 DISC 10% | P61: BXGY
A62: =A61 -> 2026 NOV-FEB B3 DISC 10% | B62: =B61 -> 46086 | C62: =C61 -> 46092 | D62: 3321 | E62: 337 | F62: 4 | G62: 1 | H62: 81588 | I62: CHARACTER | J62: 63152158 | K62: TSLVKU | L62: SS T-SHIRT KUROMI LOVE TSLVKU:OFF WHITE:4:GRAPHIC:SS T-SHIRT | M62: 99900 | N62: BXGY | O62: =O61 -> B3 DISC 10% | P62: BXGY
A63: =A62 -> 2026 NOV-FEB B3 DISC 10% | B63: =B62 -> 46086 | C63: =C62 -> 46092 | D63: 3321 | E63: 337 | F63: 4 | G63: 1 | H63: 81588 | I63: CHARACTER | J63: 63152167 | K63: TSLVKU | L63: SS T-SHIRT KUROMI LOVE TSLVKU:OFF WHITE:5:GRAPHIC:SS T-SHIRT | M63: 99900 | N63: BXGY | O63: B3 DISC 10% | P63: BXGY
A64: =A63 -> 2026 NOV-FEB B3 DISC 10% | B64: =B63 -> 46086 | C64: =C63 -> 46092 | D64: 3321 | E64: 337 | F64: 4 | G64: 1 | H64: 81588 | I64: CHARACTER | J64: 63152176 | K64: TSLVKU | L64: SS T-SHIRT KUROMI LOVE TSLVKU:OFF WHITE:6:GRAPHIC:SS T-SHIRT | M64: 99900 | N64: BXGY | O64: B3 DISC 10% | P64: BXGY
A65: =A64 -> 2026 NOV-FEB B3 DISC 10% | B65: =B64 -> 46086 | C65: =C64 -> 46092 | D65: 3321 | E65: 337 | F65: 4 | G65: 1 | H65: 81588 | I65: CHARACTER | J65: 63152185 | K65: TSLVKU | L65: SS T-SHIRT KUROMI LOVE TSLVKU:OFF WHITE:7-8:GRAPHIC:SS T-SHIRT | M65: 99900 | N65: BXGY | O65: B3 DISC 10% | P65: BXGY
A66: =A65 -> 2026 NOV-FEB B3 DISC 10% | B66: =B65 -> 46086 | C66: =C65 -> 46092 | D66: 3321 | E66: 337 | F66: 4 | G66: 1 | H66: 81588 | I66: CHARACTER | J66: 63152194 | K66: TSLVKU | L66: SS T-SHIRT KUROMI LOVE TSLVKU:OFF WHITE:9-10:GRAPHIC:SS T-SHIRT | M66: 99900 | N66: BXGY | O66: B3 DISC 10% | P66: BXGY
A67: =A66 -> 2026 NOV-FEB B3 DISC 10% | B67: =B66 -> 46086 | C67: =C66 -> 46092 | D67: 3321 | E67: 337 | F67: 4 | G67: 1 | H67: 81588 | I67: CHARACTER | J67: 63152201 | K67: TSLVKU | L67: SS T-SHIRT KUROMI LOVE TSLVKU:OFF WHITE:11-12:GRAPHIC:SS T-SHIRT | M67: 99900 | N67: BXGY | O67: B3 DISC 10% | P67: BXGY
A68: =A67 -> 2026 NOV-FEB B3 DISC 10% | B68: =B67 -> 46086 | C68: =C67 -> 46092 | D68: 3321 | E68: 337 | F68: 4 | G68: 1 | H68: 81588 | I68: CHARACTER | J68: 63152078 | K68: TS425KT2 | L68: SS T-SHIRT HELLO KITTY TS425KT2:OFF WHITE:7-8:GRAPHIC:SS T-SHIRT | M68: 99900 | N68: BXGY | O68: B3 DISC 10% | P68: BXGY
A69: =A68 -> 2026 NOV-FEB B3 DISC 10% | B69: =B68 -> 46086 | C69: =C68 -> 46092 | D69: 3321 | E69: 337 | F69: 4 | G69: 1 | H69: 81588 | I69: CHARACTER | J69: 63152087 | K69: TS425KT2 | L69: SS T-SHIRT HELLO KITTY TS425KT2:OFF WHITE:9-10:GRAPHIC:SS T-SHIRT | M69: 99900 | N69: BXGY | O69: B3 DISC 10% | P69: BXGY
A70: =A69 -> 2026 NOV-FEB B3 DISC 10% | B70: =B69 -> 46086 | C70: =C69 -> 46092 | D70: 3321 | E70: 337 | F70: 4 | G70: 1 | H70: 81588 | I70: CHARACTER | J70: 63152096 | K70: TS425KT2 | L70: SS T-SHIRT HELLO KITTY TS425KT2:OFF WHITE:11-12:GRAPHIC:SS T-SHIRT | M70: 99900 | N70: BXGY | O70: B3 DISC 10% | P70: BXGY
A71: =A70 -> 2026 NOV-FEB B3 DISC 10% | B71: =B70 -> 46086 | C71: =C70 -> 46092 | D71: 3321 | E71: 337 | F71: 4 | G71: 3 | H71: 81588 | I71: CHARACTER | J71: 63152103 | K71: TS425KT2 | L71: SS T-SHIRT HELLO KITTY TS425KT2:OFF WHITE:13-14:GRAPHIC:SS T-SHIRT | M71: 199900 | N71: BXGY | O71: B3 DISC 10% | P71: BXGY
A72: =A71 -> 2026 NOV-FEB B3 DISC 10% | B72: =B71 -> 46086 | C72: =C71 -> 46092 | D72: 3321 | E72: 337 | F72: 4 | G72: 3 | H72: 81005 | I72: CHARACTER | J72: 63152274 | K72: JKFLCKU | L72: JACKET FLEECE KUROMI JKFLCKU:BLACK:4:GRAPHIC:JACKET | M72: 199900 | N72: BXGY | O72: =O71 -> B3 DISC 10% | P72: BXGY
A73: =A72 -> 2026 NOV-FEB B3 DISC 10% | B73: =B72 -> 46086 | C73: =C72 -> 46092 | D73: 3321 | E73: 337 | F73: 4 | G73: 3 | H73: 81005 | I73: CHARACTER | J73: 63152283 | K73: JKFLCKU | L73: JACKET FLEECE KUROMI JKFLCKU:BLACK:5:GRAPHIC:JACKET | M73: 199900 | N73: BXGY | O73: B3 DISC 10% | P73: BXGY
A74: =A73 -> 2026 NOV-FEB B3 DISC 10% | B74: =B73 -> 46086 | C74: =C73 -> 46092 | D74: 3321 | E74: 337 | F74: 4 | G74: 3 | H74: 81005 | I74: CHARACTER | J74: 63152292 | K74: JKFLCKU | L74: JACKET FLEECE KUROMI JKFLCKU:BLACK:6:GRAPHIC:JACKET | M74: 199900 | N74: BXGY | O74: =O73 -> B3 DISC 10% | P74: BXGY
A75: =A74 -> 2026 NOV-FEB B3 DISC 10% | B75: =B74 -> 46086 | C75: =C74 -> 46092 | D75: 3321 | E75: 337 | F75: 4 | G75: 3 | H75: 81005 | I75: CHARACTER | J75: 63152309 | K75: JKFLCKU | L75: JACKET FLEECE KUROMI JKFLCKU:BLACK:7-8:GRAPHIC:JACKET | M75: 199900 | N75: BXGY | O75: B3 DISC 10% | P75: BXGY
A76: =A75 -> 2026 NOV-FEB B3 DISC 10% | B76: =B75 -> 46086 | C76: =C75 -> 46092 | D76: 3321 | E76: 337 | F76: 4 | G76: 3 | H76: 81005 | I76: CHARACTER | J76: 63152318 | K76: JKFLCKU | L76: JACKET FLEECE KUROMI JKFLCKU:BLACK:9-10:GRAPHIC:JACKET | M76: 199900 | N76: BXGY | O76: =O75 -> B3 DISC 10% | P76: BXGY
A77: =A76 -> 2026 NOV-FEB B3 DISC 10% | B77: =B76 -> 46086 | C77: =C76 -> 46092 | D77: 3321 | E77: 337 | F77: 4 | G77: 4 | H77: 81005 | I77: CHARACTER | J77: 63152327 | K77: JKFLCKU | L77: JACKET FLEECE KUROMI JKFLCKU:BLACK:11-12:GRAPHIC:JACKET | M77: 149900 | N77: BXGY | O77: B3 DISC 10% | P77: BXGY
A78: =A77 -> 2026 NOV-FEB B3 DISC 10% | B78: =B77 -> 46086 | C78: =C77 -> 46092 | D78: 3321 | E78: 337 | F78: 4 | G78: 4 | H78: 81588 | I78: CHARACTER | J78: 63151971 | K78: JGSNCN | L78: JOGGER CINNAMOROLL SNACK JGSNCN:LIGHT BLUE:4:GRAPHIC:JOGGER | M78: 149900 | N78: BXGY | O78: =O77 -> B3 DISC 10% | P78: BXGY
A79: =A78 -> 2026 NOV-FEB B3 DISC 10% | B79: =B78 -> 46086 | C79: =C78 -> 46092 | D79: 3321 | E79: 337 | F79: 4 | G79: 4 | H79: 81588 | I79: CHARACTER | J79: 63151980 | K79: JGSNCN | L79: JOGGER CINNAMOROLL SNACK JGSNCN:LIGHT BLUE:5:GRAPHIC:JOGGER | M79: 149900 | N79: BXGY | O79: =O78 -> B3 DISC 10% | P79: BXGY
A80: =A79 -> 2026 NOV-FEB B3 DISC 10% | B80: =B79 -> 46086 | C80: =C79 -> 46092 | D80: 3321 | E80: 337 | F80: 4 | G80: 4 | H80: 81588 | I80: CHARACTER | J80: 63151999 | K80: JGSNCN | L80: JOGGER CINNAMOROLL SNACK JGSNCN:LIGHT BLUE:6:GRAPHIC:JOGGER | M80: 149900 | N80: BXGY | O80: =O79 -> B3 DISC 10% | P80: BXGY
A81: =A80 -> 2026 NOV-FEB B3 DISC 10% | B81: =B80 -> 46086 | C81: =C80 -> 46092 | D81: 3321 | E81: 337 | F81: 4 | G81: 4 | H81: 81588 | I81: CHARACTER | J81: 63152005 | K81: JGSNCN | L81: JOGGER CINNAMOROLL SNACK JGSNCN:LIGHT BLUE:7-8:GRAPHIC:JOGGER | M81: 149900 | N81: BXGY | O81: =O80 -> B3 DISC 10% | P81: BXGY
A82: =A81 -> 2026 NOV-FEB B3 DISC 10% | B82: =B81 -> 46086 | C82: =C81 -> 46092 | D82: 3321 | E82: 337 | F82: 4 | G82: 4 | H82: 81588 | I82: CHARACTER | J82: 63152014 | K82: JGSNCN | L82: JOGGER CINNAMOROLL SNACK JGSNCN:LIGHT BLUE:9-10:GRAPHIC:JOGGER | M82: 149900 | N82: BXGY | O82: =O81 -> B3 DISC 10% | P82: BXGY
A83: =A82 -> 2026 NOV-FEB B3 DISC 10% | B83: =B82 -> 46086 | C83: =C82 -> 46092 | D83: 3321 | E83: 337 | F83: 4 | G83: 4 | H83: 81588 | I83: CHARACTER | J83: 63152023 | K83: JGSNCN | L83: JOGGER CINNAMOROLL SNACK JGSNCN:LIGHT BLUE:11-12:GRAPHIC:JOGGER | M83: 149900 | N83: BXGY | O83: =O82 -> B3 DISC 10% | P83: BXGY
A84: =A83 -> 2026 NOV-FEB B3 DISC 10% | B84: =B83 -> 46086 | C84: =C83 -> 46092 | D84: 3321 | E84: 337 | F84: 4 | G84: 4 | H84: 81588 | I84: CHARACTER | J84: 63152112 | K84: JG425KT | L84: JOGGER HELLO KITTY JG425KT:BLACK:7-8:GRAPHIC:JOGGER | M84: 149900 | N84: BXGY | O84: =O83 -> B3 DISC 10% | P84: BXGY
A85: =A84 -> 2026 NOV-FEB B3 DISC 10% | B85: =B84 -> 46086 | C85: =C84 -> 46092 | D85: 3321 | E85: 337 | F85: 4 | G85: 4 | H85: 81588 | I85: CHARACTER | J85: 63152121 | K85: JG425KT | L85: JOGGER HELLO KITTY JG425KT:BLACK:9-10:GRAPHIC:JOGGER | M85: 149900 | N85: BXGY | O85: =O84 -> B3 DISC 10% | P85: BXGY
A86: =A85 -> 2026 NOV-FEB B3 DISC 10% | B86: =B85 -> 46086 | C86: =C85 -> 46092 | D86: 3321 | E86: 337 | F86: 4 | G86: 4 | H86: 81588 | I86: CHARACTER | J86: 63152130 | K86: JG425KT | L86: JOGGER HELLO KITTY JG425KT:BLACK:11-12:GRAPHIC:JOGGER | M86: 149900 | N86: BXGY | O86: =O85 -> B3 DISC 10% | P86: BXGY
A87: =A86 -> 2026 NOV-FEB B3 DISC 10% | B87: =B86 -> 46086 | C87: =C86 -> 46092 | D87: 3321 | E87: 337 | F87: 4 | G87: 4 | H87: 81588 | I87: CHARACTER | J87: 63152149 | K87: JG425KT | L87: JOGGER HELLO KITTY JG425KT:BLACK:13-14:GRAPHIC:JOGGER | M87: 149900 | N87: BXGY | O87: =O86 -> B3 DISC 10% | P87: BXGY
A88: =A87 -> 2026 NOV-FEB B3 DISC 10% | B88: =B87 -> 46086 | C88: =C87 -> 46092 | D88: 3321 | E88: 337 | F88: 4 | G88: 5 | H88: 81588 | I88: CHARACTER | J88: 63152210 | K88: DSKRKU | L88: SS MIDI DRESS KUROMI DSKRKU:BLACK:4:GRAPHIC:SS MIDI DRESS | M88: 149900 | N88: BXGY | O88: =O87 -> B3 DISC 10% | P88: BXGY
A89: =A88 -> 2026 NOV-FEB B3 DISC 10% | B89: =B88 -> 46086 | C89: =C88 -> 46092 | D89: 3321 | E89: 337 | F89: 4 | G89: 5 | H89: 81588 | I89: CHARACTER | J89: 63152229 | K89: DSKRKU | L89: SS MIDI DRESS KUROMI DSKRKU:BLACK:5:GRAPHIC:SS MIDI DRESS | M89: 149900 | N89: BXGY | O89: =O88 -> B3 DISC 10% | P89: BXGY
... A163: =A162 -> 2026 NOV-FEB B3 DISC 10% | B163: =B162 -> 46086 | C163: =C162 -> 46092 | D163: 3321 | E163: 337 | F163: 4 | G163: 3 | H163: 81005 | I163: CHARACTER | J163: 68784270 | K163: JKKDNCN | L163: JACKET KNIT DENIM CINNAMOROL JKKDNCN:CLASSIC BLUE:13-14:GRAPHIC:JACKET | M163: 229900 | N163: BXGY | O163: =O162 -> B3 DISC 10% | P163: BXGY
A164: =A163 -> 2026 NOV-FEB B3 DISC 10% | B164: =B163 -> 46086 | C164: =C163 -> 46092 | D164: 3321 | E164: 337 | F164: 4 | G164: 3 | H164: 81588 | I164: CHARACTER | J164: 66252286 | K164: CD425MM | L164: CARDIGAN MY MELODY CD425MM:PASTEL PINK:4:GRAPHIC:CARDIGAN | M164: 199900 | N164: BXGY | O164: =#REF! -> #REF! | P164: BXGY
A165: =A164 -> 2026 NOV-FEB B3 DISC 10% | B165: =B164 -> 46086 | C165: =C164 -> 46092 | D165: 3321 | E165: 337 | F165: 4 | G165: 3 | H165: 81588 | I165: CHARACTER | J165: 66252295 | K165: CD425MM | L165: CARDIGAN MY MELODY CD425MM:PASTEL PINK:5:GRAPHIC:CARDIGAN | M165: 199900 | N165: BXGY | O165: =O164 -> #REF! | P165: BXGY
A166: =A165 -> 2026 NOV-FEB B3 DISC 10% | B166: =B165 -> 46086 | C166: =C165 -> 46092 | D166: 3321 | E166: 337 | F166: 4 | G166: 3 | H166: 81588 | I166: CHARACTER | J166: 66252302 | K166: CD425MM | L166: CARDIGAN MY MELODY CD425MM:PASTEL PINK:6:GRAPHIC:CARDIGAN | M166: 199900 | N166: BXGY | O166: =O165 -> #REF! | P166: BXGY
A167: =A166 -> 2026 NOV-FEB B3 DISC 10% | B167: =B166 -> 46086 | C167: =C166 -> 46092 | D167: 3321 | E167: 337 | F167: 4 | G167: 3 | H167: 81588 | I167: CHARACTER | J167: 66252311 | K167: CD425MM | L167: CARDIGAN MY MELODY CD425MM:PASTEL PINK:7-8:GRAPHIC:CARDIGAN | M167: 199900 | N167: BXGY | O167: =O166 -> #REF! | P167: BXGY
A168: =A167 -> 2026 NOV-FEB B3 DISC 10% | B168: =B167 -> 46086 | C168: =C167 -> 46092 | D168: 3321 | E168: 337 | F168: 4 | G168: 5 | H168: 81698 | I168: CHARACTER | J168: 68397475 | K168: DSSAMM | L168: SS MIDI DRESS WOVEN SA MY MELODY DSSAMM:PASTEL GREEN:4:GRAPHIC:SS MIDI DRESS | M168: 179900 | N168: BXGY | O168: =#REF! -> #REF! | P168: BXGY
A169: =A168 -> 2026 NOV-FEB B3 DISC 10% | B169: =B168 -> 46086 | C169: =C168 -> 46092 | D169: 3321 | E169: 337 | F169: 4 | G169: 5 | H169: 81698 | I169: CHARACTER | J169: 68397484 | K169: DSSAMM | L169: SS MIDI DRESS WOVEN SA MY MELODY DSSAMM:PASTEL GREEN:5:GRAPHIC:SS MIDI DRESS | M169: 179900 | N169: BXGY | O169: =O168 -> #REF! | P169: BXGY
A170: =A169 -> 2026 NOV-FEB B3 DISC 10% | B170: =B169 -> 46086 | C170: =C169 -> 46092 | D170: 3321 | E170: 337 | F170: 4 | G170: 5 | H170: 81698 | I170: CHARACTER | J170: 68397493 | K170: DSSAMM | L170: SS MIDI DRESS WOVEN SA MY MELODY DSSAMM:PASTEL GREEN:6:GRAPHIC:SS MIDI DRESS | M170: 179900 | N170: BXGY | O170: =O169 -> #REF! | P170: BXGY
A171: =A170 -> 2026 NOV-FEB B3 DISC 10% | B171: =B170 -> 46086 | C171: =C170 -> 46092 | D171: 3321 | E171: 337 | F171: 4 | G171: 5 | H171: 81698 | I171: CHARACTER | J171: 68397500 | K171: DSSAMM | L171: SS MIDI DRESS WOVEN SA MY MELODY DSSAMM:PASTEL GREEN:7-8:GRAPHIC:SS MIDI DRESS | M171: 179900 | N171: BXGY | O171: =O170 -> #REF! | P171: BXGY
A172: =A171 -> 2026 NOV-FEB B3 DISC 10% | B172: =B171 -> 46086 | C172: =C171 -> 46092 | D172: 3321 | E172: 337 | F172: 4 | G172: 5 | H172: 81698 | I172: CHARACTER | J172: 68397519 | K172: DSSAMM | L172: SS MIDI DRESS WOVEN SA MY MELODY DSSAMM:PASTEL GREEN:9-10:GRAPHIC:SS MIDI DRESS | M172: 179900 | N172: BXGY | O172: =O171 -> #REF! | P172: BXGY
A173: =A172 -> 2026 NOV-FEB B3 DISC 10% | B173: =B172 -> 46086 | C173: =C172 -> 46092 | D173: 3321 | E173: 337 | F173: 4 | G173: 5 | H173: 81698 | I173: CHARACTER | J173: 68397528 | K173: DSSAMM | L173: SS MIDI DRESS WOVEN SA MY MELODY DSSAMM:PASTEL GREEN:11-12:GRAPHIC:SS MIDI DRESS | M173: 179900 | N173: BXGY | O173: =O172 -> #REF! | P173: BXGY
...

Sheet 2025 OCT SHARP PRICE - 3321
A1: ACARA | B1: FROM DATE | C1: TO DATE | D1: DEPT | E1: WORLD | F1: DIVISION | G1: CLASS | H1: SUPPLIER | I1: BRAND | J1: SKU | K1: ARTICLE | L1: DESCRIPTION | M1: HARGA NORMAL | N1: DISKON | O1: HARGA PROMO | P1: DISCOUNT TYPE
A2: 2025 OCT SHARP PRICE | B2: ='2025 HILITE D80 - 3321'!B3 -> 46086 | C2: ='2025 HILITE D80 - 3321'!C3 -> 46092 | D2: 3321 | E2: 337 | F2: 4 | G2: 1 | H2: 81588 | I2: CHARACTER | J2: 61094466 | K2: TSTNJ2 | L2: SS T-SHIRT PRINT KANTONG TOM N JERRY TSTNJ2:OFF WHITE:4:GRAPHIC:SS T-SHIRT | M2: 99900 | N2: 0 | O2: SHARP PRICE | P2: AMOUNT
A3: =A2 -> 2025 OCT SHARP PRICE | B3: =B2 -> 46086 | C3: =C2 -> 46092 | D3: 3321 | E3: 337 | F3: 4 | G3: 1 | H3: 81588 | I3: CHARACTER | J3: 61094475 | K3: TSTNJ2 | L3: SS T-SHIRT PRINT KANTONG TOM N JERRY TSTNJ2:OFF WHITE:5:GRAPHIC:SS T-SHIRT | M3: 99900 | N3: 0 | O3: =O2 -> SHARP PRICE | P3: AMOUNT
A4: =A3 -> 2025 OCT SHARP PRICE | B4: =B3 -> 46086 | C4: =C3 -> 46092 | D4: 3321 | E4: 337 | F4: 4 | G4: 1 | H4: 81588 | I4: CHARACTER | J4: 61094484 | K4: TSTNJ2 | L4: SS T-SHIRT PRINT KANTONG TOM N JERRY TSTNJ2:OFF WHITE:6:GRAPHIC:SS T-SHIRT | M4: 99900 | N4: 0 | O4: =O3 -> SHARP PRICE | P4: AMOUNT
A5: =A4 -> 2025 OCT SHARP PRICE | B5: =B4 -> 46086 | C5: =C4 -> 46092 | D5: 3321 | E5: 337 | F5: 4 | G5: 1 | H5: 81588 | I5: CHARACTER | J5: 61094493 | K5: TSTNJ2 | L5: SS T-SHIRT PRINT KANTONG TOM N JERRY TSTNJ2:OFF WHITE:7-8:GRAPHIC:SS T-SHIRT | M5: 99900 | N5: 0 | O5: =O4 -> SHARP PRICE | P5: AMOUNT
A6: =A5 -> 2025 OCT SHARP PRICE | B6: =B5 -> 46086 | C6: =C5 -> 46092 | D6: 3321 | E6: 337 | F6: 4 | G6: 1 | H6: 81588 | I6: CHARACTER | J6: 61094500 | K6: TSTNJ2 | L6: SS T-SHIRT PRINT KANTONG TOM N JERRY TSTNJ2:OFF WHITE:9-10:GRAPHIC:SS T-SHIRT | M6: 99900 | N6: 0 | O6: =O5 -> SHARP PRICE | P6: AMOUNT
A7: =A6 -> 2025 OCT SHARP PRICE | B7: =B6 -> 46086 | C7: =C6 -> 46092 | D7: 3321 | E7: 337 | F7: 4 | G7: 1 | H7: 81588 | I7: CHARACTER | J7: 61094519 | K7: TSTNJ2 | L7: SS T-SHIRT PRINT KANTONG TOM N JERRY TSTNJ2:OFF WHITE:11-12:GRAPHIC:SS T-SHIRT | M7: 99900 | N7: 0 | O7: =O6 -> SHARP PRICE | P7: AMOUNT
A8: =A7 -> 2025 OCT SHARP PRICE | B8: =B7 -> 46086 | C8: =C7 -> 46092 | D8: 3321 | E8: 337 | F8: 4 | G8: 1 | H8: 81588 | I8: CHARACTER | J8: 55507398 | K8: TSTNJ4 | L8: SS T-SHIRT TOM N JERRY HIDE N SEEK TSTNJ4:PASTEL ORANGE:4:GRAPHIC:SS T-SHIRT | M8: 99900 | N8: 0 | O8: =O7 -> SHARP PRICE | P8: AMOUNT
A9: =A8 -> 2025 OCT SHARP PRICE | B9: =B8 -> 46086 | C9: =C8 -> 46092 | D9: 3321 | E9: 337 | F9: 4 | G9: 1 | H9: 81588 | I9: CHARACTER | J9: 55507405 | K9: TSTNJ4 | L9: SS T-SHIRT TOM N JERRY HIDE N SEEK TSTNJ4:PASTEL ORANGE:5:GRAPHIC:SS T-SHIRT | M9: 99900 | N9: 0 | O9: =O8 -> SHARP PRICE | P9: AMOUNT
A10: =A9 -> 2025 OCT SHARP PRICE | B10: =B9 -> 46086 | C10: =C9 -> 46092 | D10: 3321 | E10: 337 | F10: 4 | G10: 1 | H10: 81588 | I10: CHARACTER | J10: 55507414 | K10: TSTNJ4 | L10: SS T-SHIRT TOM N JERRY HIDE N SEEK TSTNJ4:PASTEL ORANGE:6:GRAPHIC:SS T-SHIRT | M10: 99900 | N10: 0 | O10: =O9 -> SHARP PRICE | P10: AMOUNT
A11: =A10 -> 2025 OCT SHARP PRICE | B11: =B10 -> 46086 | C11: =C10 -> 46092 | D11: 3321 | E11: 337 | F11: 4 | G11: 1 | H11: 81588 | I11: CHARACTER | J11: 55507423 | K11: TSTNJ4 | L11: SS T-SHIRT TOM N JERRY HIDE N SEEK TSTNJ4:PASTEL ORANGE:7-8:GRAPHIC:SS T-SHIRT | M11: 99900 | N11: 0 | O11: =O10 -> SHARP PRICE | P11: AMOUNT
A12: =A11 -> 2025 OCT SHARP PRICE | B12: =B11 -> 46086 | C12: =C11 -> 46092 | D12: 3321 | E12: 337 | F12: 4 | G12: 1 | H12: 81588 | I12: CHARACTER | J12: 55507432 | K12: TSTNJ4 | L12: SS T-SHIRT TOM N JERRY HIDE N SEEK TSTNJ4:PASTEL ORANGE:9-10:GRAPHIC:SS T-SHIRT | M12: 99900 | N12: 0 | O12: =O11 -> SHARP PRICE | P12: AMOUNT
A13: =A12 -> 2025 OCT SHARP PRICE | B13: =B12 -> 46086 | C13: =C12 -> 46092 | D13: 3321 | E13: 337 | F13: 4 | G13: 1 | H13: 81588 | I13: CHARACTER | J13: 55507441 | K13: TSTNJ4 | L13: SS T-SHIRT TOM N JERRY HIDE N SEEK TSTNJ4:PASTEL ORANGE:11-12:GRAPHIC:SS T-SHIRT | M13: 99900 | N13: 0 | O13: =O12 -> SHARP PRICE | P13: AMOUNT
A14: =A13 -> 2025 OCT SHARP PRICE | B14: =B13 -> 46086 | C14: =C13 -> 46092 | D14: 3321 | E14: 337 | F14: 4 | G14: 1 | H14: 81588 | I14: CHARACTER | J14: 61094402 | K14: TSTNJ3 | L14: SS T-SHIRT TOM N JERRY TSTNJ3:MAROON:4:GRAPHIC:SS T-SHIRT | M14: 99900 | N14: 0 | O14: =O13 -> SHARP PRICE | P14: AMOUNT
... A19: =A18 -> 2025 OCT SHARP PRICE | B19: =B18 -> 46086 | C19: =C18 -> 46092 | D19: 3321 | E19: 337 | F19: 4 | G19: 1 | H19: 81588 | I19: CHARACTER | J19: 61094457 | K19: TSTNJ3 | L19: SS T-SHIRT TOM N JERRY TSTNJ3:MAROON:11-12:GRAPHIC:SS T-SHIRT | M19: 99900 | N19: 0 | O19: =O18 -> SHARP PRICE | P19: AMOUNT

Sheet 2025 SEPT B1 D30 - 3321
A1: ACARA | B1: FROM DATE | C1: TO DATE | D1: DEPT | E1: WORLD | F1: DIVISION | G1: CLASS | H1: SUPPLIER | I1: BRAND | J1: SKU | K1: ARTICLE | L1: DESCRIPTION | M1: HARGA NORMAL | N1: DISKON | O1: HARGA PROMO | P1: DISCOUNT TYPE
A2: 2025 SEPT B1 30% | B2: ='2025 AUG B1G1-3321'!B87 -> 46086 | C2: ='2025 AUG B1G1-3321'!C87 -> 46092 | D2: 3321 | E2: 337 | F2: 4 | G2: 1 | H2: 81588 | I2: CHARACTER | J2: 55301065 | K2: TS3KU2 | L2: SS T-SHIRT KUROMI TS3KU2:DUSTY PINK:4:GRAPHIC:SS T-SHIRT | M2: 99900 | N2: 0.3 | O2: =M2-((30*M2)/100) -> 69930 | P2: PERCENTAGE
A3: =A2 -> 2025 SEPT B1 30% | B3: =B2 -> 46086 | C3: =C2 -> 46092 | D3: 3321 | E3: 337 | F3: 4 | G3: 1 | H3: 81588 | I3: CHARACTER | J3: 55301074 | K3: TS3KU2 | L3: SS T-SHIRT KUROMI TS3KU2:DUSTY PINK:5:GRAPHIC:SS T-SHIRT | M3: 99900 | N3: =N2 -> 0.3 | O3: =M3-((30*M3)/100) -> 69930 | P3: =P2 -> PERCENTAGE
A4: =A3 -> 2025 SEPT B1 30% | B4: =B3 -> 46086 | C4: =C3 -> 46092 | D4: 3321 | E4: 337 | F4: 4 | G4: 1 | H4: 81588 | I4: CHARACTER | J4: 55301083 | K4: TS3KU2 | L4: SS T-SHIRT KUROMI TS3KU2:DUSTY PINK:6:GRAPHIC:SS T-SHIRT | M4: 99900 | N4: =N3 -> 0.3 | O4: =M4-((30*M4)/100) -> 69930 | P4: =P3 -> PERCENTAGE
A5: =A4 -> 2025 SEPT B1 30% | B5: =B4 -> 46086 | C5: =C4 -> 46092 | D5: 3321 | E5: 337 | F5: 4 | G5: 1 | H5: 81588 | I5: CHARACTER | J5: 55301092 | K5: TS3KU2 | L5: SS T-SHIRT KUROMI TS3KU2:DUSTY PINK:7-8:GRAPHIC:SS T-SHIRT | M5: 99900 | N5: =N4 -> 0.3 | O5: =M5-((30*M5)/100) -> 69930 | P5: =P4 -> PERCENTAGE
A6: =A5 -> 2025 SEPT B1 30% | B6: =B5 -> 46086 | C6: =C5 -> 46092 | D6: 3321 | E6: 337 | F6: 4 | G6: 1 | H6: 81588 | I6: CHARACTER | J6: 55301163 | K6: TS3HK2 | L6: SS T-SHIRT HELLO KITTY CS BAHU TS3HK2:OFF WHITE:4:GRAPHIC:SS T-SHIRT | M6: 99900 | N6: =N5 -> 0.3 | O6: =M6-((30*M6)/100) -> 69930 | P6: =P5 -> PERCENTAGE
A7: =A6 -> 2025 SEPT B1 30% | B7: =B6 -> 46086 | C7: =C6 -> 46092 | D7: 3321 | E7: 337 | F7: 4 | G7: 1 | H7: 81588 | I7: CHARACTER | J7: 55301172 | K7: TS3HK2 | L7: SS T-SHIRT HELLO KITTY CS BAHU TS3HK2:OFF WHITE:5:GRAPHIC:SS T-SHIRT | M7: 99900 | N7: =N6 -> 0.3 | O7: =M7-((30*M7)/100) -> 69930 | P7: =P6 -> PERCENTAGE
A8: =A7 -> 2025 SEPT B1 30% | B8: =B7 -> 46086 | C8: =C7 -> 46092 | D8: 3321 | E8: 337 | F8: 4 | G8: 1 | H8: 81588 | I8: CHARACTER | J8: 55301181 | K8: TS3HK2 | L8: SS T-SHIRT HELLO KITTY CS BAHU TS3HK2:OFF WHITE:6:GRAPHIC:SS T-SHIRT | M8: 99900 | N8: =N7 -> 0.3 | O8: =M8-((30*M8)/100) -> 69930 | P8: =P7 -> PERCENTAGE
A9: =A8 -> 2025 SEPT B1 30% | B9: =B8 -> 46086 | C9: =C8 -> 46092 | D9: 3321 | E9: 337 | F9: 4 | G9: 1 | H9: 81588 | I9: CHARACTER | J9: 55301190 | K9: TS3HK2 | L9: SS T-SHIRT HELLO KITTY CS BAHU TS3HK2:OFF WHITE:7-8:GRAPHIC:SS T-SHIRT | M9: 99900 | N9: =N8 -> 0.3 | O9: =M9-((30*M9)/100) -> 69930 | P9: =P8 -> PERCENTAGE
A10: =A9 -> 2025 SEPT B1 30% | B10: =B9 -> 46086 | C10: =C9 -> 46092 | D10: 3321 | E10: 337 | F10: 4 | G10: 1 | H10: 81588 | I10: CHARACTER | J10: 55301207 | K10: TS3HK2 | L10: SS T-SHIRT HELLO KITTY CS BAHU TS3HK2:OFF WHITE:9-10:GRAPHIC:SS T-SHIRT | M10: 99900 | N10: =N9 -> 0.3 | O10: =M10-((30*M10)/100) -> 69930 | P10: =P9 -> PERCENTAGE
A11: =A10 -> 2025 SEPT B1 30% | B11: =B10 -> 46086 | C11: =C10 -> 46092 | D11: 3321 | E11: 337 | F11: 4 | G11: 1 | H11: 81588 | I11: CHARACTER | J11: 55301216 | K11: TS3HK2 | L11: SS T-SHIRT HELLO KITTY CS BAHU TS3HK2:OFF WHITE:11-12:GRAPHIC:SS T-SHIRT | M11: 99900 | N11: =N10 -> 0.3 | O11: =M11-((30*M11)/100) -> 69930 | P11: =P10 -> PERCENTAGE
A12: =A11 -> 2025 SEPT B1 30% | B12: =B11 -> 46086 | C12: =C11 -> 46092 | D12: 3321 | E12: 337 | F12: 4 | G12: 1 | H12: 81588 | I12: CHARACTER | J12: 55301109 | K12: TS3HK1 | L12: SS T-SHIRT HELLO KITTY PIPING TS3HK1:PASTEL PINK:4:GRAPHIC:SS T-SHIRT | M12: 99900 | N12: =N11 -> 0.3 | O12: =M12-((30*M12)/100) -> 69930 | P12: =P11 -> PERCENTAGE
A13: =A12 -> 2025 SEPT B1 30% | B13: =B12 -> 46086 | C13: =C12 -> 46092 | D13: 3321 | E13: 337 | F13: 4 | G13: 1 | H13: 81588 | I13: CHARACTER | J13: 55301118 | K13: TS3HK1 | L13: SS T-SHIRT HELLO KITTY PIPING TS3HK1:PASTEL PINK:5:GRAPHIC:SS T-SHIRT | M13: 99900 | N13: =N12 -> 0.3 | O13: =M13-((30*M13)/100) -> 69930 | P13: =P12 -> PERCENTAGE
A14: =A13 -> 2025 SEPT B1 30% | B14: =B13 -> 46086 | C14: =C13 -> 46092 | D14: 3321 | E14: 337 | F14: 4 | G14: 1 | H14: 81588 | I14: CHARACTER | J14: 55301127 | K14: TS3HK1 | L14: SS T-SHIRT HELLO KITTY PIPING TS3HK1:PASTEL PINK:6:GRAPHIC:SS T-SHIRT | M14: 99900 | N14: =N13 -> 0.3 | O14: =M14-((30*M14)/100) -> 69930 | P14: =P13 -> PERCENTAGE
... A71: =A70 -> 2025 SEPT B1 30% | B71: =B70 -> 46086 | C71: =C70 -> 46092 | D71: 3321 | E71: 337 | F71: 4 | G71: 4 | H71: 81588 | I71: CHARACTER | J71: 55507745 | K71: JG3KU | L71: JOGGER KUROMI JG3KU:CHARCOAL:11-12:EMBRO:JOGGER | M71: 149900 | N71: =N70 -> 0.3 | O71: =M71-((30*M71)/100) -> 104930 | P71: =P70 -> PERCENTAGE

Sheet 2025 AUG B1G1-3321
A1: ACARA | B1: FROM DATE | C1: TO DATE | D1: DEPT | E1: WORLD | F1: DIVISION | G1: CLASS | H1: SUPPLIER | I1: BRAND | J1: SKU | K1: ARTICLE | L1: DESCRIPTION | M1: HARGA NORMAL | N1: DISKON | O1: HARGA PROMO | P1: DISCOUNT TYPE
A2: 2025 AUG B1G1 | B2: 46086 | C2: 46092 | D2: 3321 | E2: 337 | F2: 4 | G2: 1 | H2: 81588 | I2: CHARACTER | J2: 55301225 | K2: TS3HK3 | L2: SS T-SHIRT HELLO KITTY KTG TS3HK3:MISTY LIGHT GREY:4:GRAPHIC:SS T-SHIRT | M2: 99900 | N2: BXGY | O2: B1G1 | P2: BXGY
A3: =A2 -> 2025 AUG B1G1 | B3: =B2 -> 46086 | C3: =C2 -> 46092 | D3: 3321 | E3: 337 | F3: 4 | G3: 1 | H3: 81588 | I3: CHARACTER | J3: 55301234 | K3: TS3HK3 | L3: SS T-SHIRT HELLO KITTY KTG TS3HK3:MISTY LIGHT GREY:5:GRAPHIC:SS T-SHIRT | M3: 99900 | N3: BXGY | O3: =O2 -> B1G1 | P3: BXGY
A4: =A3 -> 2025 AUG B1G1 | B4: =B3 -> 46086 | C4: =C3 -> 46092 | D4: 3321 | E4: 337 | F4: 4 | G4: 1 | H4: 81588 | I4: CHARACTER | J4: 55301243 | K4: TS3HK3 | L4: SS T-SHIRT HELLO KITTY KTG TS3HK3:MISTY LIGHT GREY:6:GRAPHIC:SS T-SHIRT | M4: 99900 | N4: BXGY | O4: =O3 -> B1G1 | P4: BXGY
A5: =A4 -> 2025 AUG B1G1 | B5: =B4 -> 46086 | C5: =C4 -> 46092 | D5: 3321 | E5: 337 | F5: 4 | G5: 1 | H5: 81588 | I5: CHARACTER | J5: 55301252 | K5: TS3HK3 | L5: SS T-SHIRT HELLO KITTY KTG TS3HK3:MISTY LIGHT GREY:7-8:GRAPHIC:SS T-SHIRT | M5: 99900 | N5: BXGY | O5: =O4 -> B1G1 | P5: BXGY
A6: =A5 -> 2025 AUG B1G1 | B6: =B5 -> 46086 | C6: =C5 -> 46092 | D6: 3321 | E6: 337 | F6: 4 | G6: 1 | H6: 81588 | I6: CHARACTER | J6: 55301261 | K6: TS3HK3 | L6: SS T-SHIRT HELLO KITTY KTG TS3HK3:MISTY LIGHT GREY:9-10:GRAPHIC:SS T-SHIRT | M6: 99900 | N6: BXGY | O6: =O5 -> B1G1 | P6: BXGY
A7: =A6 -> 2025 AUG B1G1 | B7: =B6 -> 46086 | C7: =C6 -> 46092 | D7: 3321 | E7: 337 | F7: 4 | G7: 1 | H7: 81588 | I7: CHARACTER | J7: 55301270 | K7: TS3HK3 | L7: SS T-SHIRT HELLO KITTY KTG TS3HK3:MISTY LIGHT GREY:11-12:GRAPHIC:SS T-SHIRT | M7: 99900 | N7: BXGY | O7: =O6 -> B1G1 | P7: BXGY
A8: =A7 -> 2025 AUG B1G1 | B8: =B7 -> 46086 | C8: =C7 -> 46092 | D8: 3321 | E8: 337 | F8: 4 | G8: 1 | H8: 81588 | I8: CHARACTER | J8: 55507450 | K8: TS3MM1 | L8: SS T-SHIRT MY MELODY TS3MM1:MAROON:4:GRAPHIC:SS T-SHIRT | M8: 99900 | N8: BXGY | O8: =O7 -> B1G1 | P8: BXGY
A9: =A8 -> 2025 AUG B1G1 | B9: =B8 -> 46086 | C9: =C8 -> 46092 | D9: 3321 | E9: 337 | F9: 4 | G9: 1 | H9: 81588 | I9: CHARACTER | J9: 55507469 | K9: TS3MM1 | L9: SS T-SHIRT MY MELODY TS3MM1:MAROON:5:GRAPHIC:SS T-SHIRT | M9: 99900 | N9: BXGY | O9: =O8 -> B1G1 | P9: BXGY
A10: =A9 -> 2025 AUG B1G1 | B10: =B9 -> 46086 | C10: =C9 -> 46092 | D10: 3321 | E10: 337 | F10: 4 | G10: 1 | H10: 81588 | I10: CHARACTER | J10: 55507478 | K10: TS3MM1 | L10: SS T-SHIRT MY MELODY TS3MM1:MAROON:6:GRAPHIC:SS T-SHIRT | M10: 99900 | N10: BXGY | O10: =O9 -> B1G1 | P10: BXGY
A11: =A10 -> 2025 AUG B1G1 | B11: =B10 -> 46086 | C11: =C10 -> 46092 | D11: 3321 | E11: 337 | F11: 4 | G11: 1 | H11: 81588 | I11: CHARACTER | J11: 55507487 | K11: TS3MM1 | L11: SS T-SHIRT MY MELODY TS3MM1:MAROON:7-8:GRAPHIC:SS T-SHIRT | M11: 99900 | N11: BXGY | O11: =O10 -> B1G1 | P11: BXGY
A12: =A11 -> 2025 AUG B1G1 | B12: =B11 -> 46086 | C12: =C11 -> 46092 | D12: 3321 | E12: 337 | F12: 4 | G12: 1 | H12: 81588 | I12: CHARACTER | J12: 55507192 | K12: TS3KU4 | L12: SS T-SHIRT KUROMI TS3KU4:CHARCOAL:4:GRAPHIC:SS T-SHIRT | M12: 99900 | N12: BXGY | O12: =O11 -> B1G1 | P12: BXGY
A13: =A12 -> 2025 AUG B1G1 | B13: =B12 -> 46086 | C13: =C12 -> 46092 | D13: 3321 | E13: 337 | F13: 4 | G13: 1 | H13: 81588 | I13: CHARACTER | J13: 55507209 | K13: TS3KU4 | L13: SS T-SHIRT KUROMI TS3KU4:CHARCOAL:5:GRAPHIC:SS T-SHIRT | M13: 99900 | N13: BXGY | O13: =O12 -> B1G1 | P13: BXGY
A14: =A13 -> 2025 AUG B1G1 | B14: =B13 -> 46086 | C14: =C13 -> 46092 | D14: 3321 | E14: 337 | F14: 4 | G14: 1 | H14: 81588 | I14: CHARACTER | J14: 55507218 | K14: TS3KU4 | L14: SS T-SHIRT KUROMI TS3KU4:CHARCOAL:6:GRAPHIC:SS T-SHIRT | M14: 99900 | N14: BXGY | O14: =O13 -> B1G1 | P14: BXGY
... A87: =A86 -> 2025 AUG B1G1 | B87: =B86 -> 46086 | C87: =C86 -> 46092 | D87: 3321 | E87: 337 | F87: 4 | G87: 1 | H87: 81588 | I87: CHARACTER | J87: 59168159 | K87: TSPAW1 | L87: SS T-SHIRT PAWFECT TEAM PAW PATROL TSPAW1:OFF WHITE:7-8:GRAPHIC:SS T-SHIRT | M87: 99900 | N87: BXGY | O87: =O86 -> B1G1 | P87: BXGY

Sheet 2025 JUL B1G1 - 3321
A1: ACARA | B1: FROM DATE | C1: TO DATE | D1: DEPT | E1: WORLD | F1: DIVISION | G1: CLASS | H1: SUPPLIER | I1: BRAND | J1: SKU | K1: ARTICLE | L1: DESCRIPTION | M1: HARGA NORMAL | N1: DISKON | O1: HARGA PROMO | P1: DISCOUNT TYPE
A2: 2025 JUL B1G1 | B2: ='2025 AUG B1G1-3321'!B87 -> 46086 | C2: ='2025 AUG B1G1-3321'!C87 -> 46092 | D2: 3321 | E2: 337 | F2: 4 | G2: 1 | H2: 81588 | I2: CHARACTER | J2: 54954933 | K2: LP3CN | L2: LONG PANTS CINNAMOROLL LP3CN:NAVY BLUE:11-12:GRAPHIC:LONG PANTS | M2: 149900 | N2: BXGY | O2: B1G1 | P2: BXGY
A3: 2025 JUL B1G1 | B3: =B2 -> 46086 | C3: =C2 -> 46092 | D3: 3321 | E3: 337 | F3: 4 | G3: 1 | H3: 81588 | I3: CHARACTER | J3: 54954915 | K3: LP3CN | L3: LONG PANTS CINNAMOROLL LP3CN:NAVY BLUE:7-8:GRAPHIC:LONG PANTS | M3: 149900 | N3: BXGY | O3: B1G1 | P3: BXGY
A4: 2025 JUL B1G1 | B4: =B3 -> 46086 | C4: =C3 -> 46092 | D4: 3321 | E4: 337 | F4: 4 | G4: 1 | H4: 81588 | I4: CHARACTER | J4: 54954924 | K4: LP3CN | L4: LONG PANTS CINNAMOROLL LP3CN:NAVY BLUE:9-10:GRAPHIC:LONG PANTS | M4: 149900 | N4: BXGY | O4: B1G1 | P4: BXGY
A5: 2025 JUL B1G1 | B5: =B4 -> 46086 | C5: =C4 -> 46092 | D5: 3321 | E5: 337 | F5: 4 | G5: 1 | H5: 81588 | I5: CHARACTER | J5: 54954942 | K5: LP3CN | L5: LONG PANTS CINNAMOROLL LP3CN:NAVY BLUE:13-14:GRAPHIC:LONG PANTS | M5: 149900 | N5: BXGY | O5: B1G1 | P5: BXGY
A6: 2025 JUL B1G1 | B6: =B5 -> 46086 | C6: =C5 -> 46092 | D6: 3321 | E6: 337 | F6: 4 | G6: 1 | H6: 81462 | I6: CHARACTER | J6: 54954559 | K6: TS3CN1 | L6: SS T-SHIRT CINNAMOROLL PITA TS3CN1:PASTEL PINK:4:GRAPHIC:SS T-SHIRT | M6: 99900 | N6: BXGY | O6: B1G1 | P6: BXGY
A7: 2025 JUL B1G1 | B7: =B6 -> 46086 | C7: =C6 -> 46092 | D7: 3321 | E7: 337 | F7: 4 | G7: 1 | H7: 81462 | I7: CHARACTER | J7: 54954568 | K7: TS3CN1 | L7: SS T-SHIRT CINNAMOROLL PITA TS3CN1:PASTEL PINK:5:GRAPHIC:SS T-SHIRT | M7: 99900 | N7: BXGY | O7: B1G1 | P7: BXGY
A8: 2025 JUL B1G1 | B8: =B7 -> 46086 | C8: =C7 -> 46092 | D8: 3321 | E8: 337 | F8: 4 | G8: 1 | H8: 81462 | I8: CHARACTER | J8: 54954577 | K8: TS3CN1 | L8: SS T-SHIRT CINNAMOROLL PITA TS3CN1:PASTEL PINK:6:GRAPHIC:SS T-SHIRT | M8: 99900 | N8: BXGY | O8: B1G1 | P8: BXGY
A9: 2025 JUL B1G1 | B9: =B8 -> 46086 | C9: =C8 -> 46092 | D9: 3321 | E9: 337 | F9: 4 | G9: 1 | H9: 81462 | I9: CHARACTER | J9: 54954586 | K9: TS3CN1 | L9: SS T-SHIRT CINNAMOROLL PITA TS3CN1:PASTEL PINK:7-8:GRAPHIC:SS T-SHIRT | M9: 99900 | N9: BXGY | O9: B1G1 | P9: BXGY
A10: 2025 JUL B1G1 | B10: =B9 -> 46086 | C10: =C9 -> 46092 | D10: 3321 | E10: 337 | F10: 4 | G10: 1 | H10: 81588 | I10: CHARACTER | J10: 54954755 | K10: TS3CN6 | L10: SS T-SHIRT CINNAMOROLL RAGLAN TS3CN6:OFF WHITE:7-8:GRAPHIC:SS T-SHIRT | M10: 99900 | N10: BXGY | O10: B1G1 | P10: BXGY
A11: 2025 JUL B1G1 | B11: =B10 -> 46086 | C11: =C10 -> 46092 | D11: 3321 | E11: 337 | F11: 4 | G11: 1 | H11: 81588 | I11: CHARACTER | J11: 54954764 | K11: TS3CN6 | L11: SS T-SHIRT CINNAMOROLL RAGLAN TS3CN6:OFF WHITE:9-10:GRAPHIC:SS T-SHIRT | M11: 99900 | N11: BXGY | O11: B1G1 | P11: BXGY
A12: 2025 JUL B1G1 | B12: =B11 -> 46086 | C12: =C11 -> 46092 | D12: 3321 | E12: 337 | F12: 4 | G12: 1 | H12: 81588 | I12: CHARACTER | J12: 54954773 | K12: TS3CN6 | L12: SS T-SHIRT CINNAMOROLL RAGLAN TS3CN6:OFF WHITE:11-12:GRAPHIC:SS T-SHIRT | M12: 99900 | N12: BXGY | O12: B1G1 | P12: BXGY
A13: 2025 JUL B1G1 | B13: =B12 -> 46086 | C13: =C12 -> 46092 | D13: 3321 | E13: 337 | F13: 4 | G13: 1 | H13: 81588 | I13: CHARACTER | J13: 54954782 | K13: TS3CN6 | L13: SS T-SHIRT CINNAMOROLL RAGLAN TS3CN6:OFF WHITE:13-14:GRAPHIC:SS T-SHIRT | M13: 99900 | N13: BXGY | O13: B1G1 | P13: BXGY
A14: 2025 JUL B1G1 | B14: =B13 -> 46086 | C14: =C13 -> 46092 | D14: 3321 | E14: 337 | F14: 4 | G14: 1 | H14: 81679 | I14: CHARACTER | J14: 55253457 | K14: TS3UCN1 | L14: SS T-SHIRT CINNAMOROLL AWAN TS3UCN1:OFF WHITE:4:GRAPHIC:SS T-SHIRT | M14: 99900 | N14: BXGY | O14: B1G1 | P14: BXGY
... A63: 2025 JUL B1G1 | B63: =B62 -> 46086 | C63: =C62 -> 46092 | D63: 3321 | E63: 337 | F63: 4 | G63: 5 | H63: 190 | I63: CHARACTER | J63: 54955021 | K63: DSO3CN | L63: SS MIDI DRESS OVL CINNAMOROLL DSO3CN:PASTEL BLUE:7-8:GRAPHIC:SS MIDI DRESS | M63: 149900 | N63: BXGY | O63: B1G1 | P63: BXGY

Sheet 2025 HILITE D80 - 3321
A1: ACARA | B1: FROM DATE | C1: TO DATE | D1: DEPT | E1: WORLD | F1: DIVISION | G1: CLASS | H1: SUPPLIER | I1: BRAND | J1: SKU | K1: ARTICLE | L1: DESCRIPTION | M1: HARGA NORMAL | N1: DISKON | O1: HARGA PROMO | P1: DISCOUNT TYPE
A2: 2025 HILITE DISC 80 | B2: ='2025 AUG B1G1-3321'!B87 -> 46086 | C2: ='2025 AUG B1G1-3321'!C87 -> 46092 | D2: 3321 | E2: 337 | F2: 4 | G2: 3 | H2: 81005 | I2: CHARACTER | J2: 52133270 | K2: LSSWCN | L2: LS SHIRT KOMBI WOVEN CINNAMOROLL LSSWCN:PASTEL PINK:5-6:STRIPES:LS SHIRT | M2: 229900 | N2: 0.8 | O2: =M2-((80*M2)/100) -> 45980 | P2: PERCENTAGE
A3: 2025 HILITE DISC 80 | B3: =B2 -> 46086 | C3: =C2 -> 46092 | D3: 3321 | E3: 337 | F3: 4 | G3: 3 | H3: 81005 | I3: CHARACTER | J3: 52133289 | K3: LSSWCN | L3: LS SHIRT KOMBI WOVEN CINNAMOROLL LSSWCN:PASTEL PINK:7-8:STRIPES:LS SHIRT | M3: 229900 | N3: 0.8 | O3: =M3-((80*M3)/100) -> 45980 | P3: PERCENTAGE
A4: 2025 HILITE DISC 80 | B4: =B3 -> 46086 | C4: =C3 -> 46092 | D4: 3321 | E4: 337 | F4: 4 | G4: 3 | H4: 81005 | I4: CHARACTER | J4: 52133298 | K4: LSSWCN | L4: LS SHIRT KOMBI WOVEN CINNAMOROLL LSSWCN:PASTEL PINK:9-10:STRIPES:LS SHIRT | M4: 229900 | N4: 0.8 | O4: =M4-((80*M4)/100) -> 45980 | P4: PERCENTAGE
A5: 2025 HILITE DISC 80 | B5: =B4 -> 46086 | C5: =C4 -> 46092 | D5: 3321 | E5: 337 | F5: 4 | G5: 3 | H5: 81005 | I5: CHARACTER | J5: 52133305 | K5: LSSWCN | L5: LS SHIRT KOMBI WOVEN CINNAMOROLL LSSWCN:PASTEL PINK:11-12:STRIPES:LS SHIRT | M5: 229900 | N5: 0.8 | O5: =M5-((80*M5)/100) -> 45980 | P5: PERCENTAGE
A6: 2025 HILITE DISC 80 | B6: =B5 -> 46086 | C6: =C5 -> 46092 | D6: 3321 | E6: 337 | F6: 4 | G6: 3 | H6: 81005 | I6: CHARACTER | J6: 52133314 | K6: LSSWKU | L6: LS SHIRT KOMBI WOVEN KUROMI LSSWKU:PASTEL PURPLE:5-6:STRIPES:LS SHIRT | M6: 229900 | N6: 0.8 | O6: =M6-((80*M6)/100) -> 45980 | P6: PERCENTAGE
A7: 2025 HILITE DISC 80 | B7: =B6 -> 46086 | C7: =C6 -> 46092 | D7: 3321 | E7: 337 | F7: 4 | G7: 3 | H7: 81005 | I7: CHARACTER | J7: 52133323 | K7: LSSWKU | L7: LS SHIRT KOMBI WOVEN KUROMI LSSWKU:PASTEL PURPLE:7-8:STRIPES:LS SHIRT | M7: 229900 | N7: 0.8 | O7: =M7-((80*M7)/100) -> 45980 | P7: PERCENTAGE
A8: 2025 HILITE DISC 80 | B8: =B7 -> 46086 | C8: =C7 -> 46092 | D8: 3321 | E8: 337 | F8: 4 | G8: 3 | H8: 81005 | I8: CHARACTER | J8: 52133332 | K8: LSSWKU | L8: LS SHIRT KOMBI WOVEN KUROMI LSSWKU:PASTEL PURPLE:9-10:STRIPES:LS SHIRT | M8: 229900 | N8: 0.8 | O8: =M8-((80*M8)/100) -> 45980 | P8: PERCENTAGE
A9: 2025 HILITE DISC 80 | B9: =B8 -> 46086 | C9: =C8 -> 46092 | D9: 3321 | E9: 337 | F9: 4 | G9: 3 | H9: 81005 | I9: CHARACTER | J9: 52133341 | K9: LSSWKU | L9: LS SHIRT KOMBI WOVEN KUROMI LSSWKU:PASTEL PURPLE:11-12:STRIPES:LS SHIRT | M9: 229900 | N9: 0.8 | O9: =M9-((80*M9)/100) -> 45980 | P9: PERCENTAGE
A10: 2025 HILITE DISC 80 | B10: =B9 -> 46086 | C10: =C9 -> 46092 | D10: 3321 | E10: 337 | F10: 4 | G10: 3 | H10: 81005 | I10: CHARACTER | J10: 52133529 | K10: DL25CN | L10: LS MIDI DRESS MIDI CINNAMOROLL DL25CN:PASTEL BLUE:3-4:STRIPES:LS MIDI DRESS | M10: 299900 | N10: 0.8 | O10: =M10-((80*M10)/100) -> 59980 | P10: PERCENTAGE
A11: 2025 HILITE DISC 80 | B11: =B10 -> 46086 | C11: =C10 -> 46092 | D11: 3321 | E11: 337 | F11: 4 | G11: 3 | H11: 81005 | I11: CHARACTER | J11: 52133538 | K11: DL25CN | L11: LS MIDI DRESS MIDI CINNAMOROLL DL25CN:PASTEL BLUE:4-5:STRIPES:LS MIDI DRESS | M11: 299900 | N11: 0.8 | O11: =M11-((80*M11)/100) -> 59980 | P11: PERCENTAGE
A12: 2025 HILITE DISC 80 | B12: =B11 -> 46086 | C12: =C11 -> 46092 | D12: 3321 | E12: 337 | F12: 4 | G12: 3 | H12: 81005 | I12: CHARACTER | J12: 52133547 | K12: DL25CN | L12: LS MIDI DRESS MIDI CINNAMOROLL DL25CN:PASTEL BLUE:5-6:STRIPES:LS MIDI DRESS | M12: 299900 | N12: 0.8 | O12: =M12-((80*M12)/100) -> 59980 | P12: PERCENTAGE
A13: 2025 HILITE DISC 80 | B13: =B12 -> 46086 | C13: =C12 -> 46092 | D13: 3321 | E13: 337 | F13: 4 | G13: 3 | H13: 81005 | I13: CHARACTER | J13: 52133556 | K13: DL25CN | L13: LS MIDI DRESS MIDI CINNAMOROLL DL25CN:PASTEL BLUE:7-8:STRIPES:LS MIDI DRESS | M13: 299900 | N13: 0.8 | O13: =M13-((80*M13)/100) -> 59980 | P13: PERCENTAGE
A14: 2025 HILITE DISC 80 | B14: =B13 -> 46086 | C14: =C13 -> 46092 | D14: 3321 | E14: 337 | F14: 4 | G14: 3 | H14: 81005 | I14: CHARACTER | J14: 52133565 | K14: DL25CN | L14: LS MIDI DRESS MIDI CINNAMOROLL DL25CN:PASTEL BLUE:9-10:STRIPES:LS MIDI DRESS | M14: 299900 | N14: 0.8 | O14: =M14-((80*M14)/100) -> 59980 | P14: PERCENTAGE
... A29: 2025 HILITE DISC 80 | B29: =B28 -> 46086 | C29: =C28 -> 46092 | D29: 3321 | E29: 337 | F29: 4 | G29: 3 | H29: 81698 | I29: CHARACTER | J29: 52296863 | K29: DL25AKU | L29: LS MIDI DRESS LEB KUROMI DL25AKU:PASTEL PURPLE:11-12:GRAPHIC:LS MIDI DRESS | M29: 339900 | N29: 0.8 | O29: =M29-((80*M29)/100) -> 67980 | P29: PERCENTAGE

Sheet 2024 JULY-SEP B1G2 - 3321
A1: ACARA | B1: FROM DATE | C1: TO DATE | D1: DEPT | E1: WORLD | F1: DIVISION | G1: CLASS | H1: SUPPLIER | I1: BRAND | J1: SKU | K1: ARTICLE | L1: DESCRIPTION | M1: HARGA NORMAL | N1: DISKON | O1: HARGA PROMO | P1: DISCOUNT TYPE
A2: 2024 JULY-DEC B1G2 | B2: ='2025 AUG B1G1-3321'!B87 -> 46086 | C2: ='2025 AUG B1G1-3321'!C87 -> 46092 | D2: 3321 | E2: 337 | F2: 4 | G2: 1 | H2: 81676 | I2: CHARACTER | J2: 20597875 | K2: TSMYM05 | L2: SS T-SHIRT MY MELODY TSMYM05:OFF WHITE:5-6:PRINT:SS T-SHIRT | M2: 129900 | N2: BXGY | O2: B1G2 | P2: BXGY
A3: =A2 -> 2024 JULY-DEC B1G2 | B3: =B2 -> 46086 | C3: =C2 -> 46092 | D3: 3321 | E3: 337 | F3: 4 | G3: 1 | H3: 81676 | I3: CHARACTER | J3: 20597893 | K3: TSMYM05 | L3: SS T-SHIRT MY MELODY TSMYM05:OFF WHITE:7-8:PRINT:SS T-SHIRT | M3: 129900 | N3: BXGY | O3: =O2 -> B1G2 | P3: BXGY
A4: =A3 -> 2024 JULY-DEC B1G2 | B4: =B3 -> 46086 | C4: =C3 -> 46092 | D4: 3321 | E4: 337 | F4: 4 | G4: 1 | H4: 81676 | I4: CHARACTER | J4: 20597900 | K4: TSMYM05 | L4: SS T-SHIRT MY MELODY TSMYM05:OFF WHITE:9-10:PRINT:SS T-SHIRT | M4: 129900 | N4: BXGY | O4: =O3 -> B1G2 | P4: BXGY
A5: =A4 -> 2024 JULY-DEC B1G2 | B5: =B4 -> 46086 | C5: =C4 -> 46092 | D5: 3321 | E5: 337 | F5: 4 | G5: 1 | H5: 81676 | I5: CHARACTER | J5: 20597937 | K5: TSMYM05 | L5: SS T-SHIRT MY MELODY TSMYM05:OFF WHITE:11-12:PRINT:SS T-SHIRT | M5: 129900 | N5: BXGY | O5: =O4 -> B1G2 | P5: BXGY
A6: =A5 -> 2024 JULY-DEC B1G2 | B6: =B5 -> 46086 | C6: =C5 -> 46092 | D6: 3321 | E6: 337 | F6: 4 | G6: 1 | H6: 81676 | I6: CHARACTER | J6: 20597955 | K6: TSMYM06 | L6: SS T-SHIRT MY MELODY TSMYM06:PASTEL BLUE:5-6:GRAPHIC:SS T-SHIRT | M6: 139900 | N6: BXGY | O6: =O5 -> B1G2 | P6: BXGY
A7: =A6 -> 2024 JULY-DEC B1G2 | B7: =B6 -> 46086 | C7: =C6 -> 46092 | D7: 3321 | E7: 337 | F7: 4 | G7: 1 | H7: 81676 | I7: CHARACTER | J7: 20597973 | K7: TSMYM06 | L7: SS T-SHIRT MY MELODY TSMYM06:PASTEL BLUE:7-8:GRAPHIC:SS T-SHIRT | M7: 139900 | N7: BXGY | O7: =O6 -> B1G2 | P7: BXGY
A8: =A7 -> 2024 JULY-DEC B1G2 | B8: =B7 -> 46086 | C8: =C7 -> 46092 | D8: 3321 | E8: 337 | F8: 4 | G8: 1 | H8: 81676 | I8: CHARACTER | J8: 20598007 | K8: TSMYM06 | L8: SS T-SHIRT MY MELODY TSMYM06:PASTEL BLUE:9-10:GRAPHIC:SS T-SHIRT | M8: 139900 | N8: BXGY | O8: =O7 -> B1G2 | P8: BXGY
A9: =A8 -> 2024 JULY-DEC B1G2 | B9: =B8 -> 46086 | C9: =C8 -> 46092 | D9: 3321 | E9: 337 | F9: 4 | G9: 1 | H9: 81676 | I9: CHARACTER | J9: 20598016 | K9: TSMYM06 | L9: SS T-SHIRT MY MELODY TSMYM06:PASTEL BLUE:11-12:GRAPHIC:SS T-SHIRT | M9: 139900 | N9: BXGY | O9: =O8 -> B1G2 | P9: BXGY
A10: =A9 -> 2024 JULY-DEC B1G2 | B10: =B9 -> 46086 | C10: =C9 -> 46092 | D10: 3321 | E10: 337 | F10: 4 | G10: 1 | H10: 81676 | I10: CHARACTER | J10: 21324854 | K10: TSGPPG1 | L10: SS T-SHIRT PPG LOVE TSGPPG1:OFF WHITE:5-6:GRAPHIC:SS T-SHIRT | M10: 129900 | N10: BXGY | O10: =O9 -> B1G2 | P10: BXGY
A11: =A10 -> 2024 JULY-DEC B1G2 | B11: =B10 -> 46086 | C11: =C10 -> 46092 | D11: 3321 | E11: 337 | F11: 4 | G11: 1 | H11: 81676 | I11: CHARACTER | J11: 21324989 | K11: TSGPPG1 | L11: SS T-SHIRT PPG LOVE TSGPPG1:OFF WHITE:7-8:GRAPHIC:SS T-SHIRT | M11: 129900 | N11: BXGY | O11: =O10 -> B1G2 | P11: BXGY
A12: =A11 -> 2024 JULY-DEC B1G2 | B12: =B11 -> 46086 | C12: =C11 -> 46092 | D12: 3321 | E12: 337 | F12: 4 | G12: 1 | H12: 81676 | I12: CHARACTER | J12: 21324998 | K12: TSGPPG1 | L12: SS T-SHIRT PPG LOVE TSGPPG1:OFF WHITE:9-10:GRAPHIC:SS T-SHIRT | M12: 129900 | N12: BXGY | O12: =O11 -> B1G2 | P12: BXGY
A13: =A12 -> 2024 JULY-DEC B1G2 | B13: =B12 -> 46086 | C13: =C12 -> 46092 | D13: 3321 | E13: 337 | F13: 4 | G13: 1 | H13: 81676 | I13: CHARACTER | J13: 21325004 | K13: TSGPPG1 | L13: SS T-SHIRT PPG LOVE TSGPPG1:OFF WHITE:11-12:GRAPHIC:SS T-SHIRT | M13: 129900 | N13: BXGY | O13: =O12 -> B1G2 | P13: BXGY
A14: =A13 -> 2024 JULY-DEC B1G2 | B14: =B13 -> 46086 | C14: =C13 -> 46092 | D14: 3321 | E14: 337 | F14: 4 | G14: 1 | H14: 81421 | I14: CHARACTER | J14: 20597615 | K14: SSKTMYM | L14: SS T-SHIRT TOP KOTAK MY MELODY SSKTMYM:PASTEL PINK:3-4:CHECKS:SS T-SHIRT | M14: 179900 | N14: BXGY | O14: =O13 -> B1G2 | P14: BXGY
... A108: =A107 -> 2024 JULY-DEC B1G2 | B108: =B107 -> 46086 | C108: =C107 -> 46092 | D108: 3321 | E108: 337 | F108: 4 | G108: 5 | H108: 81698 | I108: CHARACTER | J108: 23116754 | K108: DCOSKUR | L108: SS MIDI DRESS COSTUME KUROMI DCOSKUR:PASTEL PURPLE:7-8:GRAPHIC:SS MIDI DRESS | M108: 299900 | N108: BXGY | O108: =O107 -> B1G2 | P108: BXGY
A109: =A108 -> 2024 JULY-DEC B1G2 | B109: =B108 -> 46086 | C109: =C108 -> 46092 | D109: 3321 | E109: 337 | F109: 4 | G109: 1 | H109: 81462 | I109: CHARACTER | J109: 26741886 | K109: TSMMLP2 | L109: SS T-SHIRT LENGAN RUFFLE MY LITTLE PONY TSMMLP2:PASTEL PURPLE:5-6:GRAPHIC:SS T-SHIRT | M109: 139900 | N109: BXGY | O109: B1G2 | P109: BXGY
A110: =A109 -> 2024 JULY-DEC B1G2 | B110: =B109 -> 46086 | C110: =C109 -> 46092 | D110: 3321 | E110: 337 | F110: 4 | G110: 1 | H110: 81462 | I110: CHARACTER | J110: 26741895 | K110: TSMMLP2 | L110: SS T-SHIRT LENGAN RUFFLE MY LITTLE PONY TSMMLP2:PASTEL PURPLE:7-8:GRAPHIC:SS T-SHIRT | M110: 139900 | N110: BXGY | O110: =O109 -> B1G2 | P110: BXGY
A111: =A110 -> 2024 JULY-DEC B1G2 | B111: =B110 -> 46086 | C111: =C110 -> 46092 | D111: 3321 | E111: 337 | F111: 4 | G111: 1 | H111: 81462 | I111: CHARACTER | J111: 26741902 | K111: TSMMLP2 | L111: SS T-SHIRT LENGAN RUFFLE MY LITTLE PONY TSMMLP2:PASTEL PURPLE:9-10:GRAPHIC:SS T-SHIRT | M111: 139900 | N111: BXGY | O111: =O110 -> B1G2 | P111: BXGY
A112: =A111 -> 2024 JULY-DEC B1G2 | B112: =B111 -> 46086 | C112: =C111 -> 46092 | D112: 3321 | E112: 337 | F112: 4 | G112: 1 | H112: 81462 | I112: CHARACTER | J112: 26741911 | K112: TSMMLP2 | L112: SS T-SHIRT LENGAN RUFFLE MY LITTLE PONY TSMMLP2:PASTEL PURPLE:11-12:GRAPHIC:SS T-SHIRT | M112: 139900 | N112: BXGY | O112: =O111 -> B1G2 | P112: BXGY
A113: =A112 -> 2024 JULY-DEC B1G2 | B113: =B112 -> 46086 | C113: =C112 -> 46092 | D113: 3321 | E113: 337 | F113: 4 | G113: 3 | H113: 81005 | I113: CHARACTER | J113: 26741760 | K113: SWMM | L113: SWEATSHIRT PITA MY MELODY SWMM:PASTEL PINK:4-5:GRAPHIC:SWEATSHIRT | M113: 219900 | N113: BXGY | O113: =O112 -> B1G2 | P113: BXGY
A114: =A113 -> 2024 JULY-DEC B1G2 | B114: =B113 -> 46086 | C114: =C113 -> 46092 | D114: 3321 | E114: 337 | F114: 4 | G114: 3 | H114: 81005 | I114: CHARACTER | J114: 26741779 | K114: SWMM | L114: SWEATSHIRT PITA MY MELODY SWMM:PASTEL PINK:5-6:GRAPHIC:SWEATSHIRT | M114: 219900 | N114: BXGY | O114: =O113 -> B1G2 | P114: BXGY
A115: =A114 -> 2024 JULY-DEC B1G2 | B115: =B114 -> 46086 | C115: =C114 -> 46092 | D115: 3321 | E115: 337 | F115: 4 | G115: 3 | H115: 81005 | I115: CHARACTER | J115: 26741788 | K115: SWMM | L115: SWEATSHIRT PITA MY MELODY SWMM:PASTEL PINK:7-8:GRAPHIC:SWEATSHIRT | M115: 219900 | N115: BXGY | O115: =O114 -> B1G2 | P115: BXGY
A116: =A115 -> 2024 JULY-DEC B1G2 | B116: =B115 -> 46086 | C116: =C115 -> 46092 | D116: 3321 | E116: 337 | F116: 4 | G116: 3 | H116: 81005 | I116: CHARACTER | J116: 26741751 | K116: SWMM | L116: SWEATSHIRT PITA MY MELODY SWMM:PASTEL PINK:3-4:GRAPHIC:SWEATSHIRT | M116: 219900 | N116: BXGY | O116: =O115 -> B1G2 | P116: BXGY
A117: =A116 -> 2024 JULY-DEC B1G2 | B117: =B116 -> 46086 | C117: =C116 -> 46092 | D117: 3321 | E117: 337 | F117: 4 | G117: 3 | H117: 81005 | I117: CHARACTER | J117: 26741797 | K117: SWMM | L117: SWEATSHIRT PITA MY MELODY SWMM:PASTEL PINK:9-10:GRAPHIC:SWEATSHIRT | M117: 219900 | N117: BXGY | O117: =O116 -> B1G2 | P117: BXGY
A118: =A117 -> 2024 JULY-DEC B1G2 | B118: =B117 -> 46086 | C118: =C117 -> 46092 | D118: 3321 | E118: 337 | F118: 4 | G118: 5 | H118: 81421 | I118: CHARACTER | J118: 24392650 | K118: DSKUTL | L118: SS MIDI DRESS TULLE KERAH SLING BAG KUROMI DSKUTL:PASTEL PURPLE:3-4:GRAPHIC:SS MIDI DRESS | M118: 299900 | N118: BXGY | O118: =O117 -> B1G2 | P118: BXGY
A119: =A118 -> 2024 JULY-DEC B1G2 | B119: =B118 -> 46086 | C119: =C118 -> 46092 | D119: 3321 | E119: 337 | F119: 4 | G119: 5 | H119: 81421 | I119: CHARACTER | J119: 24392669 | K119: DSKUTL | L119: SS MIDI DRESS TULLE KERAH SLING BAG KUROMI DSKUTL:PASTEL PURPLE:4-5:GRAPHIC:SS MIDI DRESS | M119: 299900 | N119: BXGY | O119: =O118 -> B1G2 | P119: BXGY
A120: =A119 -> 2024 JULY-DEC B1G2 | B120: =B119 -> 46086 | C120: =C119 -> 46092 | D120: 3321 | E120: 337 | F120: 4 | G120: 5 | H120: 81421 | I120: CHARACTER | J120: 24392687 | K120: DSKUTL | L120: SS MIDI DRESS TULLE KERAH SLING BAG KUROMI DSKUTL:PASTEL PURPLE:7-8:GRAPHIC:SS MIDI DRESS | M120: 299900 | N120: BXGY | O120: =O119 -> B1G2 | P120: BXGY
A121: =A120 -> 2024 JULY-DEC B1G2 | B121: =B120 -> 46086 | C121: =C120 -> 46092 | D121: 3321 | E121: 337 | F121: 4 | G121: 5 | H121: 81421 | I121: CHARACTER | J121: 24392678 | K121: DSKUTL | L121: SS MIDI DRESS TULLE KERAH SLING BAG KUROMI DSKUTL:PASTEL PURPLE:5-6:GRAPHIC:SS MIDI DRESS | M121: 299900 | N121: BXGY | O121: =O120 -> B1G2 | P121: BXGY
... A244: =A243 -> 2024 JULY-DEC B1G2 | B244: =B243 -> 46086 | C244: =C243 -> 46092 | D244: 3321 | E244: 337 | F244: 4 | G244: 5 | H244: 81698 | I244: CHARACTER | J244: 26742198 | K244: DSTLMM | L244: SS MIDI DRESS MELODY W 3D FLOWER DSTLMM:PASTEL PINK:4-5:GRAPHIC:SS MIDI DRESS | M244: 319900 | N244: BXGY | O244: =O243 -> B1G2 | P244: BXGY

Sheet 2024 JAN-JUN D70 - 3321
A1: ACARA | B1: FROM DATE | C1: TO DATE | D1: DEPT | E1: WORLD | F1: DIVISION | G1: CLASS | H1: SUPPLIER | I1: BRAND | J1: SKU | K1: ARTICLE | L1: DESCRIPTION | M1: HARGA NORMAL | N1: DISKON | O1: HARGA PROMO | P1: DISCOUNT TYPE
A2: 2024 JAN-JUN DISC 70% | B2: ='2025 AUG B1G1-3321'!B87 -> 46086 | C2: ='2025 AUG B1G1-3321'!C87 -> 46092 | D2: 3321 | E2: 337 | F2: 4 | G2: 1 | H2: 81421 | I2: CHARACTER | J2: 15928526 | K2: TSPPG44 | L2: SS T-SHIRT PPG KERAH TSPPG44:PASTEL PINK:5-6:GRAPHIC:SS T-SHIRT | M2: 159900 | N2: 0.7 | O2: =M2-((70*M2))/100 -> 47970 | P2: PERCENTAGE
A3: =A2 -> 2024 JAN-JUN DISC 70% | B3: =B2 -> 46086 | C3: =C2 -> 46092 | D3: 3321 | E3: 337 | F3: 4 | G3: 1 | H3: 81421 | I3: CHARACTER | J3: 15928535 | K3: TSPPG44 | L3: SS T-SHIRT PPG KERAH TSPPG44:PASTEL PINK:7-8:GRAPHIC:SS T-SHIRT | M3: 159900 | N3: =N2 -> 0.7 | O3: =M3-((70*M3))/100 -> 47970 | P3: PERCENTAGE
A4: =A3 -> 2024 JAN-JUN DISC 70% | B4: =B3 -> 46086 | C4: =C3 -> 46092 | D4: 3321 | E4: 337 | F4: 4 | G4: 1 | H4: 81421 | I4: CHARACTER | J4: 15928553 | K4: TSPPG44 | L4: SS T-SHIRT PPG KERAH TSPPG44:PASTEL PINK:11-12:GRAPHIC:SS T-SHIRT | M4: 159900 | N4: =N3 -> 0.7 | O4: =M4-((70*M4))/100 -> 47970 | P4: PERCENTAGE
A5: =A4 -> 2024 JAN-JUN DISC 70% | B5: =B4 -> 46086 | C5: =C4 -> 46092 | D5: 3321 | E5: 337 | F5: 4 | G5: 1 | H5: 81421 | I5: CHARACTER | J5: 15928562 | K5: TSPPG41 | L5: SS T-SHIRT PPG OMBRE LENGAN RUFFLE TSPPG41:PASTEL PINK:5-6:GRAPHIC:SS T-SHIRT | M5: 149900 | N5: =N4 -> 0.7 | O5: =M5-((70*M5))/100 -> 44970 | P5: PERCENTAGE
A6: =A5 -> 2024 JAN-JUN DISC 70% | B6: =B5 -> 46086 | C6: =C5 -> 46092 | D6: 3321 | E6: 337 | F6: 4 | G6: 1 | H6: 81421 | I6: CHARACTER | J6: 15928571 | K6: TSPPG41 | L6: SS T-SHIRT PPG OMBRE LENGAN RUFFLE TSPPG41:PASTEL PINK:7-8:GRAPHIC:SS T-SHIRT | M6: 149900 | N6: =N5 -> 0.7 | O6: =M6-((70*M6))/100 -> 44970 | P6: PERCENTAGE
A7: =A6 -> 2024 JAN-JUN DISC 70% | B7: =B6 -> 46086 | C7: =C6 -> 46092 | D7: 3321 | E7: 337 | F7: 4 | G7: 1 | H7: 81421 | I7: CHARACTER | J7: 15928580 | K7: TSPPG41 | L7: SS T-SHIRT PPG OMBRE LENGAN RUFFLE TSPPG41:PASTEL PINK:9-10:GRAPHIC:SS T-SHIRT | M7: 149900 | N7: =N6 -> 0.7 | O7: =M7-((70*M7))/100 -> 44970 | P7: PERCENTAGE
A8: =A7 -> 2024 JAN-JUN DISC 70% | B8: =B7 -> 46086 | C8: =C7 -> 46092 | D8: 3321 | E8: 337 | F8: 4 | G8: 1 | H8: 81421 | I8: CHARACTER | J8: 15928599 | K8: TSPPG41 | L8: SS T-SHIRT PPG OMBRE LENGAN RUFFLE TSPPG41:PASTEL PINK:11-12:GRAPHIC:SS T-SHIRT | M8: 149900 | N8: =N7 -> 0.7 | O8: =M8-((70*M8))/100 -> 44970 | P8: PERCENTAGE
A9: =A8 -> 2024 JAN-JUN DISC 70% | B9: =B8 -> 46086 | C9: =C8 -> 46092 | D9: 3321 | E9: 337 | F9: 4 | G9: 1 | H9: 81421 | I9: CHARACTER | J9: 15928606 | K9: TSPPG42 | L9: SS T-SHIRT PPG LENGAN SERUT TSPPG42:PASTEL BLUE:5-6:GRAPHIC:SS T-SHIRT | M9: 149900 | N9: =N8 -> 0.7 | O9: =M9-((70*M9))/100 -> 44970 | P9: PERCENTAGE
A10: =A9 -> 2024 JAN-JUN DISC 70% | B10: =B9 -> 46086 | C10: =C9 -> 46092 | D10: 3321 | E10: 337 | F10: 4 | G10: 1 | H10: 81421 | I10: CHARACTER | J10: 15928615 | K10: TSPPG42 | L10: SS T-SHIRT PPG LENGAN SERUT TSPPG42:PASTEL BLUE:7-8:GRAPHIC:SS T-SHIRT | M10: 149900 | N10: =N9 -> 0.7 | O10: =M10-((70*M10))/100 -> 44970 | P10: PERCENTAGE
A11: =A10 -> 2024 JAN-JUN DISC 70% | B11: =B10 -> 46086 | C11: =C10 -> 46092 | D11: 3321 | E11: 337 | F11: 4 | G11: 1 | H11: 81421 | I11: CHARACTER | J11: 15928624 | K11: TSPPG42 | L11: SS T-SHIRT PPG LENGAN SERUT TSPPG42:PASTEL BLUE:9-10:GRAPHIC:SS T-SHIRT | M11: 149900 | N11: =N10 -> 0.7 | O11: =M11-((70*M11))/100 -> 44970 | P11: PERCENTAGE
A12: =A11 -> 2024 JAN-JUN DISC 70% | B12: =B11 -> 46086 | C12: =C11 -> 46092 | D12: 3321 | E12: 337 | F12: 4 | G12: 1 | H12: 81421 | I12: CHARACTER | J12: 15928633 | K12: TSPPG42 | L12: SS T-SHIRT PPG LENGAN SERUT TSPPG42:PASTEL BLUE:11-12:GRAPHIC:SS T-SHIRT | M12: 149900 | N12: =N11 -> 0.7 | O12: =M12-((70*M12))/100 -> 44970 | P12: PERCENTAGE
A13: =A12 -> 2024 JAN-JUN DISC 70% | B13: =B12 -> 46086 | C13: =C12 -> 46092 | D13: 3321 | E13: 337 | F13: 4 | G13: 1 | H13: 81421 | I13: CHARACTER | J13: 16130706 | K13: TSHK1 | L13: SS T-SHIRT FP BBTR HELLO KITTY W BAG TSHK1:CLASSIC RED:3-4:PRINT:SS T-SHIRT | M13: 179900 | N13: =N12 -> 0.7 | O13: =M13-((70*M13))/100 -> 53970 | P13: PERCENTAGE
A14: =A13 -> 2024 JAN-JUN DISC 70% | B14: =B13 -> 46086 | C14: =C13 -> 46092 | D14: 3321 | E14: 337 | F14: 4 | G14: 1 | H14: 81421 | I14: CHARACTER | J14: 16130715 | K14: TSHK1 | L14: SS T-SHIRT FP BBTR HELLO KITTY W BAG TSHK1:CLASSIC RED:4-5:PRINT:SS T-SHIRT | M14: 179900 | N14: =N13 -> 0.7 | O14: =M14-((70*M14))/100 -> 53970 | P14: PERCENTAGE
... A269: =A268 -> 2024 JAN-JUN DISC 70% | B269: =B268 -> 46086 | C269: =C268 -> 46092 | D269: 3321 | E269: 337 | F269: 4 | G269: 1 | H269: 81048 | I269: CHARACTER | J269: 18769069 | K269: TS50HK3 | L269: SS T-SHIRT RIB HELLO KITTY 50 TS50HK3:OFF WHITE:11-12:GRAPHIC:SS T-SHIRT | M269: 149900 | N269: =N268 -> 0.7 | O269: =M269-((70*M269))/100 -> 44970 | P269: PERCENTAGE

Sheet 2025 JUN B1G1 - 3321
A1: ACARA | B1: FROM DATE | C1: TO DATE | D1: DEPT | E1: WORLD | F1: DIVISION | G1: CLASS | H1: SUPPLIER | I1: BRAND | J1: SKU | K1: ARTICLE | L1: DESCRIPTION | M1: HARGA NORMAL | N1: DISKON | O1: HARGA PROMO | P1: DISCOUNT TYPE
A2: 2025 JUN B1G1 | B2: ='2025 AUG B1G1-3321'!B87 -> 46086 | C2: ='2025 AUG B1G1-3321'!C87 -> 46092 | D2: 3321 | E2: 337 | F2: 4 | G2: 1 | H2: 81676 | I2: CHARACTER | J2: 54462474 | K2: TSGGHK2 | L2: SS T-SHIRT TD HELLO KITTY TSGGHK2:OFF WHITE:3-4:GRAPHIC:SS T-SHIRT | M2: 149900 | N2: BXGY | O2: B1G1 | P2: BXGY
A3: 2025 JUN B1G1 | B3: =B2 -> 46086 | C3: =C2 -> 46092 | D3: 3321 | E3: 337 | F3: 4 | G3: 1 | H3: 81676 | I3: CHARACTER | J3: 54462483 | K3: TSGGHK2 | L3: SS T-SHIRT TD HELLO KITTY TSGGHK2:OFF WHITE:4-5:GRAPHIC:SS T-SHIRT | M3: 149900 | N3: BXGY | O3: B1G1 | P3: BXGY
A4: 2025 JUN B1G1 | B4: =B3 -> 46086 | C4: =C3 -> 46092 | D4: 3321 | E4: 337 | F4: 4 | G4: 1 | H4: 81676 | I4: CHARACTER | J4: 54462492 | K4: TSGGHK2 | L4: SS T-SHIRT TD HELLO KITTY TSGGHK2:OFF WHITE:5-6:GRAPHIC:SS T-SHIRT | M4: 149900 | N4: BXGY | O4: B1G1 | P4: BXGY
A5: 2025 JUN B1G1 | B5: =B4 -> 46086 | C5: =C4 -> 46092 | D5: 3321 | E5: 337 | F5: 4 | G5: 1 | H5: 81676 | I5: CHARACTER | J5: 54462509 | K5: TSGGHK2 | L5: SS T-SHIRT TD HELLO KITTY TSGGHK2:OFF WHITE:7-8:GRAPHIC:SS T-SHIRT | M5: 149900 | N5: BXGY | O5: B1G1 | P5: BXGY
A6: 2025 JUN B1G1 | B6: =B5 -> 46086 | C6: =C5 -> 46092 | D6: 3321 | E6: 337 | F6: 4 | G6: 1 | H6: 81676 | I6: CHARACTER | J6: 54462518 | K6: TSGGHK2 | L6: SS T-SHIRT TD HELLO KITTY TSGGHK2:OFF WHITE:9-10:GRAPHIC:SS T-SHIRT | M6: 149900 | N6: BXGY | O6: B1G1 | P6: BXGY
A7: 2025 JUN B1G1 | B7: =B6 -> 46086 | C7: =C6 -> 46092 | D7: 3321 | E7: 337 | F7: 4 | G7: 1 | H7: 81676 | I7: CHARACTER | J7: 54462527 | K7: TSGGHK2 | L7: SS T-SHIRT TD HELLO KITTY TSGGHK2:OFF WHITE:11-12:GRAPHIC:SS T-SHIRT | M7: 149900 | N7: BXGY | O7: B1G1 | P7: BXGY
A8: 2025 JUN B1G1 | B8: =B7 -> 46086 | C8: =C7 -> 46092 | D8: 3321 | E8: 337 | F8: 4 | G8: 1 | H8: 81676 | I8: CHARACTER | J8: 54462410 | K8: TSGGHK1 | L8: SS T-SHIRT KTG HELLO KITTY TSGGHK1:PASTEL PINK:3-4:GRAPHIC:SS T-SHIRT | M8: 149900 | N8: BXGY | O8: B1G1 | P8: BXGY
A9: 2025 JUN B1G1 | B9: =B8 -> 46086 | C9: =C8 -> 46092 | D9: 3321 | E9: 337 | F9: 4 | G9: 1 | H9: 81676 | I9: CHARACTER | J9: 54462429 | K9: TSGGHK1 | L9: SS T-SHIRT KTG HELLO KITTY TSGGHK1:PASTEL PINK:4-5:GRAPHIC:SS T-SHIRT | M9: 149900 | N9: BXGY | O9: B1G1 | P9: BXGY
A10: 2025 JUN B1G1 | B10: =B9 -> 46086 | C10: =C9 -> 46092 | D10: 3321 | E10: 337 | F10: 4 | G10: 1 | H10: 81676 | I10: CHARACTER | J10: 54462438 | K10: TSGGHK1 | L10: SS T-SHIRT KTG HELLO KITTY TSGGHK1:PASTEL PINK:5-6:GRAPHIC:SS T-SHIRT | M10: 149900 | N10: BXGY | O10: B1G1 | P10: BXGY
A11: 2025 JUN B1G1 | B11: =B10 -> 46086 | C11: =C10 -> 46092 | D11: 3321 | E11: 337 | F11: 4 | G11: 1 | H11: 81676 | I11: CHARACTER | J11: 54462447 | K11: TSGGHK1 | L11: SS T-SHIRT KTG HELLO KITTY TSGGHK1:PASTEL PINK:7-8:GRAPHIC:SS T-SHIRT | M11: 149900 | N11: BXGY | O11: B1G1 | P11: BXGY
A12: 2025 JUN B1G1 | B12: =B11 -> 46086 | C12: =C11 -> 46092 | D12: 3321 | E12: 337 | F12: 4 | G12: 1 | H12: 81676 | I12: CHARACTER | J12: 54462456 | K12: TSGGHK1 | L12: SS T-SHIRT KTG HELLO KITTY TSGGHK1:PASTEL PINK:9-10:GRAPHIC:SS T-SHIRT | M12: 149900 | N12: BXGY | O12: B1G1 | P12: BXGY
A13: 2025 JUN B1G1 | B13: =B12 -> 46086 | C13: =C12 -> 46092 | D13: 3321 | E13: 337 | F13: 4 | G13: 1 | H13: 81676 | I13: CHARACTER | J13: 54462465 | K13: TSGGHK1 | L13: SS T-SHIRT KTG HELLO KITTY TSGGHK1:PASTEL PINK:11-12:GRAPHIC:SS T-SHIRT | M13: 149900 | N13: BXGY | O13: B1G1 | P13: BXGY
A14: 2025 JUN B1G1 | B14: =B13 -> 46086 | C14: =C13 -> 46092 | D14: 3321 | E14: 337 | F14: 4 | G14: 3 | H14: 81005 | I14: CHARACTER | J14: 54391176 | K14: SWKRMM | L14: SWEATSHIRT COLLAR RETS MY MELODY SWKRMM:PASTEL PINK:3-4:GRAPHIC:SWEATSHIRT | M14: 229900 | N14: BXGY | O14: B1G1 | P14: BXGY
... A33: 2025 JUN B1G1 | B33: =B32 -> 46086 | C33: =C32 -> 46092 | D33: 3321 | E33: 337 | F33: 4 | G33: 1 | H33: 81462 | I33: CHARACTER | J33: 54462401 | K33: TS254MM | L33: SS T-SHIRT MY MELODY TS254MM:PASTEL PINK:7-8:GRAPHIC:SS T-SHIRT | M33: 119900 | N33: BXGY | O33: B1G1 | P33: BXGY

Sheet 2025 JAN-MEI B1G2 - 3321
A1: ACARA | B1: FROM DATE | C1: TO DATE | D1: DEPT | E1: WORLD | F1: DIVISION | G1: CLASS | H1: SUPPLIER | I1: BRAND | J1: SKU | K1: ARTICLE | L1: DESCRIPTION | M1: HARGA NORMAL | N1: DISKON | O1: HARGA PROMO | P1: DISCOUNT TYPE
A2: 2025 JAN-MEI B1G2 | B2: ='2025 AUG B1G1-3321'!B87 -> 46086 | C2: ='2025 AUG B1G1-3321'!C87 -> 46092 | D2: 3321 | E2: 337 | F2: 4 | G2: 4 | H2: 81588 | I2: CHARACTER | J2: 51607135 | K2: SKKU | L2: SKORT PARASUT KUROMI SKKU:BLACK:3-4:GRAPHIC:SKORT | M2: 199900 | N2: BXGY | O2: B1G2 | P2: BXGY
A3: 2025 JAN-MEI B1G2 | B3: =B2 -> 46086 | C3: =C2 -> 46092 | D3: 3321 | E3: 337 | F3: 4 | G3: 4 | H3: 81588 | I3: CHARACTER | J3: 51607144 | K3: SKKU | L3: SKORT PARASUT KUROMI SKKU:BLACK:4-5:GRAPHIC:SKORT | M3: 199900 | N3: BXGY | O3: B1G2 | P3: BXGY
A4: 2025 JAN-MEI B1G2 | B4: =B3 -> 46086 | C4: =C3 -> 46092 | D4: 3321 | E4: 337 | F4: 4 | G4: 4 | H4: 81588 | I4: CHARACTER | J4: 51607153 | K4: SKKU | L4: SKORT PARASUT KUROMI SKKU:BLACK:5-6:GRAPHIC:SKORT | M4: 199900 | N4: BXGY | O4: B1G2 | P4: BXGY
A5: 2025 JAN-MEI B1G2 | B5: =B4 -> 46086 | C5: =C4 -> 46092 | D5: 3321 | E5: 337 | F5: 4 | G5: 4 | H5: 81588 | I5: CHARACTER | J5: 51607162 | K5: SKKU | L5: SKORT PARASUT KUROMI SKKU:BLACK:7-8:GRAPHIC:SKORT | M5: 199900 | N5: BXGY | O5: B1G2 | P5: BXGY
A6: 2025 JAN-MEI B1G2 | B6: =B5 -> 46086 | C6: =C5 -> 46092 | D6: 3321 | E6: 337 | F6: 4 | G6: 4 | H6: 81588 | I6: CHARACTER | J6: 51837191 | K6: SKKU | L6: SKORT PARASUT KUROMI SKKU:BLACK:9-10:GRAPHIC:SKORT | M6: 199900 | N6: BXGY | O6: B1G2 | P6: BXGY
A7: 2025 JAN-MEI B1G2 | B7: =B6 -> 46086 | C7: =C6 -> 46092 | D7: 3321 | E7: 337 | F7: 4 | G7: 4 | H7: 81588 | I7: CHARACTER | J7: 51837208 | K7: SKKU | L7: SKORT PARASUT KUROMI SKKU:BLACK:11-12:GRAPHIC:SKORT | M7: 199900 | N7: BXGY | O7: B1G2 | P7: BXGY
A8: 2025 JAN-MEI B1G2 | B8: =B7 -> 46086 | C8: =C7 -> 46092 | D8: 3321 | E8: 337 | F8: 4 | G8: 5 | H8: 190 | I8: CHARACTER | J8: 51607019 | K8: DSOARMM | L8: SS MIDI DRESS OVERALL MY MELODY DSOARMM:PASTEL GREEN:3-4:GRAPHIC:SS MIDI DRESS | M8: 259900 | N8: BXGY | O8: B1G2 | P8: BXGY
A9: 2025 JAN-MEI B1G2 | B9: =B8 -> 46086 | C9: =C8 -> 46092 | D9: 3321 | E9: 337 | F9: 4 | G9: 5 | H9: 190 | I9: CHARACTER | J9: 51607028 | K9: DSOARMM | L9: SS MIDI DRESS OVERALL MY MELODY DSOARMM:PASTEL GREEN:4-5:GRAPHIC:SS MIDI DRESS | M9: 259900 | N9: BXGY | O9: B1G2 | P9: BXGY
A10: 2025 JAN-MEI B1G2 | B10: =B9 -> 46086 | C10: =C9 -> 46092 | D10: 3321 | E10: 337 | F10: 4 | G10: 5 | H10: 190 | I10: CHARACTER | J10: 51607037 | K10: DSOARMM | L10: SS MIDI DRESS OVERALL MY MELODY DSOARMM:PASTEL GREEN:5-6:GRAPHIC:SS MIDI DRESS | M10: 259900 | N10: BXGY | O10: B1G2 | P10: BXGY
A11: 2025 JAN-MEI B1G2 | B11: =B10 -> 46086 | C11: =C10 -> 46092 | D11: 3321 | E11: 337 | F11: 4 | G11: 5 | H11: 190 | I11: CHARACTER | J11: 51607046 | K11: DSOARMM | L11: SS MIDI DRESS OVERALL MY MELODY DSOARMM:PASTEL GREEN:7-8:GRAPHIC:SS MIDI DRESS | M11: 259900 | N11: BXGY | O11: B1G2 | P11: BXGY
A12: 2025 JAN-MEI B1G2 | B12: =B11 -> 46086 | C12: =C11 -> 46092 | D12: 3321 | E12: 337 | F12: 4 | G12: 5 | H12: 190 | I12: CHARACTER | J12: 51607055 | K12: DSPTMM | L12: SS MIDI DRESS MY MELODY DSPTMM:PASTEL PINK:3-4:GRAPHIC:SS MIDI DRESS | M12: 259900 | N12: BXGY | O12: B1G2 | P12: BXGY
A13: 2025 JAN-MEI B1G2 | B13: =B12 -> 46086 | C13: =C12 -> 46092 | D13: 3321 | E13: 337 | F13: 4 | G13: 5 | H13: 190 | I13: CHARACTER | J13: 51607064 | K13: DSPTMM | L13: SS MIDI DRESS MY MELODY DSPTMM:PASTEL PINK:4-5:GRAPHIC:SS MIDI DRESS | M13: 259900 | N13: BXGY | O13: B1G2 | P13: BXGY
A14: 2025 JAN-MEI B1G2 | B14: =B13 -> 46086 | C14: =C13 -> 46092 | D14: 3321 | E14: 337 | F14: 4 | G14: 5 | H14: 190 | I14: CHARACTER | J14: 51607073 | K14: DSPTMM | L14: SS MIDI DRESS MY MELODY DSPTMM:PASTEL PINK:5-6:GRAPHIC:SS MIDI DRESS | M14: 259900 | N14: BXGY | O14: B1G2 | P14: BXGY
... A176: 2025 JAN-MEI B1G2 | B176: =B175 -> 46086 | C176: =C175 -> 46092 | D176: 3321 | E176: 337 | F176: 4 | G176: 4 | H176: 81005 | I176: CHARACTER | J176: 54391247 | K176: SKBMM | L176: MINI SKIRT BALON MY MELODY SKBMM:PASTEL PINK:7-8:PRINT:MINI SKIRT | M176: 199900 | N176: BXGY | O176: B1G2 | P176: BXGY

Sheet 2023 JUN-DEC D90 - 3321
A1: ACARA | B1: FROM DATE | C1: TO DATE | D1: DEPT | E1: WORLD | F1: DIVISION | G1: CLASS | H1: SUPPLIER | I1: BRAND | J1: SKU | K1: ARTICLE | L1: DESCRIPTION | M1: HARGA NORMAL | N1: DISKON | O1: HARGA PROMO | P1: DISCOUNT TYPE
A2: 2023 JUN-DEC DISC 90 | B2: ='2025 HILITE D80 - 3321'!B2 -> 46086 | C2: ='2025 HILITE D80 - 3321'!C2 -> 46092 | D2: 3321 | E2: 337 | F2: 4 | G2: 1 | H2: 81421 | I2: CHARACTER GIRL | J2: 14608392 | K2: TSPPG4 | L2: SS T-SHIRT PPG GIRLS LENGAN KERUT TSPPG4:PASTEL PURPLE:5-6:GRAPHIC:SS T-SHIRT | M2: 149900 | N2: 0.9 | O2: =M2-((90*M2)/100) -> 14990 | P2: PERCENTAGE
A3: 2023 JUN-DEC DISC 90 | B3: =B2 -> 46086 | C3: =C2 -> 46092 | D3: 3321 | E3: 337 | F3: 4 | G3: 1 | H3: 81421 | I3: CHARACTER GIRL | J3: 14608418 | K3: TSPPG4 | L3: SS T-SHIRT PPG GIRLS LENGAN KERUT TSPPG4:PASTEL PURPLE:9-10:GRAPHIC:SS T-SHIRT | M3: 149900 | N3: 0.9 | O3: =M3-((90*M3)/100) -> 14990 | P3: PERCENTAGE
A4: 2023 JUN-DEC DISC 90 | B4: =B3 -> 46086 | C4: =C3 -> 46092 | D4: 3321 | E4: 337 | F4: 4 | G4: 1 | H4: 81421 | I4: CHARACTER GIRL | J4: 14608427 | K4: TSPPG4 | L4: SS T-SHIRT PPG GIRLS LENGAN KERUT TSPPG4:PASTEL PURPLE:11-12:GRAPHIC:SS T-SHIRT | M4: 149900 | N4: 0.9 | O4: =M4-((90*M4)/100) -> 14990 | P4: PERCENTAGE
A5: 2023 JUN-DEC DISC 90 | B5: =B4 -> 46086 | C5: =C4 -> 46092 | D5: 3321 | E5: 337 | F5: 4 | G5: 1 | H5: 81421 | I5: CHARACTER GIRL | J5: 14608436 | K5: TSPPG5 | L5: SS T-SHIRT PPG 25 CUT AND SEWN TSPPG5:PASTEL PINK:5-6:GRAPHIC:SS T-SHIRT | M5: 149900 | N5: 0.9 | O5: =M5-((90*M5)/100) -> 14990 | P5: PERCENTAGE
A6: 2023 JUN-DEC DISC 90 | B6: =B5 -> 46086 | C6: =C5 -> 46092 | D6: 3321 | E6: 337 | F6: 4 | G6: 1 | H6: 81421 | I6: CHARACTER GIRL | J6: 14608445 | K6: TSPPG5 | L6: SS T-SHIRT PPG 25 CUT AND SEWN TSPPG5:PASTEL PINK:7-8:GRAPHIC:SS T-SHIRT | M6: 149900 | N6: 0.9 | O6: =M6-((90*M6)/100) -> 14990 | P6: PERCENTAGE
A7: 2023 JUN-DEC DISC 90 | B7: =B6 -> 46086 | C7: =C6 -> 46092 | D7: 3321 | E7: 337 | F7: 4 | G7: 1 | H7: 81421 | I7: CHARACTER GIRL | J7: 14608454 | K7: TSPPG5 | L7: SS T-SHIRT PPG 25 CUT AND SEWN TSPPG5:PASTEL PINK:9-10:GRAPHIC:SS T-SHIRT | M7: 149900 | N7: 0.9 | O7: =M7-((90*M7)/100) -> 14990 | P7: PERCENTAGE
A8: 2023 JUN-DEC DISC 90 | B8: =B7 -> 46086 | C8: =C7 -> 46092 | D8: 3321 | E8: 337 | F8: 4 | G8: 1 | H8: 81462 | I8: CHARACTER GIRL | J8: 14292278 | K8: TSPPG1 | L8: SS T-SHIRT PPG FP SERUT TSPPG1:PASTEL PINK:5-6:PRINT:SS T-SHIRT | M8: 149900 | N8: 0.9 | O8: =M8-((90*M8)/100) -> 14990 | P8: PERCENTAGE
A9: 2023 JUN-DEC DISC 90 | B9: =B8 -> 46086 | C9: =C8 -> 46092 | D9: 3321 | E9: 337 | F9: 4 | G9: 1 | H9: 81462 | I9: CHARACTER GIRL | J9: 14292287 | K9: TSPPG1 | L9: SS T-SHIRT PPG FP SERUT TSPPG1:PASTEL PINK:7-8:PRINT:SS T-SHIRT | M9: 149900 | N9: 0.9 | O9: =M9-((90*M9)/100) -> 14990 | P9: PERCENTAGE
A10: 2023 JUN-DEC DISC 90 | B10: =B9 -> 46086 | C10: =C9 -> 46092 | D10: 3321 | E10: 337 | F10: 4 | G10: 1 | H10: 81462 | I10: CHARACTER GIRL | J10: 14292303 | K10: TSPPG1 | L10: SS T-SHIRT PPG FP SERUT TSPPG1:PASTEL PINK:11-12:PRINT:SS T-SHIRT | M10: 149900 | N10: 0.9 | O10: =M10-((90*M10)/100) -> 14990 | P10: PERCENTAGE
A11: 2023 JUN-DEC DISC 90 | B11: =B10 -> 46086 | C11: =C10 -> 46092 | D11: 3321 | E11: 337 | F11: 4 | G11: 1 | H11: 81462 | I11: CHARACTER GIRL | J11: 14292312 | K11: TSPPG2 | L11: SS T-SHIRT PPG GRL PWR RUFFLE LENGAN TSPPG2:OFF WHITE:5-6:PRINT:SS T-SHIRT | M11: 149900 | N11: 0.9 | O11: =M11-((90*M11)/100) -> 14990 | P11: PERCENTAGE
A12: 2023 JUN-DEC DISC 90 | B12: =B11 -> 46086 | C12: =C11 -> 46092 | D12: 3321 | E12: 337 | F12: 4 | G12: 1 | H12: 81462 | I12: CHARACTER GIRL | J12: 14292349 | K12: TSPPG2 | L12: SS T-SHIRT PPG GRL PWR RUFFLE LENGAN TSPPG2:OFF WHITE:11-12:PRINT:SS T-SHIRT | M12: 149900 | N12: 0.9 | O12: =M12-((90*M12)/100) -> 14990 | P12: PERCENTAGE
A13: 2023 JUN-DEC DISC 90 | B13: =B12 -> 46086 | C13: =C12 -> 46092 | D13: 3321 | E13: 337 | F13: 4 | G13: 1 | H13: 81462 | I13: CHARACTER GIRL | J13: 14927225 | K13: TSPPG3 | L13: SS T-SHIRT PPG GIRLS POWER RUFFLE BTM TSPPG3:PASTEL ORANGE:5-6:GRAPHIC:SS T-SHIRT | M13: 149900 | N13: 0.9 | O13: =M13-((90*M13)/100) -> 14990 | P13: PERCENTAGE
A14: 2023 JUN-DEC DISC 90 | B14: =B13 -> 46086 | C14: =C13 -> 46092 | D14: 3321 | E14: 337 | F14: 4 | G14: 1 | H14: 81462 | I14: CHARACTER GIRL | J14: 14927243 | K14: TSPPG3 | L14: SS T-SHIRT PPG GIRLS POWER RUFFLE BTM TSPPG3:PASTEL ORANGE:9-10:GRAPHIC:SS T-SHIRT | M14: 149900 | N14: 0.9 | O14: =M14-((90*M14)/100) -> 14990 | P14: PERCENTAGE
... A73: 2023 JUN-DEC DISC 90 | B73: =B72 -> 46086 | C73: =C72 -> 46092 | D73: 3321 | E73: 337 | F73: 4 | G73: 5 | H73: 81800 | I73: CHARACTER GIRL | J73: 82958850 | K73: DSBARB | L73: SS MIDI DRESS BARBIE DSBARB:PASTEL PINK:9-10:GRAPHIC:SS MIDI DRESS | M73: 219900 | N73: 0.9 | O73: =M73-((90*M73)/100) -> 21990 | P73: PERCENTAGE

Sheet 2025 NOV-FEB B3 D10 -3281
A1: ACARA | B1: FROM DATE | C1: TO DATE | D1: DEPT | E1: WORLD | F1: DIVISION | G1: CLASS | H1: SUPPLIER | I1: BRAND | J1: SKU | K1: ARTICLE | L1: DESCRIPTION | M1: HARGA NORMAL | N1: DISKON | O1: HARGA PROMO | P1: DISCOUNT TYPE
A2: 2026 NOV-FEB B3 DISC 10% | B2: ='2025 HILITE D80 - 3321'!B3 -> 46086 | C2: ='2025 HILITE D80 - 3321'!C3 -> 46092 | D2: 3281 | E2: 337 | F2: 4 | G2: 4 | H2: 81146 | I2: DISNEY | J2: 61942594 | K2: SKCONS | L2: SKORT MINNIE CONSTELLATION SKCONS:BLACK:7-8:GRAPHIC:SKORT | M2: 149900 | N2: BXGY | O2: B3 DISC 10% | P2: BXGY
A3: =A2 -> 2026 NOV-FEB B3 DISC 10% | B3: =B2 -> 46086 | C3: =C2 -> 46092 | D3: 3281 | E3: 337 | F3: 4 | G3: 4 | H3: 81146 | I3: DISNEY | J3: 61942601 | K3: SKCONS | L3: SKORT MINNIE CONSTELLATION SKCONS:BLACK:9-10:GRAPHIC:SKORT | M3: 149900 | N3: BXGY | O3: B3 DISC 10% | P3: BXGY
A4: =A3 -> 2026 NOV-FEB B3 DISC 10% | B4: =B3 -> 46086 | C4: =C3 -> 46092 | D4: 3281 | E4: 337 | F4: 4 | G4: 4 | H4: 81146 | I4: DISNEY | J4: 61942610 | K4: SKCONS | L4: SKORT MINNIE CONSTELLATION SKCONS:BLACK:11-12:GRAPHIC:SKORT | M4: 149900 | N4: BXGY | O4: B3 DISC 10% | P4: BXGY
A5: =A4 -> 2026 NOV-FEB B3 DISC 10% | B5: =B4 -> 46086 | C5: =C4 -> 46092 | D5: 3281 | E5: 337 | F5: 4 | G5: 4 | H5: 81146 | I5: DISNEY | J5: 61942629 | K5: SKCONS | L5: SKORT MINNIE CONSTELLATION SKCONS:BLACK:13-14:GRAPHIC:SKORT | M5: 149900 | N5: BXGY | O5: B3 DISC 10% | P5: BXGY
A6: =A5 -> 2026 NOV-FEB B3 DISC 10% | B6: =B5 -> 46086 | C6: =C5 -> 46092 | D6: 3281 | E6: 337 | F6: 4 | G6: 3 | H6: 81588 | I6: DISNEY | J6: 61942790 | K6: CARDMCON | L6: CARDIGAN MINNIE CONSTELLATION CARDMCON:PASTEL PURPLE:4:EMBRO:CARDIGAN | M6: 199900 | N6: BXGY | O6: B3 DISC 10% | P6: BXGY
A7: =A6 -> 2026 NOV-FEB B3 DISC 10% | B7: =B6 -> 46086 | C7: =C6 -> 46092 | D7: 3281 | E7: 337 | F7: 4 | G7: 3 | H7: 81588 | I7: DISNEY | J7: 61942807 | K7: CARDMCON | L7: CARDIGAN MINNIE CONSTELLATION CARDMCON:PASTEL PURPLE:5:EMBRO:CARDIGAN | M7: 199900 | N7: BXGY | O7: B3 DISC 10% | P7: BXGY
A8: =A7 -> 2026 NOV-FEB B3 DISC 10% | B8: =B7 -> 46086 | C8: =C7 -> 46092 | D8: 3281 | E8: 337 | F8: 4 | G8: 3 | H8: 81588 | I8: DISNEY | J8: 61942816 | K8: CARDMCON | L8: CARDIGAN MINNIE CONSTELLATION CARDMCON:PASTEL PURPLE:6:EMBRO:CARDIGAN | M8: 199900 | N8: BXGY | O8: B3 DISC 10% | P8: BXGY
A9: =A8 -> 2026 NOV-FEB B3 DISC 10% | B9: =B8 -> 46086 | C9: =C8 -> 46092 | D9: 3281 | E9: 337 | F9: 4 | G9: 3 | H9: 81588 | I9: DISNEY | J9: 61942825 | K9: CARDMCON | L9: CARDIGAN MINNIE CONSTELLATION CARDMCON:PASTEL PURPLE:7-8:EMBRO:CARDIGAN | M9: 199900 | N9: BXGY | O9: B3 DISC 10% | P9: BXGY
A10: =A9 -> 2026 NOV-FEB B3 DISC 10% | B10: =B9 -> 46086 | C10: =C9 -> 46092 | D10: 3281 | E10: 337 | F10: 4 | G10: 4 | H10: 81679 | I10: DISNEY | J10: 61491625 | K10: SPMPRN | L10: SHORT PANTS PRINCESS MANGA SPMPRN:CHARCOAL:7-8:GRAPHIC:SHORT PANTS | M10: 99900 | N10: BXGY | O10: B3 DISC 10% | P10: BXGY
A11: =A10 -> 2026 NOV-FEB B3 DISC 10% | B11: =B10 -> 46086 | C11: =C10 -> 46092 | D11: 3281 | E11: 337 | F11: 4 | G11: 4 | H11: 81679 | I11: DISNEY | J11: 61491634 | K11: SPMPRN | L11: SHORT PANTS PRINCESS MANGA SPMPRN:CHARCOAL:9-10:GRAPHIC:SHORT PANTS | M11: 99900 | N11: BXGY | O11: B3 DISC 10% | P11: BXGY
A12: =A11 -> 2026 NOV-FEB B3 DISC 10% | B12: =B11 -> 46086 | C12: =C11 -> 46092 | D12: 3281 | E12: 337 | F12: 4 | G12: 4 | H12: 81679 | I12: DISNEY | J12: 61491643 | K12: SPMPRN | L12: SHORT PANTS PRINCESS MANGA SPMPRN:CHARCOAL:11-12:GRAPHIC:SHORT PANTS | M12: 99900 | N12: BXGY | O12: B3 DISC 10% | P12: BXGY
A13: =A12 -> 2026 NOV-FEB B3 DISC 10% | B13: =B12 -> 46086 | C13: =C12 -> 46092 | D13: 3281 | E13: 337 | F13: 4 | G13: 4 | H13: 81679 | I13: DISNEY | J13: 61491652 | K13: SPMPRN | L13: SHORT PANTS PRINCESS MANGA SPMPRN:CHARCOAL:13-14:GRAPHIC:SHORT PANTS | M13: 99900 | N13: BXGY | O13: B3 DISC 10% | P13: BXGY
A14: =A13 -> 2026 NOV-FEB B3 DISC 10% | B14: =B13 -> 46086 | C14: =C13 -> 46092 | D14: 3281 | E14: 337 | F14: 4 | G14: 5 | H14: 81679 | I14: DISNEY | J14: 61942754 | K14: DSMCONS | L14: SS MIDI DRESS MINNIE CONSTELLATION DSMCONS:CHARCOAL:7-8:GRAPHIC:SS MIDI DRESS | M14: 149900 | N14: BXGY | O14: B3 DISC 10% | P14: BXGY
... A79: =A78 -> 2026 NOV-FEB B3 DISC 10% | B79: =B78 -> 46086 | C79: =C78 -> 46092 | D79: 3281 | E79: 337 | F79: 4 | G79: 1 | H79: 81588 | I79: DISNEY | J79: 68791566 | K79: SETSCMIN | L79: TOP - BOTTOM SET MINNIE SNACK CLUB SETSCMIN:OFF WHITE:7-8:GRAPHIC:TOP - BOTTOM SET | M79: 179900 | N79: BXGY | O79: B3 DISC 10% | P79: BXGY

Sheet 2025 OCT SHARP PRICE - 3281
A1: ACARA | B1: FROM DATE | C1: TO DATE | D1: DEPT | E1: WORLD | F1: DIVISION | G1: CLASS | H1: SUPPLIER | I1: BRAND | J1: SKU | K1: ARTICLE | L1: DESCRIPTION | M1: HARGA NORMAL | N1: DISKON | O1: HARGA PROMO | P1: DISCOUNT TYPE
A2: 2025 OCT SHARP PRICE | B2: ='2025 HILITE D80 - 3321'!B3 -> 46086 | C2: ='2025 HILITE D80 - 3321'!C3 -> 46092 | D2: 3281 | E2: 337 | F2: 4 | G2: 1 | H2: 81679 | I2: DISNEY | J2: 61076959 | K2: TSTST3 | L2: SS T-SHIRT TOY STORY BAT WING TSTST3:PASTEL BLUE:7-8:GRAPHIC:SS T-SHIRT | M2: 99900 | N2: 0 | O2: SHARP PRICE | P2: AMOUNT
A3: 2025 OCT SHARP PRICE | B3: =B2 -> 46086 | C3: =C2 -> 46092 | D3: 3281 | E3: 337 | F3: 4 | G3: 1 | H3: 81679 | I3: DISNEY | J3: 61076968 | K3: TSTST3 | L3: SS T-SHIRT TOY STORY BAT WING TSTST3:PASTEL BLUE:9-10:GRAPHIC:SS T-SHIRT | M3: 99900 | N3: 0 | O3: =O2 -> SHARP PRICE | P3: AMOUNT
A4: 2025 OCT SHARP PRICE | B4: =B3 -> 46086 | C4: =C3 -> 46092 | D4: 3281 | E4: 337 | F4: 4 | G4: 1 | H4: 81679 | I4: DISNEY | J4: 61076977 | K4: TSTST3 | L4: SS T-SHIRT TOY STORY BAT WING TSTST3:PASTEL BLUE:11-12:GRAPHIC:SS T-SHIRT | M4: 99900 | N4: 0 | O4: =O3 -> SHARP PRICE | P4: AMOUNT
A5: 2025 OCT SHARP PRICE | B5: =B4 -> 46086 | C5: =C4 -> 46092 | D5: 3281 | E5: 337 | F5: 4 | G5: 1 | H5: 81679 | I5: DISNEY | J5: 61076986 | K5: TSTST3 | L5: SS T-SHIRT TOY STORY BAT WING TSTST3:PASTEL BLUE:13-14:GRAPHIC:SS T-SHIRT | M5: 99900 | N5: 0 | O5: =O4 -> SHARP PRICE | P5: AMOUNT
A6: 2025 OCT SHARP PRICE | B6: =B5 -> 46086 | C6: =C5 -> 46092 | D6: 3281 | E6: 337 | F6: 4 | G6: 1 | H6: 81679 | I6: DISNEY | J6: 61076833 | K6: TSZTP3 | L6: SS T-SHIRT ZOOTOPIA TSZTP3:OFF WHITE:7-8:PRINT:SS T-SHIRT | M6: 99900 | N6: 0 | O6: =O5 -> SHARP PRICE | P6: AMOUNT
A7: 2025 OCT SHARP PRICE | B7: =B6 -> 46086 | C7: =C6 -> 46092 | D7: 3281 | E7: 337 | F7: 4 | G7: 1 | H7: 81679 | I7: DISNEY | J7: 61076842 | K7: TSZTP3 | L7: SS T-SHIRT ZOOTOPIA TSZTP3:OFF WHITE:9-10:PRINT:SS T-SHIRT | M7: 99900 | N7: 0 | O7: =O6 -> SHARP PRICE | P7: AMOUNT
A8: 2025 OCT SHARP PRICE | B8: =B7 -> 46086 | C8: =C7 -> 46092 | D8: 3281 | E8: 337 | F8: 4 | G8: 1 | H8: 81679 | I8: DISNEY | J8: 61076851 | K8: TSZTP3 | L8: SS T-SHIRT ZOOTOPIA TSZTP3:OFF WHITE:11-12:PRINT:SS T-SHIRT | M8: 99900 | N8: 0 | O8: =O7 -> SHARP PRICE | P8: AMOUNT
A9: 2025 OCT SHARP PRICE | B9: =B8 -> 46086 | C9: =C8 -> 46092 | D9: 3281 | E9: 337 | F9: 4 | G9: 1 | H9: 81679 | I9: DISNEY | J9: 61076860 | K9: TSZTP3 | L9: SS T-SHIRT ZOOTOPIA TSZTP3:OFF WHITE:13-14:PRINT:SS T-SHIRT | M9: 99900 | N9: 0 | O9: =O8 -> SHARP PRICE | P9: AMOUNT
A10: 2025 OCT SHARP PRICE | B10: =B9 -> 46086 | C10: =C9 -> 46092 | D10: 3281 | E10: 337 | F10: 4 | G10: 1 | H10: 81588 | I10: DISNEY | J10: 61076799 | K10: TSZTP2 | L10: SS T-SHIRT ZOOTOPIA TSZTP2:PASTEL GREEN:7-8:GRAPHIC:SS T-SHIRT | M10: 99900 | N10: 0 | O10: =O9 -> SHARP PRICE | P10: AMOUNT
A11: 2025 OCT SHARP PRICE | B11: =B10 -> 46086 | C11: =C10 -> 46092 | D11: 3281 | E11: 337 | F11: 4 | G11: 1 | H11: 81588 | I11: DISNEY | J11: 61076806 | K11: TSZTP2 | L11: SS T-SHIRT ZOOTOPIA TSZTP2:PASTEL GREEN:9-10:GRAPHIC:SS T-SHIRT | M11: 99900 | N11: 0 | O11: =O10 -> SHARP PRICE | P11: AMOUNT
A12: 2025 OCT SHARP PRICE | B12: =B11 -> 46086 | C12: =C11 -> 46092 | D12: 3281 | E12: 337 | F12: 4 | G12: 1 | H12: 81588 | I12: DISNEY | J12: 61076815 | K12: TSZTP2 | L12: SS T-SHIRT ZOOTOPIA TSZTP2:PASTEL GREEN:11-12:GRAPHIC:SS T-SHIRT | M12: 99900 | N12: 0 | O12: =O11 -> SHARP PRICE | P12: AMOUNT
A13: 2025 OCT SHARP PRICE | B13: =B12 -> 46086 | C13: =C12 -> 46092 | D13: 3281 | E13: 337 | F13: 4 | G13: 1 | H13: 81588 | I13: DISNEY | J13: 61076824 | K13: TSZTP2 | L13: SS T-SHIRT ZOOTOPIA TSZTP2:PASTEL GREEN:13-14:GRAPHIC:SS T-SHIRT | M13: 99900 | N13: 0 | O13: =O12 -> SHARP PRICE | P13: AMOUNT
A14: 2025 OCT SHARP PRICE | B14: =B13 -> 46086 | C14: =C13 -> 46092 | D14: 3281 | E14: 337 | F14: 4 | G14: 1 | H14: 81588 | I14: DISNEY | J14: 61076753 | K14: TSZTP1 | L14: SS T-SHIRT ZOOTOPIA TSZTP1:PASTEL GREY:7-8:GRAPHIC:SS T-SHIRT | M14: 99900 | N14: 0 | O14: =O13 -> SHARP PRICE | P14: AMOUNT
... A25: 2025 OCT SHARP PRICE | B25: =B24 -> 46086 | C25: =C24 -> 46092 | D25: 3281 | E25: 337 | F25: 4 | G25: 1 | H25: 81588 | I25: DISNEY | J25: 61076940 | K25: TSTST2 | L25: SS T-SHIRT TOY STORY IKAT DPN 2 PRINT TSTST2:OFF WHITE:7-8:GRAPHIC:SS T-SHIRT | M25: 99900 | N25: 0 | O25: =O24 -> SHARP PRICE | P25: AMOUNT

Sheet 2025 SEPT B1 D30 - 3281
A1: ACARA | B1: FROM DATE | C1: TO DATE | D1: DEPT | E1: WORLD | F1: DIVISION | G1: CLASS | H1: SUPPLIER | I1: BRAND | J1: SKU | K1: ARTICLE | L1: DESCRIPTION | M1: HARGA NORMAL | N1: DISKON | O1: HARGA PROMO | P1: DISCOUNT TYPE
A2: 2025 SEPT B1 30% | B2: ='2025 HILITE D80 - 3321'!B2 -> 46086 | C2: ='2025 HILITE D80 - 3321'!C2 -> 46092 | D2: 3281 | E2: 337 | F2: 4 | G2: 3 | H2: 81588 | I2: DISNEY | J2: 54822129 | K2: JK3MIC | L2: JACKET MICKEY CLASSIC JK3MIC:NAVY BLUE:7-8:GRAPHIC:JACKET | M2: 229900 | N2: 0.3 | O2: =M2-((30*M2)/100) -> 160930 | P2: PERCENTAGE
A3: 2025 SEPT B1 30% | B3: =B2 -> 46086 | C3: =C2 -> 46092 | D3: 3281 | E3: 337 | F3: 4 | G3: 3 | H3: 81588 | I3: DISNEY | J3: 54822138 | K3: JK3MIC | L3: JACKET MICKEY CLASSIC JK3MIC:NAVY BLUE:9-10:GRAPHIC:JACKET | M3: 229900 | N3: =N2 -> 0.3 | O3: =M3-((30*M3)/100) -> 160930 | P3: =P2 -> PERCENTAGE
A4: 2025 SEPT B1 30% | B4: =B3 -> 46086 | C4: =C3 -> 46092 | D4: 3281 | E4: 337 | F4: 4 | G4: 3 | H4: 81588 | I4: DISNEY | J4: 54822147 | K4: JK3MIC | L4: JACKET MICKEY CLASSIC JK3MIC:NAVY BLUE:11-12:GRAPHIC:JACKET | M4: 229900 | N4: =N3 -> 0.3 | O4: =M4-((30*M4)/100) -> 160930 | P4: =P3 -> PERCENTAGE
A5: 2025 SEPT B1 30% | B5: =B4 -> 46086 | C5: =C4 -> 46092 | D5: 3281 | E5: 337 | F5: 4 | G5: 3 | H5: 81588 | I5: DISNEY | J5: 54822156 | K5: JK3MIC | L5: JACKET MICKEY CLASSIC JK3MIC:NAVY BLUE:13-14:GRAPHIC:JACKET | M5: 229900 | N5: =N4 -> 0.3 | O5: =M5-((30*M5)/100) -> 160930 | P5: =P4 -> PERCENTAGE
A6: 2025 SEPT B1 30% | B6: =B5 -> 46086 | C6: =C5 -> 46092 | D6: 3281 | E6: 337 | F6: 4 | G6: 4 | H6: 81146 | I6: DISNEY | J6: 55620407 | K6: LP3MIN | L6: DENIM LONG PANTS MINNIE CHBRY LP3MIN:MEDIUM DENIM:4:GRAPHIC:DENIM LONG PANTS | M6: 179900 | N6: =N5 -> 0.3 | O6: =M6-((30*M6)/100) -> 125930 | P6: =P5 -> PERCENTAGE
A7: 2025 SEPT B1 30% | B7: =B6 -> 46086 | C7: =C6 -> 46092 | D7: 3281 | E7: 337 | F7: 4 | G7: 4 | H7: 81146 | I7: DISNEY | J7: 55620416 | K7: LP3MIN | L7: DENIM LONG PANTS MINNIE CHBRY LP3MIN:MEDIUM DENIM:5:GRAPHIC:DENIM LONG PANTS | M7: 179900 | N7: =N6 -> 0.3 | O7: =M7-((30*M7)/100) -> 125930 | P7: =P6 -> PERCENTAGE
A8: 2025 SEPT B1 30% | B8: =B7 -> 46086 | C8: =C7 -> 46092 | D8: 3281 | E8: 337 | F8: 4 | G8: 4 | H8: 81146 | I8: DISNEY | J8: 55620425 | K8: LP3MIN | L8: DENIM LONG PANTS MINNIE CHBRY LP3MIN:MEDIUM DENIM:6:GRAPHIC:DENIM LONG PANTS | M8: 179900 | N8: =N7 -> 0.3 | O8: =M8-((30*M8)/100) -> 125930 | P8: =P7 -> PERCENTAGE
A9: 2025 SEPT B1 30% | B9: =B8 -> 46086 | C9: =C8 -> 46092 | D9: 3281 | E9: 337 | F9: 4 | G9: 4 | H9: 81146 | I9: DISNEY | J9: 55620434 | K9: LP3MIN | L9: DENIM LONG PANTS MINNIE CHBRY LP3MIN:MEDIUM DENIM:7-8:GRAPHIC:DENIM LONG PANTS | M9: 179900 | N9: =N8 -> 0.3 | O9: =M9-((30*M9)/100) -> 125930 | P9: =P8 -> PERCENTAGE

Sheet 2025 AUG B1G1-3281
A1: ACARA | B1: FROM DATE | C1: TO DATE | D1: DEPT | E1: WORLD | F1: DIVISION | G1: CLASS | H1: SUPPLIER | I1: BRAND | J1: SKU | K1: ARTICLE | L1: DESCRIPTION | M1: HARGA NORMAL | N1: DISKON | O1: HARGA PROMO | P1: DISCOUNT TYPE
A2: 2025 AUG B1G1 - 3281 | B2: ='2025 HILITE D80 - 3321'!B2 -> 46086 | C2: ='2025 HILITE D80 - 3321'!C2 -> 46092 | D2: 3281 | E2: 337 | F2: 4 | G2: 1 | H2: 81588 | I2: DISNEY | J2: 55419617 | K2: TS3CIN1 | L2: SS T-SHIRT CINDERELLA V-NECK RIB TS3CIN1:PASTEL BLUE:4:GRAPHIC:SS T-SHIRT | M2: 99900 | N2: BXGY | O2: B1G1 | P2: BXGY
A3: =A2 -> 2025 AUG B1G1 - 3281 | B3: =B2 -> 46086 | C3: =C2 -> 46092 | D3: 3281 | E3: 337 | F3: 4 | G3: 1 | H3: 81588 | I3: DISNEY | J3: 55419626 | K3: TS3CIN1 | L3: SS T-SHIRT CINDERELLA V-NECK RIB TS3CIN1:PASTEL BLUE:5:GRAPHIC:SS T-SHIRT | M3: 99900 | N3: BXGY | O3: =O2 -> B1G1 | P3: BXGY
A4: =A3 -> 2025 AUG B1G1 - 3281 | B4: =B3 -> 46086 | C4: =C3 -> 46092 | D4: 3281 | E4: 337 | F4: 4 | G4: 1 | H4: 81588 | I4: DISNEY | J4: 55419635 | K4: TS3CIN1 | L4: SS T-SHIRT CINDERELLA V-NECK RIB TS3CIN1:PASTEL BLUE:6:GRAPHIC:SS T-SHIRT | M4: 99900 | N4: BXGY | O4: =O3 -> B1G1 | P4: BXGY
A5: =A4 -> 2025 AUG B1G1 - 3281 | B5: =B4 -> 46086 | C5: =C4 -> 46092 | D5: 3281 | E5: 337 | F5: 4 | G5: 1 | H5: 81588 | I5: DISNEY | J5: 55419644 | K5: TS3CIN1 | L5: SS T-SHIRT CINDERELLA V-NECK RIB TS3CIN1:PASTEL BLUE:7-8:GRAPHIC:SS T-SHIRT | M5: 99900 | N5: BXGY | O5: =O4 -> B1G1 | P5: BXGY
A6: =A5 -> 2025 AUG B1G1 - 3281 | B6: =B5 -> 46086 | C6: =C5 -> 46092 | D6: 3281 | E6: 337 | F6: 4 | G6: 1 | H6: 81588 | I6: DISNEY | J6: 55419653 | K6: TS3CIN1 | L6: SS T-SHIRT CINDERELLA V-NECK RIB TS3CIN1:PASTEL BLUE:9-10:GRAPHIC:SS T-SHIRT | M6: 99900 | N6: BXGY | O6: =O5 -> B1G1 | P6: BXGY
A7: =A6 -> 2025 AUG B1G1 - 3281 | B7: =B6 -> 46086 | C7: =C6 -> 46092 | D7: 3281 | E7: 337 | F7: 4 | G7: 1 | H7: 81588 | I7: DISNEY | J7: 55419662 | K7: TS3CIN1 | L7: SS T-SHIRT CINDERELLA V-NECK RIB TS3CIN1:PASTEL BLUE:11-12:GRAPHIC:SS T-SHIRT | M7: 99900 | N7: BXGY | O7: =O6 -> B1G1 | P7: BXGY
A8: =A7 -> 2025 AUG B1G1 - 3281 | B8: =B7 -> 46086 | C8: =C7 -> 46092 | D8: 3281 | E8: 337 | F8: 4 | G8: 1 | H8: 81588 | I8: DISNEY | J8: 55419671 | K8: TS3CIN2 | L8: SS T-SHIRT CINDERELLA 2GB TS3CIN2:OFF WHITE:4:GRAPHIC:SS T-SHIRT | M8: 99900 | N8: BXGY | O8: =O7 -> B1G1 | P8: BXGY
A9: =A8 -> 2025 AUG B1G1 - 3281 | B9: =B8 -> 46086 | C9: =C8 -> 46092 | D9: 3281 | E9: 337 | F9: 4 | G9: 1 | H9: 81588 | I9: DISNEY | J9: 55419680 | K9: TS3CIN2 | L9: SS T-SHIRT CINDERELLA 2GB TS3CIN2:OFF WHITE:5:GRAPHIC:SS T-SHIRT | M9: 99900 | N9: BXGY | O9: =O8 -> B1G1 | P9: BXGY
A10: =A9 -> 2025 AUG B1G1 - 3281 | B10: =B9 -> 46086 | C10: =C9 -> 46092 | D10: 3281 | E10: 337 | F10: 4 | G10: 1 | H10: 81588 | I10: DISNEY | J10: 55419699 | K10: TS3CIN2 | L10: SS T-SHIRT CINDERELLA 2GB TS3CIN2:OFF WHITE:6:GRAPHIC:SS T-SHIRT | M10: 99900 | N10: BXGY | O10: =O9 -> B1G1 | P10: BXGY
A11: =A10 -> 2025 AUG B1G1 - 3281 | B11: =B10 -> 46086 | C11: =C10 -> 46092 | D11: 3281 | E11: 337 | F11: 4 | G11: 1 | H11: 81588 | I11: DISNEY | J11: 55419706 | K11: TS3CIN2 | L11: SS T-SHIRT CINDERELLA 2GB TS3CIN2:OFF WHITE:7-8:GRAPHIC:SS T-SHIRT | M11: 99900 | N11: BXGY | O11: =O10 -> B1G1 | P11: BXGY
A12: =A11 -> 2025 AUG B1G1 - 3281 | B12: =B11 -> 46086 | C12: =C11 -> 46092 | D12: 3281 | E12: 337 | F12: 4 | G12: 3 | H12: 81588 | I12: DISNEY | J12: 55419715 | K12: JK3CIN | L12: JACKET CINDERELLA JK3CIN:PASTEL BLUE:4:GRAPHIC:JACKET | M12: 199900 | N12: BXGY | O12: =O11 -> B1G1 | P12: BXGY
A13: =A12 -> 2025 AUG B1G1 - 3281 | B13: =B12 -> 46086 | C13: =C12 -> 46092 | D13: 3281 | E13: 337 | F13: 4 | G13: 3 | H13: 81588 | I13: DISNEY | J13: 55419724 | K13: JK3CIN | L13: JACKET CINDERELLA JK3CIN:PASTEL BLUE:5:GRAPHIC:JACKET | M13: 199900 | N13: BXGY | O13: =O12 -> B1G1 | P13: BXGY
A14: =A13 -> 2025 AUG B1G1 - 3281 | B14: =B13 -> 46086 | C14: =C13 -> 46092 | D14: 3281 | E14: 337 | F14: 4 | G14: 3 | H14: 81588 | I14: DISNEY | J14: 55419733 | K14: JK3CIN | L14: JACKET CINDERELLA JK3CIN:PASTEL BLUE:6:GRAPHIC:JACKET | M14: 199900 | N14: BXGY | O14: =O13 -> B1G1 | P14: BXGY
... A40: =A39 -> 2025 AUG B1G1 - 3281 | B40: =B39 -> 46086 | C40: =C39 -> 46092 | D40: 3281 | E40: 337 | F40: 4 | G40: 5 | H40: 81146 | I40: DISNEY | J40: 55620470 | K40: DS3MARG | L40: SS MIDI DRESS MINNIE RAGLAN DS3MARG:PASTEL PINK:7-8:GRAPHIC:SS MIDI DRESS | M40: 149900 | N40: BXGY | O40: =O39 -> B1G1 | P40: BXGY

Sheet 2025 JUL B1G1 - 3281
A1: ACARA | B1: FROM DATE | C1: TO DATE | D1: DEPT | E1: WORLD | F1: DIVISION | G1: CLASS | H1: SUPPLIER | I1: BRAND | J1: SKU | K1: ARTICLE | L1: DESCRIPTION | M1: HARGA NORMAL | N1: DISKON | O1: HARGA PROMO | P1: DISCOUNT TYPE
A2: 2025 JUL B1G1 - 3281 | B2: ='2023 JUN-DEC D90 - 3321'!B2 -> 46086 | C2: ='2023 JUN-DEC D90 - 3321'!C2 -> 46092 | D2: 3281 | E2: 337 | F2: 4 | G2: 1 | H2: 81588 | I2: DISNEY | J2: 54822003 | K2: TS3MIN | L2: SS T-SHIRT MINNIE BE BOLD TS3MIN:NAVY BLUE:7-8:GRAPHIC:SS T-SHIRT | M2: 99900 | N2: BXGY | O2: B1G1 | P2: BXGY
A3: 2025 JUL B1G1 - 3281 | B3: =B2 -> 46086 | C3: =C2 -> 46092 | D3: 3281 | E3: 337 | F3: 4 | G3: 1 | H3: 81588 | I3: DISNEY | J3: 54822012 | K3: TS3MIN | L3: SS T-SHIRT MINNIE BE BOLD TS3MIN:NAVY BLUE:9-10:GRAPHIC:SS T-SHIRT | M3: 99900 | N3: BXGY | O3: B1G1 | P3: BXGY
A4: 2025 JUL B1G1 - 3281 | B4: =B3 -> 46086 | C4: =C3 -> 46092 | D4: 3281 | E4: 337 | F4: 4 | G4: 1 | H4: 81588 | I4: DISNEY | J4: 54822021 | K4: TS3MIN | L4: SS T-SHIRT MINNIE BE BOLD TS3MIN:NAVY BLUE:11-12:GRAPHIC:SS T-SHIRT | M4: 99900 | N4: BXGY | O4: B1G1 | P4: BXGY
A5: 2025 JUL B1G1 - 3281 | B5: =B4 -> 46086 | C5: =C4 -> 46092 | D5: 3281 | E5: 337 | F5: 4 | G5: 1 | H5: 81588 | I5: DISNEY | J5: 54822030 | K5: TS3MIN | L5: SS T-SHIRT MINNIE BE BOLD TS3MIN:NAVY BLUE:13-14:GRAPHIC:SS T-SHIRT | M5: 99900 | N5: BXGY | O5: B1G1 | P5: BXGY
A6: 2025 JUL B1G1 - 3281 | B6: =B5 -> 46086 | C6: =C5 -> 46092 | D6: 3281 | E6: 337 | F6: 4 | G6: 1 | H6: 81588 | I6: DISNEY | J6: 54822049 | K6: TS3MIC | L6: SS T-SHIRT DK MICKEY TS3MIC:OFF WHITE:7-8:GRAPHIC:SS T-SHIRT | M6: 99900 | N6: BXGY | O6: B1G1 | P6: BXGY
A7: 2025 JUL B1G1 - 3281 | B7: =B6 -> 46086 | C7: =C6 -> 46092 | D7: 3281 | E7: 337 | F7: 4 | G7: 1 | H7: 81588 | I7: DISNEY | J7: 54822058 | K7: TS3MIC | L7: SS T-SHIRT DK MICKEY TS3MIC:OFF WHITE:9-10:GRAPHIC:SS T-SHIRT | M7: 99900 | N7: BXGY | O7: B1G1 | P7: BXGY
A8: 2025 JUL B1G1 - 3281 | B8: =B7 -> 46086 | C8: =C7 -> 46092 | D8: 3281 | E8: 337 | F8: 4 | G8: 1 | H8: 81588 | I8: DISNEY | J8: 54822067 | K8: TS3MIC | L8: SS T-SHIRT DK MICKEY TS3MIC:OFF WHITE:11-12:GRAPHIC:SS T-SHIRT | M8: 99900 | N8: BXGY | O8: B1G1 | P8: BXGY
A9: 2025 JUL B1G1 - 3281 | B9: =B8 -> 46086 | C9: =C8 -> 46092 | D9: 3281 | E9: 337 | F9: 4 | G9: 1 | H9: 81588 | I9: DISNEY | J9: 54822076 | K9: TS3MIC | L9: SS T-SHIRT DK MICKEY TS3MIC:OFF WHITE:13-14:GRAPHIC:SS T-SHIRT | M9: 99900 | N9: BXGY | O9: B1G1 | P9: BXGY
A10: 2025 JUL B1G1 - 3281 | B10: =B9 -> 46086 | C10: =C9 -> 46092 | D10: 3281 | E10: 337 | F10: 4 | G10: 1 | H10: 81588 | I10: DISNEY | J10: 54822085 | K10: TS3MIN2 | L10: SS T-SHIRT MINNIE EFFORTLESS TS3MIN2:PASTEL BLUE:7-8:GRAPHIC:SS T-SHIRT | M10: 99900 | N10: BXGY | O10: B1G1 | P10: BXGY
A11: 2025 JUL B1G1 - 3281 | B11: =B10 -> 46086 | C11: =C10 -> 46092 | D11: 3281 | E11: 337 | F11: 4 | G11: 1 | H11: 81588 | I11: DISNEY | J11: 54822094 | K11: TS3MIN2 | L11: SS T-SHIRT MINNIE EFFORTLESS TS3MIN2:PASTEL BLUE:9-10:GRAPHIC:SS T-SHIRT | M11: 99900 | N11: BXGY | O11: B1G1 | P11: BXGY
A12: 2025 JUL B1G1 - 3281 | B12: =B11 -> 46086 | C12: =C11 -> 46092 | D12: 3281 | E12: 337 | F12: 4 | G12: 1 | H12: 81588 | I12: DISNEY | J12: 54822101 | K12: TS3MIN2 | L12: SS T-SHIRT MINNIE EFFORTLESS TS3MIN2:PASTEL BLUE:11-12:GRAPHIC:SS T-SHIRT | M12: 99900 | N12: BXGY | O12: B1G1 | P12: BXGY
A13: 2025 JUL B1G1 - 3281 | B13: =B12 -> 46086 | C13: =C12 -> 46092 | D13: 3281 | E13: 337 | F13: 4 | G13: 1 | H13: 81588 | I13: DISNEY | J13: 54822110 | K13: TS3MIN2 | L13: SS T-SHIRT MINNIE EFFORTLESS TS3MIN2:PASTEL BLUE:13-14:GRAPHIC:SS T-SHIRT | M13: 99900 | N13: BXGY | O13: B1G1 | P13: BXGY
A14: 2025 JUL B1G1 - 3281 | B14: =B13 -> 46086 | C14: =C13 -> 46092 | D14: 3281 | E14: 337 | F14: 4 | G14: 1 | H14: 81588 | I14: DISNEY | J14: 54822227 | K14: LP3TRMIN | L14: LONG PANTS MINNIE LP3TRMIN:KHAKI:11-12:GRAPHIC:LONG PANTS | M14: 149900 | N14: BXGY | O14: B1G1 | P14: BXGY
... A25: 2025 JUL B1G1 - 3281 | B25: =B24 -> 46086 | C25: =C24 -> 46092 | D25: 3281 | E25: 337 | F25: 4 | G25: 3 | H25: 81588 | I25: DISNEY | J25: 54822192 | K25: SW3MIN | L25: SWEATSHIRT MINNIE COLLAR SW3MIN:PASTEL BLUE:13-14:GRAPHIC:SWEATSHIRT | M25: 179900 | N25: BXGY | O25: B1G1 | P25: BXGY

Sheet 2025 HILITE D80 - 3281
A1: ACARA | B1: FROM DATE | C1: TO DATE | D1: DEPT | E1: WORLD | F1: DIVISION | G1: CLASS | H1: SUPPLIER | I1: BRAND | J1: SKU | K1: ARTICLE | L1: DESCRIPTION | M1: HARGA NORMAL | N1: DISKON | O1: HARGA PROMO | P1: DISCOUNT TYPE
A2: 2025 HILITE DISC 80 | B2: ='2025 HILITE D80 - 3321'!B2 -> 46086 | C2: ='2025 HILITE D80 - 3321'!C2 -> 46092 | D2: 3281 | E2: 337 | F2: 4 | G2: 5 | H2: 81506 | I2: DISNEY | J2: 51361767 | K2: DLCCMIN | L2: LS MIDI DRESS WOVEN MINNIE COSTAL COTTAGE DLCCMIN:PASTEL BLUE:7-8:GRAPHIC:LS MIDI DRESS | M2: 339900 | N2: 0.8 | O2: =M2-((80*M2)/100) -> 67980 | P2: PERCENTAGE
A3: 2025 HILITE DISC 80 | B3: =B2 -> 46086 | C3: =C2 -> 46092 | D3: 3281 | E3: 337 | F3: 4 | G3: 5 | H3: 81506 | I3: DISNEY | J3: 51361776 | K3: DLCCMIN | L3: LS MIDI DRESS WOVEN MINNIE COSTAL COTTAGE DLCCMIN:PASTEL BLUE:9-10:GRAPHIC:LS MIDI DRESS | M3: 339900 | N3: 0.8 | O3: =M3-((80*M3)/100) -> 67980 | P3: PERCENTAGE
A4: 2025 HILITE DISC 80 | B4: =B3 -> 46086 | C4: =C3 -> 46092 | D4: 3281 | E4: 337 | F4: 4 | G4: 5 | H4: 81506 | I4: DISNEY | J4: 51361749 | K4: DLCCMIN | L4: LS MIDI DRESS WOVEN MINNIE COSTAL COTTAGE DLCCMIN:PASTEL BLUE:4-5:GRAPHIC:LS MIDI DRESS | M4: 339900 | N4: 0.8 | O4: =M4-((80*M4)/100) -> 67980 | P4: PERCENTAGE
A5: 2025 HILITE DISC 80 | B5: =B4 -> 46086 | C5: =C4 -> 46092 | D5: 3281 | E5: 337 | F5: 4 | G5: 5 | H5: 81506 | I5: DISNEY | J5: 51361758 | K5: DLCCMIN | L5: LS MIDI DRESS WOVEN MINNIE COSTAL COTTAGE DLCCMIN:PASTEL BLUE:5-6:GRAPHIC:LS MIDI DRESS | M5: 339900 | N5: 0.8 | O5: =M5-((80*M5)/100) -> 67980 | P5: PERCENTAGE
A6: 2025 HILITE DISC 80 | B6: =B5 -> 46086 | C6: =C5 -> 46092 | D6: 3281 | E6: 337 | F6: 4 | G6: 5 | H6: 81506 | I6: DISNEY | J6: 51361801 | K6: DLOVWFZA2 | L6: LS MIDI DRESS WOVEN FROZEN DLOVWFZA2:PASTEL BLUE:7-8:GRAPHIC:LS MIDI DRESS | M6: 319900 | N6: 0.8 | O6: =M6-((80*M6)/100) -> 63980 | P6: PERCENTAGE
A7: 2025 HILITE DISC 80 | B7: =B6 -> 46086 | C7: =C6 -> 46092 | D7: 3281 | E7: 337 | F7: 4 | G7: 5 | H7: 81506 | I7: DISNEY | J7: 51361785 | K7: DLOVWFZA2 | L7: LS MIDI DRESS WOVEN FROZEN DLOVWFZA2:PASTEL BLUE:4-5:GRAPHIC:LS MIDI DRESS | M7: 319900 | N7: 0.8 | O7: =M7-((80*M7)/100) -> 63980 | P7: PERCENTAGE
A8: 2025 HILITE DISC 80 | B8: =B7 -> 46086 | C8: =C7 -> 46092 | D8: 3281 | E8: 337 | F8: 4 | G8: 5 | H8: 81506 | I8: DISNEY | J8: 51361810 | K8: DLOVWFZA2 | L8: LS MIDI DRESS WOVEN FROZEN DLOVWFZA2:PASTEL BLUE:9-10:GRAPHIC:LS MIDI DRESS | M8: 319900 | N8: 0.8 | O8: =M8-((80*M8)/100) -> 63980 | P8: PERCENTAGE
A9: 2025 HILITE DISC 80 | B9: =B8 -> 46086 | C9: =C8 -> 46092 | D9: 3281 | E9: 337 | F9: 4 | G9: 5 | H9: 81506 | I9: DISNEY | J9: 51361794 | K9: DLOVWFZA2 | L9: LS MIDI DRESS WOVEN FROZEN DLOVWFZA2:PASTEL BLUE:5-6:GRAPHIC:LS MIDI DRESS | M9: 319900 | N9: 0.8 | O9: =M9-((80*M9)/100) -> 63980 | P9: PERCENTAGE
A10: 2025 HILITE DISC 80 | B10: =B9 -> 46086 | C10: =C9 -> 46092 | D10: 3281 | E10: 337 | F10: 4 | G10: 5 | H10: 81146 | I10: DISNEY | J10: 51361972 | K10: DLWPMIN | L10: LS MIDI DRESS WOVEN PITA KOTAK MINNIE DLWPMIN:TERRACOTTA:11-12:CHECKS:LS MIDI DRESS | M10: 339900 | N10: 0.8 | O10: =M10-((80*M10)/100) -> 67980 | P10: PERCENTAGE
A11: 2025 HILITE DISC 80 | B11: =B10 -> 46086 | C11: =C10 -> 46092 | D11: 3281 | E11: 337 | F11: 4 | G11: 5 | H11: 81146 | I11: DISNEY | J11: 51361954 | K11: DLWPMIN | L11: LS MIDI DRESS WOVEN PITA KOTAK MINNIE DLWPMIN:TERRACOTTA:7-8:CHECKS:LS MIDI DRESS | M11: 339900 | N11: 0.8 | O11: =M11-((80*M11)/100) -> 67980 | P11: PERCENTAGE
A12: 2025 HILITE DISC 80 | B12: =B11 -> 46086 | C12: =C11 -> 46092 | D12: 3281 | E12: 337 | F12: 4 | G12: 5 | H12: 81146 | I12: DISNEY | J12: 51361945 | K12: DLWPMIN | L12: LS MIDI DRESS WOVEN PITA KOTAK MINNIE DLWPMIN:TERRACOTTA:5-6:CHECKS:LS MIDI DRESS | M12: 339900 | N12: 0.8 | O12: =M12-((80*M12)/100) -> 67980 | P12: PERCENTAGE
A13: 2025 HILITE DISC 80 | B13: =B12 -> 46086 | C13: =C12 -> 46092 | D13: 3281 | E13: 337 | F13: 4 | G13: 5 | H13: 81146 | I13: DISNEY | J13: 51361963 | K13: DLWPMIN | L13: LS MIDI DRESS WOVEN PITA KOTAK MINNIE DLWPMIN:TERRACOTTA:9-10:CHECKS:LS MIDI DRESS | M13: 339900 | N13: 0.8 | O13: =M13-((80*M13)/100) -> 67980 | P13: PERCENTAGE
A14: 2025 HILITE DISC 80 | B14: =B13 -> 46086 | C14: =C13 -> 46092 | D14: 3281 | E14: 337 | F14: 4 | G14: 4 | H14: 81146 | I14: DISNEY | J14: 51721289 | K14: LPWVMIN | L14: LONG PANTS WOVEN MINNIE LPWVMIN:MEDIUM DENIM:7-8:GRAPHIC:LONG PANTS | M14: 279900 | N14: 0.8 | O14: =M14-((80*M14)/100) -> 55980 | P14: PERCENTAGE
... A33: 2025 HILITE DISC 80 | B33: =B32 -> 46086 | C33: =C32 -> 46092 | D33: 3281 | E33: 337 | F33: 4 | G33: 2 | H33: 81506 | I33: DISNEY | J33: 51361712 | K33: LSL25MIN | L33: LS SHIRT WOVEN MINNIE LSL25MIN:PASTEL GREEN:7-8:GRAPHIC:LS SHIRT | M33: 279900 | N33: 0.8 | O33: =M33-((80*M33)/100) -> 55980 | P33: PERCENTAGE

Sheet 2025 JAN-MEI B1G2 - 3281
A1: ACARA | B1: FROM DATE | C1: TO DATE | D1: DEPT | E1: WORLD | F1: DIVISION | G1: CLASS | H1: SUPPLIER | I1: BRAND | J1: SKU | K1: ARTICLE | L1: DESCRIPTION | M1: HARGA NORMAL | N1: DISKON | O1: HARGA PROMO | P1: DISCOUNT TYPE
A2: 2025 JAN MEI B1G2 | B2: ='2023 JUN-DEC D90 - 3321'!B2 -> 46086 | C2: ='2023 JUN-DEC D90 - 3321'!C2 -> 46092 | D2: 3281 | E2: 337 | F2: 4 | G2: 5 | H2: 81146 | I2: DISNEY | J2: 51721314 | K2: DSWFZA | L2: SS MIDI DRESS KOMBI WOVEN FROZEN DSWFZA:PASTEL BLUE:5-6:GRAPHIC:SS MIDI DRESS | M2: 319900 | N2: BXGY | O2: B1G2 | P2: BXGY
A3: 2025 JAN MEI B1G2 | B3: =B2 -> 46086 | C3: =C2 -> 46092 | D3: 3281 | E3: 337 | F3: 4 | G3: 5 | H3: 81146 | I3: DISNEY | J3: 51721341 | K3: DSWFZA | L3: SS MIDI DRESS KOMBI WOVEN FROZEN DSWFZA:PASTEL BLUE:11-12:GRAPHIC:SS MIDI DRESS | M3: 319900 | N3: BXGY | O3: B1G2 | P3: BXGY
A4: 2025 JAN MEI B1G2 | B4: =B3 -> 46086 | C4: =C3 -> 46092 | D4: 3281 | E4: 337 | F4: 4 | G4: 5 | H4: 81146 | I4: DISNEY | J4: 51721332 | K4: DSWFZA | L4: SS MIDI DRESS KOMBI WOVEN FROZEN DSWFZA:PASTEL BLUE:9-10:GRAPHIC:SS MIDI DRESS | M4: 319900 | N4: BXGY | O4: B1G2 | P4: BXGY
A5: 2025 JAN MEI B1G2 | B5: =B4 -> 46086 | C5: =C4 -> 46092 | D5: 3281 | E5: 337 | F5: 4 | G5: 5 | H5: 81146 | I5: DISNEY | J5: 51721323 | K5: DSWFZA | L5: SS MIDI DRESS KOMBI WOVEN FROZEN DSWFZA:PASTEL BLUE:7-8:GRAPHIC:SS MIDI DRESS | M5: 319900 | N5: BXGY | O5: B1G2 | P5: BXGY
A6: 2025 JAN MEI B1G2 | B6: =B5 -> 46086 | C6: =C5 -> 46092 | D6: 3281 | E6: 337 | F6: 4 | G6: 5 | H6: 81146 | I6: DISNEY | J6: 51361918 | K6: DLWKTMAR | L6: LS MIDI DRESS WOVEN KOTAK ROMPI MARIE DLWKTMAR:PASTEL PINK:7-8:CHECKS:LS MIDI DRESS | M6: 339900 | N6: BXGY | O6: B1G2 | P6: BXGY
A7: 2025 JAN MEI B1G2 | B7: =B6 -> 46086 | C7: =C6 -> 46092 | D7: 3281 | E7: 337 | F7: 4 | G7: 5 | H7: 81146 | I7: DISNEY | J7: 51361909 | K7: DLWKTMAR | L7: LS MIDI DRESS WOVEN KOTAK ROMPI MARIE DLWKTMAR:PASTEL PINK:5-6:CHECKS:LS MIDI DRESS | M7: 339900 | N7: BXGY | O7: B1G2 | P7: BXGY
A8: 2025 JAN MEI B1G2 | B8: =B7 -> 46086 | C8: =C7 -> 46092 | D8: 3281 | E8: 337 | F8: 4 | G8: 5 | H8: 81146 | I8: DISNEY | J8: 51361936 | K8: DLWKTMAR | L8: LS MIDI DRESS WOVEN KOTAK ROMPI MARIE DLWKTMAR:PASTEL PINK:11-12:CHECKS:LS MIDI DRESS | M8: 339900 | N8: BXGY | O8: B1G2 | P8: BXGY
A9: 2025 JAN MEI B1G2 | B9: =B8 -> 46086 | C9: =C8 -> 46092 | D9: 3281 | E9: 337 | F9: 4 | G9: 5 | H9: 81146 | I9: DISNEY | J9: 51361927 | K9: DLWKTMAR | L9: LS MIDI DRESS WOVEN KOTAK ROMPI MARIE DLWKTMAR:PASTEL PINK:9-10:CHECKS:LS MIDI DRESS | M9: 339900 | N9: BXGY | O9: B1G2 | P9: BXGY
A10: 2025 JAN MEI B1G2 | B10: =B9 -> 46086 | C10: =C9 -> 46092 | D10: 3281 | E10: 337 | F10: 4 | G10: 1 | H10: 81462 | I10: DISNEY | J10: 51361614 | K10: SSFZARIB | L10: SS T-SHIRT RIB FROZEN SSFZARIB:PASTEL PURPLE:11-12:GRAPHIC:SS T-SHIRT | M10: 149900 | N10: BXGY | O10: B1G2 | P10: BXGY
A11: 2025 JAN MEI B1G2 | B11: =B10 -> 46086 | C11: =C10 -> 46092 | D11: 3281 | E11: 337 | F11: 4 | G11: 1 | H11: 81462 | I11: DISNEY | J11: 51361589 | K11: SSFZARIB | L11: SS T-SHIRT RIB FROZEN SSFZARIB:PASTEL PURPLE:5-6:GRAPHIC:SS T-SHIRT | M11: 149900 | N11: BXGY | O11: B1G2 | P11: BXGY
A12: 2025 JAN MEI B1G2 | B12: =B11 -> 46086 | C12: =C11 -> 46092 | D12: 3281 | E12: 337 | F12: 4 | G12: 1 | H12: 81462 | I12: DISNEY | J12: 51361605 | K12: SSFZARIB | L12: SS T-SHIRT RIB FROZEN SSFZARIB:PASTEL PURPLE:9-10:GRAPHIC:SS T-SHIRT | M12: 149900 | N12: BXGY | O12: B1G2 | P12: BXGY
A13: 2025 JAN MEI B1G2 | B13: =B12 -> 46086 | C13: =C12 -> 46092 | D13: 3281 | E13: 337 | F13: 4 | G13: 1 | H13: 81462 | I13: DISNEY | J13: 51361598 | K13: SSFZARIB | L13: SS T-SHIRT RIB FROZEN SSFZARIB:PASTEL PURPLE:7-8:GRAPHIC:SS T-SHIRT | M13: 149900 | N13: BXGY | O13: B1G2 | P13: BXGY
A14: 2025 JAN MEI B1G2 | B14: =B13 -> 46086 | C14: =C13 -> 46092 | D14: 3281 | E14: 337 | F14: 4 | G14: 3 | H14: 81506 | I14: DISNEY | J14: 51721529 | K14: SWKRPRN | L14: SWEATSHIRT PRINCESS KERAH RENDA SWKRPRN:PASTEL PINK:4-5:GRAPHIC:SWEATSHIRT | M14: 229900 | N14: BXGY | O14: B1G2 | P14: BXGY
... A115: 2025 JAN MEI B1G2 | B115: =B114 -> 46086 | C115: =C114 -> 46092 | D115: 3281 | E115: 337 | F115: 4 | G115: 1 | H115: 81588 | I115: DISNEY | J115: 52763241 | K115: TSDKLOT | L115: SS T-SHIRT LOOK OUT LOTSO TSDKLOT:PASTEL PURPLE:7-8:GRAPHIC:SS T-SHIRT | M115: 149900 | N115: BXGY | O115: B1G2 | P115: BXGY

Sheet 2024 JULY-SEP B1G2 - 3281
A1: ACARA | B1: FROM DATE | C1: TO DATE | D1: DEPT | E1: WORLD | F1: DIVISION | G1: CLASS | H1: SUPPLIER | I1: BRAND | J1: SKU | K1: ARTICLE | L1: DESCRIPTION | M1: HARGA NORMAL | N1: DISKON | O1: HARGA PROMO | P1: DISCOUNT TYPE
A2: 2024 JULY-SEP B1G2 | B2: ='2023 JUN-DEC D90 - 3321'!B2 -> 46086 | C2: ='2023 JUN-DEC D90 - 3321'!C2 -> 46092 | D2: 3281 | E2: 337 | F2: 4 | G2: 3 | H2: 81146 | I2: DISNEY | J2: 18767525 | K2: SWLOTSO | L2: SWEATSHIRT HOODIE LOTSO SWLOTSO:PASTEL PINK:5-6:GRAPHIC:SWEATSHIRT | M2: 239900 | N2: BXGY | O2: B1G2 | P2: BXGY
A3: =A2 -> 2024 JULY-SEP B1G2 | B3: =B2 -> 46086 | C3: =C2 -> 46092 | D3: 3281 | E3: 337 | F3: 4 | G3: 3 | H3: 81146 | I3: DISNEY | J3: 18767534 | K3: SWLOTSO | L3: SWEATSHIRT HOODIE LOTSO SWLOTSO:PASTEL PINK:7-8:GRAPHIC:SWEATSHIRT | M3: 239900 | N3: BXGY | O3: =O2 -> B1G2 | P3: BXGY
A4: =A3 -> 2024 JULY-SEP B1G2 | B4: =B3 -> 46086 | C4: =C3 -> 46092 | D4: 3281 | E4: 337 | F4: 4 | G4: 3 | H4: 81146 | I4: DISNEY | J4: 18767552 | K4: SWLOTSO | L4: SWEATSHIRT HOODIE LOTSO SWLOTSO:PASTEL PINK:9-10:GRAPHIC:SWEATSHIRT | M4: 239900 | N4: BXGY | O4: =O3 -> B1G2 | P4: BXGY
A5: =A4 -> 2024 JULY-SEP B1G2 | B5: =B4 -> 46086 | C5: =C4 -> 46092 | D5: 3281 | E5: 337 | F5: 4 | G5: 3 | H5: 81146 | I5: DISNEY | J5: 18767598 | K5: SWLOTSO | L5: SWEATSHIRT HOODIE LOTSO SWLOTSO:PASTEL PINK:11-12:GRAPHIC:SWEATSHIRT | M5: 239900 | N5: BXGY | O5: =O4 -> B1G2 | P5: BXGY
A6: =A5 -> 2024 JULY-SEP B1G2 | B6: =B5 -> 46086 | C6: =C5 -> 46092 | D6: 3281 | E6: 337 | F6: 4 | G6: 5 | H6: 81146 | I6: DISNEY | J6: 18767669 | K6: DSHLOTS | L6: SS MIDI DRESS LOTSO KTG CARGO DSHLOTS:PASTEL PINK:5-6:GRAPHIC:SS MIDI DRESS | M6: 259900 | N6: BXGY | O6: =O5 -> B1G2 | P6: BXGY
A7: =A6 -> 2024 JULY-SEP B1G2 | B7: =B6 -> 46086 | C7: =C6 -> 46092 | D7: 3281 | E7: 337 | F7: 4 | G7: 5 | H7: 81146 | I7: DISNEY | J7: 18767678 | K7: DSHLOTS | L7: SS MIDI DRESS LOTSO KTG CARGO DSHLOTS:PASTEL PINK:7-8:GRAPHIC:SS MIDI DRESS | M7: 259900 | N7: BXGY | O7: =O6 -> B1G2 | P7: BXGY
A8: =A7 -> 2024 JULY-SEP B1G2 | B8: =B7 -> 46086 | C8: =C7 -> 46092 | D8: 3281 | E8: 337 | F8: 4 | G8: 5 | H8: 81146 | I8: DISNEY | J8: 18767687 | K8: DSHLOTS | L8: SS MIDI DRESS LOTSO KTG CARGO DSHLOTS:PASTEL PINK:9-10:GRAPHIC:SS MIDI DRESS | M8: 259900 | N8: BXGY | O8: =O7 -> B1G2 | P8: BXGY
A9: =A8 -> 2024 JULY-SEP B1G2 | B9: =B8 -> 46086 | C9: =C8 -> 46092 | D9: 3281 | E9: 337 | F9: 4 | G9: 5 | H9: 81146 | I9: DISNEY | J9: 18767696 | K9: DSHLOTS | L9: SS MIDI DRESS LOTSO KTG CARGO DSHLOTS:PASTEL PINK:11-12:GRAPHIC:SS MIDI DRESS | M9: 259900 | N9: BXGY | O9: =O8 -> B1G2 | P9: BXGY
A10: =A9 -> 2024 JULY-SEP B1G2 | B10: =B9 -> 46086 | C10: =C9 -> 46092 | D10: 3281 | E10: 337 | F10: 4 | G10: 1 | H10: 81676 | I10: DISNEY | J10: 19754877 | K10: TSSTC01 | L10: SS T-SHIRT STITCH JUST A PHASE TSSTC01:PASTEL BLUE:5-6:GRAPHIC:SS T-SHIRT | M10: 139900 | N10: BXGY | O10: =O9 -> B1G2 | P10: BXGY
A11: =A10 -> 2024 JULY-SEP B1G2 | B11: =B10 -> 46086 | C11: =C10 -> 46092 | D11: 3281 | E11: 337 | F11: 4 | G11: 1 | H11: 81676 | I11: DISNEY | J11: 19754886 | K11: TSSTC01 | L11: SS T-SHIRT STITCH JUST A PHASE TSSTC01:PASTEL BLUE:7-8:GRAPHIC:SS T-SHIRT | M11: 139900 | N11: BXGY | O11: =O10 -> B1G2 | P11: BXGY
A12: =A11 -> 2024 JULY-SEP B1G2 | B12: =B11 -> 46086 | C12: =C11 -> 46092 | D12: 3281 | E12: 337 | F12: 4 | G12: 1 | H12: 81676 | I12: DISNEY | J12: 19754895 | K12: TSSTC01 | L12: SS T-SHIRT STITCH JUST A PHASE TSSTC01:PASTEL BLUE:9-10:GRAPHIC:SS T-SHIRT | M12: 139900 | N12: BXGY | O12: =O11 -> B1G2 | P12: BXGY
A13: =A12 -> 2024 JULY-SEP B1G2 | B13: =B12 -> 46086 | C13: =C12 -> 46092 | D13: 3281 | E13: 337 | F13: 4 | G13: 1 | H13: 81676 | I13: DISNEY | J13: 19754911 | K13: TSSTC01 | L13: SS T-SHIRT STITCH JUST A PHASE TSSTC01:PASTEL BLUE:11-12:GRAPHIC:SS T-SHIRT | M13: 139900 | N13: BXGY | O13: =O12 -> B1G2 | P13: BXGY
A14: =A13 -> 2024 JULY-SEP B1G2 | B14: =B13 -> 46086 | C14: =C13 -> 46092 | D14: 3281 | E14: 337 | F14: 4 | G14: 1 | H14: 81676 | I14: DISNEY | J14: 20562223 | K14: TSSTC05 | L14: SS T-SHIRT ONE OF A KIND STITCH TSSTC05:PASTEL PINK:5-6:GRAPHIC:SS T-SHIRT | M14: 129900 | N14: BXGY | O14: =O13 -> B1G2 | P14: BXGY
... A29: =A28 -> 2024 JULY-SEP B1G2 | B29: =B28 -> 46086 | C29: =C28 -> 46092 | D29: 3281 | E29: 337 | F29: 4 | G29: 5 | H29: 81506 | I29: DISNEY | J29: 26742750 | K29: DSMARST | L29: SS MIDI DRESS STRIPE MARIE DSMARST:PASTEL PINK:7-8:GRAPHIC:SS MIDI DRESS | M29: 279900 | N29: BXGY | O29: =O28 -> B1G2 | P29: BXGY
A30: =A29 -> 2024 JULY-SEP B1G2 | B30: =B29 -> 46086 | C30: =C29 -> 46092 | D30: 3281 | E30: 337 | F30: 4 | G30: 1 | H30: 81146 | I30: DISNEY | J30: 45511777 | K30: SSTDFZA | L30: SS T-SHIRT TIEDYE FROZEN SSTDFZA:ASSORTIVE COLOR:5-6:PRINT:SS T-SHIRT | M30: 159900 | N30: BXGY | O30: B1G2 | P30: BXGY
A31: =A30 -> 2024 JULY-SEP B1G2 | B31: =B30 -> 46086 | C31: =C30 -> 46092 | D31: 3281 | E31: 337 | F31: 4 | G31: 1 | H31: 81146 | I31: DISNEY | J31: 45511786 | K31: SSTDFZA | L31: SS T-SHIRT TIEDYE FROZEN SSTDFZA:ASSORTIVE COLOR:7-8:PRINT:SS T-SHIRT | M31: 159900 | N31: BXGY | O31: =O30 -> B1G2 | P31: BXGY
A32: =A31 -> 2024 JULY-SEP B1G2 | B32: =B31 -> 46086 | C32: =C31 -> 46092 | D32: 3281 | E32: 337 | F32: 4 | G32: 1 | H32: 81146 | I32: DISNEY | J32: 45511795 | K32: SSTDFZA | L32: SS T-SHIRT TIEDYE FROZEN SSTDFZA:ASSORTIVE COLOR:9-10:PRINT:SS T-SHIRT | M32: 159900 | N32: BXGY | O32: =O31 -> B1G2 | P32: BXGY
A33: =A32 -> 2024 JULY-SEP B1G2 | B33: =B32 -> 46086 | C33: =C32 -> 46092 | D33: 3281 | E33: 337 | F33: 4 | G33: 1 | H33: 81146 | I33: DISNEY | J33: 45511802 | K33: SSTDFZA | L33: SS T-SHIRT TIEDYE FROZEN SSTDFZA:ASSORTIVE COLOR:11-12:PRINT:SS T-SHIRT | M33: 159900 | N33: BXGY | O33: =O32 -> B1G2 | P33: BXGY
A34: =A33 -> 2024 JULY-SEP B1G2 | B34: =B33 -> 46086 | C34: =C33 -> 46092 | D34: 3281 | E34: 337 | F34: 4 | G34: 3 | H34: 81506 | I34: DISNEY | J34: 45223132 | K34: LSDLFZA | L34: SWEATSHIRT FROZEN II PRINT EMBRO LSDLFZA:PASTEL BLUE:3-4:GRAPHIC:SWEATSHIRT | M34: 229900 | N34: BXGY | O34: =O33 -> B1G2 | P34: BXGY
A35: =A34 -> 2024 JULY-SEP B1G2 | B35: =B34 -> 46086 | C35: =C34 -> 46092 | D35: 3281 | E35: 337 | F35: 4 | G35: 3 | H35: 81506 | I35: DISNEY | J35: 45223141 | K35: LSDLFZA | L35: SWEATSHIRT FROZEN II PRINT EMBRO LSDLFZA:PASTEL BLUE:4-5:GRAPHIC:SWEATSHIRT | M35: 229900 | N35: BXGY | O35: =O34 -> B1G2 | P35: BXGY
A36: =A35 -> 2024 JULY-SEP B1G2 | B36: =B35 -> 46086 | C36: =C35 -> 46092 | D36: 3281 | E36: 337 | F36: 4 | G36: 3 | H36: 81506 | I36: DISNEY | J36: 45223150 | K36: LSDLFZA | L36: SWEATSHIRT FROZEN II PRINT EMBRO LSDLFZA:PASTEL BLUE:5-6:GRAPHIC:SWEATSHIRT | M36: 229900 | N36: BXGY | O36: =O35 -> B1G2 | P36: BXGY
A37: =A36 -> 2024 JULY-SEP B1G2 | B37: =B36 -> 46086 | C37: =C36 -> 46092 | D37: 3281 | E37: 337 | F37: 4 | G37: 3 | H37: 81506 | I37: DISNEY | J37: 45223169 | K37: LSDLFZA | L37: SWEATSHIRT FROZEN II PRINT EMBRO LSDLFZA:PASTEL BLUE:7-8:GRAPHIC:SWEATSHIRT | M37: 229900 | N37: BXGY | O37: =O36 -> B1G2 | P37: BXGY
A38: =A37 -> 2024 JULY-SEP B1G2 | B38: =B37 -> 46086 | C38: =C37 -> 46092 | D38: 3281 | E38: 337 | F38: 4 | G38: 5 | H38: 81506 | I38: DISNEY | J38: 45223212 | K38: DSDLFZA2 | L38: SS MIDI DRESS FROZEN II PRINT EMBRO RIB KARET DSDLFZA2:PASTEL BLUE:3-4:PRINT:SS MIDI DRESS | M38: 299900 | N38: BXGY | O38: =O37 -> B1G2 | P38: BXGY
A39: =A38 -> 2024 JULY-SEP B1G2 | B39: =B38 -> 46086 | C39: =C38 -> 46092 | D39: 3281 | E39: 337 | F39: 4 | G39: 5 | H39: 81506 | I39: DISNEY | J39: 45223221 | K39: DSDLFZA2 | L39: SS MIDI DRESS FROZEN II PRINT EMBRO RIB KARET DSDLFZA2:PASTEL BLUE:4-5:PRINT:SS MIDI DRESS | M39: 299900 | N39: BXGY | O39: =O38 -> B1G2 | P39: BXGY
A40: =A39 -> 2024 JULY-SEP B1G2 | B40: =B39 -> 46086 | C40: =C39 -> 46092 | D40: 3281 | E40: 337 | F40: 4 | G40: 5 | H40: 81506 | I40: DISNEY | J40: 45223230 | K40: DSDLFZA2 | L40: SS MIDI DRESS FROZEN II PRINT EMBRO RIB KARET DSDLFZA2:PASTEL BLUE:5-6:PRINT:SS MIDI DRESS | M40: 299900 | N40: BXGY | O40: =O39 -> B1G2 | P40: BXGY
A41: =A40 -> 2024 JULY-SEP B1G2 | B41: =B40 -> 46086 | C41: =C40 -> 46092 | D41: 3281 | E41: 337 | F41: 4 | G41: 5 | H41: 81506 | I41: DISNEY | J41: 45223249 | K41: DSDLFZA2 | L41: SS MIDI DRESS FROZEN II PRINT EMBRO RIB KARET DSDLFZA2:PASTEL BLUE:7-8:PRINT:SS MIDI DRESS | M41: 299900 | N41: BXGY | O41: =O40 -> B1G2 | P41: BXGY
A42: =A41 -> 2024 JULY-SEP B1G2 | B42: =B41 -> 46086 | C42: =C41 -> 46092 | D42: 3281 | E42: 337 | F42: 4 | G42: 4 | H42: 81574 | I42: DISNEY | J42: 45223258 | K42: KULDNFZA | L42: DENIM LONG PANTS KULOT FROZEN II KULDNFZA:MEDIUM DENIM:3-4:GRAPHIC:DENIM LONG PANTS | M42: 319900 | N42: BXGY | O42: =O41 -> B1G2 | P42: BXGY
... A129: =A128 -> 2024 JULY-SEP B1G2 | B129: =B128 -> 46086 | C129: =C128 -> 46092 | D129: 3281 | E129: 337 | F129: 4 | G129: 5 | H129: 81146 | I129: DISNEY | J129: 50130544 | K129: DLMMIN | L129: LS MIDI DRESS KERAH MINNIE DLMMIN:PASTEL PINK:11-12:GRAPHIC:LS MIDI DRESS | M129: 299900 | N129: BXGY | O129: =O128 -> B1G2 | P129: BXGY

Sheet 2024 JAN-JUN D70 - 3281
A1: ACARA | B1: FROM DATE | C1: TO DATE | D1: DEPT | E1: WORLD | F1: DIVISION | G1: CLASS | H1: SUPPLIER | I1: BRAND | J1: SKU | K1: ARTICLE | L1: DESCRIPTION | M1: HARGA NORMAL | N1: DISKON | O1: HARGA PROMO | P1: DISCOUNT TYPE
A2: 2024 JAN-JUN DISC 70% | B2: ='2023 JUN-DEC D90 - 3321'!B2 -> 46086 | C2: ='2023 JUN-DEC D90 - 3321'!C2 -> 46092 | D2: 3281 | E2: 337 | F2: 4 | G2: 1 | H2: 81146 | I2: DISNEY | J2: 15372117 | K2: SSMEMAR1 | L2: SS T-SHIRT TOP TALI SERUT FP MARIE SSMEMAR1:PASTEL ORANGE:5-6:PRINT:SS T-SHIRT | M2: 149900 | N2: 0.7 | O2: =M2-((70*M2))/100 -> 44970 | P2: PERCENTAGE
A3: =A2 -> 2024 JAN-JUN DISC 70% | B3: =B2 -> 46086 | C3: =C2 -> 46092 | D3: 3281 | E3: 337 | F3: 4 | G3: 1 | H3: 81146 | I3: DISNEY | J3: 15372126 | K3: SSMEMAR1 | L3: SS T-SHIRT TOP TALI SERUT FP MARIE SSMEMAR1:PASTEL ORANGE:7-8:PRINT:SS T-SHIRT | M3: 149900 | N3: =N2 -> 0.7 | O3: =M3-((70*M3))/100 -> 44970 | P3: PERCENTAGE
A4: =A3 -> 2024 JAN-JUN DISC 70% | B4: =B3 -> 46086 | C4: =C3 -> 46092 | D4: 3281 | E4: 337 | F4: 4 | G4: 1 | H4: 81146 | I4: DISNEY | J4: 15372135 | K4: SSMEMAR1 | L4: SS T-SHIRT TOP TALI SERUT FP MARIE SSMEMAR1:PASTEL ORANGE:9-10:PRINT:SS T-SHIRT | M4: 149900 | N4: =N3 -> 0.7 | O4: =M4-((70*M4))/100 -> 44970 | P4: PERCENTAGE
A5: =A4 -> 2024 JAN-JUN DISC 70% | B5: =B4 -> 46086 | C5: =C4 -> 46092 | D5: 3281 | E5: 337 | F5: 4 | G5: 1 | H5: 81146 | I5: DISNEY | J5: 15372144 | K5: SSMEMAR1 | L5: SS T-SHIRT TOP TALI SERUT FP MARIE SSMEMAR1:PASTEL ORANGE:11-12:PRINT:SS T-SHIRT | M5: 149900 | N5: =N4 -> 0.7 | O5: =M5-((70*M5))/100 -> 44970 | P5: PERCENTAGE
A6: =A5 -> 2024 JAN-JUN DISC 70% | B6: =B5 -> 46086 | C6: =C5 -> 46092 | D6: 3281 | E6: 337 | F6: 4 | G6: 1 | H6: 81146 | I6: DISNEY | J6: 16418414 | K6: SSMMIN | L6: SS T-SHIRT TOP FP MINNIE FLOCKING SSMMIN:PASTEL BLUE:5-6:PRINT:SS T-SHIRT | M6: 149900 | N6: =N5 -> 0.7 | O6: =M6-((70*M6))/100 -> 44970 | P6: PERCENTAGE
A7: =A6 -> 2024 JAN-JUN DISC 70% | B7: =B6 -> 46086 | C7: =C6 -> 46092 | D7: 3281 | E7: 337 | F7: 4 | G7: 1 | H7: 81146 | I7: DISNEY | J7: 16418423 | K7: SSMMIN | L7: SS T-SHIRT TOP FP MINNIE FLOCKING SSMMIN:PASTEL BLUE:7-8:PRINT:SS T-SHIRT | M7: 149900 | N7: =N6 -> 0.7 | O7: =M7-((70*M7))/100 -> 44970 | P7: PERCENTAGE
A8: =A7 -> 2024 JAN-JUN DISC 70% | B8: =B7 -> 46086 | C8: =C7 -> 46092 | D8: 3281 | E8: 337 | F8: 4 | G8: 1 | H8: 81146 | I8: DISNEY | J8: 16418441 | K8: SSMMIN | L8: SS T-SHIRT TOP FP MINNIE FLOCKING SSMMIN:PASTEL BLUE:11-12:PRINT:SS T-SHIRT | M8: 149900 | N8: =N7 -> 0.7 | O8: =M8-((70*M8))/100 -> 44970 | P8: PERCENTAGE
A9: =A8 -> 2024 JAN-JUN DISC 70% | B9: =B8 -> 46086 | C9: =C8 -> 46092 | D9: 3281 | E9: 337 | F9: 4 | G9: 1 | H9: 81421 | I9: DISNEY | J9: 16418450 | K9: LSMINL4 | L9: LS T-SHIRT 3/4 BT MINNIE WILD FLOWER LSMINL4:PASTEL PINK:5-6:GRAPHIC:LS T-SHIRT | M9: 189900 | N9: =N8 -> 0.7 | O9: =M9-((70*M9))/100 -> 56970 | P9: PERCENTAGE
A10: =A9 -> 2024 JAN-JUN DISC 70% | B10: =B9 -> 46086 | C10: =C9 -> 46092 | D10: 3281 | E10: 337 | F10: 4 | G10: 1 | H10: 81421 | I10: DISNEY | J10: 16418469 | K10: LSMINL4 | L10: LS T-SHIRT 3/4 BT MINNIE WILD FLOWER LSMINL4:PASTEL PINK:7-8:GRAPHIC:LS T-SHIRT | M10: 189900 | N10: =N9 -> 0.7 | O10: =M10-((70*M10))/100 -> 56970 | P10: PERCENTAGE
A11: =A10 -> 2024 JAN-JUN DISC 70% | B11: =B10 -> 46086 | C11: =C10 -> 46092 | D11: 3281 | E11: 337 | F11: 4 | G11: 1 | H11: 81421 | I11: DISNEY | J11: 16418487 | K11: LSMINL4 | L11: LS T-SHIRT 3/4 BT MINNIE WILD FLOWER LSMINL4:PASTEL PINK:11-12:GRAPHIC:LS T-SHIRT | M11: 189900 | N11: =N10 -> 0.7 | O11: =M11-((70*M11))/100 -> 56970 | P11: PERCENTAGE
A12: =A11 -> 2024 JAN-JUN DISC 70% | B12: =B11 -> 46086 | C12: =C11 -> 46092 | D12: 3281 | E12: 337 | F12: 4 | G12: 1 | H12: 80920 | I12: DISNEY | J12: 13493204 | K12: TSSNMIN | L12: SS T-SHIRT FP MINNIE STARRY NIGHT TSSNMIN:PASTEL ORANGE:5-6:PRINT:SS T-SHIRT | M12: 149900 | N12: =N11 -> 0.7 | O12: =M12-((70*M12))/100 -> 44970 | P12: PERCENTAGE
A13: =A12 -> 2024 JAN-JUN DISC 70% | B13: =B12 -> 46086 | C13: =C12 -> 46092 | D13: 3281 | E13: 337 | F13: 4 | G13: 1 | H13: 80920 | I13: DISNEY | J13: 13493213 | K13: TSSNMIN | L13: SS T-SHIRT FP MINNIE STARRY NIGHT TSSNMIN:PASTEL ORANGE:7-8:PRINT:SS T-SHIRT | M13: 149900 | N13: =N12 -> 0.7 | O13: =M13-((70*M13))/100 -> 44970 | P13: PERCENTAGE
A14: =A13 -> 2024 JAN-JUN DISC 70% | B14: =B13 -> 46086 | C14: =C13 -> 46092 | D14: 3281 | E14: 337 | F14: 4 | G14: 1 | H14: 80920 | I14: DISNEY | J14: 13493222 | K14: TSSNMIN | L14: SS T-SHIRT FP MINNIE STARRY NIGHT TSSNMIN:PASTEL ORANGE:9-10:PRINT:SS T-SHIRT | M14: 149900 | N14: =N13 -> 0.7 | O14: =M14-((70*M14))/100 -> 44970 | P14: PERCENTAGE
... A201: =A200 -> 2024 JAN-JUN DISC 70% | B201: =B200 -> 46086 | C201: =C200 -> 46092 | D201: 3281 | E201: 337 | F201: 4 | G201: 5 | H201: 81506 | I201: DISNEY | J201: 17076041 | K201: DSFPBMIN2 | L201: SS MIDI DRESS WOVEN FULL PRINT FLOWER MINNIE KATUN TWILL DSFPBMIN2:PASTEL PINK:7-8:PRINT:SS MIDI DRE | M201: 259900 | N201: =N200 -> 0.7 | O201: =M201-((70*M201))/100 -> 77970 | P201: PERCENTAGE

Sheet 2023 JAN-DEC D90 - 3281
A1: ACARA | B1: FROM DATE | C1: TO DATE | D1: DEPT | E1: WORLD | F1: DIVISION | G1: CLASS | H1: SUPPLIER | I1: BRAND | J1: SKU | K1: ARTICLE | L1: DESCRIPTION | M1: HARGA NORMAL | N1: DISKON | O1: HARGA PROMO | P1: DISCOUNT TYPE
A2: 2023 JAN-DEC DISC 90 | B2: ='2025 HILITE D80 - 3321'!B2 -> 46086 | C2: ='2025 HILITE D80 - 3321'!C2 -> 46092 | D2: 3281 | E2: 337 | F2: 4 | G2: 1 | H2: 80994 | I2: DISNEY | J2: 83381177 | K2: SSTEAMUP | L2: SS T-SHIRT TEAM UP PRINCESS AURORA 66050100PRN SSTEAMUP:PASTEL PURPLE:7-8:GRAPHIC:SS T-SHIRT | M2: 189900 | N2: 0.9 | O2: =M2-((90*M2)/100) -> 18990 | P2: PERCENTAGE
A3: 2023 JAN-DEC DISC 90 | B3: =B2 -> 46086 | C3: =C2 -> 46092 | D3: 3281 | E3: 337 | F3: 4 | G3: 1 | H3: 80994 | I3: DISNEY | J3: 83381186 | K3: SSTEAMUP | L3: SS T-SHIRT TEAM UP PRINCESS AURORA 66050100PRN SSTEAMUP:PASTEL PURPLE:9-10:GRAPHIC:SS T-SHIRT | M3: 189900 | N3: 0.9 | O3: =M3-((90*M3)/100) -> 18990 | P3: PERCENTAGE
A4: 2023 JAN-DEC DISC 90 | B4: =B3 -> 46086 | C4: =C3 -> 46092 | D4: 3281 | E4: 337 | F4: 4 | G4: 1 | H4: 80994 | I4: DISNEY | J4: 83381195 | K4: SSTEAMUP | L4: SS T-SHIRT TEAM UP PRINCESS AURORA 66050100PRN SSTEAMUP:PASTEL PURPLE:11-12:GRAPHIC:SS T-SHIRT | M4: 189900 | N4: 0.9 | O4: =M4-((90*M4)/100) -> 18990 | P4: PERCENTAGE
A5: 2023 JAN-DEC DISC 90 | B5: =B4 -> 46086 | C5: =C4 -> 46092 | D5: 3281 | E5: 337 | F5: 4 | G5: 1 | H5: 80994 | I5: DISNEY | J5: 83381202 | K5: SSTEAMUP | L5: SS T-SHIRT TEAM UP PRINCESS AURORA 66050100PRN SSTEAMUP:PASTEL PURPLE:13-14:GRAPHIC:SS T-SHIRT | M5: 189900 | N5: 0.9 | O5: =M5-((90*M5)/100) -> 18990 | P5: PERCENTAGE
A6: 2023 JAN-DEC DISC 90 | B6: =B5 -> 46086 | C6: =C5 -> 46092 | D6: 3281 | E6: 337 | F6: 4 | G6: 1 | H6: 80994 | I6: DISNEY | J6: 83381220 | K6: SSSWPRN | L6: SS T-SHIRT CUT N SEWN PRINCESS SNOW WHITE 66050100PRN SSSWPRN:PASTEL PINK:9-10:GRAPHIC:SS T-SHIRT | M6: 189900 | N6: 0.9 | O6: =M6-((90*M6)/100) -> 18990 | P6: PERCENTAGE
A7: 2023 JAN-DEC DISC 90 | B7: =B6 -> 46086 | C7: =C6 -> 46092 | D7: 3281 | E7: 337 | F7: 4 | G7: 1 | H7: 80994 | I7: DISNEY | J7: 83381239 | K7: SSSWPRN | L7: SS T-SHIRT CUT N SEWN PRINCESS SNOW WHITE 66050100PRN SSSWPRN:PASTEL PINK:11-12:GRAPHIC:SS T-SHIRT | M7: 189900 | N7: 0.9 | O7: =M7-((90*M7)/100) -> 18990 | P7: PERCENTAGE
A8: 2023 JAN-DEC DISC 90 | B8: =B7 -> 46086 | C8: =C7 -> 46092 | D8: 3281 | E8: 337 | F8: 4 | G8: 1 | H8: 80994 | I8: DISNEY | J8: 83381248 | K8: SSSWPRN | L8: SS T-SHIRT CUT N SEWN PRINCESS SNOW WHITE 66050100PRN SSSWPRN:PASTEL PINK:13-14:GRAPHIC:SS T-SHIRT | M8: 189900 | N8: 0.9 | O8: =M8-((90*M8)/100) -> 18990 | P8: PERCENTAGE
A9: 2023 JAN-DEC DISC 90 | B9: =B8 -> 46086 | C9: =C8 -> 46092 | D9: 3281 | E9: 337 | F9: 4 | G9: 1 | H9: 850 | I9: DISNEY | J9: 83381373 | K9: TSMGFZA | L9: SS T-SHIRT FROZEN ELSA 66050100FZA TSMGFZA:PASTEL PURPLE:5-6:GRAPHIC:SS T-SHIRT | M9: 129900 | N9: 0.9 | O9: =M9-((90*M9)/100) -> 12990 | P9: PERCENTAGE
A10: 2023 JAN-DEC DISC 90 | B10: =B9 -> 46086 | C10: =C9 -> 46092 | D10: 3281 | E10: 337 | F10: 4 | G10: 1 | H10: 850 | I10: DISNEY | J10: 83381408 | K10: TSMGFZA | L10: SS T-SHIRT FROZEN ELSA 66050100FZA TSMGFZA:PASTEL PURPLE:11-12:GRAPHIC:SS T-SHIRT | M10: 129900 | N10: 0.9 | O10: =M10-((90*M10)/100) -> 12990 | P10: PERCENTAGE
A11: 2023 JAN-DEC DISC 90 | B11: =B10 -> 46086 | C11: =C10 -> 46092 | D11: 3281 | E11: 337 | F11: 4 | G11: 1 | H11: 850 | I11: DISNEY | J11: 86446324 | K11: TSMGMARIE | L11: SS T-SHIRT RENDA MARIE TSMGMARIE:PASTEL ORANGE:5-6:GRAPHIC:SS T-SHIRT | M11: 129900 | N11: 0.9 | O11: =M11-((90*M11)/100) -> 12990 | P11: PERCENTAGE
A12: 2023 JAN-DEC DISC 90 | B12: =B11 -> 46086 | C12: =C11 -> 46092 | D12: 3281 | E12: 337 | F12: 4 | G12: 1 | H12: 850 | I12: DISNEY | J12: 86446333 | K12: TSMGMARIE | L12: SS T-SHIRT RENDA MARIE TSMGMARIE:PASTEL ORANGE:7-8:GRAPHIC:SS T-SHIRT | M12: 129900 | N12: 0.9 | O12: =M12-((90*M12)/100) -> 12990 | P12: PERCENTAGE
A13: 2023 JAN-DEC DISC 90 | B13: =B12 -> 46086 | C13: =C12 -> 46092 | D13: 3281 | E13: 337 | F13: 4 | G13: 1 | H13: 850 | I13: DISNEY | J13: 86446342 | K13: TSMGMARIE | L13: SS T-SHIRT RENDA MARIE TSMGMARIE:PASTEL ORANGE:9-10:GRAPHIC:SS T-SHIRT | M13: 129900 | N13: 0.9 | O13: =M13-((90*M13)/100) -> 12990 | P13: PERCENTAGE
A14: 2023 JAN-DEC DISC 90 | B14: =B13 -> 46086 | C14: =C13 -> 46092 | D14: 3281 | E14: 337 | F14: 4 | G14: 1 | H14: 850 | I14: DISNEY | J14: 86446351 | K14: TSMGMARIE | L14: SS T-SHIRT RENDA MARIE TSMGMARIE:PASTEL ORANGE:11-12:GRAPHIC:SS T-SHIRT | M14: 129900 | N14: 0.9 | O14: =M14-((90*M14)/100) -> 12990 | P14: PERCENTAGE
... A228: 2023 JAN-DEC DISC 90 | B228: =B227 -> 46086 | C228: =C227 -> 46092 | D228: 3281 | E228: 337 | F228: 4 | G228: 5 | H228: 81506 | I228: DISNEY | J228: 87434460 | K228: DSCOSFZA | L228: SS MIDI DRESS COSTUME FROZEN DSCOSFZA:PASTEL BLUE:3-4:GRAPHIC:SS MIDI DRESS | M228: 299900 | N228: 0.9 | O228: =M228-((90*M228)/100) -> 29990 | P228: PERCENTAGE

Sheet 2022 ALL D90 - 3281
A1: ACARA | B1: FROM DATE | C1: TO DATE | D1: DEPT | E1: WORLD | F1: DIVISION | G1: CLASS | H1: SUPPLIER | I1: BRAND | J1: SKU | K1: ARTICLE | L1: DESCRIPTION | M1: HARGA NORMAL | N1: DISKON | O1: HARGA PROMO | P1: DISCOUNT TYPE
A2: 2022 ALL D90 | B2: ='2025 HILITE D80 - 3321'!B2 -> 46086 | C2: ='2025 HILITE D80 - 3321'!C2 -> 46092 | D2: 3281 | E2: 337 | F2: 4 | G2: 1 | H2: 81419 | I2: DISNEY | J2: 63556703 | K2: SSWINFZA | L2: SS T-SHIRT WINTERTIDE FROZEN LENGAN PITA 66050100F:PASTEL ORAN:7-8:GRAPHIC:SS T-SHIRT | M2: 159900 | N2: 0.9 | O2: =M2-((90*M2)/100) -> 15990 | P2: PERCENTAGE
A3: 2022 ALL D90 | B3: =B2 -> 46086 | C3: =C2 -> 46092 | D3: 3281 | E3: 337 | F3: 4 | G3: 1 | H3: 81419 | I3: DISNEY | J3: 63556712 | K3: SSWINFZA | L3: SS T-SHIRT WINTERTIDE FROZEN LENGAN PITA 66050100F:PASTEL ORAN:9-10:GRAPHIC:SS T-SHIRT | M3: 159900 | N3: 0.9 | O3: =M3-((90*M3)/100) -> 15990 | P3: PERCENTAGE
A4: 2022 ALL D90 | B4: =B3 -> 46086 | C4: =C3 -> 46092 | D4: 3281 | E4: 337 | F4: 4 | G4: 1 | H4: 81419 | I4: DISNEY | J4: 63556721 | K4: SSWINFZA | L4: SS T-SHIRT WINTERTIDE FROZEN LENGAN PITA 66050100F:PASTEL ORAN:11-12:GRAPHIC:SS T-SHIRT | M4: 159900 | N4: 0.9 | O4: =M4-((90*M4)/100) -> 15990 | P4: PERCENTAGE
A5: 2022 ALL D90 | B5: =B4 -> 46086 | C5: =C4 -> 46092 | D5: 3281 | E5: 337 | F5: 4 | G5: 1 | H5: 81419 | I5: DISNEY | J5: 63556730 | K5: SSWINFZA | L5: SS T-SHIRT WINTERTIDE FROZEN LENGAN PITA 66050100F:PASTEL ORAN:13-14:GRAPHIC:SS T-SHIRT | M5: 159900 | N5: 0.9 | O5: =M5-((90*M5)/100) -> 15990 | P5: PERCENTAGE
A6: 2022 ALL D90 | B6: =B5 -> 46086 | C6: =C5 -> 46092 | D6: 3281 | E6: 337 | F6: 4 | G6: 1 | H6: 81419 | I6: DISNEY | J6: 63559344 | K6: SSFFFZA1 | L6: SS T-SHIRT TOD FALL FESTIVAL FROZEN 1 66050100FZA SSFFFZA1:PASTEL PU:7-8:GRAPHIC:SS T-SHIR | M6: 159900 | N6: 0.9 | O6: =M6-((90*M6)/100) -> 15990 | P6: PERCENTAGE
A7: 2022 ALL D90 | B7: =B6 -> 46086 | C7: =C6 -> 46092 | D7: 3281 | E7: 337 | F7: 4 | G7: 1 | H7: 81419 | I7: DISNEY | J7: 63559353 | K7: SSFFFZA1 | L7: SS T-SHIRT TOD FALL FESTIVAL FROZEN 1 66050100FZA SSFFFZA1:PASTEL PU:9-10:GRAPHIC:SS T-SHIR | M7: 159900 | N7: 0.9 | O7: =M7-((90*M7)/100) -> 15990 | P7: PERCENTAGE
A8: 2022 ALL D90 | B8: =B7 -> 46086 | C8: =C7 -> 46092 | D8: 3281 | E8: 337 | F8: 4 | G8: 1 | H8: 81419 | I8: DISNEY | J8: 63559362 | K8: SSFFFZA1 | L8: SS T-SHIRT TOD FALL FESTIVAL FROZEN 1 66050100FZA SSFFFZA1:PASTEL PU:11-12:GRAPHIC:SS T-SHIR | M8: 159900 | N8: 0.9 | O8: =M8-((90*M8)/100) -> 15990 | P8: PERCENTAGE
A9: 2022 ALL D90 | B9: =B8 -> 46086 | C9: =C8 -> 46092 | D9: 3281 | E9: 337 | F9: 4 | G9: 1 | H9: 81419 | I9: DISNEY | J9: 63559371 | K9: SSFFFZA1 | L9: SS T-SHIRT TOD FALL FESTIVAL FROZEN 1 66050100FZA SSFFFZA1:PASTEL PU:13-14:GRAPHIC:SS T-SHIR | M9: 159900 | N9: 0.9 | O9: =M9-((90*M9)/100) -> 15990 | P9: PERCENTAGE
A10: 2022 ALL D90 | B10: =B9 -> 46086 | C10: =C9 -> 46092 | D10: 3281 | E10: 337 | F10: 4 | G10: 1 | H10: 81419 | I10: DISNEY | J10: 67566196 | K10: TSTDMIN | L10: SS T-SHIRT TIE DYE ELECTRIC JEWEL TSTDMIN:PASTEL PINK:9-10:OMBRE:SS T-SHIRT | M10: 159900 | N10: 0.9 | O10: =M10-((90*M10)/100) -> 15990 | P10: PERCENTAGE
A11: 2022 ALL D90 | B11: =B10 -> 46086 | C11: =C10 -> 46092 | D11: 3281 | E11: 337 | F11: 4 | G11: 1 | H11: 81419 | I11: DISNEY | J11: 67566203 | K11: TSTDMIN | L11: SS T-SHIRT TIE DYE ELECTRIC JEWEL TSTDMIN:PASTEL PINK:11-12:OMBRE:SS T-SHIRT | M11: 159900 | N11: 0.9 | O11: =M11-((90*M11)/100) -> 15990 | P11: PERCENTAGE
A12: 2022 ALL D90 | B12: =B11 -> 46086 | C12: =C11 -> 46092 | D12: 3281 | E12: 337 | F12: 4 | G12: 1 | H12: 81419 | I12: DISNEY | J12: 67566212 | K12: TSTDMIN | L12: SS T-SHIRT TIE DYE ELECTRIC JEWEL TSTDMIN:PASTEL PINK:13-14:OMBRE:SS T-SHIRT | M12: 159900 | N12: 0.9 | O12: =M12-((90*M12)/100) -> 15990 | P12: PERCENTAGE
A13: 2022 ALL D90 | B13: =B12 -> 46086 | C13: =C12 -> 46092 | D13: 3281 | E13: 337 | F13: 4 | G13: 1 | H13: 81379 | I13: DISNEY | J13: 60927273 | K13: TSTDSKT1 | L13: SS T-SHIRT TIE DYE MINNIE SKATE 1 66050100MIN TSTDSKT1:PASTEL PUR:7-8:GRAPHIC:SS T-SHIRT | M13: 139900 | N13: 0.9 | O13: =M13-((90*M13)/100) -> 13990 | P13: PERCENTAGE
A14: 2022 ALL D90 | B14: =B13 -> 46086 | C14: =C13 -> 46092 | D14: 3281 | E14: 337 | F14: 4 | G14: 1 | H14: 81379 | I14: DISNEY | J14: 60927282 | K14: TSTDSKT1 | L14: SS T-SHIRT TIE DYE MINNIE SKATE 1 66050100MIN TSTDSKT1:PASTEL PUR:9-10:GRAPHIC:SS T-SHIRT | M14: 139900 | N14: 0.9 | O14: =M14-((90*M14)/100) -> 13990 | P14: PERCENTAGE
... A297: 2022 ALL D90 | B297: =B296 -> 46086 | C297: =C296 -> 46092 | D297: 3281 | E297: 337 | F297: 4 | G297: 5 | H297: 80920 | I297: DISNEY | J297: 67275036 | K297: DSFPFZA | L297: DRESS SS TULLE FP FROZEN 66050100FZA DSFPFZA:CORAL:13-14:GRAPHIC:SS MIDI DRESS | M297: 239900 | N297: 0.9 | O297: =M297-((90*M297)/100) -> 23990 | P297: PERCENTAGE

Sheet 2021 2020 ALL D90 - 3281
A1: ACARA | B1: FROM DATE | C1: TO DATE | D1: DEPT | E1: WORLD | F1: DIVISION | G1: CLASS | H1: SUPPLIER | I1: BRAND | J1: SKU | K1: ARTICLE | L1: DESCRIPTION | M1: HARGA NORMAL | N1: DISKON | O1: HARGA PROMO | P1: DISCOUNT TYPE
A2: 2021 2020 ALL D90 | B2: ='2025 HILITE D80 - 3321'!B2 -> 46086 | C2: ='2025 HILITE D80 - 3321'!C2 -> 46092 | D2: 3281 | E2: 337 | F2: 4 | G2: 1 | H2: 81419 | I2: DISNEY | J2: 33473288 | K2: GASSMNR | L2: SS T-SHIRT OMBRE MINNIE RED RULES PITA 66050100MIN GASSMNR:CLASSIC R:7-8:GRAPHIC:SS T-SHIR | M2: 139900 | N2: 0.9 | O2: =M2-((90*M2)/100) -> 13990 | P2: PERCENTAGE
A3: 2021 2020 ALL D90 | B3: =B2 -> 46086 | C3: =C2 -> 46092 | D3: 3281 | E3: 337 | F3: 4 | G3: 1 | H3: 81419 | I3: DISNEY | J3: 33473297 | K3: GASSMNR | L3: SS T-SHIRT OMBRE MINNIE RED RULES PITA 66050100MIN GASSMNR:CLASSIC R:9-10:GRAPHIC:SS T-SHIR | M3: 139900 | N3: 0.9 | O3: =M3-((90*M3)/100) -> 13990 | P3: PERCENTAGE
A4: 2021 2020 ALL D90 | B4: =B3 -> 46086 | C4: =C3 -> 46092 | D4: 3281 | E4: 337 | F4: 4 | G4: 1 | H4: 81419 | I4: DISNEY | J4: 33473304 | K4: GASSMNR | L4: SS T-SHIRT OMBRE MINNIE RED RULES PITA 66050100MIN GASSMNR:CLASSIC R:11-12:GRAPHIC:SS T-SHIR | M4: 139900 | N4: 0.9 | O4: =M4-((90*M4)/100) -> 13990 | P4: PERCENTAGE
A5: 2021 2020 ALL D90 | B5: =B4 -> 46086 | C5: =C4 -> 46092 | D5: 3281 | E5: 337 | F5: 4 | G5: 1 | H5: 81419 | I5: DISNEY | J5: 33473313 | K5: GASSMNR | L5: SS T-SHIRT OMBRE MINNIE RED RULES PITA 66050100MIN GASSMNR:CLASSIC R:13-14:GRAPHIC:SS T-SHIR | M5: 139900 | N5: 0.9 | O5: =M5-((90*M5)/100) -> 13990 | P5: PERCENTAGE
A6: 2021 2020 ALL D90 | B6: =B5 -> 46086 | C6: =C5 -> 46092 | D6: 3281 | E6: 337 | F6: 4 | G6: 1 | H6: 81419 | I6: DISNEY | J6: 33416527 | K6: GASLMNR | L6: LS T-SHIRT MINNIE RED RULES 66050100MIN GASLMNR:CLASSIC RED:9-10:GRAPHIC:LS T-SHIRT | M6: 139900 | N6: 0.9 | O6: =M6-((90*M6)/100) -> 13990 | P6: PERCENTAGE
A7: 2021 2020 ALL D90 | B7: =B6 -> 46086 | C7: =C6 -> 46092 | D7: 3281 | E7: 337 | F7: 4 | G7: 1 | H7: 81419 | I7: DISNEY | J7: 33416536 | K7: GASLMNR | L7: LS T-SHIRT MINNIE RED RULES 66050100MIN GASLMNR:CLASSIC RED:11-12:GRAPHIC:LS T-SHIRT | M7: 139900 | N7: 0.9 | O7: =M7-((90*M7)/100) -> 13990 | P7: PERCENTAGE
A8: 2021 2020 ALL D90 | B8: =B7 -> 46086 | C8: =C7 -> 46092 | D8: 3281 | E8: 337 | F8: 4 | G8: 1 | H8: 81419 | I8: DISNEY | J8: 33416545 | K8: GASLMNR | L8: LS T-SHIRT MINNIE RED RULES 66050100MIN GASLMNR:CLASSIC RED:13-14:GRAPHIC:LS T-SHIRT | M8: 139900 | N8: 0.9 | O8: =M8-((90*M8)/100) -> 13990 | P8: PERCENTAGE
A9: 2021 2020 ALL D90 | B9: =B8 -> 46086 | C9: =C8 -> 46092 | D9: 3281 | E9: 337 | F9: 4 | G9: 1 | H9: 81146 | I9: DISNEY | J9: 26269585 | K9: 2TKMEC1 | L9: SS T-SHIRT MINNIE RAINBOW 2TKMEC1:OFF WHITE:S:GRAPHIC:SS T-SHIRT | M9: 129900 | N9: 0.9 | O9: =M9-((90*M9)/100) -> 12990 | P9: PERCENTAGE
A10: 2021 2020 ALL D90 | B10: =B9 -> 46086 | C10: =C9 -> 46092 | D10: 3281 | E10: 337 | F10: 4 | G10: 1 | H10: 81146 | I10: DISNEY | J10: 26269594 | K10: 2TKMEC1 | L10: SS T-SHIRT MINNIE RAINBOW 2TKMEC1:OFF WHITE:M:GRAPHIC:SS T-SHIRT | M10: 129900 | N10: 0.9 | O10: =M10-((90*M10)/100) -> 12990 | P10: PERCENTAGE
A11: 2021 2020 ALL D90 | B11: =B10 -> 46086 | C11: =C10 -> 46092 | D11: 3281 | E11: 337 | F11: 4 | G11: 1 | H11: 81146 | I11: DISNEY | J11: 26269610 | K11: 2TKMEC1 | L11: SS T-SHIRT MINNIE RAINBOW 2TKMEC1:OFF WHITE:5-6:GRAPHIC:SS T-SHIRT | M11: 129900 | N11: 0.9 | O11: =M11-((90*M11)/100) -> 12990 | P11: PERCENTAGE
A12: 2021 2020 ALL D90 | B12: =B11 -> 46086 | C12: =C11 -> 46092 | D12: 3281 | E12: 337 | F12: 4 | G12: 1 | H12: 81146 | I12: DISNEY | J12: 26269629 | K12: 2TKMEC1 | L12: SS T-SHIRT MINNIE RAINBOW 2TKMEC1:OFF WHITE:7-8:GRAPHIC:SS T-SHIRT | M12: 129900 | N12: 0.9 | O12: =M12-((90*M12)/100) -> 12990 | P12: PERCENTAGE
A13: 2021 2020 ALL D90 | B13: =B12 -> 46086 | C13: =C12 -> 46092 | D13: 3281 | E13: 337 | F13: 4 | G13: 1 | H13: 81146 | I13: DISNEY | J13: 26334601 | K13: 2TKMEC2 | L13: SS T-SHIRT MINNIE FULL PRINT 2TKMEC2:PASTEL PINK:M:PRINT:SS T-SHIRT | M13: 129900 | N13: 0.9 | O13: =M13-((90*M13)/100) -> 12990 | P13: PERCENTAGE
A14: 2021 2020 ALL D90 | B14: =B13 -> 46086 | C14: =C13 -> 46092 | D14: 3281 | E14: 337 | F14: 4 | G14: 1 | H14: 81146 | I14: DISNEY | J14: 26334638 | K14: 2TKMEC2 | L14: SS T-SHIRT MINNIE FULL PRINT 2TKMEC2:PASTEL PINK:7-8:PRINT:SS T-SHIRT | M14: 129900 | N14: 0.9 | O14: =M14-((90*M14)/100) -> 12990 | P14: PERCENTAGE
... A257: 2021 2020 ALL D90 | B257: =B256 -> 46086 | C257: =C256 -> 46092 | D257: 3281 | E257: 337 | F257: 4 | G257: 6 | H257: 81427 | I257: DISNEY | J257: 24377284 | K257: TSTRI4 | L257: 66050100OMK TS SS 20S TWIST MARVEL GLITTER:CLASSIC YELLOW:15-16 | M257: 5000 | N257: 0.9 | O257: =M257-((90*M257)/100) -> 500 | P257: PERCENTAGE

Sheet 2019 ALL D95 - 3281
A1: ACARA | B1: FROM DATE | C1: TO DATE | D1: DEPT | E1: WORLD | F1: DIVISION | G1: CLASS | H1: SUPPLIER | I1: BRAND | J1: SKU | K1: ARTICLE | L1: DESCRIPTION | M1: HARGA NORMAL | N1: DISKON | O1: HARGA PROMO | P1: DISCOUNT TYPE
A2: 2019 ALL D95 | B2: ='2025 HILITE D80 - 3321'!B2 -> 46086 | C2: ='2025 HILITE D80 - 3321'!C2 -> 46092 | D2: 3281 | E2: 337 | F2: 4 | G2: 1 | H2: 80930 | I2: DISNEY | J2: 24606142 | K2: TSAPL2 | L2: 66050100FZA TS SS FULL PRINT FROZEN:OFF WHITE:11-12 | M2: 159900 | N2: 0.95 | O2: =M2-((95*M2)/100) -> 7995 | P2: PERCENTAGE
A3: 2019 ALL D95 | B3: =B2 -> 46086 | C3: =C2 -> 46092 | D3: 3281 | E3: 337 | F3: 4 | G3: 1 | H3: 80930 | I3: DISNEY | J3: 24606151 | K3: TSAPL2 | L3: 66050100FZA TS SS FULL PRINT FROZEN:OFF WHITE:13-14 | M3: 159900 | N3: 0.95 | O3: =M3-((95*M3)/100) -> 7995 | P3: PERCENTAGE
A4: 2019 ALL D95 | B4: =B3 -> 46086 | C4: =C3 -> 46092 | D4: 3281 | E4: 337 | F4: 4 | G4: 1 | H4: 80930 | I4: DISNEY | J4: 24606160 | K4: 2TSAPL3 | L4: 66030100FRZ LS FP FROZEN II MOVIE:CLASSIC BLUE:S | M4: 159900 | N4: 0.95 | O4: =M4-((95*M4)/100) -> 7995 | P4: PERCENTAGE
A5: 2019 ALL D95 | B5: =B4 -> 46086 | C5: =C4 -> 46092 | D5: 3281 | E5: 337 | F5: 4 | G5: 1 | H5: 81421 | I5: DISNEY | J5: 22662497 | K5: MIN02D | L5: LS MINNIE DOT WARNA:SALMON:XL | M5: 139900 | N5: 0.95 | O5: =M5-((95*M5)/100) -> 6995 | P5: PERCENTAGE
A6: 2019 ALL D95 | B6: =B5 -> 46086 | C6: =C5 -> 46092 | D6: 3281 | E6: 337 | F6: 4 | G6: 1 | H6: 81421 | I6: DISNEY | J6: 22719079 | K6: MICHEN3 | L6: MICKEY90 KRAH HENLEY:CLASSIC BLUE:S | M6: 119900 | N6: 0.95 | O6: =M6-((95*M6)/100) -> 5995 | P6: PERCENTAGE
A7: 2019 ALL D95 | B7: =B6 -> 46086 | C7: =C6 -> 46092 | D7: 3281 | E7: 337 | F7: 4 | G7: 1 | H7: 81421 | I7: DISNEY | J7: 22719284 | K7: MICRF5 | L7: MICKEY90 TS RAFFLE TALI:WHITE:S | M7: 119900 | N7: 0.95 | O7: =M7-((95*M7)/100) -> 5995 | P7: PERCENTAGE
A8: 2019 ALL D95 | B8: =B7 -> 46086 | C8: =C7 -> 46092 | D8: 3281 | E8: 337 | F8: 4 | G8: 1 | H8: 81421 | I8: DISNEY | J8: 22719293 | K8: MICRF5 | L8: MICKEY90 TS RAFFLE TALI:WHITE:M | M8: 119900 | N8: 0.95 | O8: =M8-((95*M8)/100) -> 5995 | P8: PERCENTAGE
A9: 2019 ALL D95 | B9: =B8 -> 46086 | C9: =C8 -> 46092 | D9: 3281 | E9: 337 | F9: 4 | G9: 1 | H9: 80920 | I9: DISNEY | J9: 21267318 | K9: TSUM03 | L9: SH TSUM TSUM KOMB:OFF WHITE:5-6 | M9: 169900 | N9: 0.95 | O9: =M9-((95*M9)/100) -> 8495 | P9: PERCENTAGE
A10: 2019 ALL D95 | B10: =B9 -> 46086 | C10: =C9 -> 46092 | D10: 3281 | E10: 337 | F10: 4 | G10: 1 | H10: 80920 | I10: DISNEY | J10: 23731339 | K10: TKPRM4MI | L10: LS RAGLAN MINNIE CALIFORNIA VIBES:PEPPERMINT:5-6 | M10: 139900 | N10: 0.95 | O10: =M10-((95*M10)/100) -> 6995 | P10: PERCENTAGE
A11: 2019 ALL D95 | B11: =B10 -> 46086 | C11: =C10 -> 46092 | D11: 3281 | E11: 337 | F11: 4 | G11: 1 | H11: 80920 | I11: DISNEY | J11: 23731446 | K11: TKPRM4PK | L11: LS RAGLAN MINNIE CALIFORNIA VIBES:PASTEL PINK:15-16 | M11: 139900 | N11: 0.95 | O11: =M11-((95*M11)/100) -> 6995 | P11: PERCENTAGE
A12: 2019 ALL D95 | B12: =B11 -> 46086 | C12: =C11 -> 46092 | D12: 3281 | E12: 337 | F12: 4 | G12: 1 | H12: 80920 | I12: DISNEY | J12: 24003776 | K12: TKPRM7OFF | L12: 66030100 TS SS DUMBO FULL PRINT STARS:OFF WHITE:S | M12: 99900 | N12: 0.95 | O12: =M12-((95*M12)/100) -> 4995 | P12: PERCENTAGE
A13: 2019 ALL D95 | B13: =B12 -> 46086 | C13: =C12 -> 46092 | D13: 3281 | E13: 337 | F13: 4 | G13: 1 | H13: 80920 | I13: DISNEY | J13: 24003794 | K13: TKPRM7OFF | L13: 66030100 TS SS DUMBO FULL PRINT STARS:OFF WHITE:L | M13: 99900 | N13: 0.95 | O13: =M13-((95*M13)/100) -> 4995 | P13: PERCENTAGE
A14: 2019 ALL D95 | B14: =B13 -> 46086 | C14: =C13 -> 46092 | D14: 3281 | E14: 337 | F14: 4 | G14: 1 | H14: 80920 | I14: DISNEY | J14: 24124467 | K14: TKPRM5MIN | L14: 66050100min TS SS FEELING TOTALLY AMAZING:PEPPERMINT:15-16 | M14: 149900 | N14: 0.95 | O14: =M14-((95*M14)/100) -> 7495 | P14: PERCENTAGE
... A73: 2019 ALL D95 | B73: =B72 -> 46086 | C73: =C72 -> 46092 | D73: 3281 | E73: 337 | F73: 4 | G73: 10 | H73: 81427 | I73: DISNEY | J73: 23733506 | K73: DRTRS1 | L73: DRESS CAPTAIN MARVEL FOIL:MAROON:15-16 | M73: 10000 | N73: 0.95 | O73: =M73-((95*M73)/100) -> 500 | P73: PERCENTAGE

Sheet 2025 NOV-FEB B3 D10 -3284
A1: ACARA | B1: FROM DATE | C1: TO DATE | D1: DEPT | E1: WORLD | F1: DIVISION | G1: CLASS | H1: SUPPLIER | I1: BRAND | J1: SKU | K1: ARTICLE | L1: DESCRIPTION | M1: HARGA NORMAL | N1: DISKON | O1: HARGA PROMO | P1: DISCOUNT TYPE
A2: 2026 NOV-FEB B3 DISC 10% | B2: ='2025 HILITE D80 - 3321'!B2 -> 46086 | C2: ='2025 HILITE D80 - 3321'!C2 -> 46092 | D2: 3284 | E2: 338 | F2: 4 | G2: 8 | H2: 81847 | I2: CHARACTER | J2: 59174151 | K2: OVSSPSB | L2: SHORT JUMPSUIT OVERALL SS SPONGEBOB SP OVSSPSB:CLASSIC BLUE:0-3:PRINT:SHORT JUMPSUIT | M2: 149900 | N2: BXGY | O2: B3 DISC 10% | P2: BXGY
A3: =A2 -> 2026 NOV-FEB B3 DISC 10% | B3: =B2 -> 46086 | C3: =C2 -> 46092 | D3: 3284 | E3: 338 | F3: 4 | G3: 8 | H3: 81847 | I3: CHARACTER | J3: 59174160 | K3: OVSSPSB | L3: SHORT JUMPSUIT OVERALL SS SPONGEBOB SP OVSSPSB:CLASSIC BLUE:3-6:PRINT:SHORT JUMPSUIT | M3: 149900 | N3: BXGY | O3: =O2 -> B3 DISC 10% | P3: BXGY
A4: =A3 -> 2026 NOV-FEB B3 DISC 10% | B4: =B2 -> 46086 | C4: =C2 -> 46092 | D4: 3284 | E4: 338 | F4: 4 | G4: 8 | H4: 81847 | I4: CHARACTER | J4: 59174179 | K4: OVSSPSB | L4: SHORT JUMPSUIT OVERALL SS SPONGEBOB SP OVSSPSB:CLASSIC BLUE:6-12:PRINT:SHORT JUMPSUIT | M4: 149900 | N4: BXGY | O4: =O3 -> B3 DISC 10% | P4: BXGY
A5: =A4 -> 2026 NOV-FEB B3 DISC 10% | B5: =B3 -> 46086 | C5: =C3 -> 46092 | D5: 3284 | E5: 338 | F5: 4 | G5: 8 | H5: 81847 | I5: CHARACTER | J5: 59174188 | K5: OVSSPSB | L5: SHORT JUMPSUIT OVERALL SS SPONGEBOB SP OVSSPSB:CLASSIC BLUE:12-18:PRINT:SHORT JUMPSUIT | M5: 149900 | N5: BXGY | O5: =O4 -> B3 DISC 10% | P5: BXGY
A6: =A5 -> 2026 NOV-FEB B3 DISC 10% | B6: =B5 -> 46086 | C6: =C5 -> 46092 | D6: 3284 | E6: 338 | F6: 4 | G6: 8 | H6: 81847 | I6: CHARACTER | J6: 59174197 | K6: OVSSPSB | L6: SHORT JUMPSUIT OVERALL SS SPONGEBOB SP OVSSPSB:CLASSIC BLUE:18-24:PRINT:SHORT JUMPSUIT | M6: 149900 | N6: BXGY | O6: =O5 -> B3 DISC 10% | P6: BXGY
A7: =A6 -> 2026 NOV-FEB B3 DISC 10% | B7: =B6 -> 46086 | C7: =C6 -> 46092 | D7: 3284 | E7: 338 | F7: 4 | G7: 8 | H7: 81847 | I7: CHARACTER | J7: 59174106 | K7: SETSPSB | L7: TOP - BOTTOM SET SPONGEBOB SP SETSPSB:CLASSIC YELLOW:3-6:PRINT:TOP - BOTTOM SET | M7: 129900 | N7: BXGY | O7: =O6 -> B3 DISC 10% | P7: BXGY
A8: =A7 -> 2026 NOV-FEB B3 DISC 10% | B8: =B7 -> 46086 | C8: =C7 -> 46092 | D8: 3284 | E8: 338 | F8: 4 | G8: 8 | H8: 81847 | I8: CHARACTER | J8: 59174115 | K8: SETSPSB | L8: TOP - BOTTOM SET SPONGEBOB SP SETSPSB:CLASSIC YELLOW:6-12:PRINT:TOP - BOTTOM SET | M8: 129900 | N8: BXGY | O8: =O7 -> B3 DISC 10% | P8: BXGY
A9: =A8 -> 2026 NOV-FEB B3 DISC 10% | B9: =B8 -> 46086 | C9: =C8 -> 46092 | D9: 3284 | E9: 338 | F9: 4 | G9: 8 | H9: 81847 | I9: CHARACTER | J9: 59174124 | K9: SETSPSB | L9: TOP - BOTTOM SET SPONGEBOB SP SETSPSB:CLASSIC YELLOW:12-18:PRINT:TOP - BOTTOM SET | M9: 129900 | N9: BXGY | O9: =O8 -> B3 DISC 10% | P9: BXGY
A10: =A9 -> 2026 NOV-FEB B3 DISC 10% | B10: =B9 -> 46086 | C10: =C9 -> 46092 | D10: 3284 | E10: 338 | F10: 4 | G10: 8 | H10: 81847 | I10: CHARACTER | J10: 59174133 | K10: SETSPSB | L10: TOP - BOTTOM SET SPONGEBOB SP SETSPSB:CLASSIC YELLOW:18-24:PRINT:TOP - BOTTOM SET | M10: 129900 | N10: BXGY | O10: =O9 -> B3 DISC 10% | P10: BXGY
A11: =A10 -> 2026 NOV-FEB B3 DISC 10% | B11: =B10 -> 46086 | C11: =C10 -> 46092 | D11: 3284 | E11: 338 | F11: 4 | G11: 8 | H11: 81847 | I11: CHARACTER | J11: 59174142 | K11: SETSPSB | L11: TOP - BOTTOM SET SPONGEBOB SP SETSPSB:CLASSIC YELLOW:24-36:PRINT:TOP - BOTTOM SET | M11: 129900 | N11: BXGY | O11: =O10 -> B3 DISC 10% | P11: BXGY
A12: =A11 -> 2026 NOV-FEB B3 DISC 10% | B12: =B11 -> 46086 | C12: =C11 -> 46092 | D12: 3284 | E12: 338 | F12: 4 | G12: 8 | H12: 81847 | I12: CHARACTER | J12: 59174053 | K12: JKHSPSB | L12: JACKET HOODIE SPONGEBOB SP JKHSPSB:CLASSIC BLUE:3-6:PRINT:JACKET | M12: 149900 | N12: BXGY | O12: =O11 -> B3 DISC 10% | P12: BXGY
A13: =A12 -> 2026 NOV-FEB B3 DISC 10% | B13: =B12 -> 46086 | C13: =C12 -> 46092 | D13: 3284 | E13: 338 | F13: 4 | G13: 8 | H13: 81847 | I13: CHARACTER | J13: 59174062 | K13: JKHSPSB | L13: JACKET HOODIE SPONGEBOB SP JKHSPSB:CLASSIC BLUE:6-12:PRINT:JACKET | M13: 149900 | N13: BXGY | O13: =O12 -> B3 DISC 10% | P13: BXGY
A14: =A13 -> 2026 NOV-FEB B3 DISC 10% | B14: =B13 -> 46086 | C14: =C13 -> 46092 | D14: 3284 | E14: 338 | F14: 4 | G14: 8 | H14: 81847 | I14: CHARACTER | J14: 59174071 | K14: JKHSPSB | L14: JACKET HOODIE SPONGEBOB SP JKHSPSB:CLASSIC BLUE:12-18:PRINT:JACKET | M14: 149900 | N14: BXGY | O14: =O13 -> B3 DISC 10% | P14: BXGY
A15: =A14 -> 2026 NOV-FEB B3 DISC 10% | B15: =B14 -> 46086 | C15: =C14 -> 46092 | D15: 3284 | E15: 338 | F15: 4 | G15: 8 | H15: 81847 | I15: CHARACTER | J15: 59174080 | K15: JKHSPSB | L15: JACKET HOODIE SPONGEBOB SP JKHSPSB:CLASSIC BLUE:18-24:PRINT:JACKET | M15: 149900 | N15: BXGY | O15: =O14 -> B3 DISC 10% | P15: BXGY
A16: =A15 -> 2026 NOV-FEB B3 DISC 10% | B16: =B15 -> 46086 | C16: =C15 -> 46092 | D16: 3284 | E16: 338 | F16: 4 | G16: 8 | H16: 81847 | I16: CHARACTER | J16: 59174099 | K16: JKHSPSB | L16: JACKET HOODIE SPONGEBOB SP JKHSPSB:CLASSIC BLUE:24-36:PRINT:JACKET | M16: 149900 | N16: BXGY | O16: =O15 -> B3 DISC 10% | P16: BXGY
A17: =A16 -> 2026 NOV-FEB B3 DISC 10% | B17: =B16 -> 46086 | C17: =C16 -> 46092 | D17: 3284 | E17: 338 | F17: 4 | G17: 8 | H17: 81005 | I17: CHARACTER | J17: 59173894 | K17: JKH3MM | L17: JACKET HOODIE MY MELODY JKH3MM:PASTEL PINK:6-12:PRINT:JACKET | M17: 149900 | N17: BXGY | O17: =O16 -> B3 DISC 10% | P17: BXGY
... A36: =A35 -> 2026 NOV-FEB B3 DISC 10% | B36: =B35 -> 46086 | C36: =C35 -> 46092 | D36: 3284 | E36: 338 | F36: 4 | G36: 8 | H36: 81005 | I36: CHARACTER | J36: 68155913 | K36: DSOPAW | L36: SS MINI DRESS OVERALL DNM PAW PATROL DSOPAW:LIGHT BLUE:24-36:GRAPHIC:SS MINI DRESS | M36: 149900 | N36: BXGY | O36: =O35 -> B3 DISC 10% | P36: BXGY

Sheet 2025 SEPT B1 D30 -3284
A1: ACARA | B1: FROM DATE | C1: TO DATE | D1: DEPT | E1: WORLD | F1: DIVISION | G1: CLASS | H1: SUPPLIER | I1: BRAND | J1: SKU | K1: ARTICLE | L1: DESCRIPTION | M1: HARGA NORMAL | N1: DISKON | O1: HARGA PROMO | P1: DISCOUNT TYPE
A2: 2025 SEPT B1 30% | B2: ='2019 ALL D95 - 3281'!B3 -> 46086 | C2: ='2019 ALL D95 - 3281'!C3 -> 46092 | D2: 3284 | E2: 338 | F2: 4 | G2: 8 | H2: 80942 | I2: DISNEY | J2: 59173858 | K2: OV3MM | L2: SS MIDI DRESS OVERALL MY MELODY OV3MM:PASTEL ORANGE:6-12:PRINT:SS MIDI DRESS | M2: 129900 | N2: 0.3 | O2: =M2-((30*M2)/100) -> 90930 | P2: PERCENTAGE
A3: 2025 SEPT B1 30% | B3: =B2 -> 46086 | C3: =C2 -> 46092 | D3: 3284 | E3: 338 | F3: 4 | G3: 8 | H3: 80942 | I3: DISNEY | J3: 59173867 | K3: OV3MM | L3: SS MIDI DRESS OVERALL MY MELODY OV3MM:PASTEL ORANGE:12-18:PRINT:SS MIDI DRESS | M3: 129900 | N3: =N2 -> 0.3 | O3: =M3-((30*M3)/100) -> 90930 | P3: PERCENTAGE
A4: 2025 SEPT B1 30% | B4: =B3 -> 46086 | C4: =C3 -> 46092 | D4: 3284 | E4: 338 | F4: 4 | G4: 8 | H4: 80942 | I4: DISNEY | J4: 59173876 | K4: OV3MM | L4: SS MIDI DRESS OVERALL MY MELODY OV3MM:PASTEL ORANGE:18-24:PRINT:SS MIDI DRESS | M4: 129900 | N4: =N3 -> 0.3 | O4: =M4-((30*M4)/100) -> 90930 | P4: PERCENTAGE
A5: 2025 SEPT B1 30% | B5: =B4 -> 46086 | C5: =C4 -> 46092 | D5: 3284 | E5: 338 | F5: 4 | G5: 8 | H5: 80942 | I5: DISNEY | J5: 59173885 | K5: OV3MM | L5: SS MIDI DRESS OVERALL MY MELODY OV3MM:PASTEL ORANGE:24-36:PRINT:SS MIDI DRESS | M5: 129900 | N5: =N4 -> 0.3 | O5: =M5-((30*M5)/100) -> 90930 | P5: PERCENTAGE
A6: 2025 SEPT B1 30% | B6: =B5 -> 46086 | C6: =C5 -> 46092 | D6: 3284 | E6: 338 | F6: 4 | G6: 8 | H6: 80942 | I6: DISNEY | J6: 59173812 | K6: SET3LKU | L6: TOP - BOTTOM SET LP KUROMI SET3LKU:PASTEL PURPLE:6-12:PRINT:TOP - BOTTOM SET | M6: 149900 | N6: =N5 -> 0.3 | O6: =M6-((30*M6)/100) -> 104930 | P6: PERCENTAGE
A7: 2025 SEPT B1 30% | B7: =B6 -> 46086 | C7: =C6 -> 46092 | D7: 3284 | E7: 338 | F7: 4 | G7: 8 | H7: 80942 | I7: DISNEY | J7: 59173821 | K7: SET3LKU | L7: TOP - BOTTOM SET LP KUROMI SET3LKU:PASTEL PURPLE:12-18:PRINT:TOP - BOTTOM SET | M7: 149900 | N7: =N6 -> 0.3 | O7: =M7-((30*M7)/100) -> 104930 | P7: PERCENTAGE
A8: 2025 SEPT B1 30% | B8: =B7 -> 46086 | C8: =C7 -> 46092 | D8: 3284 | E8: 338 | F8: 4 | G8: 8 | H8: 80942 | I8: DISNEY | J8: 59173830 | K8: SET3LKU | L8: TOP - BOTTOM SET LP KUROMI SET3LKU:PASTEL PURPLE:18-24:PRINT:TOP - BOTTOM SET | M8: 149900 | N8: =N7 -> 0.3 | O8: =M8-((30*M8)/100) -> 104930 | P8: PERCENTAGE
A9: 2025 SEPT B1 30% | B9: =B8 -> 46086 | C9: =C8 -> 46092 | D9: 3284 | E9: 338 | F9: 4 | G9: 8 | H9: 80942 | I9: DISNEY | J9: 59173849 | K9: SET3LKU | L9: TOP - BOTTOM SET LP KUROMI SET3LKU:PASTEL PURPLE:24-36:PRINT:TOP - BOTTOM SET | M9: 149900 | N9: =N8 -> 0.3 | O9: =M9-((30*M9)/100) -> 104930 | P9: PERCENTAGE
A10: 2025 SEPT B1 30% | B10: =B9 -> 46086 | C10: =C9 -> 46092 | D10: 3284 | E10: 338 | F10: 4 | G10: 8 | H10: 80942 | I10: DISNEY | J10: 59173778 | K10: SS3MM | L10: SS T-SHIRT SS TOP MY MELODY SS3MM:PASTEL ORANGE:6-12:PRINT:SS T-SHIRT | M10: 79900 | N10: =N9 -> 0.3 | O10: =M10-((30*M10)/100) -> 55930 | P10: PERCENTAGE
A11: 2025 SEPT B1 30% | B11: =B10 -> 46086 | C11: =C10 -> 46092 | D11: 3284 | E11: 338 | F11: 4 | G11: 8 | H11: 80942 | I11: DISNEY | J11: 59173787 | K11: SS3MM | L11: SS T-SHIRT SS TOP MY MELODY SS3MM:PASTEL ORANGE:12-18:PRINT:SS T-SHIRT | M11: 79900 | N11: =N10 -> 0.3 | O11: =M11-((30*M11)/100) -> 55930 | P11: PERCENTAGE
A12: 2025 SEPT B1 30% | B12: =B11 -> 46086 | C12: =C11 -> 46092 | D12: 3284 | E12: 338 | F12: 4 | G12: 8 | H12: 80942 | I12: DISNEY | J12: 59173796 | K12: SS3MM | L12: SS T-SHIRT SS TOP MY MELODY SS3MM:PASTEL ORANGE:18-24:PRINT:SS T-SHIRT | M12: 79900 | N12: =N11 -> 0.3 | O12: =M12-((30*M12)/100) -> 55930 | P12: PERCENTAGE
A13: 2025 SEPT B1 30% | B13: =B12 -> 46086 | C13: =C12 -> 46092 | D13: 3284 | E13: 338 | F13: 4 | G13: 8 | H13: 80942 | I13: DISNEY | J13: 59173803 | K13: SS3MM | L13: SS T-SHIRT SS TOP MY MELODY SS3MM:PASTEL ORANGE:24-36:PRINT:SS T-SHIRT | M13: 79900 | N13: =N12 -> 0.3 | O13: =M13-((30*M13)/100) -> 55930 | P13: PERCENTAGE
A14: 2025 SEPT B1 30% | B14: =B13 -> 46086 | C14: =C13 -> 46092 | D14: 3284 | E14: 338 | F14: 4 | G14: 8 | H14: 81005 | I14: DISNEY | J14: 61301053 | K14: SETGKU3A | L14: TOP - BOTTOM SET KUROMI RUFFLE SETGKU3A:OFF WHITE:6-12:PRINT:TOP - BOTTOM SET | M14: 129900 | N14: =N13 -> 0.3 | O14: =M14-((30*M14)/100) -> 90930 | P14: PERCENTAGE
... A25: 2025 SEPT B1 30% | B25: =B24 -> 46086 | C25: =C24 -> 46092 | D25: 3284 | E25: 338 | F25: 4 | G25: 8 | H25: 81005 | I25: DISNEY | J25: 59173965 | K25: SET3MM | L25: TOP - BOTTOM SET MY MELODY SET3MM:PASTEL PINK:24-36:PRINT:TOP - BOTTOM SET | M25: 129900 | N25: =N24 -> 0.3 | O25: =M25-((30*M25)/100) -> 90930 | P25: PERCENTAGE

Sheet 2025 AUG B1G1 -3284
A1: ACARA | B1: FROM DATE | C1: TO DATE | D1: DEPT | E1: WORLD | F1: DIVISION | G1: CLASS | H1: SUPPLIER | I1: BRAND | J1: SKU | K1: ARTICLE | L1: DESCRIPTION | M1: HARGA NORMAL | N1: DISKON | O1: HARGA PROMO | P1: DISCOUNT TYPE
A2: 2025 AUG B1G1 | B2: ='2019 ALL D95 - 3281'!B3 -> 46086 | C2: ='2019 ALL D95 - 3281'!C3 -> 46092 | D2: 3284 | E2: 338 | F2: 4 | G2: 8 | H2: 81676 | I2: DISNEY | J2: 55538659 | K2: SET3BAT | L2: TOP - BOTTOM SET BATMAN SET3BAT:PASTEL BLUE:6-12:GRAPHIC:TOP - BOTTOM SET | M2: 129900 | N2: BXGY | O2: B1G1 | P2: BXGY
A3: =A2 -> 2025 AUG B1G1 | B3: =B2 -> 46086 | C3: =C2 -> 46092 | D3: 3284 | E3: 338 | F3: 4 | G3: 8 | H3: 81676 | I3: DISNEY | J3: 55538668 | K3: SET3BAT | L3: TOP - BOTTOM SET BATMAN SET3BAT:PASTEL BLUE:12-18:GRAPHIC:TOP - BOTTOM SET | M3: 129900 | N3: BXGY | O3: =O2 -> B1G1 | P3: BXGY
A4: =A3 -> 2025 AUG B1G1 | B4: =B3 -> 46086 | C4: =C3 -> 46092 | D4: 3284 | E4: 338 | F4: 4 | G4: 8 | H4: 81676 | I4: DISNEY | J4: 55538677 | K4: SET3BAT | L4: TOP - BOTTOM SET BATMAN SET3BAT:PASTEL BLUE:18-24:GRAPHIC:TOP - BOTTOM SET | M4: 129900 | N4: BXGY | O4: =O3 -> B1G1 | P4: BXGY
A5: =A4 -> 2025 AUG B1G1 | B5: =B4 -> 46086 | C5: =C4 -> 46092 | D5: 3284 | E5: 338 | F5: 4 | G5: 8 | H5: 81676 | I5: DISNEY | J5: 55538686 | K5: SET3BAT | L5: TOP - BOTTOM SET BATMAN SET3BAT:PASTEL BLUE:24-36:GRAPHIC:TOP - BOTTOM SET | M5: 129900 | N5: BXGY | O5: =O4 -> B1G1 | P5: BXGY
A6: =A5 -> 2025 AUG B1G1 | B6: =B5 -> 46086 | C6: =C5 -> 46092 | D6: 3284 | E6: 338 | F6: 4 | G6: 8 | H6: 81676 | I6: DISNEY | J6: 55538695 | K6: OV3BAT | L6: SHORT JUMPSUIT OVERALL BATMAN OV3BAT:NAVY BLUE:6-12:GRAPHIC:SHORT JUMPSUIT | M6: 129900 | N6: BXGY | O6: =O5 -> B1G1 | P6: BXGY
A7: =A6 -> 2025 AUG B1G1 | B7: =B6 -> 46086 | C7: =C6 -> 46092 | D7: 3284 | E7: 338 | F7: 4 | G7: 8 | H7: 81676 | I7: DISNEY | J7: 55538702 | K7: OV3BAT | L7: SHORT JUMPSUIT OVERALL BATMAN OV3BAT:NAVY BLUE:12-18:GRAPHIC:SHORT JUMPSUIT | M7: 129900 | N7: BXGY | O7: =O6 -> B1G1 | P7: BXGY
A8: =A7 -> 2025 AUG B1G1 | B8: =B7 -> 46086 | C8: =C7 -> 46092 | D8: 3284 | E8: 338 | F8: 4 | G8: 8 | H8: 81676 | I8: DISNEY | J8: 55538711 | K8: OV3BAT | L8: SHORT JUMPSUIT OVERALL BATMAN OV3BAT:NAVY BLUE:18-24:GRAPHIC:SHORT JUMPSUIT | M8: 129900 | N8: BXGY | O8: =O7 -> B1G1 | P8: BXGY
A9: =A8 -> 2025 AUG B1G1 | B9: =B8 -> 46086 | C9: =C8 -> 46092 | D9: 3284 | E9: 338 | F9: 4 | G9: 8 | H9: 81676 | I9: DISNEY | J9: 55538720 | K9: OV3BAT | L9: SHORT JUMPSUIT OVERALL BATMAN OV3BAT:NAVY BLUE:24-36:GRAPHIC:SHORT JUMPSUIT | M9: 129900 | N9: BXGY | O9: =O8 -> B1G1 | P9: BXGY
A10: =A9 -> 2025 AUG B1G1 | B10: =B9 -> 46086 | C10: =C9 -> 46092 | D10: 3284 | E10: 338 | F10: 4 | G10: 8 | H10: 81676 | I10: DISNEY | J10: 55538613 | K10: JOG3BAT | L10: JOGGER BATMAN JOG3BAT:NAVY BLUE:6-12:GRAPHIC:JOGGER | M10: 99900 | N10: BXGY | O10: =O9 -> B1G1 | P10: BXGY
A11: =A10 -> 2025 AUG B1G1 | B11: =B10 -> 46086 | C11: =C10 -> 46092 | D11: 3284 | E11: 338 | F11: 4 | G11: 8 | H11: 81676 | I11: DISNEY | J11: 55538622 | K11: JOG3BAT | L11: JOGGER BATMAN JOG3BAT:NAVY BLUE:12-18:GRAPHIC:JOGGER | M11: 99900 | N11: BXGY | O11: =O10 -> B1G1 | P11: BXGY
A12: =A11 -> 2025 AUG B1G1 | B12: =B11 -> 46086 | C12: =C11 -> 46092 | D12: 3284 | E12: 338 | F12: 4 | G12: 8 | H12: 81676 | I12: DISNEY | J12: 55538631 | K12: JOG3BAT | L12: JOGGER BATMAN JOG3BAT:NAVY BLUE:18-24:GRAPHIC:JOGGER | M12: 99900 | N12: BXGY | O12: =O11 -> B1G1 | P12: BXGY
A13: =A12 -> 2025 AUG B1G1 | B13: =B12 -> 46086 | C13: =C12 -> 46092 | D13: 3284 | E13: 338 | F13: 4 | G13: 8 | H13: 81676 | I13: DISNEY | J13: 55538640 | K13: JOG3BAT | L13: JOGGER BATMAN JOG3BAT:NAVY BLUE:24-36:GRAPHIC:JOGGER | M13: 99900 | N13: BXGY | O13: =O12 -> B1G1 | P13: BXGY
A14: =A13 -> 2025 AUG B1G1 | B14: =B13 -> 46086 | C14: =C13 -> 46092 | D14: 3284 | E14: 338 | F14: 4 | G14: 8 | H14: 81676 | I14: DISNEY | J14: 55538579 | K14: SWH3BAT | L14: SWEATSHIRT HOODIE BATMAN SWH3BAT:OFF WHITE:6-12:GRAPHIC:SWEATSHIRT | M14: 129900 | N14: BXGY | O14: =O13 -> B1G1 | P14: BXGY
... A17: =A16 -> 2025 AUG B1G1 | B17: =B16 -> 46086 | C17: =C16 -> 46092 | D17: 3284 | E17: 338 | F17: 4 | G17: 8 | H17: 81676 | I17: DISNEY | J17: 55538604 | K17: SWH3BAT | L17: SWEATSHIRT HOODIE BATMAN SWH3BAT:OFF WHITE:24-36:GRAPHIC:SWEATSHIRT | M17: 129900 | N17: BXGY | O17: =O16 -> B1G1 | P17: BXGY

Sheet 2025 JULY B1G1 - 3284
A1: ACARA | B1: FROM DATE | C1: TO DATE | D1: DEPT | E1: WORLD | F1: DIVISION | G1: CLASS | H1: SUPPLIER | I1: BRAND | J1: SKU | K1: ARTICLE | L1: DESCRIPTION | M1: HARGA NORMAL | N1: DISKON | O1: HARGA PROMO | P1: DISCOUNT TYPE
A2: 2025 JULY B1G1 - 3284 | B2: ='2019 ALL D95 - 3281'!B2 -> 46086 | C2: ='2019 ALL D95 - 3281'!C2 -> 46092 | D2: 3284 | E2: 338 | F2: 4 | G2: 8 | H2: 81506 | I2: DISNEY | J2: 53585307 | K2: DSOCN | L2: SS MIDI DRESS OVERALL CINNAMOROLL DSOCN:PASTEL BLUE:6-12:PRINT:SS MIDI DRESS | M2: 149900 | N2: BXGY | O2: B1G1 | P2: BXGY
A3: 2025 JULY B1G1 - 3284 | B3: =B2 -> 46086 | C3: =C2 -> 46092 | D3: 3284 | E3: 338 | F3: 4 | G3: 8 | H3: 81506 | I3: DISNEY | J3: 53585316 | K3: DSOCN | L3: SS MIDI DRESS OVERALL CINNAMOROLL DSOCN:PASTEL BLUE:12-18:PRINT:SS MIDI DRESS | M3: 149900 | N3: BXGY | O3: B1G1 | P3: BXGY
A4: 2025 JULY B1G1 - 3284 | B4: =B3 -> 46086 | C4: =C3 -> 46092 | D4: 3284 | E4: 338 | F4: 4 | G4: 8 | H4: 81506 | I4: DISNEY | J4: 53585325 | K4: DSOCN | L4: SS MIDI DRESS OVERALL CINNAMOROLL DSOCN:PASTEL BLUE:18-24:PRINT:SS MIDI DRESS | M4: 149900 | N4: BXGY | O4: B1G1 | P4: BXGY
A5: 2025 JULY B1G1 - 3284 | B5: =B4 -> 46086 | C5: =C4 -> 46092 | D5: 3284 | E5: 338 | F5: 4 | G5: 8 | H5: 81506 | I5: DISNEY | J5: 53585334 | K5: DSOCN | L5: SS MIDI DRESS OVERALL CINNAMOROLL DSOCN:PASTEL BLUE:24-36:PRINT:SS MIDI DRESS | M5: 149900 | N5: BXGY | O5: B1G1 | P5: BXGY
A6: 2025 JULY B1G1 - 3284 | B6: =B5 -> 46086 | C6: =C5 -> 46092 | D6: 3284 | E6: 338 | F6: 4 | G6: 8 | H6: 80942 | I6: DISNEY | J6: 54871175 | K6: OVSCN | L6: SHORT JUMPSUIT OVERALL SS CINNAMOROLL OVSCN:VANILLA:6-12:PRINT:SHORT JUMPSUIT | M6: 149900 | N6: BXGY | O6: B1G1 | P6: BXGY
A7: 2025 JULY B1G1 - 3284 | B7: =B6 -> 46086 | C7: =C6 -> 46092 | D7: 3284 | E7: 338 | F7: 4 | G7: 8 | H7: 80942 | I7: DISNEY | J7: 54871184 | K7: OVSCN | L7: SHORT JUMPSUIT OVERALL SS CINNAMOROLL OVSCN:VANILLA:12-18:PRINT:SHORT JUMPSUIT | M7: 149900 | N7: BXGY | O7: B1G1 | P7: BXGY
A8: 2025 JULY B1G1 - 3284 | B8: =B7 -> 46086 | C8: =C7 -> 46092 | D8: 3284 | E8: 338 | F8: 4 | G8: 8 | H8: 80942 | I8: DISNEY | J8: 54871193 | K8: OVSCN | L8: SHORT JUMPSUIT OVERALL SS CINNAMOROLL OVSCN:VANILLA:18-24:PRINT:SHORT JUMPSUIT | M8: 149900 | N8: BXGY | O8: B1G1 | P8: BXGY
A9: 2025 JULY B1G1 - 3284 | B9: =B8 -> 46086 | C9: =C8 -> 46092 | D9: 3284 | E9: 338 | F9: 4 | G9: 8 | H9: 80942 | I9: DISNEY | J9: 54871200 | K9: OVSCN | L9: SHORT JUMPSUIT OVERALL SS CINNAMOROLL OVSCN:VANILLA:24-36:PRINT:SHORT JUMPSUIT | M9: 149900 | N9: BXGY | O9: B1G1 | P9: BXGY
A10: 2025 JULY B1G1 - 3284 | B10: =B9 -> 46086 | C10: =C9 -> 46092 | D10: 3284 | E10: 338 | F10: 4 | G10: 8 | H10: 80942 | I10: DISNEY | J10: 54871219 | K10: SSJMCN1 | L10: SS T-SHIRT TOP CINNAMOROLL SSJMCN1:PASTEL PINK:6-12:PRINT:SS T-SHIRT | M10: 79900 | N10: BXGY | O10: B1G1 | P10: BXGY
A11: 2025 JULY B1G1 - 3284 | B11: =B10 -> 46086 | C11: =C10 -> 46092 | D11: 3284 | E11: 338 | F11: 4 | G11: 8 | H11: 80942 | I11: DISNEY | J11: 54871228 | K11: SSJMCN1 | L11: SS T-SHIRT TOP CINNAMOROLL SSJMCN1:PASTEL PINK:12-18:PRINT:SS T-SHIRT | M11: 79900 | N11: BXGY | O11: B1G1 | P11: BXGY
A12: 2025 JULY B1G1 - 3284 | B12: =B11 -> 46086 | C12: =C11 -> 46092 | D12: 3284 | E12: 338 | F12: 4 | G12: 8 | H12: 80942 | I12: DISNEY | J12: 54871237 | K12: SSJMCN1 | L12: SS T-SHIRT TOP CINNAMOROLL SSJMCN1:PASTEL PINK:18-24:PRINT:SS T-SHIRT | M12: 79900 | N12: BXGY | O12: B1G1 | P12: BXGY
A13: 2025 JULY B1G1 - 3284 | B13: =B12 -> 46086 | C13: =C12 -> 46092 | D13: 3284 | E13: 338 | F13: 4 | G13: 8 | H13: 80942 | I13: DISNEY | J13: 54871246 | K13: SSJMCN1 | L13: SS T-SHIRT TOP CINNAMOROLL SSJMCN1:PASTEL PINK:24-36:PRINT:SS T-SHIRT | M13: 79900 | N13: BXGY | O13: B1G1 | P13: BXGY
A14: 2025 JULY B1G1 - 3284 | B14: =B13 -> 46086 | C14: =C13 -> 46092 | D14: 3284 | E14: 338 | F14: 4 | G14: 8 | H14: 80942 | I14: DISNEY | J14: 54871255 | K14: SSJMCN2 | L14: SS T-SHIRT TOP CINNAMOROLL SSJMCN2:VANILLA:6-12:PRINT:SS T-SHIRT | M14: 79900 | N14: BXGY | O14: B1G1 | P14: BXGY
... A17: 2025 JULY B1G1 - 3284 | B17: =B16 -> 46086 | C17: =C16 -> 46092 | D17: 3284 | E17: 338 | F17: 4 | G17: 8 | H17: 80942 | I17: DISNEY | J17: 54871282 | K17: SSJMCN2 | L17: SS T-SHIRT TOP CINNAMOROLL SSJMCN2:VANILLA:24-36:PRINT:SS T-SHIRT | M17: 79900 | N17: BXGY | O17: B1G1 | P17: BXGY

Sheet 2025 JUNI B1G1-3284
A1: ACARA | B1: FROM DATE | C1: TO DATE | D1: DEPT | E1: WORLD | F1: DIVISION | G1: CLASS | H1: SUPPLIER | I1: BRAND | J1: SKU | K1: ARTICLE | L1: DESCRIPTION | M1: HARGA NORMAL | N1: DISKON | O1: HARGA PROMO | P1: DISCOUNT TYPE
A2: 2025 JUN B1G1 | B2: ='2019 ALL D95 - 3281'!B2 -> 46086 | C2: ='2019 ALL D95 - 3281'!C2 -> 46092 | D2: 3284 | E2: 338 | F2: 4 | G2: 4 | H2: 81506 | I2: DISNEY | J2: 53168473 | K2: DMARSB | L2: SS MIDI DRESS MARIE SLING BAG DMARSB:PASTEL PINK:6-12:PRINT:SS MIDI DRESS | M2: 199900 | N2: BXGY | O2: B1G1 | P2: BXGY
A3: 2025 JUN B1G1 | B3: =B2 -> 46086 | C3: =C2 -> 46092 | D3: 3284 | E3: 338 | F3: 4 | G3: 4 | H3: 81506 | I3: DISNEY | J3: 53168482 | K3: DMARSB | L3: SS MIDI DRESS MARIE SLING BAG DMARSB:PASTEL PINK:12-18:PRINT:SS MIDI DRESS | M3: 199900 | N3: BXGY | O3: B1G1 | P3: BXGY
A4: 2025 JUN B1G1 | B4: =B3 -> 46086 | C4: =C3 -> 46092 | D4: 3284 | E4: 338 | F4: 4 | G4: 4 | H4: 81506 | I4: DISNEY | J4: 53168491 | K4: DMARSB | L4: SS MIDI DRESS MARIE SLING BAG DMARSB:PASTEL PINK:18-24:PRINT:SS MIDI DRESS | M4: 199900 | N4: BXGY | O4: B1G1 | P4: BXGY
A5: 2025 JUN B1G1 | B5: =B4 -> 46086 | C5: =C4 -> 46092 | D5: 3284 | E5: 338 | F5: 4 | G5: 4 | H5: 81506 | I5: DISNEY | J5: 53168508 | K5: DMARSB | L5: SS MIDI DRESS MARIE SLING BAG DMARSB:PASTEL PINK:24-36:PRINT:SS MIDI DRESS | M5: 199900 | N5: BXGY | O5: B1G1 | P5: BXGY
A6: 2025 JUN B1G1 | B6: =B5 -> 46086 | C6: =C5 -> 46092 | D6: 3284 | E6: 338 | F6: 4 | G6: 5 | H6: 81146 | I6: DISNEY | J6: 53168517 | K6: RPMARM | L6: SHORT JUMPSUIT ROMPER SS GIRLS MARIE RPMARM:PASTEL PINK:6-12:PRINT:SHORT JUMPSUIT | M6: 219900 | N6: BXGY | O6: B1G1 | P6: BXGY
A7: 2025 JUN B1G1 | B7: =B6 -> 46086 | C7: =C6 -> 46092 | D7: 3284 | E7: 338 | F7: 4 | G7: 5 | H7: 81146 | I7: DISNEY | J7: 53168526 | K7: RPMARM | L7: SHORT JUMPSUIT ROMPER SS GIRLS MARIE RPMARM:PASTEL PINK:12-18:PRINT:SHORT JUMPSUIT | M7: 219900 | N7: BXGY | O7: B1G1 | P7: BXGY
A8: 2025 JUN B1G1 | B8: =B7 -> 46086 | C8: =C7 -> 46092 | D8: 3284 | E8: 338 | F8: 4 | G8: 5 | H8: 81146 | I8: DISNEY | J8: 53168535 | K8: RPMARM | L8: SHORT JUMPSUIT ROMPER SS GIRLS MARIE RPMARM:PASTEL PINK:18-24:PRINT:SHORT JUMPSUIT | M8: 219900 | N8: BXGY | O8: B1G1 | P8: BXGY
A9: 2025 JUN B1G1 | B9: =B8 -> 46086 | C9: =C8 -> 46092 | D9: 3284 | E9: 338 | F9: 4 | G9: 5 | H9: 81146 | I9: DISNEY | J9: 53168544 | K9: RPMARM | L9: SHORT JUMPSUIT ROMPER SS GIRLS MARIE RPMARM:PASTEL PINK:24-36:PRINT:SHORT JUMPSUIT | M9: 219900 | N9: BXGY | O9: B1G1 | P9: BXGY
A10: 2025 JUN B1G1 | B10: =B9 -> 46086 | C10: =C9 -> 46092 | D10: 3284 | E10: 338 | F10: 4 | G10: 3 | H10: 80920 | I10: DISNEY | J10: 53168553 | K10: SETMINWV | L10: TOP - BOTTOM SET SS EMBRO MINNI COMBI WVN SETMINWV:PASTEL PINK:6-12:PRINT:TOP - BOTTOM SET | M10: 189900 | N10: BXGY | O10: B1G1 | P10: BXGY
A11: 2025 JUN B1G1 | B11: =B10 -> 46086 | C11: =C10 -> 46092 | D11: 3284 | E11: 338 | F11: 4 | G11: 3 | H11: 80920 | I11: DISNEY | J11: 53168562 | K11: SETMINWV | L11: TOP - BOTTOM SET SS EMBRO MINNI COMBI WVN SETMINWV:PASTEL PINK:12-18:PRINT:TOP - BOTTOM SET | M11: 189900 | N11: BXGY | O11: B1G1 | P11: BXGY
A12: 2025 JUN B1G1 | B12: =B11 -> 46086 | C12: =C11 -> 46092 | D12: 3284 | E12: 338 | F12: 4 | G12: 3 | H12: 80920 | I12: DISNEY | J12: 53168571 | K12: SETMINWV | L12: TOP - BOTTOM SET SS EMBRO MINNI COMBI WVN SETMINWV:PASTEL PINK:18-24:PRINT:TOP - BOTTOM SET | M12: 189900 | N12: BXGY | O12: B1G1 | P12: BXGY
A13: 2025 JUN B1G1 | B13: =B12 -> 46086 | C13: =C12 -> 46092 | D13: 3284 | E13: 338 | F13: 4 | G13: 3 | H13: 80920 | I13: DISNEY | J13: 53168580 | K13: SETMINWV | L13: TOP - BOTTOM SET SS EMBRO MINNI COMBI WVN SETMINWV:PASTEL PINK:24-36:PRINT:TOP - BOTTOM SET | M13: 189900 | N13: BXGY | O13: B1G1 | P13: BXGY

Sheet 2025 JAN-MEI B1G2-3284
A1: ACARA | B1: FROM DATE | C1: TO DATE | D1: DEPT | E1: WORLD | F1: DIVISION | G1: CLASS | H1: SUPPLIER | I1: BRAND | J1: SKU | K1: ARTICLE | L1: DESCRIPTION | M1: HARGA NORMAL | N1: DISKON | O1: HARGA PROMO | P1: DISCOUNT TYPE
A2: 2025 JAN-MEI B1G2 | B2: ='2019 ALL D95 - 3281'!B2 -> 46086 | C2: ='2019 ALL D95 - 3281'!C2 -> 46092 | D2: 3284 | E2: 338 | F2: 4 | G2: 8 | H2: 190 | I2: DISNEY | J2: 51992522 | K2: AR-MLD1 | L2: SS T-SHIRT TOP MELODY FP KOTAK-KOTAK AR-MLD1:OFF WHITE:6-12:GRAPHIC:SS T-SHIRT | M2: 119900 | N2: BXGY | O2: B1G2 | P2: BXGY
A3: 2025 JAN-MEI B1G2 | B3: =B2 -> 46086 | C3: =C2 -> 46092 | D3: 3284 | E3: 338 | F3: 4 | G3: 8 | H3: 190 | I3: DISNEY | J3: 51992531 | K3: AR-MLD1 | L3: SS T-SHIRT TOP MELODY FP KOTAK-KOTAK AR-MLD1:OFF WHITE:12-18:GRAPHIC:SS T-SHIRT | M3: 119900 | N3: BXGY | O3: B1G2 | P3: BXGY
A4: 2025 JAN-MEI B1G2 | B4: =B3 -> 46086 | C4: =C3 -> 46092 | D4: 3284 | E4: 338 | F4: 4 | G4: 8 | H4: 190 | I4: DISNEY | J4: 51992540 | K4: AR-MLD1 | L4: SS T-SHIRT TOP MELODY FP KOTAK-KOTAK AR-MLD1:OFF WHITE:18-24:GRAPHIC:SS T-SHIRT | M4: 119900 | N4: BXGY | O4: B1G2 | P4: BXGY
A5: 2025 JAN-MEI B1G2 | B5: =B4 -> 46086 | C5: =C4 -> 46092 | D5: 3284 | E5: 338 | F5: 4 | G5: 8 | H5: 190 | I5: DISNEY | J5: 51992559 | K5: AR-MLD1 | L5: SS T-SHIRT TOP MELODY FP KOTAK-KOTAK AR-MLD1:OFF WHITE:24-36:GRAPHIC:SS T-SHIRT | M5: 119900 | N5: BXGY | O5: B1G2 | P5: BXGY
A6: 2025 JAN-MEI B1G2 | B6: =B5 -> 46086 | C6: =C5 -> 46092 | D6: 3284 | E6: 338 | F6: 4 | G6: 8 | H6: 190 | I6: DISNEY | J6: 51992568 | K6: AR-MLD2 | L6: SS T-SHIRT TOP MELODY BALON SLEEVE AR-MLD2:PALE PURPLE:6-12:GRAPHIC:SS T-SHIRT | M6: 119900 | N6: BXGY | O6: B1G2 | P6: BXGY
A7: 2025 JAN-MEI B1G2 | B7: =B6 -> 46086 | C7: =C6 -> 46092 | D7: 3284 | E7: 338 | F7: 4 | G7: 8 | H7: 190 | I7: DISNEY | J7: 51992577 | K7: AR-MLD2 | L7: SS T-SHIRT TOP MELODY BALON SLEEVE AR-MLD2:PALE PURPLE:12-18:GRAPHIC:SS T-SHIRT | M7: 119900 | N7: BXGY | O7: B1G2 | P7: BXGY
A8: 2025 JAN-MEI B1G2 | B8: =B7 -> 46086 | C8: =C7 -> 46092 | D8: 3284 | E8: 338 | F8: 4 | G8: 8 | H8: 190 | I8: DISNEY | J8: 51992586 | K8: AR-MLD2 | L8: SS T-SHIRT TOP MELODY BALON SLEEVE AR-MLD2:PALE PURPLE:18-24:GRAPHIC:SS T-SHIRT | M8: 119900 | N8: BXGY | O8: B1G2 | P8: BXGY
A9: 2025 JAN-MEI B1G2 | B9: =B8 -> 46086 | C9: =C8 -> 46092 | D9: 3284 | E9: 338 | F9: 4 | G9: 8 | H9: 190 | I9: DISNEY | J9: 51992595 | K9: AR-MLD2 | L9: SS T-SHIRT TOP MELODY BALON SLEEVE AR-MLD2:PALE PURPLE:24-36:GRAPHIC:SS T-SHIRT | M9: 119900 | N9: BXGY | O9: B1G2 | P9: BXGY
A10: 2025 JAN-MEI B1G2 | B10: =B9 -> 46086 | C10: =C9 -> 46092 | D10: 3284 | E10: 338 | F10: 4 | G10: 8 | H10: 190 | I10: DISNEY | J10: 51992602 | K10: AR-MLD3 | L10: DENIM LONG PANTS MY MELODY AR-MLD3:LIGHT DENIM:6-12:GRAPHIC:DENIM LONG PANTS | M10: 199900 | N10: BXGY | O10: B1G2 | P10: BXGY
A11: 2025 JAN-MEI B1G2 | B11: =B10 -> 46086 | C11: =C10 -> 46092 | D11: 3284 | E11: 338 | F11: 4 | G11: 8 | H11: 190 | I11: DISNEY | J11: 51992611 | K11: AR-MLD3 | L11: DENIM LONG PANTS MY MELODY AR-MLD3:LIGHT DENIM:12-18:GRAPHIC:DENIM LONG PANTS | M11: 199900 | N11: BXGY | O11: B1G2 | P11: BXGY
A12: 2025 JAN-MEI B1G2 | B12: =B11 -> 46086 | C12: =C11 -> 46092 | D12: 3284 | E12: 338 | F12: 4 | G12: 8 | H12: 190 | I12: DISNEY | J12: 51992620 | K12: AR-MLD3 | L12: DENIM LONG PANTS MY MELODY AR-MLD3:LIGHT DENIM:18-24:GRAPHIC:DENIM LONG PANTS | M12: 199900 | N12: BXGY | O12: B1G2 | P12: BXGY
A13: 2025 JAN-MEI B1G2 | B13: =B12 -> 46086 | C13: =C12 -> 46092 | D13: 3284 | E13: 338 | F13: 4 | G13: 8 | H13: 190 | I13: DISNEY | J13: 51992639 | K13: AR-MLD3 | L13: DENIM LONG PANTS MY MELODY AR-MLD3:LIGHT DENIM:24-36:GRAPHIC:DENIM LONG PANTS | M13: 199900 | N13: BXGY | O13: B1G2 | P13: BXGY
A14: 2025 JAN-MEI B1G2 | B14: =B13 -> 46086 | C14: =C13 -> 46092 | D14: 3284 | E14: 338 | F14: 4 | G14: 8 | H14: 190 | I14: DISNEY | J14: 51992648 | K14: AR-MLD4 | L14: SS MIDI DRESS MY MELODY FP KOTAK-KOTAK AR-MLD4:ASSORTIVE COLOR:6-12:GRAPHIC:SS MIDI DRESS | M14: 199900 | N14: BXGY | O14: B1G2 | P14: BXGY
... A118: 2025 JAN-MEI B1G2 | B118: =B117 -> 46086 | C118: =C117 -> 46092 | D118: 3284 | E118: 338 | F118: 4 | G118: 4 | H118: 80920 | I118: DISNEY | J118: 53168624 | K118: DSMINOWV | L118: SS MIDI DRESS OVERALL EMBRO MINNIE COMBI WVN DSMINOWV:PASTEL PINK:24-36:PRINT:SS MIDI DRESS | M118: 219900 | N118: BXGY | O118: B1G2 | P118: BXGY

Sheet 2024 JUL-DEC B1G2-3284 LC BABY
A1: ACARA | B1: FROM DATE | C1: TO DATE | D1: DEPT | E1: WORLD | F1: DIVISION | G1: CLASS | H1: SUPPLIER | I1: BRAND | J1: SKU | K1: ARTICLE | L1: DESCRIPTION | M1: HARGA NORMAL | N1: DISKON | O1: HARGA PROMO | P1: DISCOUNT TYPE
A2: 2024 JUL-DEC B1G2 LICENSE BABY | B2: ='2025 HILITE D80 - 3321'!B2 -> 46086 | C2: ='2025 HILITE D80 - 3321'!C2 -> 46092 | D2: 3284 | E2: 338 | F2: 4 | G2: 3 | H2: 81146 | I2: DISNEY | J2: 22182292 | K2: SETMELION | L2: TOP - BOTTOM SET LION KING BE BRAVE SETMELION:PASTEL GREEN:6-12:PRINT:TOP - BOTTOM SET | M2: 179900 | N2: BXGY | O2: B1G2 | P2: BXGY
A3: =A2 -> 2024 JUL-DEC B1G2 LICENSE BABY | B3: =B2 -> 46086 | C3: =C2 -> 46092 | D3: 3284 | E3: 338 | F3: 4 | G3: 3 | H3: 81146 | I3: DISNEY | J3: 22182309 | K3: SETMELION | L3: TOP - BOTTOM SET LION KING BE BRAVE SETMELION:PASTEL GREEN:12-18:PRINT:TOP - BOTTOM SET | M3: 179900 | N3: BXGY | O3: =O2 -> B1G2 | P3: BXGY
A4: =A3 -> 2024 JUL-DEC B1G2 LICENSE BABY | B4: =B3 -> 46086 | C4: =C3 -> 46092 | D4: 3284 | E4: 338 | F4: 4 | G4: 3 | H4: 81146 | I4: DISNEY | J4: 22182318 | K4: SETMELION | L4: TOP - BOTTOM SET LION KING BE BRAVE SETMELION:PASTEL GREEN:18-24:PRINT:TOP - BOTTOM SET | M4: 179900 | N4: BXGY | O4: =O3 -> B1G2 | P4: BXGY
A5: =A4 -> 2024 JUL-DEC B1G2 LICENSE BABY | B5: =B4 -> 46086 | C5: =C4 -> 46092 | D5: 3284 | E5: 338 | F5: 4 | G5: 3 | H5: 81146 | I5: DISNEY | J5: 22182514 | K5: SETMELION | L5: TOP - BOTTOM SET LION KING BE BRAVE SETMELION:PASTEL GREEN:24-36:PRINT:TOP - BOTTOM SET | M5: 179900 | N5: BXGY | O5: =O4 -> B1G2 | P5: BXGY
A6: =A5 -> 2024 JUL-DEC B1G2 LICENSE BABY | B6: =B5 -> 46086 | C6: =C5 -> 46092 | D6: 3284 | E6: 338 | F6: 4 | G6: 3 | H6: 81421 | I6: DISNEY | J6: 20728527 | K6: SETBAMI2 | L6: ONE SET GIRLS BAMBI SETBAMI2:PASTEL YELLOW:24-36:GRAPHIC:TOP - BOTTOM SET | M6: 189900 | N6: BXGY | O6: =O5 -> B1G2 | P6: BXGY
A7: =A6 -> 2024 JUL-DEC B1G2 LICENSE BABY | B7: =B6 -> 46086 | C7: =C6 -> 46092 | D7: 3284 | E7: 338 | F7: 4 | G7: 3 | H7: 81421 | I7: DISNEY | J7: 20728536 | K7: SETBAMI2 | L7: ONE SET GIRLS BAMBI SETBAMI2:PASTEL YELLOW:6-12:PRINT:TOP - BOTTOM SET | M7: 189900 | N7: BXGY | O7: =O6 -> B1G2 | P7: BXGY
A8: =A7 -> 2024 JUL-DEC B1G2 LICENSE BABY | B8: =B7 -> 46086 | C8: =C7 -> 46092 | D8: 3284 | E8: 338 | F8: 4 | G8: 3 | H8: 81421 | I8: DISNEY | J8: 20728545 | K8: SETBAMI2 | L8: ONE SET GIRLS BAMBI SETBAMI2:PASTEL YELLOW:12-18:PRINT:TOP - BOTTOM SET | M8: 189900 | N8: BXGY | O8: =O7 -> B1G2 | P8: BXGY
A9: =A8 -> 2024 JUL-DEC B1G2 LICENSE BABY | B9: =B8 -> 46086 | C9: =C8 -> 46092 | D9: 3284 | E9: 338 | F9: 4 | G9: 3 | H9: 81421 | I9: DISNEY | J9: 20728554 | K9: SETBAMI2 | L9: ONE SET GIRLS BAMBI SETBAMI2:PASTEL YELLOW:18-24:PRINT:TOP - BOTTOM SET | M9: 189900 | N9: BXGY | O9: =O8 -> B1G2 | P9: BXGY
A10: =A9 -> 2024 JUL-DEC B1G2 LICENSE BABY | B10: =B9 -> 46086 | C10: =C9 -> 46092 | D10: 3284 | E10: 338 | F10: 4 | G10: 3 | H10: 80920 | I10: DISNEY | J10: 19447664 | K10: SETPPMIN | L10: ONE SET PEPLUM MINNIE SETPPMIN:PASTEL PINK:6-12:GRAPHIC:TOP - BOTTOM SET | M10: 199900 | N10: BXGY | O10: =O9 -> B1G2 | P10: BXGY
A11: =A10 -> 2024 JUL-DEC B1G2 LICENSE BABY | B11: =B10 -> 46086 | C11: =C10 -> 46092 | D11: 3284 | E11: 338 | F11: 4 | G11: 3 | H11: 80920 | I11: DISNEY | J11: 19447682 | K11: SETPPMIN | L11: ONE SET PEPLUM MINNIE SETPPMIN:PASTEL PINK:12-18:GRAPHIC:TOP - BOTTOM SET | M11: 199900 | N11: BXGY | O11: =O10 -> B1G2 | P11: BXGY
A12: =A11 -> 2024 JUL-DEC B1G2 LICENSE BABY | B12: =B11 -> 46086 | C12: =C11 -> 46092 | D12: 3284 | E12: 338 | F12: 4 | G12: 3 | H12: 80920 | I12: DISNEY | J12: 19447691 | K12: SETPPMIN | L12: ONE SET PEPLUM MINNIE SETPPMIN:PASTEL PINK:18-24:GRAPHIC:TOP - BOTTOM SET | M12: 199900 | N12: BXGY | O12: =O11 -> B1G2 | P12: BXGY
A13: =A12 -> 2024 JUL-DEC B1G2 LICENSE BABY | B13: =B12 -> 46086 | C13: =C12 -> 46092 | D13: 3284 | E13: 338 | F13: 4 | G13: 3 | H13: 80920 | I13: DISNEY | J13: 19447708 | K13: SETPPMIN | L13: ONE SET PEPLUM MINNIE SETPPMIN:PASTEL PINK:24-36:GRAPHIC:TOP - BOTTOM SET | M13: 199900 | N13: BXGY | O13: =O12 -> B1G2 | P13: BXGY
A14: =A13 -> 2024 JUL-DEC B1G2 LICENSE BABY | B14: =B13 -> 46086 | C14: =C13 -> 46092 | D14: 3284 | E14: 338 | F14: 4 | G14: 3 | H14: 80920 | I14: DISNEY | J14: 23045214 | K14: SETPPBAM | L14: TOP - BOTTOM SET PEPLUM BAMBI SETPPBAM:PASTEL PINK:6-12:GRAPHIC:TOP - BOTTOM SET | M14: 199900 | N14: BXGY | O14: =O13 -> B1G2 | P14: BXGY
... A147: =A146 -> 2024 JUL-DEC B1G2 LICENSE BABY | B147: =B146 -> 46086 | C147: =C146 -> 46092 | D147: 3284 | E147: 338 | F147: 4 | G147: 8 | H147: 81421 | I147: DISNEY | J147: 51710700 | K147: HK-AM3 | L147: SS MIDI DRESS HELLO KITTY SAKURA FP HK-AM3:PASTEL PINK:24-36:PRINT:SS MIDI DRESS | M147: 189900 | N147: BXGY | O147: =O146 -> B1G2 | P147: BXGY

Sheet 2024 JAN-JUN D70-3284 LC  BABY
A1: ACARA | B1: FROM DATE | C1: TO DATE | D1: DEPT | E1: WORLD | F1: DIVISION | G1: CLASS | H1: SUPPLIER | I1: BRAND | J1: SKU | K1: ARTICLE | L1: DESCRIPTION | M1: HARGA NORMAL | N1: DISKON | O1: HARGA PROMO | P1: DISCOUNT TYPE
A2: 2024 JAN-JUN D70 LICENSE BABY | B2: ='2025 HILITE D80 - 3321'!B2 -> 46086 | C2: ='2025 HILITE D80 - 3321'!C2 -> 46092 | D2: 3284 | E2: 338 | F2: 4 | G2: 1 | H2: 81421 | I2: DISNEY | J2: 15617620 | K2: LSMINFL | L2: LS T-SHIRT MINNIE LITTLE FLOWER LSMINFL:PASTEL PINK:6-12:PRINT:LS T-SHIRT | M2: 149900 | N2: 0.7 | O2: =M2-((70*M2)/100) -> 44970 | P2: PERCENTAGE
A3: =A2 -> 2024 JAN-JUN D70 LICENSE BABY | B3: =B2 -> 46086 | C3: =C2 -> 46092 | D3: 3284 | E3: 338 | F3: 4 | G3: 1 | H3: 81421 | I3: DISNEY | J3: 15617639 | K3: LSMINFL | L3: LS T-SHIRT MINNIE LITTLE FLOWER LSMINFL:PASTEL PINK:12-18:PRINT:LS T-SHIRT | M3: 149900 | N3: =N2 -> 0.7 | O3: =M3-((70*M3)/100) -> 44970 | P3: PERCENTAGE
A4: =A3 -> 2024 JAN-JUN D70 LICENSE BABY | B4: =B3 -> 46086 | C4: =C3 -> 46092 | D4: 3284 | E4: 338 | F4: 4 | G4: 1 | H4: 81421 | I4: DISNEY | J4: 15617648 | K4: LSMINFL | L4: LS T-SHIRT MINNIE LITTLE FLOWER LSMINFL:PASTEL PINK:18-24:PRINT:LS T-SHIRT | M4: 149900 | N4: =N3 -> 0.7 | O4: =M4-((70*M4)/100) -> 44970 | P4: PERCENTAGE
A5: =A4 -> 2024 JAN-JUN D70 LICENSE BABY | B5: =B4 -> 46086 | C5: =C4 -> 46092 | D5: 3284 | E5: 338 | F5: 4 | G5: 1 | H5: 81421 | I5: DISNEY | J5: 15617657 | K5: LSMINFL | L5: LS T-SHIRT MINNIE LITTLE FLOWER LSMINFL:PASTEL PINK:24-36:PRINT:LS T-SHIRT | M5: 149900 | N5: =N4 -> 0.7 | O5: =M5-((70*M5)/100) -> 44970 | P5: PERCENTAGE
A6: =A5 -> 2024 JAN-JUN D70 LICENSE BABY | B6: =B5 -> 46086 | C6: =C5 -> 46092 | D6: 3284 | E6: 338 | F6: 4 | G6: 1 | H6: 81421 | I6: DISNEY | J6: 16621444 | K6: JKHKTMIN | L6: JACKET HOODIE MINNIE EMBOS KOTAK JKHKTMIN:PASTEL PINK:6-12:PRINT:JACKET | M6: 199900 | N6: =N5 -> 0.7 | O6: =M6-((70*M6)/100) -> 59970 | P6: PERCENTAGE
A7: =A6 -> 2024 JAN-JUN D70 LICENSE BABY | B7: =B6 -> 46086 | C7: =C6 -> 46092 | D7: 3284 | E7: 338 | F7: 4 | G7: 1 | H7: 81421 | I7: DISNEY | J7: 16621453 | K7: JKHKTMIN | L7: JACKET HOODIE MINNIE EMBOS KOTAK JKHKTMIN:PASTEL PINK:12-18:PRINT:JACKET | M7: 199900 | N7: =N6 -> 0.7 | O7: =M7-((70*M7)/100) -> 59970 | P7: PERCENTAGE
A8: =A7 -> 2024 JAN-JUN D70 LICENSE BABY | B8: =B7 -> 46086 | C8: =C7 -> 46092 | D8: 3284 | E8: 338 | F8: 4 | G8: 1 | H8: 81421 | I8: DISNEY | J8: 16621462 | K8: JKHKTMIN | L8: JACKET HOODIE MINNIE EMBOS KOTAK JKHKTMIN:PASTEL PINK:18-24:PRINT:JACKET | M8: 199900 | N8: =N7 -> 0.7 | O8: =M8-((70*M8)/100) -> 59970 | P8: PERCENTAGE
A9: =A8 -> 2024 JAN-JUN D70 LICENSE BABY | B9: =B8 -> 46086 | C9: =C8 -> 46092 | D9: 3284 | E9: 338 | F9: 4 | G9: 1 | H9: 81421 | I9: DISNEY | J9: 16621471 | K9: JKHKTMIN | L9: JACKET HOODIE MINNIE EMBOS KOTAK JKHKTMIN:PASTEL PINK:24-36:PRINT:JACKET | M9: 199900 | N9: =N8 -> 0.7 | O9: =M9-((70*M9)/100) -> 59970 | P9: PERCENTAGE
A10: =A9 -> 2024 JAN-JUN D70 LICENSE BABY | B10: =B9 -> 46086 | C10: =C9 -> 46092 | D10: 3284 | E10: 338 | F10: 4 | G10: 1 | H10: 80920 | I10: DISNEY | J10: 15617988 | K10: TSBTBMIN | L10: SS T-SHIRT MINNIE AND DAISY BORN TO BLOOM TSBTBMIN:PASTEL GREEN:6-12:PRINT:SS T-SHIRT | M10: 129900 | N10: =N9 -> 0.7 | O10: =M10-((70*M10)/100) -> 38970 | P10: PERCENTAGE
A11: =A10 -> 2024 JAN-JUN D70 LICENSE BABY | B11: =B10 -> 46086 | C11: =C10 -> 46092 | D11: 3284 | E11: 338 | F11: 4 | G11: 1 | H11: 80920 | I11: DISNEY | J11: 15617997 | K11: TSBTBMIN | L11: SS T-SHIRT MINNIE AND DAISY BORN TO BLOOM TSBTBMIN:PASTEL GREEN:12-18:PRINT:SS T-SHIRT | M11: 129900 | N11: =N10 -> 0.7 | O11: =M11-((70*M11)/100) -> 38970 | P11: PERCENTAGE
A12: =A11 -> 2024 JAN-JUN D70 LICENSE BABY | B12: =B11 -> 46086 | C12: =C11 -> 46092 | D12: 3284 | E12: 338 | F12: 4 | G12: 1 | H12: 80920 | I12: DISNEY | J12: 15618003 | K12: TSBTBMIN | L12: SS T-SHIRT MINNIE AND DAISY BORN TO BLOOM TSBTBMIN:PASTEL GREEN:18-24:PRINT:SS T-SHIRT | M12: 129900 | N12: =N11 -> 0.7 | O12: =M12-((70*M12)/100) -> 38970 | P12: PERCENTAGE
A13: =A12 -> 2024 JAN-JUN D70 LICENSE BABY | B13: =B12 -> 46086 | C13: =C12 -> 46092 | D13: 3284 | E13: 338 | F13: 4 | G13: 1 | H13: 80920 | I13: DISNEY | J13: 15618012 | K13: TSBTBMIN | L13: SS T-SHIRT MINNIE AND DAISY BORN TO BLOOM TSBTBMIN:PASTEL GREEN:24-36:PRINT:SS T-SHIRT | M13: 129900 | N13: =N12 -> 0.7 | O13: =M13-((70*M13)/100) -> 38970 | P13: PERCENTAGE
A14: =A13 -> 2024 JAN-JUN D70 LICENSE BABY | B14: =B13 -> 46086 | C14: =C13 -> 46092 | D14: 3284 | E14: 338 | F14: 4 | G14: 1 | H14: 80920 | I14: DISNEY | J14: 15618021 | K14: SSPLMAR | L14: SS T-SHIRT TOP FP MARIE SSPLMAR:OFF WHITE:6-12:PRINT:SS T-SHIRT | M14: 99900 | N14: =N13 -> 0.7 | O14: =M14-((70*M14)/100) -> 29970 | P14: PERCENTAGE
... A205: =A204 -> 2024 JAN-JUN D70 LICENSE BABY | B205: =B204 -> 46086 | C205: =C204 -> 46092 | D205: 3284 | E205: 338 | F205: 4 | G205: 8 | H205: 80942 | I205: DISNEY | J205: 18358584 | K205: PPG4 | L205: SS MIDI DRESS OVERALL SUPER CUTE PPG PPG4:PASTEL PINK:24-36:PRINT:SS MIDI DRESS | M205: 219900 | N205: =N204 -> 0.7 | O205: =M205-((70*M205)/100) -> 65970 | P205: PERCENTAGE

Sheet 2023 JAN-NOV D90-3284 LC BABY
A1: ACARA | B1: FROM DATE | C1: TO DATE | D1: DEPT | E1: WORLD | F1: DIVISION | G1: CLASS | H1: SUPPLIER | I1: BRAND | J1: SKU | K1: ARTICLE | L1: DESCRIPTION | M1: HARGA NORMAL | N1: DISKON | O1: HARGA PROMO | P1: DISCOUNT TYPE
A2: 2023 JAN-DEC DISC 90 LICENSE BABY | B2: ='2025 HILITE D80 - 3321'!B2 -> 46086 | C2: ='2025 HILITE D80 - 3321'!C2 -> 46092 | D2: 3284 | E2: 338 | F2: 4 | G2: 1 | H2: 81421 | I2: DISNEY | J2: 79694570 | K2: SWBMPOOH | L2: SWEATSHIRT POOH BIG MEMORIES SWBMPOOH:PASTEL PINK:24-36:PRINT:SWEATSHIRT | M2: 139900 | N2: 0.9 | O2: =M2-((90*M2)/100) -> 13990 | P2: PERCENTAGE
A3: 2023 JAN-DEC DISC 90 LICENSE BABY | B3: =B2 -> 46086 | C3: =C2 -> 46092 | D3: 3284 | E3: 338 | F3: 4 | G3: 1 | H3: 81421 | I3: DISNEY | J3: 73515854 | K3: TSFPMIN | L3: SS T-SHIRT TSHIRT FP MINNIE 66020100MIN TSFPMIN:PASTEL GREEN:18-24:PRINT:SS T-SHIRT | M3: 79900 | N3: 0.9 | O3: =M3-((90*M3)/100) -> 7990 | P3: PERCENTAGE
A4: 2023 JAN-DEC DISC 90 LICENSE BABY | B4: =B3 -> 46086 | C4: =C3 -> 46092 | D4: 3284 | E4: 338 | F4: 4 | G4: 1 | H4: 190 | I4: DISNEY | J4: 84324469 | K4: SSMIN23 | L4: SS BLOUSE MINNIE BBTR SWING SSMIN23:PASTEL PINK:6-12:GRAPHIC:SS BLOUSE | M4: 139900 | N4: 0.9 | O4: =M4-((90*M4)/100) -> 13990 | P4: PERCENTAGE
A5: 2023 JAN-DEC DISC 90 LICENSE BABY | B5: =B4 -> 46086 | C5: =C4 -> 46092 | D5: 3284 | E5: 338 | F5: 4 | G5: 1 | H5: 190 | I5: DISNEY | J5: 84324487 | K5: SSMIN23 | L5: SS BLOUSE MINNIE BBTR SWING SSMIN23:PASTEL PINK:18-24:GRAPHIC:SS BLOUSE | M5: 139900 | N5: 0.9 | O5: =M5-((90*M5)/100) -> 13990 | P5: PERCENTAGE
A6: 2023 JAN-DEC DISC 90 LICENSE BABY | B6: =B5 -> 46086 | C6: =C5 -> 46092 | D6: 3284 | E6: 338 | F6: 4 | G6: 1 | H6: 190 | I6: DISNEY | J6: 84324496 | K6: SSMIN23 | L6: SS BLOUSE MINNIE BBTR SWING SSMIN23:PASTEL PINK:24-36:GRAPHIC:SS BLOUSE | M6: 139900 | N6: 0.9 | O6: =M6-((90*M6)/100) -> 13990 | P6: PERCENTAGE
A7: 2023 JAN-DEC DISC 90 LICENSE BABY | B7: =B6 -> 46086 | C7: =C6 -> 46092 | D7: 3284 | E7: 338 | F7: 4 | G7: 1 | H7: 80920 | I7: DISNEY | J7: 79584608 | K7: SSBTPRN1 | L7: SS PITA BBTR PRINCESS SSBTPRN1:DUSTY PINK:12-18:PRINT:SS T-SHIRT | M7: 129900 | N7: 0.9 | O7: =M7-((90*M7)/100) -> 12990 | P7: PERCENTAGE
A8: 2023 JAN-DEC DISC 90 LICENSE BABY | B8: =B7 -> 46086 | C8: =C7 -> 46092 | D8: 3284 | E8: 338 | F8: 4 | G8: 1 | H8: 80920 | I8: DISNEY | J8: 79694516 | K8: SSBTPRN2 | L8: SS T-SHIRT RUFFLE BBTR PRINCESS SSBTPRN2:PASTEL PINK:12-18:PRINT:SS T-SHIRT | M8: 129900 | N8: 0.9 | O8: =M8-((90*M8)/100) -> 12990 | P8: PERCENTAGE
A9: 2023 JAN-DEC DISC 90 LICENSE BABY | B9: =B8 -> 46086 | C9: =C8 -> 46092 | D9: 3284 | E9: 338 | F9: 4 | G9: 1 | H9: 81676 | I9: DISNEY | J9: 79758359 | K9: TSPOOET | L9: SS T-SHIRT POOH ENJOY TODAY TSPOOET:PASTEL YELLOW:18-24:PRINT:SS T-SHIRT | M9: 79900 | N9: 0.9 | O9: =M9-((90*M9)/100) -> 7990 | P9: PERCENTAGE
A10: 2023 JAN-DEC DISC 90 LICENSE BABY | B10: =B9 -> 46086 | C10: =C9 -> 46092 | D10: 3284 | E10: 338 | F10: 4 | G10: 1 | H10: 81676 | I10: DISNEY | J10: 79758368 | K10: TSPOOET | L10: SS T-SHIRT POOH ENJOY TODAY TSPOOET:PASTEL YELLOW:24-36:PRINT:SS T-SHIRT | M10: 79900 | N10: 0.9 | O10: =M10-((90*M10)/100) -> 7990 | P10: PERCENTAGE
A11: 2023 JAN-DEC DISC 90 LICENSE BABY | B11: =B10 -> 46086 | C11: =C10 -> 46092 | D11: 3284 | E11: 338 | F11: 4 | G11: 1 | H11: 81676 | I11: DISNEY | J11: 81270531 | K11: TSLIONK | L11: T-SHIRT SIMBA LION KING 66020100 TSLIONK:PASTEL YELLOW:6-12:PRINT:SS T-SHIRT | M11: 89900 | N11: 0.9 | O11: =M11-((90*M11)/100) -> 8990 | P11: PERCENTAGE
A12: 2023 JAN-DEC DISC 90 LICENSE BABY | B12: =B11 -> 46086 | C12: =C11 -> 46092 | D12: 3284 | E12: 338 | F12: 4 | G12: 1 | H12: 81676 | I12: DISNEY | J12: 81270540 | K12: TSLIONK | L12: T-SHIRT SIMBA LION KING 66020100 TSLIONK:PASTEL YELLOW:12-18:PRINT:SS T-SHIRT | M12: 89900 | N12: 0.9 | O12: =M12-((90*M12)/100) -> 8990 | P12: PERCENTAGE
A13: 2023 JAN-DEC DISC 90 LICENSE BABY | B13: =B12 -> 46086 | C13: =C12 -> 46092 | D13: 3284 | E13: 338 | F13: 4 | G13: 1 | H13: 81676 | I13: DISNEY | J13: 81270559 | K13: TSLIONK | L13: T-SHIRT SIMBA LION KING 66020100 TSLIONK:PASTEL YELLOW:18-24:PRINT:SS T-SHIRT | M13: 89900 | N13: 0.9 | O13: =M13-((90*M13)/100) -> 8990 | P13: PERCENTAGE
A14: 2023 JAN-DEC DISC 90 LICENSE BABY | B14: =B13 -> 46086 | C14: =C13 -> 46092 | D14: 3284 | E14: 338 | F14: 4 | G14: 1 | H14: 81676 | I14: DISNEY | J14: 81270568 | K14: TSLIONK | L14: T-SHIRT SIMBA LION KING 66020100 TSLIONK:PASTEL YELLOW:24-36:PRINT:SS T-SHIRT | M14: 89900 | N14: 0.9 | O14: =M14-((90*M14)/100) -> 8990 | P14: PERCENTAGE
... A146: 2023 JAN-DEC DISC 90 LICENSE BABY | B146: =B145 -> 46086 | C146: =C145 -> 46092 | D146: 3284 | E146: 338 | F146: 4 | G146: 8 | H146: 81676 | I146: DISNEY | J146: 81897945 | K146: GNWBB3 | L146: OVERALL WBB BATCH 1 WBB-IFOV3:CLASSIC BLUE:0-3:GRAPHIC:SHORT JUMPSUIT | M146: 219900 | N146: 0.9 | O146: =M146-((90*M146)/100) -> 21990 | P146: PERCENTAGE

Sheet 2022 ALL D90 - 3284 LC BABY
A1: ACARA | B1: FROM DATE | C1: TO DATE | D1: DEPT | E1: WORLD | F1: DIVISION | G1: CLASS | H1: SUPPLIER | I1: BRAND | J1: SKU | K1: ARTICLE | L1: DESCRIPTION | M1: HARGA NORMAL | N1: DISKON | O1: HARGA PROMO | P1: DISCOUNT TYPE
A2: 2022 ALL D90 LICENSE BABY | B2: ='2025 HILITE D80 - 3321'!B2 -> 46086 | C2: ='2025 HILITE D80 - 3321'!C2 -> 46092 | D2: 3284 | E2: 338 | F2: 4 | G2: 1 | H2: 81421 | I2: DISNEY | J2: 28031649 | K2: SSMRPREC | L2: SS BLOUSE BABYTERRY MARIE PRECIOUS AND PUUURRFECT SSMRPREC:CORAL:0-6:GRAPHIC:SS BLOUSE | M2: 99900 | N2: 0.9 | O2: =M2-((90*M2)/100) -> 9990 | P2: PERCENTAGE
A3: 2022 ALL D90 LICENSE BABY | B3: =B2 -> 46086 | C3: =C2 -> 46092 | D3: 3284 | E3: 338 | F3: 4 | G3: 1 | H3: 81421 | I3: DISNEY | J3: 28031658 | K3: SSMRPREC | L3: SS BLOUSE BABYTERRY MARIE PRECIOUS AND PUUURRFECT SSMRPREC:CORAL:6-12:GRAPHIC:SS BLOUSE | M3: 99900 | N3: 0.9 | O3: =M3-((90*M3)/100) -> 9990 | P3: PERCENTAGE
A4: 2022 ALL D90 LICENSE BABY | B4: =B3 -> 46086 | C4: =C3 -> 46092 | D4: 3284 | E4: 338 | F4: 4 | G4: 1 | H4: 81421 | I4: DISNEY | J4: 28031667 | K4: SSMRPREC | L4: SS BLOUSE BABYTERRY MARIE PRECIOUS AND PUUURRFECT SSMRPREC:CORAL:12-18:GRAPHIC:SS BLOUSE | M4: 99900 | N4: 0.9 | O4: =M4-((90*M4)/100) -> 9990 | P4: PERCENTAGE
A5: 2022 ALL D90 LICENSE BABY | B5: =B4 -> 46086 | C5: =C4 -> 46092 | D5: 3284 | E5: 338 | F5: 4 | G5: 1 | H5: 81421 | I5: DISNEY | J5: 28031676 | K5: SSMRPREC | L5: SS BLOUSE BABYTERRY MARIE PRECIOUS AND PUUURRFECT SSMRPREC:CORAL:18-24:GRAPHIC:SS BLOUSE | M5: 99900 | N5: 0.9 | O5: =M5-((90*M5)/100) -> 9990 | P5: PERCENTAGE
A6: 2022 ALL D90 LICENSE BABY | B6: =B5 -> 46086 | C6: =C5 -> 46092 | D6: 3284 | E6: 338 | F6: 4 | G6: 1 | H6: 81421 | I6: DISNEY | J6: 55712059 | K6: TSKVBDUM | L6: TSHIRT KVDB DUMBO LITTLE CIRCUS 66010100DUM TSKVBDUM:PASTEL BLU:0-6:PRINT:SS T-SHIRT | M6: 49900 | N6: 0.9 | O6: =M6-((90*M6)/100) -> 4990 | P6: PERCENTAGE
A7: 2022 ALL D90 LICENSE BABY | B7: =B6 -> 46086 | C7: =C6 -> 46092 | D7: 3284 | E7: 338 | F7: 4 | G7: 1 | H7: 81421 | I7: DISNEY | J7: 55712068 | K7: TSKVBDUM | L7: TSHIRT KVDB DUMBO LITTLE CIRCUS 66010100DUM TSKVBDUM:PASTEL BLU:6-12:PRINT:SS T-SHIRT | M7: 49900 | N7: 0.9 | O7: =M7-((90*M7)/100) -> 4990 | P7: PERCENTAGE
A8: 2022 ALL D90 LICENSE BABY | B8: =B7 -> 46086 | C8: =C7 -> 46092 | D8: 3284 | E8: 338 | F8: 4 | G8: 1 | H8: 81421 | I8: DISNEY | J8: 55712077 | K8: TSKVBDUM | L8: TSHIRT KVDB DUMBO LITTLE CIRCUS 66010100DUM TSKVBDUM:PASTEL BLU:12-18:PRINT:SS T-SHIRT | M8: 49900 | N8: 0.9 | O8: =M8-((90*M8)/100) -> 4990 | P8: PERCENTAGE
A9: 2022 ALL D90 LICENSE BABY | B9: =B8 -> 46086 | C9: =C8 -> 46092 | D9: 3284 | E9: 338 | F9: 4 | G9: 1 | H9: 81421 | I9: DISNEY | J9: 55712086 | K9: TSKVBDUM | L9: TSHIRT KVDB DUMBO LITTLE CIRCUS 66010100DUM TSKVBDUM:PASTEL BLU:18-24:PRINT:SS T-SHIRT | M9: 49900 | N9: 0.9 | O9: =M9-((90*M9)/100) -> 4990 | P9: PERCENTAGE
A10: 2022 ALL D90 LICENSE BABY | B10: =B9 -> 46086 | C10: =C9 -> 46092 | D10: 3284 | E10: 338 | F10: 4 | G10: 1 | H10: 81421 | I10: DISNEY | J10: 55712157 | K10: TSKVGDUM | L10: TSHIRT KVDG DUMBO CIRCUS FLAG 66010100DUM TSKVGDUM:PASTEL ORAN:0-6:PRINT:SS T-SHIRT | M10: 49900 | N10: 0.9 | O10: =M10-((90*M10)/100) -> 4990 | P10: PERCENTAGE
A11: 2022 ALL D90 LICENSE BABY | B11: =B10 -> 46086 | C11: =C10 -> 46092 | D11: 3284 | E11: 338 | F11: 4 | G11: 1 | H11: 81421 | I11: DISNEY | J11: 55712166 | K11: TSKVGDUM | L11: TSHIRT KVDG DUMBO CIRCUS FLAG 66010100DUM TSKVGDUM:PASTEL ORAN:6-12:PRINT:SS T-SHIRT | M11: 49900 | N11: 0.9 | O11: =M11-((90*M11)/100) -> 4990 | P11: PERCENTAGE
A12: 2022 ALL D90 LICENSE BABY | B12: =B11 -> 46086 | C12: =C11 -> 46092 | D12: 3284 | E12: 338 | F12: 4 | G12: 1 | H12: 81421 | I12: DISNEY | J12: 55712175 | K12: TSKVGDUM | L12: TSHIRT KVDG DUMBO CIRCUS FLAG 66010100DUM TSKVGDUM:PASTEL ORAN:12-18:PRINT:SS T-SHIRT | M12: 49900 | N12: 0.9 | O12: =M12-((90*M12)/100) -> 4990 | P12: PERCENTAGE
A13: 2022 ALL D90 LICENSE BABY | B13: =B12 -> 46086 | C13: =C12 -> 46092 | D13: 3284 | E13: 338 | F13: 4 | G13: 1 | H13: 81421 | I13: DISNEY | J13: 55712184 | K13: TSKVGDUM | L13: TSHIRT KVDG DUMBO CIRCUS FLAG 66010100DUM TSKVGDUM:PASTEL ORAN:18-24:PRINT:SS T-SHIRT | M13: 49900 | N13: 0.9 | O13: =M13-((90*M13)/100) -> 4990 | P13: PERCENTAGE
A14: 2022 ALL D90 LICENSE BABY | B14: =B13 -> 46086 | C14: =C13 -> 46092 | D14: 3284 | E14: 338 | F14: 4 | G14: 1 | H14: 81421 | I14: DISNEY | J14: 67591391 | K14: LSRFPOOH | L14: LS T-SHIRT POOH RUFFLE LSRFPOOH:PASTEL ORANGE:18-24:GRAPHIC:LS T-SHIRT | M14: 129900 | N14: 0.9 | O14: =M14-((90*M14)/100) -> 12990 | P14: PERCENTAGE
... A201: 2022 ALL D90 LICENSE BABY | B201: =B200 -> 46086 | C201: =C200 -> 46092 | D201: 3284 | E201: 338 | F201: 4 | G201: 7 | H201: 81676 | I201: DISNEY | J201: 75960502 | K201: JGSPD | L201: JOGGER SPIDERMAN JARING 66020100MCR JGSPD:NAVY BLUE:24-36:GRAPHIC:JOGGER | M201: 139900 | N201: 0.9 | O201: =M201-((90*M201)/100) -> 13990 | P201: PERCENTAGE

Sheet 2021 2020 ALL D90-3284 LC BABY
A1: ACARA | B1: FROM DATE | C1: TO DATE | D1: DEPT | E1: WORLD | F1: DIVISION | G1: CLASS | H1: SUPPLIER | I1: BRAND | J1: SKU | K1: ARTICLE | L1: DESCRIPTION | M1: HARGA NORMAL | N1: DISKON | O1: HARGA PROMO | P1: DISCOUNT TYPE
A2: 2021 2020 ALL D90 LICENSE BABY | B2: ='2025 HILITE D80 - 3321'!B2 -> 46086 | C2: ='2025 HILITE D80 - 3321'!C2 -> 46092 | D2: 3284 | E2: 338 | F2: 4 | G2: 1 | H2: 850 | I2: DISNEY | J2: 26115491 | K2: BTRPG2M61 | L2: BT TS SS MICKEY MODERN PLAY KANTONG:MISTY LIGHT GRE:M | M2: 59900 | N2: 0.9 | O2: =M2-((90*M2)/100) -> 5990 | P2: PERCENTAGE
A3: 2021 2020 ALL D90 LICENSE BABY | B3: =B2 -> 46086 | C3: =C2 -> 46092 | D3: 3284 | E3: 338 | F3: 4 | G3: 1 | H3: 850 | I3: DISNEY | J3: 26953237 | K3: 0BTRPG4 | L3: 66010100WPF - TS SS WINNIE THE POOH ALWAYS HAPPY:MISTY LIGHT:L | M3: 59900 | N3: 0.9 | O3: =M3-((90*M3)/100) -> 5990 | P3: PERCENTAGE
A4: 2021 2020 ALL D90 LICENSE BABY | B4: =B3 -> 46086 | C4: =C3 -> 46092 | D4: 3284 | E4: 338 | F4: 4 | G4: 1 | H4: 850 | I4: DISNEY | J4: 26507460 | K4: 0BTRPG6 | L4: 66010100WPF - TS SS WINNIE THE POOH SMILE FACE:CLASSIC YELLO:S | M4: 59900 | N4: 0.9 | O4: =M4-((90*M4)/100) -> 5990 | P4: PERCENTAGE
A5: 2021 2020 ALL D90 LICENSE BABY | B5: =B4 -> 46086 | C5: =C4 -> 46092 | D5: 3284 | E5: 338 | F5: 4 | G5: 1 | H5: 850 | I5: DISNEY | J5: 26507497 | K5: 0BTRPG6 | L5: 66010100WPF - TS SS WINNIE THE POOH SMILE FACE:CLASSIC YELLO:XL | M5: 59900 | N5: 0.9 | O5: =M5-((90*M5)/100) -> 5990 | P5: PERCENTAGE
A6: 2021 2020 ALL D90 LICENSE BABY | B6: =B5 -> 46086 | C6: =C5 -> 46092 | D6: 3284 | E6: 338 | F6: 4 | G6: 1 | H6: 81421 | I6: DISNEY | J6: 26699254 | K6: TSMICKIC | L6: BOYS TOP TS MICKEY KEEP IT COOL TSMICKIC :CLASSIC YELLOW:0-6:GRAPHIC:SS T-SHIRT | M6: 59900 | N6: 0.9 | O6: =M6-((90*M6)/100) -> 5990 | P6: PERCENTAGE
A7: 2021 2020 ALL D90 LICENSE BABY | B7: =B6 -> 46086 | C7: =C6 -> 46092 | D7: 3284 | E7: 338 | F7: 4 | G7: 1 | H7: 81421 | I7: DISNEY | J7: 26699263 | K7: TSMICKIC | L7: BOYS TOP TS MICKEY KEEP IT COOL TSMICKIC :CLASSIC YELLOW:6-12:GRAPHIC:SS T-SHIRT | M7: 59900 | N7: 0.9 | O7: =M7-((90*M7)/100) -> 5990 | P7: PERCENTAGE
A8: 2021 2020 ALL D90 LICENSE BABY | B8: =B7 -> 46086 | C8: =C7 -> 46092 | D8: 3284 | E8: 338 | F8: 4 | G8: 1 | H8: 81421 | I8: DISNEY | J8: 26699370 | K8: SWMICK201 | L8: BOYS TOP SWEATER MICKEY SWMICK201 :NAVY BLUE:18-24:GRAPHIC:SWEATER | M8: 129900 | N8: 0.9 | O8: =M8-((90*M8)/100) -> 12990 | P8: PERCENTAGE
A9: 2021 2020 ALL D90 LICENSE BABY | B9: =B8 -> 46086 | C9: =C8 -> 46092 | D9: 3284 | E9: 338 | F9: 4 | G9: 1 | H9: 81421 | I9: DISNEY | J9: 28031612 | K9: SSMRRFL | L9: SS BLOUSE BABYTERRY MARIE LOVE RUFFLE SSMRRFL:PASTEL PINK:6-12:GRAPHIC:SS BLOUSE | M9: 99900 | N9: 0.9 | O9: =M9-((90*M9)/100) -> 9990 | P9: PERCENTAGE
A10: 2021 2020 ALL D90 LICENSE BABY | B10: =B9 -> 46086 | C10: =C9 -> 46092 | D10: 3284 | E10: 338 | F10: 4 | G10: 1 | H10: 81421 | I10: DISNEY | J10: 28031621 | K10: SSMRRFL | L10: SS BLOUSE BABYTERRY MARIE LOVE RUFFLE SSMRRFL:PASTEL PINK:12-18:GRAPHIC:SS BLOUSE | M10: 99900 | N10: 0.9 | O10: =M10-((90*M10)/100) -> 9990 | P10: PERCENTAGE
A11: 2021 2020 ALL D90 LICENSE BABY | B11: =B10 -> 46086 | C11: =C10 -> 46092 | D11: 3284 | E11: 338 | F11: 4 | G11: 1 | H11: 81421 | I11: DISNEY | J11: 28351848 | K11: SSARLSPL | L11: SS T-SHIRT BBTR ARIEL MAKE A SPLASH SSARLSPL:PASTEL YELLOW:6-12:GRAPHIC:SS T-SHIRT | M11: 99900 | N11: 0.9 | O11: =M11-((90*M11)/100) -> 9990 | P11: PERCENTAGE
A12: 2021 2020 ALL D90 LICENSE BABY | B12: =B11 -> 46086 | C12: =C11 -> 46092 | D12: 3284 | E12: 338 | F12: 4 | G12: 1 | H12: 81421 | I12: DISNEY | J12: 28351866 | K12: SSARLSPL | L12: SS T-SHIRT BBTR ARIEL MAKE A SPLASH SSARLSPL:PASTEL YELLOW:18-24:GRAPHIC:SS T-SHIRT | M12: 99900 | N12: 0.9 | O12: =M12-((90*M12)/100) -> 9990 | P12: PERCENTAGE
A13: 2021 2020 ALL D90 LICENSE BABY | B13: =B12 -> 46086 | C13: =C12 -> 46092 | D13: 3284 | E13: 338 | F13: 4 | G13: 1 | H13: 81421 | I13: DISNEY | J13: 28351884 | K13: LSARLNAT | L13: LS T-SHIRT BBTR ARIEL CUTE BY NATURE LSARLNAT:PASTEL PINK:6-12:GRAPHIC:LS T-SHIRT | M13: 119900 | N13: 0.9 | O13: =M13-((90*M13)/100) -> 11990 | P13: PERCENTAGE
A14: 2021 2020 ALL D90 LICENSE BABY | B14: =B13 -> 46086 | C14: =C13 -> 46092 | D14: 3284 | E14: 338 | F14: 4 | G14: 1 | H14: 81421 | I14: DISNEY | J14: 33417080 | K14: JKDUM21 | L14: JACKET DUMBO JKDUM21:CLASSIC YELLOW:0-6:GRAPHIC:JACKET | M14: 169900 | N14: 0.9 | O14: =M14-((90*M14)/100) -> 16990 | P14: PERCENTAGE
... A99: 2021 2020 ALL D90 LICENSE BABY | B99: =B98 -> 46086 | C99: =C98 -> 46092 | D99: 3284 | E99: 338 | F99: 4 | G99: 5 | H99: 190 | I99: DISNEY | J99: 33028894 | K99: OVARWPF | L99: SHORT JUMPSUIT OVERALL LS BOYS POOH UP IN THE SKY OVARWPF:MISTY LIG:18-24:GRAPHIC:SHORT JUM | M99: 189900 | N99: 0.9 | O99: =M99-((90*M99)/100) -> 18990 | P99: PERCENTAGE

Sheet 2019 ALL D95 - 3284
A1: ACARA | B1: FROM DATE | C1: TO DATE | D1: DEPT | E1: WORLD | F1: DIVISION | G1: CLASS | H1: SUPPLIER | I1: BRAND | J1: SKU | K1: ARTICLE | L1: DESCRIPTION | M1: HARGA NORMAL | N1: DISKON | O1: HARGA PROMO | P1: DISCOUNT TYPE
A2: 2019 ALL D95 DISNEY BABY | B2: ='2025 HILITE D80 - 3321'!B2 -> 46086 | C2: ='2025 HILITE D80 - 3321'!C2 -> 46092 | D2: 3284 | E2: 338 | F2: 4 | G2: 1 | H2: 850 | I2: DISNEY | J2: 23791364 | K2: GTRPG2 | L2: GT TS SS FP KEPALA MICKEY MODERN PLAY:WHITE:S | M2: 69900 | N2: 0.95 | O2: =M2-((95*M2)/100) -> 3495 | P2: PERCENTAGE
A3: 2019 ALL D95 DISNEY BABY | B3: =B2 -> 46086 | C3: =C2 -> 46092 | D3: 3284 | E3: 338 | F3: 4 | G3: 1 | H3: 850 | I3: DISNEY | J3: 21395751 | K3: MCK4 | L3: SS MICKEY 4 AWESOME:NAVY BLUE:XL | M3: 49900 | N3: 0.95 | O3: =M3-((95*M3)/100) -> 2495 | P3: PERCENTAGE
A4: 2019 ALL D95 DISNEY BABY | B4: =B3 -> 46086 | C4: =C3 -> 46092 | D4: 3284 | E4: 338 | F4: 4 | G4: 1 | H4: 81421 | I4: DISNEY | J4: 23310507 | K4: LSPOOP | L4: LS POOH PARTY:WHITE:S | M4: 109900 | N4: 0.95 | O4: =M4-((95*M4)/100) -> 5495 | P4: PERCENTAGE
A5: 2019 ALL D95 DISNEY BABY | B5: =B4 -> 46086 | C5: =C4 -> 46092 | D5: 3284 | E5: 338 | F5: 4 | G5: 1 | H5: 81421 | I5: DISNEY | J5: 23310516 | K5: LSPOOP | L5: LS POOH PARTY:WHITE:M | M5: 109900 | N5: 0.95 | O5: =M5-((95*M5)/100) -> 5495 | P5: PERCENTAGE
A6: 2019 ALL D95 DISNEY BABY | B6: =B5 -> 46086 | C6: =C5 -> 46092 | D6: 3284 | E6: 338 | F6: 4 | G6: 1 | H6: 81421 | I6: DISNEY | J6: 23311346 | K6: TSPOOP2 | L6: TS POOH PARTY:OFF WHITE:S | M6: 99900 | N6: 0.95 | O6: =M6-((95*M6)/100) -> 4995 | P6: PERCENTAGE
A7: 2019 ALL D95 DISNEY BABY | B7: =B6 -> 46086 | C7: =C6 -> 46092 | D7: 3284 | E7: 338 | F7: 4 | G7: 1 | H7: 81421 | I7: DISNEY | J7: 23311364 | K7: TSPOOP2 | L7: TS POOH PARTY:OFF WHITE:L | M7: 99900 | N7: 0.95 | O7: =M7-((95*M7)/100) -> 4995 | P7: PERCENTAGE
A8: 2019 ALL D95 DISNEY BABY | B8: =B7 -> 46086 | C8: =C7 -> 46092 | D8: 3284 | E8: 338 | F8: 4 | G8: 1 | H8: 81421 | I8: DISNEY | J8: 23829627 | K8: AMIBT1 | L8: 66010100 TS LS DUMBO:PASTEL BLUE:S | M8: 119900 | N8: 0.95 | O8: =M8-((95*M8)/100) -> 5995 | P8: PERCENTAGE
A9: 2019 ALL D95 DISNEY BABY | B9: =B8 -> 46086 | C9: =C8 -> 46092 | D9: 3284 | E9: 338 | F9: 4 | G9: 1 | H9: 81421 | I9: DISNEY | J9: 22514861 | K9: MINSIL | L9: SS MINNIE SILUET:WHITE:S | M9: 109900 | N9: 0.95 | O9: =M9-((95*M9)/100) -> 5495 | P9: PERCENTAGE
A10: 2019 ALL D95 DISNEY BABY | B10: =B9 -> 46086 | C10: =C9 -> 46092 | D10: 3284 | E10: 338 | F10: 4 | G10: 1 | H10: 81421 | I10: DISNEY | J10: 22514870 | K10: MINSIL | L10: SS MINNIE SILUET:WHITE:M | M10: 109900 | N10: 0.95 | O10: =M10-((95*M10)/100) -> 5495 | P10: PERCENTAGE
A11: 2019 ALL D95 DISNEY BABY | B11: =B10 -> 46086 | C11: =C10 -> 46092 | D11: 3284 | E11: 338 | F11: 4 | G11: 1 | H11: 81421 | I11: DISNEY | J11: 22515075 | K11: MINSS1 | L11: SS MINNIE 1:WHITE:S | M11: 109900 | N11: 0.95 | O11: =M11-((95*M11)/100) -> 5495 | P11: PERCENTAGE
A12: 2019 ALL D95 DISNEY BABY | B12: =B11 -> 46086 | C12: =C11 -> 46092 | D12: 3284 | E12: 338 | F12: 4 | G12: 2 | H12: 81421 | I12: DISNEY | J12: 23311177 | K12: SPPOOP | L12: SP POOH PARTY:PASTEL BLUE:S | M12: 99900 | N12: 0.95 | O12: =M12-((95*M12)/100) -> 4995 | P12: PERCENTAGE
A13: 2019 ALL D95 DISNEY BABY | B13: =B12 -> 46086 | C13: =C12 -> 46092 | D13: 3284 | E13: 338 | F13: 4 | G13: 3 | H13: 81421 | I13: DISNEY | J13: 23949033 | K13: AMIOVL1 | L13: 66010100 SET OVERALL DUMBO:MISTY LIGHT GREY:S | M13: 189900 | N13: 0.95 | O13: =M13-((95*M13)/100) -> 9495 | P13: PERCENTAGE
A14: 2019 ALL D95 DISNEY BABY | B14: =B13 -> 46086 | C14: =C13 -> 46092 | D14: 3284 | E14: 338 | F14: 4 | G14: 3 | H14: 81421 | I14: DISNEY | J14: 23949051 | K14: AMIOVL1 | L14: 66010100 SET OVERALL DUMBO:MISTY LIGHT GREY:L | M14: 189900 | N14: 0.95 | O14: =M14-((95*M14)/100) -> 9495 | P14: PERCENTAGE
... A24: 2019 ALL D95 DISNEY BABY | B24: =B23 -> 46086 | C24: =C23 -> 46092 | D24: 3284 | E24: 338 | F24: 4 | G24: 5 | H24: 81421 | I24: DISNEY | J24: 25050366 | K24: 0BRAMI1 | L24: 66010100MIC ROMPER MICKEY BRIGHT MOMENT:MISTY MEDIUM G:M | M24: 189900 | N24: 0.95 | O24: =M24-((95*M24)/100) -> 9495 | P24: PERCENTAGE

Sheet 2025 NOV-FEB B3 D10 -3287
